customer_id,total_orders,avg_order_value,total_spending,weekend_orders,late_night_orders,ordering_frequency,avg_rating_given,cluster,segment_name
C00001,14,499.57571428571424,6994.06,8,4,2.333333333333333,2.888888888888889,1,Highly Engaged / High-Value Customers
C00002,7,362.1285714285714,2534.9,6,1,1.4,4.0,0,Occasional / Lower-Engagement Customers
C00003,3,524.96,1574.88,1,0,1.5,3.5,0,Occasional / Lower-Engagement Customers
C00004,11,618.699090909091,6805.6900000000005,4,5,2.2,3.6,1,Highly Engaged / High-Value Customers
C00005,5,338.858,1694.29,1,1,1.25,2.0,0,Occasional / Lower-Engagement Customers
C00006,10,642.014,6420.14,5,3,1.6666666666666667,3.6666666666666665,1,Highly Engaged / High-Value Customers
C00007,14,746.5557142857143,10451.78,1,5,2.8,3.75,1,Highly Engaged / High-Value Customers
C00008,12,742.0975,8905.17,6,5,2.0,3.5,1,Highly Engaged / High-Value Customers
C00009,8,358.8275,2870.62,4,4,1.6,4.166666666666667,0,Occasional / Lower-Engagement Customers
C00010,8,616.77625,4934.21,5,2,2.0,4.0,0,Occasional / Lower-Engagement Customers
C00011,9,556.1811111111111,5005.63,2,1,2.25,2.75,0,Occasional / Lower-Engagement Customers
C00012,13,504.4823076923077,6558.27,2,4,2.1666666666666665,3.125,1,Highly Engaged / High-Value Customers
C00013,10,487.116,4871.16,5,4,2.5,4.333333333333333,1,Highly Engaged / High-Value Customers
C00014,8,721.1325,5769.06,4,2,1.6,3.0,0,Occasional / Lower-Engagement Customers
C00015,8,745.4875000000001,5963.900000000001,6,0,1.6,4.666666666666667,0,Occasional / Lower-Engagement Customers
C00016,10,464.664,4646.64,4,1,2.0,3.8333333333333335,0,Occasional / Lower-Engagement Customers
C00017,12,530.4266666666666,6365.12,4,1,2.0,3.7777777777777777,1,Highly Engaged / High-Value Customers
C00018,11,572.3272727272728,6295.6,1,1,2.2,3.875,0,Occasional / Lower-Engagement Customers
C00019,8,412.8025,3302.42,1,0,1.6,4.285714285714286,0,Occasional / Lower-Engagement Customers
C00020,7,940.8685714285714,6586.08,4,4,1.4,3.5,1,Highly Engaged / High-Value Customers
C00021,12,405.52,4866.24,4,0,2.0,3.142857142857143,0,Occasional / Lower-Engagement Customers
C00022,8,745.4075,5963.26,4,1,2.0,3.7142857142857135,0,Occasional / Lower-Engagement Customers
C00023,14,630.7664285714285,8830.73,7,3,2.333333333333333,4.444444444444445,1,Highly Engaged / High-Value Customers
C00024,11,637.8836363636364,7016.719999999999,2,3,1.8333333333333333,3.333333333333333,1,Highly Engaged / High-Value Customers
C00025,6,422.5566666666667,2535.34,3,1,1.5,3.75,0,Occasional / Lower-Engagement Customers
C00026,10,507.298,5072.98,2,1,2.0,4.0,0,Occasional / Lower-Engagement Customers
C00027,11,531.6109090909091,5847.72,4,3,1.8333333333333333,4.142857142857143,1,Highly Engaged / High-Value Customers
C00028,18,711.5422222222222,12807.76,6,4,3.6,4.25,1,Highly Engaged / High-Value Customers
C00029,9,646.2755555555555,5816.48,6,4,1.8,4.0,1,Highly Engaged / High-Value Customers
C00030,15,452.22,6783.3,6,3,2.5,4.0,1,Highly Engaged / High-Value Customers
C00031,6,524.955,3149.73,1,3,2.0,3.75,0,Occasional / Lower-Engagement Customers
C00032,12,504.7008333333333,6056.41,5,2,2.4,3.625,1,Highly Engaged / High-Value Customers
C00033,8,515.3525,4122.82,3,2,2.0,3.75,0,Occasional / Lower-Engagement Customers
C00034,6,1128.835,6773.01,3,1,1.5,4.25,0,Occasional / Lower-Engagement Customers
C00035,13,556.1161538461539,7229.51,7,2,2.6,3.375,1,Highly Engaged / High-Value Customers
C00036,8,776.8712499999999,6214.969999999999,2,2,1.6,3.5,0,Occasional / Lower-Engagement Customers
C00037,7,436.8514285714286,3057.96,1,2,1.4,4.333333333333333,0,Occasional / Lower-Engagement Customers
C00038,8,712.57875,5700.63,1,1,1.3333333333333333,3.8,0,Occasional / Lower-Engagement Customers
C00039,5,570.262,2851.31,2,1,2.5,4.666666666666667,0,Occasional / Lower-Engagement Customers
C00040,6,575.1566666666666,3450.94,3,3,1.5,4.25,0,Occasional / Lower-Engagement Customers
C00041,8,390.42,3123.36,4,1,1.6,3.8,0,Occasional / Lower-Engagement Customers
C00042,8,470.24875,3761.99,4,1,1.3333333333333333,4.75,0,Occasional / Lower-Engagement Customers
C00043,5,721.196,3605.98,2,4,1.6666666666666667,4.0,0,Occasional / Lower-Engagement Customers
C00044,7,478.8985714285714,3352.29,4,1,1.4,2.833333333333333,0,Occasional / Lower-Engagement Customers
C00045,9,491.2055555555556,4420.85,3,3,1.8,3.8333333333333335,0,Occasional / Lower-Engagement Customers
C00046,9,704.9222222222222,6344.3,2,3,1.8,3.8,0,Occasional / Lower-Engagement Customers
C00047,12,799.5516666666667,9594.62,3,4,2.4,2.857142857142857,1,Highly Engaged / High-Value Customers
C00048,11,559.4990909090909,6154.49,6,2,1.8333333333333333,4.142857142857143,1,Highly Engaged / High-Value Customers
C00049,7,593.16,4152.12,3,0,1.1666666666666667,4.666666666666667,0,Occasional / Lower-Engagement Customers
C00050,6,698.225,4189.35,2,0,1.5,4.25,0,Occasional / Lower-Engagement Customers
C00051,9,484.75888888888886,4362.83,4,3,2.25,3.5,1,Highly Engaged / High-Value Customers
C00052,9,712.1822222222222,6409.64,3,1,1.8,4.4,0,Occasional / Lower-Engagement Customers
C00053,13,450.5907692307693,5857.68,8,2,3.25,4.181818181818182,1,Highly Engaged / High-Value Customers
C00054,10,751.934,7519.34,3,1,1.6666666666666667,3.7142857142857135,1,Highly Engaged / High-Value Customers
C00055,10,600.2909999999999,6002.91,6,1,2.0,4.0,1,Highly Engaged / High-Value Customers
C00056,8,675.7175,5405.74,5,5,1.6,3.857142857142857,1,Highly Engaged / High-Value Customers
C00057,6,546.0166666666667,3276.1,4,3,1.2,4.0,0,Occasional / Lower-Engagement Customers
C00058,6,510.3733333333334,3062.24,4,1,1.2,4.0,0,Occasional / Lower-Engagement Customers
C00059,12,538.5758333333333,6462.91,7,1,2.4,4.428571428571429,1,Highly Engaged / High-Value Customers
C00060,10,742.529,7425.29,5,2,1.6666666666666667,3.125,1,Highly Engaged / High-Value Customers
C00061,9,484.43888888888887,4359.95,3,3,1.8,4.428571428571429,0,Occasional / Lower-Engagement Customers
C00062,9,658.1555555555556,5923.4,1,2,1.8,3.5,0,Occasional / Lower-Engagement Customers
C00063,9,666.9766666666667,6002.79,3,1,1.8,3.4,0,Occasional / Lower-Engagement Customers
C00064,7,306.72,2147.04,4,1,1.75,4.0,0,Occasional / Lower-Engagement Customers
C00065,7,538.2457142857144,3767.72,0,3,1.75,4.5,0,Occasional / Lower-Engagement Customers
C00066,9,699.0377777777778,6291.34,6,5,2.25,4.166666666666667,1,Highly Engaged / High-Value Customers
C00067,9,589.9777777777776,5309.799999999999,1,2,1.8,3.7142857142857135,0,Occasional / Lower-Engagement Customers
C00068,9,458.2311111111111,4124.08,3,2,1.8,3.5,0,Occasional / Lower-Engagement Customers
C00069,9,710.5411111111111,6394.87,3,1,1.8,3.2,0,Occasional / Lower-Engagement Customers
C00070,12,693.3166666666666,8319.8,3,4,2.4,3.4285714285714284,1,Highly Engaged / High-Value Customers
C00071,11,500.18,5501.98,3,3,2.2,3.5,1,Highly Engaged / High-Value Customers
C00072,8,579.62,4636.96,4,2,2.0,4.4,0,Occasional / Lower-Engagement Customers
C00073,12,755.8266666666667,9069.92,5,5,3.0,3.5,1,Highly Engaged / High-Value Customers
C00074,10,770.679,7706.79,3,5,2.5,4.333333333333333,1,Highly Engaged / High-Value Customers
C00075,4,788.165,3152.66,0,1,1.0,4.5,0,Occasional / Lower-Engagement Customers
C00076,5,588.594,2942.9700000000003,1,0,1.6666666666666667,4.5,0,Occasional / Lower-Engagement Customers
C00077,9,385.5022222222222,3469.52,3,3,1.8,2.25,0,Occasional / Lower-Engagement Customers
C00078,4,618.5074999999999,2474.03,1,1,2.0,4.333333333333333,0,Occasional / Lower-Engagement Customers
C00079,7,487.5214285714285,3412.65,2,1,1.1666666666666667,3.0,0,Occasional / Lower-Engagement Customers
C00080,9,659.8,5938.2,4,4,1.8,4.6,1,Highly Engaged / High-Value Customers
C00081,7,710.0057142857142,4970.04,3,2,1.75,4.0,0,Occasional / Lower-Engagement Customers
C00082,12,477.83,5733.96,6,3,2.0,3.8333333333333335,1,Highly Engaged / High-Value Customers
C00083,14,720.7885714285713,10091.04,3,3,2.8,3.9,1,Highly Engaged / High-Value Customers
C00084,11,525.98,5785.78,3,2,2.2,3.0,1,Highly Engaged / High-Value Customers
C00085,10,334.63,3346.3,5,4,1.6666666666666667,3.571428571428572,0,Occasional / Lower-Engagement Customers
C00086,10,551.861,5518.61,3,3,2.5,3.6666666666666665,1,Highly Engaged / High-Value Customers
C00087,8,603.31875,4826.55,2,2,1.3333333333333333,4.0,0,Occasional / Lower-Engagement Customers
C00088,14,469.56142857142856,6573.86,7,5,2.333333333333333,3.555555555555556,1,Highly Engaged / High-Value Customers
C00089,8,570.95375,4567.63,2,2,2.6666666666666665,3.142857142857143,0,Occasional / Lower-Engagement Customers
C00090,10,740.173,7401.73,5,4,2.0,3.4,1,Highly Engaged / High-Value Customers
C00091,7,569.7785714285714,3988.45,2,2,2.333333333333333,4.5,0,Occasional / Lower-Engagement Customers
C00092,15,631.946,9479.19,6,4,3.0,3.909090909090909,1,Highly Engaged / High-Value Customers
C00093,7,660.3757142857143,4622.63,3,0,1.75,3.5,0,Occasional / Lower-Engagement Customers
C00094,8,486.4,3891.2,2,2,2.0,4.166666666666667,0,Occasional / Lower-Engagement Customers
C00095,4,518.4425,2073.77,1,0,1.3333333333333333,4.666666666666667,0,Occasional / Lower-Engagement Customers
C00096,9,437.0444444444445,3933.4,4,1,1.8,4.8,0,Occasional / Lower-Engagement Customers
C00097,9,472.91333333333336,4256.22,3,2,2.25,3.5,0,Occasional / Lower-Engagement Customers
C00098,8,396.5725,3172.58,1,2,2.0,3.4285714285714284,0,Occasional / Lower-Engagement Customers
C00099,12,783.7425,9404.91,4,3,2.0,3.888888888888889,1,Highly Engaged / High-Value Customers
C00100,10,376.61,3766.1,4,0,2.5,3.6666666666666665,0,Occasional / Lower-Engagement Customers
C00101,13,533.246923076923,6932.21,6,4,2.6,3.7,1,Highly Engaged / High-Value Customers
C00102,12,557.2016666666667,6686.42,5,3,2.0,4.0,1,Highly Engaged / High-Value Customers
C00103,8,489.2075,3913.66,5,2,1.6,4.333333333333333,0,Occasional / Lower-Engagement Customers
C00104,7,506.22857142857146,3543.6000000000004,3,2,1.75,4.0,0,Occasional / Lower-Engagement Customers
C00105,7,549.1414285714286,3843.99,4,1,1.75,3.4,0,Occasional / Lower-Engagement Customers
C00106,9,771.5488888888889,6943.94,4,5,1.8,3.571428571428572,1,Highly Engaged / High-Value Customers
C00107,11,720.3790909090909,7924.17,3,3,2.2,4.0,1,Highly Engaged / High-Value Customers
C00108,9,544.7466666666667,4902.72,2,1,1.5,4.125,0,Occasional / Lower-Engagement Customers
C00109,9,513.2822222222222,4619.54,3,1,1.5,4.333333333333333,0,Occasional / Lower-Engagement Customers
C00110,10,603.1659999999999,6031.66,4,0,2.0,4.375,0,Occasional / Lower-Engagement Customers
C00111,10,365.439,3654.39,5,3,2.5,4.555555555555555,1,Highly Engaged / High-Value Customers
C00112,15,585.4166666666666,8781.25,4,3,2.5,3.6666666666666665,1,Highly Engaged / High-Value Customers
C00113,10,601.988,6019.88,4,2,2.5,3.8333333333333335,1,Highly Engaged / High-Value Customers
C00114,9,587.5688888888889,5288.12,3,2,2.25,4.5,0,Occasional / Lower-Engagement Customers
C00115,3,476.07333333333327,1428.2199999999998,0,1,1.0,3.6666666666666665,0,Occasional / Lower-Engagement Customers
C00116,5,631.072,3155.36,3,1,1.25,3.75,0,Occasional / Lower-Engagement Customers
C00117,7,581.5600000000001,4070.92,2,3,1.4,4.0,0,Occasional / Lower-Engagement Customers
C00118,9,556.2133333333334,5005.92,4,6,1.8,3.5,1,Highly Engaged / High-Value Customers
C00119,12,649.3066666666667,7791.68,3,1,2.4,3.857142857142857,1,Highly Engaged / High-Value Customers
C00120,7,828.6400000000001,5800.4800000000005,0,2,1.4,3.333333333333333,0,Occasional / Lower-Engagement Customers
C00121,17,715.0335294117647,12155.57,4,3,2.833333333333333,4.076923076923077,1,Highly Engaged / High-Value Customers
C00122,14,725.9178571428572,10162.85,5,5,2.333333333333333,3.6,1,Highly Engaged / High-Value Customers
C00123,8,270.79,2166.32,4,1,1.6,4.2,0,Occasional / Lower-Engagement Customers
C00124,11,542.5081818181818,5967.59,1,5,2.75,4.333333333333333,1,Highly Engaged / High-Value Customers
C00125,7,715.9714285714286,5011.8,3,2,1.4,3.8,0,Occasional / Lower-Engagement Customers
C00126,9,640.5344444444445,5764.81,2,3,1.8,4.25,0,Occasional / Lower-Engagement Customers
C00127,11,695.9054545454545,7654.96,4,2,1.8333333333333333,3.375,1,Highly Engaged / High-Value Customers
C00128,7,460.76714285714286,3225.37,1,1,2.333333333333333,3.333333333333333,0,Occasional / Lower-Engagement Customers
C00129,7,798.0557142857143,5586.39,2,1,1.75,3.2,0,Occasional / Lower-Engagement Customers
C00130,6,683.7216666666667,4102.33,0,1,1.5,3.333333333333333,0,Occasional / Lower-Engagement Customers
C00131,9,580.6844444444445,5226.16,3,3,2.25,3.0,1,Highly Engaged / High-Value Customers
C00132,13,531.3,6906.9,5,2,2.6,3.3,1,Highly Engaged / High-Value Customers
C00133,9,541.9522222222222,4877.57,2,2,2.25,3.2,0,Occasional / Lower-Engagement Customers
C00134,11,582.1554545454545,6403.71,3,4,1.8333333333333333,4.0,1,Highly Engaged / High-Value Customers
C00135,8,456.14375,3649.15,7,2,1.6,3.0,0,Occasional / Lower-Engagement Customers
C00136,14,635.4885714285714,8896.84,3,3,2.8,4.3,1,Highly Engaged / High-Value Customers
C00137,8,427.69875,3421.59,4,2,1.6,3.4,0,Occasional / Lower-Engagement Customers
C00138,8,768.65125,6149.21,3,3,1.3333333333333333,3.2857142857142856,0,Occasional / Lower-Engagement Customers
C00139,13,502.8476923076923,6537.02,2,2,2.6,3.75,1,Highly Engaged / High-Value Customers
C00140,8,657.245,5257.96,1,3,1.6,3.333333333333333,0,Occasional / Lower-Engagement Customers
C00141,8,518.15625,4145.25,3,2,1.6,4.25,0,Occasional / Lower-Engagement Customers
C00142,9,640.2377777777779,5762.14,4,1,1.8,4.142857142857143,0,Occasional / Lower-Engagement Customers
C00143,10,571.5550000000001,5715.55,1,4,2.0,3.2222222222222223,0,Occasional / Lower-Engagement Customers
C00144,7,550.1785714285714,3851.25,3,3,1.4,3.6666666666666665,0,Occasional / Lower-Engagement Customers
C00145,8,725.145,5801.16,2,1,1.6,3.1666666666666665,0,Occasional / Lower-Engagement Customers
C00146,10,461.975,4619.75,3,1,2.0,3.8,0,Occasional / Lower-Engagement Customers
C00147,7,542.3514285714285,3796.46,1,2,1.75,4.0,0,Occasional / Lower-Engagement Customers
C00148,5,654.9,3274.5,2,1,1.6666666666666667,3.0,0,Occasional / Lower-Engagement Customers
C00149,10,649.796,6497.96,5,2,2.0,4.428571428571429,1,Highly Engaged / High-Value Customers
C00150,5,468.4459999999999,2342.23,1,0,1.25,4.0,0,Occasional / Lower-Engagement Customers
C00151,12,451.1333333333334,5413.6,4,1,2.4,3.571428571428572,1,Highly Engaged / High-Value Customers
C00152,10,452.702,4527.02,3,3,2.5,4.333333333333333,1,Highly Engaged / High-Value Customers
C00153,8,613.035,4904.28,3,2,1.6,3.0,0,Occasional / Lower-Engagement Customers
C00154,11,676.3018181818181,7439.32,3,1,2.2,3.857142857142857,1,Highly Engaged / High-Value Customers
C00155,7,599.46,4196.22,2,3,2.333333333333333,4.5,0,Occasional / Lower-Engagement Customers
C00156,12,555.1875,6662.25,5,1,2.0,3.4444444444444446,1,Highly Engaged / High-Value Customers
C00157,6,527.0383333333333,3162.23,0,2,1.5,4.0,0,Occasional / Lower-Engagement Customers
C00158,7,634.0057142857142,4438.04,4,1,1.75,3.6,0,Occasional / Lower-Engagement Customers
C00159,10,510.825,5108.25,4,3,2.5,3.857142857142857,1,Highly Engaged / High-Value Customers
C00160,7,918.4871428571428,6429.41,0,1,1.75,3.4,0,Occasional / Lower-Engagement Customers
C00161,14,628.3678571428571,8797.15,6,3,2.333333333333333,3.5384615384615383,1,Highly Engaged / High-Value Customers
C00162,8,242.19125,1937.53,2,1,2.0,3.5,0,Occasional / Lower-Engagement Customers
C00163,9,538.2033333333334,4843.83,4,1,1.8,4.5,0,Occasional / Lower-Engagement Customers
C00164,7,540.1671428571428,3781.17,6,2,1.1666666666666667,3.6666666666666665,0,Occasional / Lower-Engagement Customers
C00165,14,495.68,6939.52,6,4,2.8,3.727272727272727,1,Highly Engaged / High-Value Customers
C00166,10,529.77,5297.7,3,1,1.6666666666666667,3.375,0,Occasional / Lower-Engagement Customers
C00167,12,903.6941666666668,10844.33,7,4,2.4,3.111111111111111,1,Highly Engaged / High-Value Customers
C00168,12,388.6775,4664.13,4,2,2.4,3.7142857142857135,1,Highly Engaged / High-Value Customers
C00169,15,626.8913333333334,9403.37,5,6,2.5,3.5,1,Highly Engaged / High-Value Customers
C00170,7,944.2514285714286,6609.76,3,2,2.333333333333333,4.285714285714286,1,Highly Engaged / High-Value Customers
C00171,12,602.8608333333333,7234.33,4,2,2.0,4.0,1,Highly Engaged / High-Value Customers
C00172,10,305.312,3053.12,3,0,2.5,4.0,0,Occasional / Lower-Engagement Customers
C00173,5,664.738,3323.6900000000005,3,2,1.0,4.333333333333333,0,Occasional / Lower-Engagement Customers
C00174,11,637.1009090909091,7008.11,6,4,2.2,4.333333333333333,1,Highly Engaged / High-Value Customers
C00175,7,575.2371428571429,4026.66,4,1,1.75,3.75,0,Occasional / Lower-Engagement Customers
C00176,9,660.1833333333334,5941.650000000001,3,4,1.8,4.5,1,Highly Engaged / High-Value Customers
C00177,5,773.948,3869.74,1,1,2.5,4.25,0,Occasional / Lower-Engagement Customers
C00178,11,699.9418181818182,7699.360000000001,4,5,1.8333333333333333,3.25,1,Highly Engaged / High-Value Customers
C00179,11,468.94545454545454,5158.4,4,1,1.8333333333333333,3.2857142857142856,0,Occasional / Lower-Engagement Customers
C00180,11,448.5363636363636,4933.9,4,3,1.8333333333333333,2.75,1,Highly Engaged / High-Value Customers
C00181,9,434.7711111111111,3912.94,3,2,1.8,4.25,0,Occasional / Lower-Engagement Customers
C00182,8,561.82,4494.56,3,3,1.6,4.0,0,Occasional / Lower-Engagement Customers
C00183,12,568.9975000000001,6827.97,1,4,2.0,3.7142857142857135,1,Highly Engaged / High-Value Customers
C00184,7,563.5514285714286,3944.86,3,1,1.75,3.5,0,Occasional / Lower-Engagement Customers
C00185,10,467.578,4675.78,4,0,2.0,3.0,0,Occasional / Lower-Engagement Customers
C00186,11,520.0281818181818,5720.31,2,2,2.2,4.0,1,Highly Engaged / High-Value Customers
C00187,8,841.52375,6732.19,3,0,1.3333333333333333,3.25,0,Occasional / Lower-Engagement Customers
C00188,9,498.3,4484.7,3,2,1.8,3.6666666666666665,0,Occasional / Lower-Engagement Customers
C00189,8,692.1825,5537.46,1,2,1.6,4.0,0,Occasional / Lower-Engagement Customers
C00190,6,494.0683333333333,2964.41,2,1,1.5,4.0,0,Occasional / Lower-Engagement Customers
C00191,8,633.9712499999999,5071.77,3,4,1.6,3.5,0,Occasional / Lower-Engagement Customers
C00192,5,454.576,2272.88,2,2,1.6666666666666667,4.0,0,Occasional / Lower-Engagement Customers
C00193,3,385.7966666666666,1157.39,1,1,1.5,5.0,0,Occasional / Lower-Engagement Customers
C00194,11,541.02,5951.22,5,0,2.2,3.8333333333333335,1,Highly Engaged / High-Value Customers
C00195,8,327.66625,2621.33,2,1,2.0,4.4,0,Occasional / Lower-Engagement Customers
C00196,10,334.83000000000004,3348.3,4,4,2.0,3.888888888888889,0,Occasional / Lower-Engagement Customers
C00197,8,605.70875,4845.67,2,2,1.6,4.0,0,Occasional / Lower-Engagement Customers
C00198,12,1000.3208333333332,12003.85,3,5,2.0,4.166666666666667,1,Highly Engaged / High-Value Customers
C00199,13,567.5276923076924,7377.860000000001,8,2,2.6,3.857142857142857,1,Highly Engaged / High-Value Customers
C00200,12,452.4958333333333,5429.95,4,2,2.4,4.0,1,Highly Engaged / High-Value Customers
C00201,8,484.7175,3877.74,1,2,1.3333333333333333,3.6666666666666665,0,Occasional / Lower-Engagement Customers
C00202,8,616.01125,4928.09,2,2,1.6,3.333333333333333,0,Occasional / Lower-Engagement Customers
C00203,10,692.671,6926.71,4,3,1.6666666666666667,4.25,1,Highly Engaged / High-Value Customers
C00204,15,639.1746666666667,9587.62,4,5,3.0,4.375,1,Highly Engaged / High-Value Customers
C00205,13,581.8292307692308,7563.78,4,3,2.1666666666666665,4.0,1,Highly Engaged / High-Value Customers
C00206,13,613.6838461538462,7977.89,1,0,2.1666666666666665,4.285714285714286,1,Highly Engaged / High-Value Customers
C00207,11,616.1190909090909,6777.31,4,0,2.2,3.25,1,Highly Engaged / High-Value Customers
C00208,18,540.1405555555556,9722.53,6,8,3.6,4.0,1,Highly Engaged / High-Value Customers
C00209,9,541.1255555555556,4870.13,4,1,1.5,4.333333333333333,0,Occasional / Lower-Engagement Customers
C00210,9,544.6066666666667,4901.46,7,1,1.8,4.666666666666667,1,Highly Engaged / High-Value Customers
C00211,12,446.2625,5355.15,3,4,2.4,3.0,1,Highly Engaged / High-Value Customers
C00212,16,563.329375,9013.27,5,6,3.2,3.6666666666666665,1,Highly Engaged / High-Value Customers
C00213,8,446.905,3575.24,4,1,2.0,4.0,0,Occasional / Lower-Engagement Customers
C00214,8,534.2675,4274.14,5,2,1.6,4.8,0,Occasional / Lower-Engagement Customers
C00215,8,465.36125,3722.89,4,1,2.0,4.0,0,Occasional / Lower-Engagement Customers
C00216,10,500.061,5000.61,6,0,1.6666666666666667,4.142857142857143,0,Occasional / Lower-Engagement Customers
C00217,14,688.8992857142857,9644.59,5,1,2.333333333333333,3.7,1,Highly Engaged / High-Value Customers
C00218,6,565.9683333333334,3395.81,2,3,1.2,5.0,0,Occasional / Lower-Engagement Customers
C00219,8,663.7049999999999,5309.639999999999,2,2,1.6,3.6,0,Occasional / Lower-Engagement Customers
C00220,9,443.6477777777778,3992.83,4,2,1.5,3.333333333333333,0,Occasional / Lower-Engagement Customers
C00221,11,555.0190909090909,6105.21,4,5,2.2,3.4,1,Highly Engaged / High-Value Customers
C00222,9,438.82,3949.38,4,1,1.8,3.571428571428572,0,Occasional / Lower-Engagement Customers
C00223,11,665.5490909090909,7321.04,4,1,2.2,2.6666666666666665,1,Highly Engaged / High-Value Customers
C00224,8,478.74625,3829.97,1,1,1.6,3.25,0,Occasional / Lower-Engagement Customers
C00225,15,511.888,7678.32,5,4,3.0,3.125,1,Highly Engaged / High-Value Customers
C00226,9,560.7422222222223,5046.68,4,2,1.8,3.125,0,Occasional / Lower-Engagement Customers
C00227,12,597.9641666666666,7175.57,5,4,2.0,4.111111111111111,1,Highly Engaged / High-Value Customers
C00228,16,471.18875,7539.019999999999,10,5,2.6666666666666665,4.111111111111111,1,Highly Engaged / High-Value Customers
C00229,9,473.83,4264.47,2,2,1.5,3.4285714285714284,0,Occasional / Lower-Engagement Customers
C00230,15,539.4346666666667,8091.52,4,3,2.5,4.25,1,Highly Engaged / High-Value Customers
C00231,14,516.0864285714285,7225.21,4,5,2.333333333333333,3.909090909090909,1,Highly Engaged / High-Value Customers
C00232,10,397.253,3972.53,3,2,2.0,4.2,0,Occasional / Lower-Engagement Customers
C00233,8,435.51375,3484.11,2,1,1.6,4.0,0,Occasional / Lower-Engagement Customers
C00234,13,637.713076923077,8290.27,3,3,2.1666666666666665,3.142857142857143,1,Highly Engaged / High-Value Customers
C00235,7,377.5957142857143,2643.17,2,2,1.4,3.25,0,Occasional / Lower-Engagement Customers
C00236,8,380.045,3040.36,3,0,1.6,4.0,0,Occasional / Lower-Engagement Customers
C00237,11,547.8572727272727,6026.43,3,1,1.8333333333333333,3.2857142857142856,0,Occasional / Lower-Engagement Customers
C00238,13,467.7138461538461,6080.28,6,2,2.1666666666666665,3.875,1,Highly Engaged / High-Value Customers
C00239,9,470.2411111111112,4232.17,3,1,2.25,4.285714285714286,0,Occasional / Lower-Engagement Customers
C00240,14,519.7664285714285,7276.73,5,2,2.333333333333333,3.4545454545454546,1,Highly Engaged / High-Value Customers
C00241,10,509.936,5099.36,4,1,1.6666666666666667,4.25,0,Occasional / Lower-Engagement Customers
C00242,11,483.0718181818182,5313.79,5,2,2.2,3.5,1,Highly Engaged / High-Value Customers
C00243,11,660.0263636363636,7260.29,4,1,2.75,4.0,1,Highly Engaged / High-Value Customers
C00244,11,598.54,6583.94,3,0,1.8333333333333333,2.888888888888889,0,Occasional / Lower-Engagement Customers
C00245,10,491.54,4915.4,4,4,2.5,4.6,1,Highly Engaged / High-Value Customers
C00246,10,419.021,4190.21,4,1,2.5,4.0,0,Occasional / Lower-Engagement Customers
C00247,18,453.3083333333333,8159.55,4,5,3.0,3.857142857142857,1,Highly Engaged / High-Value Customers
C00248,13,472.1653846153846,6138.15,4,3,2.1666666666666665,4.111111111111111,1,Highly Engaged / High-Value Customers
C00249,7,714.5742857142858,5002.02,4,0,2.333333333333333,3.8,0,Occasional / Lower-Engagement Customers
C00250,9,585.7966666666666,5272.17,5,1,1.8,4.0,0,Occasional / Lower-Engagement Customers
C00251,7,639.8328571428572,4478.83,3,1,1.4,4.666666666666667,0,Occasional / Lower-Engagement Customers
C00252,6,691.2933333333334,4147.76,1,2,1.5,4.0,0,Occasional / Lower-Engagement Customers
C00253,8,493.1475,3945.18,4,3,2.0,4.333333333333333,0,Occasional / Lower-Engagement Customers
C00254,4,844.6850000000001,3378.74,2,1,1.3333333333333333,2.0,0,Occasional / Lower-Engagement Customers
C00255,8,513.5325,4108.26,4,1,1.6,4.714285714285714,0,Occasional / Lower-Engagement Customers
C00256,10,554.462,5544.62,1,3,2.0,4.0,0,Occasional / Lower-Engagement Customers
C00257,12,464.5266666666666,5574.32,4,2,2.4,4.5,1,Highly Engaged / High-Value Customers
C00258,10,495.312,4953.12,2,1,1.6666666666666667,4.0,0,Occasional / Lower-Engagement Customers
C00259,15,727.3046666666667,10909.57,6,3,2.5,3.636363636363636,1,Highly Engaged / High-Value Customers
C00260,14,718.3914285714285,10057.48,5,0,2.8,3.6,1,Highly Engaged / High-Value Customers
C00261,10,545.856,5458.56,6,2,3.333333333333333,4.0,1,Highly Engaged / High-Value Customers
C00262,10,689.049,6890.49,3,1,2.0,4.166666666666667,1,Highly Engaged / High-Value Customers
C00263,7,394.57428571428574,2762.02,6,0,2.333333333333333,4.0,0,Occasional / Lower-Engagement Customers
C00264,12,561.5108333333334,6738.13,5,4,3.0,3.7,1,Highly Engaged / High-Value Customers
C00265,9,701.8711111111111,6316.84,8,1,1.8,3.6666666666666665,1,Highly Engaged / High-Value Customers
C00266,12,603.24,7238.88,6,3,2.0,3.75,1,Highly Engaged / High-Value Customers
C00267,13,424.63461538461536,5520.25,3,3,2.6,3.5,1,Highly Engaged / High-Value Customers
C00268,8,372.365,2978.92,2,5,2.0,3.0,0,Occasional / Lower-Engagement Customers
C00269,12,561.8133333333334,6741.76,4,2,2.0,4.0,1,Highly Engaged / High-Value Customers
C00270,10,539.691,5396.91,6,2,2.0,4.666666666666667,1,Highly Engaged / High-Value Customers
C00271,11,545.9563636363637,6005.52,6,2,2.2,3.9,1,Highly Engaged / High-Value Customers
C00272,6,572.4499999999999,3434.7,2,1,1.5,4.0,0,Occasional / Lower-Engagement Customers
C00273,11,713.2472727272727,7845.72,3,4,2.2,3.75,1,Highly Engaged / High-Value Customers
C00274,4,625.005,2500.02,1,0,1.0,4.666666666666667,0,Occasional / Lower-Engagement Customers
C00275,5,502.384,2511.92,1,1,1.25,2.25,0,Occasional / Lower-Engagement Customers
C00276,13,472.08230769230767,6137.07,10,4,2.6,3.7,1,Highly Engaged / High-Value Customers
C00277,9,603.9677777777778,5435.71,6,3,1.8,3.5,1,Highly Engaged / High-Value Customers
C00278,10,422.62700000000007,4226.27,4,3,2.0,4.166666666666667,0,Occasional / Lower-Engagement Customers
C00279,7,788.9528571428572,5522.67,4,0,1.4,4.0,0,Occasional / Lower-Engagement Customers
C00280,12,589.1491666666667,7069.79,6,1,2.4,4.222222222222222,1,Highly Engaged / High-Value Customers
C00281,4,1040.9450000000002,4163.780000000001,1,0,1.3333333333333333,4.0,0,Occasional / Lower-Engagement Customers
C00282,7,524.6428571428571,3672.5,2,1,1.1666666666666667,4.25,0,Occasional / Lower-Engagement Customers
C00283,8,758.8725,6070.98,5,0,2.0,3.0,0,Occasional / Lower-Engagement Customers
C00284,11,790.2727272727273,8693.0,3,3,2.2,3.5,1,Highly Engaged / High-Value Customers
C00285,12,434.93250000000006,5219.1900000000005,2,5,2.0,4.428571428571429,1,Highly Engaged / High-Value Customers
C00286,7,470.4114285714286,3292.88,3,2,1.75,4.4,0,Occasional / Lower-Engagement Customers
C00287,6,575.6866666666666,3454.12,1,3,1.5,3.25,0,Occasional / Lower-Engagement Customers
C00288,11,514.8418181818182,5663.26,3,1,2.2,4.0,1,Highly Engaged / High-Value Customers
C00289,7,664.2842857142857,4649.99,3,3,1.4,3.75,0,Occasional / Lower-Engagement Customers
C00290,12,691.6716666666666,8300.06,3,2,2.4,3.0,1,Highly Engaged / High-Value Customers
C00291,17,607.7364705882353,10331.52,4,4,2.833333333333333,4.142857142857143,1,Highly Engaged / High-Value Customers
C00292,11,395.83363636363634,4354.17,5,3,2.75,4.666666666666667,1,Highly Engaged / High-Value Customers
C00293,8,780.5325,6244.26,4,1,1.6,3.6,0,Occasional / Lower-Engagement Customers
C00294,10,511.218,5112.18,2,3,2.5,4.0,1,Highly Engaged / High-Value Customers
C00295,4,499.135,1996.54,2,1,1.0,3.75,0,Occasional / Lower-Engagement Customers
C00296,10,613.3309999999999,6133.31,4,2,1.6666666666666667,3.0,1,Highly Engaged / High-Value Customers
C00297,6,630.5083333333333,3783.05,4,2,1.2,3.75,0,Occasional / Lower-Engagement Customers
C00298,8,566.405,4531.24,3,4,1.6,4.428571428571429,0,Occasional / Lower-Engagement Customers
C00299,10,704.05,7040.5,3,2,2.5,4.625,1,Highly Engaged / High-Value Customers
C00300,15,608.4166666666666,9126.25,3,2,2.5,3.8,1,Highly Engaged / High-Value Customers
C00301,7,406.4257142857143,2844.98,2,2,1.75,4.0,0,Occasional / Lower-Engagement Customers
C00302,11,501.83363636363634,5520.17,4,2,2.75,4.125,1,Highly Engaged / High-Value Customers
C00303,10,363.149,3631.49,5,5,2.0,4.0,1,Highly Engaged / High-Value Customers
C00304,15,579.7873333333333,8696.81,7,5,2.5,3.75,1,Highly Engaged / High-Value Customers
C00305,7,692.04,4844.28,2,1,2.333333333333333,4.0,0,Occasional / Lower-Engagement Customers
C00306,8,448.51875,3588.15,3,1,2.0,4.285714285714286,0,Occasional / Lower-Engagement Customers
C00307,7,590.8757142857143,4136.13,1,3,1.75,3.4,0,Occasional / Lower-Engagement Customers
C00308,9,865.0311111111112,7785.280000000001,4,4,1.5,4.0,1,Highly Engaged / High-Value Customers
C00309,12,511.8025,6141.63,3,3,2.4,4.3,1,Highly Engaged / High-Value Customers
C00310,8,462.37375,3698.99,3,3,1.6,4.142857142857143,0,Occasional / Lower-Engagement Customers
C00311,6,438.2116666666666,2629.27,2,0,1.2,1.4,0,Occasional / Lower-Engagement Customers
C00312,6,348.1933333333333,2089.16,1,0,1.5,4.0,0,Occasional / Lower-Engagement Customers
C00313,3,653.3566666666667,1960.07,1,1,1.5,4.5,0,Occasional / Lower-Engagement Customers
C00314,10,811.692,8116.92,5,3,1.6666666666666667,3.2857142857142856,1,Highly Engaged / High-Value Customers
C00315,6,467.38333333333327,2804.3,5,1,3.0,4.25,0,Occasional / Lower-Engagement Customers
C00316,10,784.848,7848.48,4,0,2.0,3.7142857142857135,1,Highly Engaged / High-Value Customers
C00317,10,519.5989999999999,5195.99,4,2,2.0,3.0,1,Highly Engaged / High-Value Customers
C00318,11,542.8781818181818,5971.66,3,2,2.2,4.285714285714286,1,Highly Engaged / High-Value Customers
C00319,9,613.6211111111111,5522.59,3,2,2.25,3.8,0,Occasional / Lower-Engagement Customers
C00320,7,534.2871428571428,3740.01,3,3,1.4,3.333333333333333,0,Occasional / Lower-Engagement Customers
C00321,5,725.0899999999999,3625.45,2,0,1.25,3.5,0,Occasional / Lower-Engagement Customers
C00322,11,619.1145454545455,6810.26,3,3,2.2,3.875,1,Highly Engaged / High-Value Customers
C00323,6,387.48333333333335,2324.9,1,3,1.5,3.25,0,Occasional / Lower-Engagement Customers
C00324,7,594.3114285714286,4160.18,2,2,1.4,3.25,0,Occasional / Lower-Engagement Customers
C00325,8,564.61875,4516.95,2,5,1.3333333333333333,4.2,0,Occasional / Lower-Engagement Customers
C00326,6,719.195,4315.17,3,3,1.5,4.5,0,Occasional / Lower-Engagement Customers
C00327,6,334.395,2006.37,3,0,3.0,4.6,0,Occasional / Lower-Engagement Customers
C00328,14,614.8571428571429,8608.0,6,2,2.333333333333333,3.363636363636364,1,Highly Engaged / High-Value Customers
C00329,11,467.35181818181815,5140.87,2,3,2.2,3.7142857142857135,1,Highly Engaged / High-Value Customers
C00330,14,512.0728571428572,7169.02,4,3,2.8,4.0,1,Highly Engaged / High-Value Customers
C00331,9,655.3277777777778,5897.95,2,0,2.25,3.7142857142857135,0,Occasional / Lower-Engagement Customers
C00332,13,638.8876923076924,8305.54,6,4,2.1666666666666665,3.2857142857142856,1,Highly Engaged / High-Value Customers
C00333,11,443.75909090909096,4881.35,6,0,1.8333333333333333,3.625,0,Occasional / Lower-Engagement Customers
C00334,7,525.8728571428571,3681.11,3,0,1.75,4.333333333333333,0,Occasional / Lower-Engagement Customers
C00335,12,584.1733333333333,7010.08,4,3,3.0,3.7777777777777777,1,Highly Engaged / High-Value Customers
C00336,12,462.2033333333334,5546.4400000000005,3,2,2.0,3.4,1,Highly Engaged / High-Value Customers
C00337,6,634.4416666666667,3806.65,1,1,1.2,4.0,0,Occasional / Lower-Engagement Customers
C00338,8,488.1375,3905.1,4,1,2.6666666666666665,3.4,0,Occasional / Lower-Engagement Customers
C00339,8,401.28875,3210.31,2,1,2.0,3.875,0,Occasional / Lower-Engagement Customers
C00340,9,587.6333333333333,5288.7,4,3,1.8,4.5,0,Occasional / Lower-Engagement Customers
C00341,14,499.5371428571429,6993.52,3,6,2.8,3.909090909090909,1,Highly Engaged / High-Value Customers
C00342,10,477.914,4779.14,3,3,2.0,3.8,0,Occasional / Lower-Engagement Customers
C00343,10,458.182,4581.82,5,3,2.0,4.25,1,Highly Engaged / High-Value Customers
C00344,9,383.9088888888889,3455.18,2,0,1.8,3.8333333333333335,0,Occasional / Lower-Engagement Customers
C00345,13,478.6823076923077,6222.87,7,3,2.1666666666666665,3.5,1,Highly Engaged / High-Value Customers
C00346,9,504.3377777777778,4539.04,4,2,1.5,4.333333333333333,0,Occasional / Lower-Engagement Customers
C00347,9,496.04333333333335,4464.39,6,2,1.8,3.7142857142857135,0,Occasional / Lower-Engagement Customers
C00348,5,536.806,2684.03,2,1,1.6666666666666667,2.333333333333333,0,Occasional / Lower-Engagement Customers
C00349,10,499.223,4992.23,1,1,1.6666666666666667,3.75,0,Occasional / Lower-Engagement Customers
C00350,9,590.4888888888889,5314.400000000001,1,3,1.8,4.166666666666667,0,Occasional / Lower-Engagement Customers
C00351,10,504.999,5049.99,3,3,2.0,4.142857142857143,0,Occasional / Lower-Engagement Customers
C00352,5,696.966,3484.83,1,2,1.25,4.333333333333333,0,Occasional / Lower-Engagement Customers
C00353,11,491.490909090909,5406.4,3,3,1.8333333333333333,3.4285714285714284,1,Highly Engaged / High-Value Customers
C00354,12,450.71583333333336,5408.59,5,2,2.4,4.0,1,Highly Engaged / High-Value Customers
C00355,8,435.1925,3481.54,3,1,2.0,4.2,0,Occasional / Lower-Engagement Customers
C00356,12,727.0075,8724.09,4,2,2.4,3.7,1,Highly Engaged / High-Value Customers
C00357,9,775.4177777777778,6978.76,4,0,1.8,3.6,0,Occasional / Lower-Engagement Customers
C00358,10,457.229,4572.29,3,2,2.0,3.142857142857143,0,Occasional / Lower-Engagement Customers
C00359,5,474.2,2371.0,0,2,1.6666666666666667,3.75,0,Occasional / Lower-Engagement Customers
C00360,12,537.3883333333333,6448.66,4,6,2.0,4.333333333333333,1,Highly Engaged / High-Value Customers
C00361,12,640.2841666666667,7683.41,6,2,2.4,3.888888888888889,1,Highly Engaged / High-Value Customers
C00362,14,470.6671428571429,6589.34,5,6,2.333333333333333,4.166666666666667,1,Highly Engaged / High-Value Customers
C00363,8,582.37875,4659.03,5,2,1.6,4.333333333333333,0,Occasional / Lower-Engagement Customers
C00364,12,526.7875,6321.45,6,4,2.4,4.888888888888889,1,Highly Engaged / High-Value Customers
C00365,11,481.5245454545455,5296.77,4,0,1.8333333333333333,3.2857142857142856,0,Occasional / Lower-Engagement Customers
C00366,8,731.765,5854.12,3,1,1.6,4.0,0,Occasional / Lower-Engagement Customers
C00367,5,746.226,3731.13,2,0,1.25,4.0,0,Occasional / Lower-Engagement Customers
C00368,9,761.531111111111,6853.78,3,4,2.25,3.1666666666666665,1,Highly Engaged / High-Value Customers
C00369,16,576.62125,9225.94,7,2,3.2,3.8,1,Highly Engaged / High-Value Customers
C00370,9,481.46777777777777,4333.21,5,1,1.8,3.0,0,Occasional / Lower-Engagement Customers
C00371,9,380.0466666666667,3420.42,5,1,2.25,3.571428571428572,0,Occasional / Lower-Engagement Customers
C00372,3,402.2866666666667,1206.86,2,1,1.0,0.0,0,Occasional / Lower-Engagement Customers
C00373,3,680.3933333333333,2041.18,0,2,1.0,3.333333333333333,0,Occasional / Lower-Engagement Customers
C00374,8,837.61375,6700.91,2,5,2.0,3.857142857142857,1,Highly Engaged / High-Value Customers
C00375,5,565.344,2826.7200000000003,2,0,1.25,5.0,0,Occasional / Lower-Engagement Customers
C00376,12,625.9816666666667,7511.78,6,3,2.4,3.888888888888889,1,Highly Engaged / High-Value Customers
C00377,15,604.1906666666667,9062.86,5,2,2.5,3.5,1,Highly Engaged / High-Value Customers
C00378,7,549.4785714285714,3846.35,3,1,1.75,3.6666666666666665,0,Occasional / Lower-Engagement Customers
C00379,7,581.1585714285713,4068.11,4,1,1.75,4.0,0,Occasional / Lower-Engagement Customers
C00380,10,471.636,4716.36,1,5,2.0,4.555555555555555,0,Occasional / Lower-Engagement Customers
C00381,8,706.25125,5650.01,2,3,1.6,4.0,0,Occasional / Lower-Engagement Customers
C00382,8,384.99625,3079.97,3,2,2.0,4.4,0,Occasional / Lower-Engagement Customers
C00383,7,814.4657142857143,5701.26,3,1,1.4,3.5,0,Occasional / Lower-Engagement Customers
C00384,12,562.0908333333333,6745.09,3,5,2.0,4.1,1,Highly Engaged / High-Value Customers
C00385,7,560.6828571428572,3924.78,1,1,2.333333333333333,4.4,0,Occasional / Lower-Engagement Customers
C00386,10,532.614,5326.14,6,3,1.6666666666666667,4.0,1,Highly Engaged / High-Value Customers
C00387,11,435.5272727272728,4790.8,3,3,2.2,4.2,1,Highly Engaged / High-Value Customers
C00388,9,603.8511111111111,5434.66,5,1,1.8,4.571428571428571,0,Occasional / Lower-Engagement Customers
C00389,8,462.1675,3697.34,2,3,1.6,4.5,0,Occasional / Lower-Engagement Customers
C00390,13,641.6800000000001,8341.84,6,1,3.25,3.6666666666666665,1,Highly Engaged / High-Value Customers
C00391,6,638.6983333333334,3832.19,2,1,2.0,3.2,0,Occasional / Lower-Engagement Customers
C00392,9,791.4100000000001,7122.6900000000005,3,2,2.25,4.25,1,Highly Engaged / High-Value Customers
C00393,11,661.7345454545455,7279.08,4,3,2.2,3.4,1,Highly Engaged / High-Value Customers
C00394,13,632.3384615384615,8220.4,8,4,2.1666666666666665,3.5454545454545454,1,Highly Engaged / High-Value Customers
C00395,7,742.3585714285715,5196.51,2,1,1.75,4.2,0,Occasional / Lower-Engagement Customers
C00396,8,509.1675,4073.34,3,0,1.3333333333333333,4.0,0,Occasional / Lower-Engagement Customers
C00397,9,640.0544444444445,5760.49,3,3,1.8,2.857142857142857,0,Occasional / Lower-Engagement Customers
C00398,6,513.7883333333333,3082.73,1,0,1.5,4.333333333333333,0,Occasional / Lower-Engagement Customers
C00399,8,610.06625,4880.53,4,0,2.0,4.4,0,Occasional / Lower-Engagement Customers
C00400,9,587.8433333333334,5290.59,4,0,2.25,4.0,0,Occasional / Lower-Engagement Customers
C00401,5,437.99,2189.95,1,1,1.25,2.333333333333333,0,Occasional / Lower-Engagement Customers
C00402,14,669.0714285714286,9367.0,4,2,2.8,4.0,1,Highly Engaged / High-Value Customers
C00403,13,740.1307692307693,9621.7,6,3,2.6,4.090909090909091,1,Highly Engaged / High-Value Customers
C00404,12,357.0391666666667,4284.47,5,3,2.0,3.7142857142857135,1,Highly Engaged / High-Value Customers
C00405,12,558.1933333333333,6698.32,3,3,2.0,4.5,1,Highly Engaged / High-Value Customers
C00406,9,677.4699999999999,6097.23,1,2,1.8,4.0,0,Occasional / Lower-Engagement Customers
C00407,8,573.485,4587.88,2,3,2.0,4.333333333333333,0,Occasional / Lower-Engagement Customers
C00408,14,587.5485714285714,8225.68,8,4,2.333333333333333,4.222222222222222,1,Highly Engaged / High-Value Customers
C00409,10,310.479,3104.79,3,2,2.0,4.111111111111111,0,Occasional / Lower-Engagement Customers
C00410,7,812.157142857143,5685.1,3,3,1.75,4.0,0,Occasional / Lower-Engagement Customers
C00411,7,605.8514285714285,4240.96,3,2,1.75,3.0,0,Occasional / Lower-Engagement Customers
C00412,15,638.7406666666667,9581.11,7,6,3.0,3.272727272727273,1,Highly Engaged / High-Value Customers
C00413,12,464.3908333333334,5572.6900000000005,5,3,3.0,3.333333333333333,1,Highly Engaged / High-Value Customers
C00414,7,562.7028571428572,3938.92,2,0,1.75,4.0,0,Occasional / Lower-Engagement Customers
C00415,9,703.6500000000001,6332.85,3,4,1.8,3.6666666666666665,1,Highly Engaged / High-Value Customers
C00416,10,698.122,6981.219999999999,3,2,1.6666666666666667,3.5,1,Highly Engaged / High-Value Customers
C00417,11,634.1181818181818,6975.3,6,3,2.2,3.25,1,Highly Engaged / High-Value Customers
C00418,8,497.47125,3979.77,1,2,1.6,4.0,0,Occasional / Lower-Engagement Customers
C00419,8,724.765,5798.12,2,3,2.0,4.0,0,Occasional / Lower-Engagement Customers
C00420,5,703.034,3515.17,2,1,1.25,2.75,0,Occasional / Lower-Engagement Customers
C00421,13,598.6892307692308,7782.96,3,3,2.6,3.8181818181818175,1,Highly Engaged / High-Value Customers
C00422,10,566.781,5667.81,3,3,2.5,3.625,1,Highly Engaged / High-Value Customers
C00423,8,509.0825,4072.66,0,4,2.0,3.8,0,Occasional / Lower-Engagement Customers
C00424,5,438.71400000000006,2193.57,1,2,1.25,4.25,0,Occasional / Lower-Engagement Customers
C00425,11,550.3718181818182,6054.09,3,3,2.2,3.5,1,Highly Engaged / High-Value Customers
C00426,8,746.665,5973.32,4,3,1.6,4.4,0,Occasional / Lower-Engagement Customers
C00427,10,418.826,4188.26,5,3,2.0,4.0,1,Highly Engaged / High-Value Customers
C00428,7,934.4742857142857,6541.32,2,2,1.4,4.4,0,Occasional / Lower-Engagement Customers
C00429,5,503.024,2515.12,1,1,1.6666666666666667,4.4,0,Occasional / Lower-Engagement Customers
C00430,7,716.87,5018.09,0,2,1.4,3.0,0,Occasional / Lower-Engagement Customers
C00431,8,470.1225,3760.98,4,3,1.3333333333333333,3.333333333333333,0,Occasional / Lower-Engagement Customers
C00432,9,554.0966666666667,4986.87,4,1,1.8,4.142857142857143,0,Occasional / Lower-Engagement Customers
C00433,16,395.294375,6324.71,4,7,3.2,3.6666666666666665,1,Highly Engaged / High-Value Customers
C00434,7,536.08,3752.56,2,0,1.75,4.0,0,Occasional / Lower-Engagement Customers
C00435,12,609.6791666666667,7316.15,4,2,2.0,3.6,1,Highly Engaged / High-Value Customers
C00436,10,453.69,4536.9,3,0,2.0,4.125,0,Occasional / Lower-Engagement Customers
C00437,12,659.76,7917.12,5,6,2.4,4.0,1,Highly Engaged / High-Value Customers
C00438,12,422.69416666666666,5072.33,2,3,2.0,3.571428571428572,1,Highly Engaged / High-Value Customers
C00439,7,550.4357142857143,3853.05,3,3,1.4,3.7142857142857135,0,Occasional / Lower-Engagement Customers
C00440,8,383.3925,3067.14,1,4,2.0,4.166666666666667,0,Occasional / Lower-Engagement Customers
C00441,14,599.125,8387.75,5,4,2.333333333333333,3.75,1,Highly Engaged / High-Value Customers
C00442,7,558.1385714285714,3906.97,3,2,1.1666666666666667,3.6666666666666665,0,Occasional / Lower-Engagement Customers
C00443,10,491.808,4918.08,3,3,2.5,4.285714285714286,1,Highly Engaged / High-Value Customers
C00444,11,600.6309090909091,6606.9400000000005,2,4,1.8333333333333333,4.2,1,Highly Engaged / High-Value Customers
C00445,5,566.89,2834.45,3,3,1.25,4.5,0,Occasional / Lower-Engagement Customers
C00446,8,600.0375,4800.3,4,0,2.0,3.75,0,Occasional / Lower-Engagement Customers
C00447,8,460.9775,3687.82,2,1,2.0,3.4,0,Occasional / Lower-Engagement Customers
C00448,6,721.3833333333333,4328.3,4,1,1.5,3.0,0,Occasional / Lower-Engagement Customers
C00449,13,498.6984615384615,6483.08,8,3,2.1666666666666665,4.222222222222222,1,Highly Engaged / High-Value Customers
C00450,16,727.649375,11642.39,6,4,3.2,3.909090909090909,1,Highly Engaged / High-Value Customers
C00451,10,468.4,4684.0,5,1,2.0,4.142857142857143,0,Occasional / Lower-Engagement Customers
C00452,7,596.6371428571429,4176.46,2,3,1.75,3.4,0,Occasional / Lower-Engagement Customers
C00453,12,576.9983333333333,6923.9800000000005,7,4,2.4,4.0,1,Highly Engaged / High-Value Customers
C00454,10,771.279,7712.79,6,2,2.0,3.4285714285714284,1,Highly Engaged / High-Value Customers
C00455,4,364.7875,1459.15,2,1,1.3333333333333333,4.0,0,Occasional / Lower-Engagement Customers
C00456,11,360.72181818181815,3967.94,2,3,1.8333333333333333,4.125,0,Occasional / Lower-Engagement Customers
C00457,12,547.7508333333334,6573.01,3,3,2.4,3.4,1,Highly Engaged / High-Value Customers
C00458,9,473.5377777777778,4261.84,2,6,1.8,3.7777777777777777,0,Occasional / Lower-Engagement Customers
C00459,9,945.88,8512.92,3,3,1.5,3.333333333333333,1,Highly Engaged / High-Value Customers
C00460,13,522.1492307692307,6787.94,6,3,2.6,2.888888888888889,1,Highly Engaged / High-Value Customers
C00461,12,565.1641666666667,6781.97,5,2,2.4,3.7777777777777777,1,Highly Engaged / High-Value Customers
C00462,7,657.7328571428571,4604.13,4,1,1.4,3.5,0,Occasional / Lower-Engagement Customers
C00463,5,975.478,4877.39,2,1,1.6666666666666667,4.5,0,Occasional / Lower-Engagement Customers
C00464,10,688.6429999999999,6886.429999999999,3,5,2.0,4.166666666666667,1,Highly Engaged / High-Value Customers
C00465,12,499.6308333333333,5995.57,7,1,2.0,4.0,1,Highly Engaged / High-Value Customers
C00466,8,461.245,3689.96,1,1,1.6,3.5,0,Occasional / Lower-Engagement Customers
C00467,7,476.67285714285714,3336.71,4,1,1.75,3.8,0,Occasional / Lower-Engagement Customers
C00468,9,734.3566666666667,6609.21,2,2,1.5,4.0,0,Occasional / Lower-Engagement Customers
C00469,9,432.54,3892.86,4,3,2.25,4.333333333333333,0,Occasional / Lower-Engagement Customers
C00470,5,435.9860000000001,2179.9300000000003,2,2,1.6666666666666667,4.666666666666667,0,Occasional / Lower-Engagement Customers
C00471,9,760.4177777777778,6843.76,3,2,1.8,4.333333333333333,1,Highly Engaged / High-Value Customers
C00472,11,500.9836363636363,5510.82,3,4,2.2,3.6666666666666665,1,Highly Engaged / High-Value Customers
C00473,15,502.3233333333334,7534.85,6,4,2.5,4.0,1,Highly Engaged / High-Value Customers
C00474,8,715.735,5725.88,6,1,1.6,4.0,0,Occasional / Lower-Engagement Customers
C00475,9,684.9711111111111,6164.74,3,3,2.25,3.2,1,Highly Engaged / High-Value Customers
C00476,6,576.6183333333333,3459.71,1,3,3.0,4.0,0,Occasional / Lower-Engagement Customers
C00477,4,671.4275,2685.71,1,0,1.3333333333333333,3.0,0,Occasional / Lower-Engagement Customers
C00478,9,522.2433333333333,4700.19,3,5,1.8,4.333333333333333,1,Highly Engaged / High-Value Customers
C00479,9,360.0911111111111,3240.82,3,3,1.8,3.5,0,Occasional / Lower-Engagement Customers
C00480,15,495.056,7425.84,6,4,3.0,3.5454545454545454,1,Highly Engaged / High-Value Customers
C00481,7,362.7485714285714,2539.24,1,4,2.333333333333333,3.8333333333333335,0,Occasional / Lower-Engagement Customers
C00482,6,797.2983333333333,4783.79,1,2,1.5,3.2,0,Occasional / Lower-Engagement Customers
C00483,8,594.605,4756.84,1,4,1.6,3.75,0,Occasional / Lower-Engagement Customers
C00484,9,615.8888888888889,5543.0,1,2,3.0,3.8333333333333335,1,Highly Engaged / High-Value Customers
C00485,6,361.9683333333333,2171.81,2,1,2.0,2.5,0,Occasional / Lower-Engagement Customers
C00486,6,371.09833333333336,2226.59,3,3,2.0,4.0,0,Occasional / Lower-Engagement Customers
C00487,5,510.2660000000001,2551.3300000000004,1,1,1.6666666666666667,3.5,0,Occasional / Lower-Engagement Customers
C00488,7,536.1657142857142,3753.16,3,6,1.75,2.6,0,Occasional / Lower-Engagement Customers
C00489,16,670.569375,10729.11,6,3,2.6666666666666665,2.888888888888889,1,Highly Engaged / High-Value Customers
C00490,7,337.57571428571424,2363.03,4,2,1.4,4.666666666666667,0,Occasional / Lower-Engagement Customers
C00491,10,594.037,5940.37,2,2,2.0,3.8333333333333335,0,Occasional / Lower-Engagement Customers
C00492,8,618.86,4950.88,3,2,2.0,4.285714285714286,0,Occasional / Lower-Engagement Customers
C00493,9,583.6744444444444,5253.07,5,0,2.25,3.4285714285714284,0,Occasional / Lower-Engagement Customers
C00494,9,314.03444444444443,2826.31,1,2,1.8,4.0,0,Occasional / Lower-Engagement Customers
C00495,4,542.8125,2171.25,2,1,1.3333333333333333,5.0,0,Occasional / Lower-Engagement Customers
C00496,13,528.7330769230769,6873.53,5,5,2.6,3.75,1,Highly Engaged / High-Value Customers
C00497,13,447.4007692307693,5816.21,4,3,2.6,3.857142857142857,1,Highly Engaged / High-Value Customers
C00498,13,552.9892307692307,7188.86,5,1,2.6,4.428571428571429,1,Highly Engaged / High-Value Customers
C00499,8,659.26,5274.08,3,2,1.6,3.6666666666666665,0,Occasional / Lower-Engagement Customers
C00500,10,512.826,5128.26,4,1,2.0,3.333333333333333,0,Occasional / Lower-Engagement Customers
C00501,11,478.93545454545455,5268.29,3,2,1.8333333333333333,4.142857142857143,0,Occasional / Lower-Engagement Customers
C00502,6,538.5583333333333,3231.35,3,2,2.0,4.0,0,Occasional / Lower-Engagement Customers
C00503,12,553.8433333333334,6646.12,6,3,2.0,4.0,1,Highly Engaged / High-Value Customers
C00504,7,507.3571428571428,3551.5,2,1,2.333333333333333,3.75,0,Occasional / Lower-Engagement Customers
C00505,18,405.9522222222223,7307.14,10,5,3.0,4.285714285714286,1,Highly Engaged / High-Value Customers
C00506,8,451.88,3615.04,2,2,2.0,3.1666666666666665,0,Occasional / Lower-Engagement Customers
C00507,13,656.9784615384615,8540.72,4,3,2.1666666666666665,3.555555555555556,1,Highly Engaged / High-Value Customers
C00508,8,689.7275,5517.82,3,2,2.0,4.0,0,Occasional / Lower-Engagement Customers
C00509,7,803.0042857142856,5621.03,2,2,1.4,3.1666666666666665,0,Occasional / Lower-Engagement Customers
C00510,11,665.4663636363637,7320.13,4,5,2.2,4.375,1,Highly Engaged / High-Value Customers
C00511,11,612.5918181818182,6738.51,5,4,2.2,3.375,1,Highly Engaged / High-Value Customers
C00512,5,621.7639999999999,3108.82,1,1,1.6666666666666667,4.25,0,Occasional / Lower-Engagement Customers
C00513,15,448.688,6730.32,2,4,3.75,3.8,1,Highly Engaged / High-Value Customers
C00514,14,523.0021428571429,7322.030000000001,4,2,2.333333333333333,4.416666666666667,1,Highly Engaged / High-Value Customers
C00515,10,488.817,4888.17,2,0,2.0,3.888888888888889,0,Occasional / Lower-Engagement Customers
C00516,13,587.4938461538461,7637.42,6,4,2.1666666666666665,4.3,1,Highly Engaged / High-Value Customers
C00517,10,713.902,7139.02,6,2,2.5,4.666666666666667,1,Highly Engaged / High-Value Customers
C00518,5,443.04,2215.2,0,0,1.25,4.5,0,Occasional / Lower-Engagement Customers
C00519,10,603.76,6037.6,4,5,2.5,3.6666666666666665,1,Highly Engaged / High-Value Customers
C00520,5,687.482,3437.41,2,1,1.6666666666666667,4.2,0,Occasional / Lower-Engagement Customers
C00521,5,468.54,2342.7,0,0,1.25,2.25,0,Occasional / Lower-Engagement Customers
C00522,14,552.7335714285715,7738.27,5,2,2.333333333333333,3.4444444444444446,1,Highly Engaged / High-Value Customers
C00523,13,639.0092307692308,8307.12,3,5,2.6,3.571428571428572,1,Highly Engaged / High-Value Customers
C00524,14,476.6821428571429,6673.55,5,4,2.8,4.111111111111111,1,Highly Engaged / High-Value Customers
C00525,7,439.1257142857143,3073.88,3,0,2.333333333333333,4.25,0,Occasional / Lower-Engagement Customers
C00526,8,562.26625,4498.13,4,1,1.6,4.666666666666667,0,Occasional / Lower-Engagement Customers
C00527,4,261.0075,1044.03,3,1,1.3333333333333333,4.333333333333333,0,Occasional / Lower-Engagement Customers
C00528,8,580.61,4644.88,3,1,2.6666666666666665,3.6,0,Occasional / Lower-Engagement Customers
C00529,13,707.2676923076923,9194.48,3,4,2.1666666666666665,4.142857142857143,1,Highly Engaged / High-Value Customers
C00530,11,347.07545454545453,3817.83,5,5,2.2,4.25,1,Highly Engaged / High-Value Customers
C00531,8,420.225,3361.8,2,2,1.3333333333333333,4.4,0,Occasional / Lower-Engagement Customers
C00532,14,450.4178571428571,6305.849999999999,7,3,2.333333333333333,3.2,1,Highly Engaged / High-Value Customers
C00533,9,473.8466666666666,4264.62,3,1,1.8,4.571428571428571,0,Occasional / Lower-Engagement Customers
C00534,14,672.13,9409.82,8,3,2.333333333333333,4.142857142857143,1,Highly Engaged / High-Value Customers
C00535,8,680.235,5441.88,4,0,2.0,4.0,0,Occasional / Lower-Engagement Customers
C00536,7,664.7785714285716,4653.450000000001,4,4,1.75,3.6,0,Occasional / Lower-Engagement Customers
C00537,6,335.33166666666665,2011.99,2,0,1.5,4.5,0,Occasional / Lower-Engagement Customers
C00538,11,574.2254545454545,6316.48,4,1,2.2,3.555555555555556,1,Highly Engaged / High-Value Customers
C00539,11,748.4090909090909,8232.5,4,4,2.2,3.4444444444444446,1,Highly Engaged / High-Value Customers
C00540,13,376.8969230769231,4899.66,7,0,2.1666666666666665,3.8333333333333335,1,Highly Engaged / High-Value Customers
C00541,10,418.047,4180.47,2,4,2.5,4.428571428571429,1,Highly Engaged / High-Value Customers
C00542,13,399.76076923076926,5196.89,2,4,2.6,4.0,1,Highly Engaged / High-Value Customers
C00543,12,701.9991666666666,8423.99,2,2,2.0,3.571428571428572,1,Highly Engaged / High-Value Customers
C00544,8,482.67,3861.36,4,1,2.0,3.8,0,Occasional / Lower-Engagement Customers
C00545,10,387.149,3871.49,2,3,2.0,3.8,0,Occasional / Lower-Engagement Customers
C00546,10,530.7470000000001,5307.47,2,4,1.6666666666666667,4.571428571428571,0,Occasional / Lower-Engagement Customers
C00547,10,720.019,7200.1900000000005,4,2,2.5,3.875,1,Highly Engaged / High-Value Customers
C00548,7,429.82,3008.74,1,0,1.75,3.2,0,Occasional / Lower-Engagement Customers
C00549,6,672.7516666666667,4036.51,2,3,1.5,3.5,0,Occasional / Lower-Engagement Customers
C00550,5,498.932,2494.66,3,1,1.25,4.5,0,Occasional / Lower-Engagement Customers
C00551,13,578.0884615384615,7515.15,1,6,2.1666666666666665,3.9,1,Highly Engaged / High-Value Customers
C00552,7,555.5385714285715,3888.77,2,2,2.333333333333333,4.333333333333333,0,Occasional / Lower-Engagement Customers
C00553,6,397.52,2385.12,2,1,1.5,3.0,0,Occasional / Lower-Engagement Customers
C00554,4,661.5149999999999,2646.0599999999995,2,1,1.0,3.333333333333333,0,Occasional / Lower-Engagement Customers
C00555,11,415.67545454545456,4572.43,7,4,2.75,3.0,1,Highly Engaged / High-Value Customers
C00556,17,559.9347058823529,9518.89,6,3,2.833333333333333,4.0,1,Highly Engaged / High-Value Customers
C00557,7,691.6857142857143,4841.8,3,2,1.4,3.8,0,Occasional / Lower-Engagement Customers
C00558,9,500.3633333333333,4503.27,2,0,1.8,4.0,0,Occasional / Lower-Engagement Customers
C00559,9,844.2533333333333,7598.28,4,0,1.8,4.0,1,Highly Engaged / High-Value Customers
C00560,9,448.5133333333333,4036.62,4,2,1.5,3.6666666666666665,0,Occasional / Lower-Engagement Customers
C00561,12,505.63000000000005,6067.56,4,2,2.0,2.75,1,Highly Engaged / High-Value Customers
C00562,6,684.6783333333333,4108.07,0,0,1.5,4.75,0,Occasional / Lower-Engagement Customers
C00563,9,483.9055555555556,4355.150000000001,2,2,1.8,3.2,0,Occasional / Lower-Engagement Customers
C00564,6,374.7,2248.2,2,0,1.5,4.0,0,Occasional / Lower-Engagement Customers
C00565,6,628.6083333333332,3771.65,3,3,1.5,3.0,0,Occasional / Lower-Engagement Customers
C00566,6,614.635,3687.81,3,2,1.5,3.5,0,Occasional / Lower-Engagement Customers
C00567,10,613.7470000000001,6137.47,5,2,2.0,3.5,1,Highly Engaged / High-Value Customers
C00568,16,648.680625,10378.89,5,6,2.6666666666666665,4.0,1,Highly Engaged / High-Value Customers
C00569,11,630.9754545454546,6940.7300000000005,2,2,1.8333333333333333,4.375,1,Highly Engaged / High-Value Customers
C00570,9,648.2211111111111,5833.99,3,2,1.8,3.5,0,Occasional / Lower-Engagement Customers
C00571,13,340.7830769230769,4430.18,6,1,2.6,4.0,1,Highly Engaged / High-Value Customers
C00572,11,435.01454545454544,4785.16,4,4,2.75,4.714285714285714,1,Highly Engaged / High-Value Customers
C00573,6,486.4716666666666,2918.83,1,2,1.5,3.333333333333333,0,Occasional / Lower-Engagement Customers
C00574,8,452.59875,3620.79,3,2,2.0,3.25,0,Occasional / Lower-Engagement Customers
C00575,14,563.27,7885.78,2,6,2.333333333333333,4.0,1,Highly Engaged / High-Value Customers
C00576,10,546.616,5466.16,2,1,1.6666666666666667,4.0,0,Occasional / Lower-Engagement Customers
C00577,9,415.9655555555556,3743.69,3,1,1.8,5.0,0,Occasional / Lower-Engagement Customers
C00578,11,572.3372727272728,6295.71,4,2,2.2,3.4285714285714284,1,Highly Engaged / High-Value Customers
C00579,7,518.8757142857143,3632.13,2,0,1.4,3.6666666666666665,0,Occasional / Lower-Engagement Customers
C00580,10,336.28000000000003,3362.8,2,1,1.6666666666666667,4.714285714285714,0,Occasional / Lower-Engagement Customers
C00581,12,346.3016666666667,4155.62,3,2,2.0,4.0,0,Occasional / Lower-Engagement Customers
C00582,3,380.2,1140.6,0,0,1.0,4.0,0,Occasional / Lower-Engagement Customers
C00583,4,680.7775,2723.11,1,2,2.0,5.0,0,Occasional / Lower-Engagement Customers
C00584,9,524.5844444444444,4721.26,2,3,2.25,4.8,0,Occasional / Lower-Engagement Customers
C00585,8,304.14625,2433.17,3,2,1.6,3.0,0,Occasional / Lower-Engagement Customers
C00586,6,368.66,2211.96,2,1,2.0,4.0,0,Occasional / Lower-Engagement Customers
C00587,9,454.2277777777778,4088.05,3,2,1.8,4.285714285714286,0,Occasional / Lower-Engagement Customers
C00588,11,666.8836363636364,7335.719999999999,5,0,2.2,3.4285714285714284,1,Highly Engaged / High-Value Customers
C00589,7,579.9228571428572,4059.46,4,0,1.75,4.0,0,Occasional / Lower-Engagement Customers
C00590,11,542.2936363636363,5965.23,5,2,2.2,4.0,1,Highly Engaged / High-Value Customers
C00591,6,611.39,3668.34,3,0,1.5,3.6,0,Occasional / Lower-Engagement Customers
C00592,13,644.5315384615385,8378.91,6,0,2.1666666666666665,3.333333333333333,1,Highly Engaged / High-Value Customers
C00593,7,392.75999999999993,2749.32,3,1,1.4,2.571428571428572,0,Occasional / Lower-Engagement Customers
C00594,12,594.1275,7129.530000000001,6,2,2.4,3.375,1,Highly Engaged / High-Value Customers
C00595,6,713.9083333333333,4283.45,1,1,1.2,3.6,0,Occasional / Lower-Engagement Customers
C00596,10,667.801,6678.01,4,2,1.6666666666666667,3.2,1,Highly Engaged / High-Value Customers
C00597,7,490.0214285714286,3430.15,2,1,1.4,4.5,0,Occasional / Lower-Engagement Customers
C00598,8,464.86375,3718.91,4,4,2.0,3.6,0,Occasional / Lower-Engagement Customers
C00599,7,746.2457142857144,5223.72,4,1,1.4,3.571428571428572,0,Occasional / Lower-Engagement Customers
C00600,8,452.36375,3618.91,5,1,2.6666666666666665,4.75,0,Occasional / Lower-Engagement Customers
C00601,10,507.155,5071.55,3,0,2.5,2.6666666666666665,0,Occasional / Lower-Engagement Customers
C00602,14,614.1485714285715,8598.08,3,2,2.333333333333333,3.7,1,Highly Engaged / High-Value Customers
C00603,11,408.5290909090909,4493.82,2,4,2.2,3.6,1,Highly Engaged / High-Value Customers
C00604,8,771.1275,6169.02,4,2,1.6,4.166666666666667,0,Occasional / Lower-Engagement Customers
C00605,14,658.5292857142857,9219.41,4,2,2.8,4.0,1,Highly Engaged / High-Value Customers
C00606,13,723.7907692307692,9409.28,4,4,2.6,4.0,1,Highly Engaged / High-Value Customers
C00607,7,828.9942857142858,5802.96,2,3,1.4,2.6,0,Occasional / Lower-Engagement Customers
C00608,9,733.5366666666666,6601.83,4,1,1.8,3.2,0,Occasional / Lower-Engagement Customers
C00609,11,638.8736363636364,7027.610000000001,7,1,2.2,3.7,1,Highly Engaged / High-Value Customers
C00610,11,554.3872727272727,6098.26,4,1,2.2,3.8333333333333335,1,Highly Engaged / High-Value Customers
C00611,10,574.611,5746.11,3,4,2.0,4.444444444444445,1,Highly Engaged / High-Value Customers
C00612,12,710.7233333333334,8528.68,5,4,3.0,4.428571428571429,1,Highly Engaged / High-Value Customers
C00613,9,627.1044444444444,5643.94,2,1,1.8,4.0,0,Occasional / Lower-Engagement Customers
C00614,8,512.50375,4100.03,2,4,1.6,3.6666666666666665,0,Occasional / Lower-Engagement Customers
C00615,9,638.1955555555555,5743.76,2,3,1.8,3.0,0,Occasional / Lower-Engagement Customers
C00616,11,504.3109090909091,5547.42,2,2,1.8333333333333333,4.2,0,Occasional / Lower-Engagement Customers
C00617,9,474.6488888888889,4271.84,6,1,2.25,3.333333333333333,1,Highly Engaged / High-Value Customers
C00618,15,777.0699999999999,11656.05,4,6,2.5,3.2222222222222223,1,Highly Engaged / High-Value Customers
C00619,9,350.24333333333334,3152.19,6,2,2.25,3.4,0,Occasional / Lower-Engagement Customers
C00620,9,419.9655555555556,3779.69,3,2,2.25,4.25,0,Occasional / Lower-Engagement Customers
C00621,15,438.48066666666665,6577.21,4,2,2.5,3.6666666666666665,1,Highly Engaged / High-Value Customers
C00622,5,310.79,1553.9499999999998,2,0,1.6666666666666667,5.0,0,Occasional / Lower-Engagement Customers
C00623,8,578.14125,4625.13,0,3,2.0,4.666666666666667,0,Occasional / Lower-Engagement Customers
C00624,10,434.97,4349.7,4,4,2.5,3.857142857142857,1,Highly Engaged / High-Value Customers
C00625,6,886.5383333333333,5319.23,4,2,1.5,4.25,0,Occasional / Lower-Engagement Customers
C00626,5,455.6700000000001,2278.3500000000004,1,1,1.6666666666666667,4.0,0,Occasional / Lower-Engagement Customers
C00627,10,729.905,7299.05,4,2,2.5,4.2,1,Highly Engaged / High-Value Customers
C00628,8,605.1625,4841.3,7,1,1.6,3.25,0,Occasional / Lower-Engagement Customers
C00629,8,545.28,4362.24,0,1,2.6666666666666665,3.6666666666666665,0,Occasional / Lower-Engagement Customers
C00630,16,493.013125,7888.21,3,4,3.2,3.923076923076923,1,Highly Engaged / High-Value Customers
C00631,5,549.52,2747.6,0,1,1.25,4.25,0,Occasional / Lower-Engagement Customers
C00632,10,344.71,3447.1,3,4,2.5,3.375,1,Highly Engaged / High-Value Customers
C00633,4,350.845,1403.38,1,2,1.0,4.0,0,Occasional / Lower-Engagement Customers
C00634,10,768.984,7689.84,6,4,2.5,4.2,1,Highly Engaged / High-Value Customers
C00635,8,427.6825,3421.46,3,4,2.0,4.166666666666667,0,Occasional / Lower-Engagement Customers
C00636,5,782.304,3911.52,2,1,1.6666666666666667,4.0,0,Occasional / Lower-Engagement Customers
C00637,9,890.3233333333333,8012.91,2,0,2.25,3.75,1,Highly Engaged / High-Value Customers
C00638,10,789.889,7898.89,5,5,2.5,3.6666666666666665,1,Highly Engaged / High-Value Customers
C00639,12,545.055,6540.66,5,1,3.0,3.7142857142857135,1,Highly Engaged / High-Value Customers
C00640,8,634.98625,5079.89,5,1,2.0,3.6666666666666665,0,Occasional / Lower-Engagement Customers
C00641,10,460.13200000000006,4601.320000000001,4,3,2.0,4.25,1,Highly Engaged / High-Value Customers
C00642,10,729.418,7294.18,5,6,2.0,4.0,1,Highly Engaged / High-Value Customers
C00643,8,602.3075,4818.46,4,1,2.0,3.25,0,Occasional / Lower-Engagement Customers
C00644,11,597.7781818181818,6575.56,2,5,1.8333333333333333,4.4,1,Highly Engaged / High-Value Customers
C00645,7,405.1357142857143,2835.9500000000003,4,2,1.4,2.0,0,Occasional / Lower-Engagement Customers
C00646,14,471.4478571428571,6600.27,8,7,2.8,4.285714285714286,1,Highly Engaged / High-Value Customers
C00647,6,426.3866666666666,2558.32,1,2,1.5,3.0,0,Occasional / Lower-Engagement Customers
C00648,15,701.1606666666667,10517.41,5,4,3.0,3.7,1,Highly Engaged / High-Value Customers
C00649,8,629.35875,5034.87,4,2,1.6,4.666666666666667,0,Occasional / Lower-Engagement Customers
C00650,10,612.652,6126.52,2,1,2.5,4.166666666666667,1,Highly Engaged / High-Value Customers
C00651,13,509.4030769230769,6622.24,5,5,2.1666666666666665,4.2,1,Highly Engaged / High-Value Customers
C00652,7,490.6271428571428,3434.39,3,1,1.75,2.2,0,Occasional / Lower-Engagement Customers
C00653,6,346.1566666666667,2076.94,2,1,1.5,3.0,0,Occasional / Lower-Engagement Customers
C00654,12,537.9808333333334,6455.77,2,5,2.0,2.6666666666666665,1,Highly Engaged / High-Value Customers
C00655,13,601.3676923076923,7817.780000000001,3,2,2.1666666666666665,3.857142857142857,1,Highly Engaged / High-Value Customers
C00656,5,528.486,2642.43,2,1,1.25,1.5,0,Occasional / Lower-Engagement Customers
C00657,10,383.087,3830.87,4,3,2.0,2.75,0,Occasional / Lower-Engagement Customers
C00658,12,666.4966666666667,7997.96,2,2,2.4,3.75,1,Highly Engaged / High-Value Customers
C00659,12,605.4416666666667,7265.3,6,4,2.0,3.4444444444444446,1,Highly Engaged / High-Value Customers
C00660,8,461.02,3688.16,4,1,2.0,4.25,0,Occasional / Lower-Engagement Customers
C00661,9,650.781111111111,5857.03,2,3,1.8,4.0,0,Occasional / Lower-Engagement Customers
C00662,7,640.13,4480.91,3,3,1.4,4.0,0,Occasional / Lower-Engagement Customers
C00663,5,652.0899999999999,3260.45,1,1,1.25,3.75,0,Occasional / Lower-Engagement Customers
C00664,9,902.0588888888888,8118.53,4,1,1.8,3.625,1,Highly Engaged / High-Value Customers
C00665,9,535.3611111111111,4818.25,2,3,1.5,3.5,0,Occasional / Lower-Engagement Customers
C00666,12,510.7633333333333,6129.16,7,2,2.0,4.2,1,Highly Engaged / High-Value Customers
C00667,10,531.876,5318.76,2,1,2.5,3.8,0,Occasional / Lower-Engagement Customers
C00668,8,307.33125,2458.65,2,1,2.0,3.4,0,Occasional / Lower-Engagement Customers
C00669,10,501.126,5011.26,4,3,1.6666666666666667,3.4,0,Occasional / Lower-Engagement Customers
C00670,8,840.4612500000001,6723.6900000000005,3,3,1.6,3.6,0,Occasional / Lower-Engagement Customers
C00671,9,560.3955555555555,5043.56,4,1,1.8,2.7142857142857144,0,Occasional / Lower-Engagement Customers
C00672,12,516.565,6198.780000000001,6,2,2.4,3.571428571428572,1,Highly Engaged / High-Value Customers
C00673,7,381.87,2673.09,4,1,2.333333333333333,3.6,0,Occasional / Lower-Engagement Customers
C00674,5,1030.77,5153.85,2,1,2.5,3.333333333333333,0,Occasional / Lower-Engagement Customers
C00675,6,633.7383333333333,3802.43,2,0,1.5,3.75,0,Occasional / Lower-Engagement Customers
C00676,15,501.67466666666667,7525.12,5,5,3.0,3.909090909090909,1,Highly Engaged / High-Value Customers
C00677,14,492.04642857142863,6888.650000000001,5,2,2.333333333333333,3.6666666666666665,1,Highly Engaged / High-Value Customers
C00678,10,616.1659999999999,6161.66,3,2,2.0,4.8,1,Highly Engaged / High-Value Customers
C00679,10,488.18500000000006,4881.85,1,4,2.0,3.6,0,Occasional / Lower-Engagement Customers
C00680,3,677.5600000000001,2032.68,0,0,1.5,3.6666666666666665,0,Occasional / Lower-Engagement Customers
C00681,7,736.1914285714286,5153.34,4,2,2.333333333333333,4.2,0,Occasional / Lower-Engagement Customers
C00682,7,557.8242857142857,3904.77,2,2,1.4,4.666666666666667,0,Occasional / Lower-Engagement Customers
C00683,9,611.4822222222223,5503.34,2,3,1.5,4.0,0,Occasional / Lower-Engagement Customers
C00684,12,452.7525,5433.03,3,3,2.0,3.333333333333333,1,Highly Engaged / High-Value Customers
C00685,13,562.7384615384616,7315.6,7,3,2.6,4.090909090909091,1,Highly Engaged / High-Value Customers
C00686,11,540.8390909090908,5949.23,2,2,1.8333333333333333,3.571428571428572,0,Occasional / Lower-Engagement Customers
C00687,9,441.2611111111111,3971.35,3,2,1.5,4.166666666666667,0,Occasional / Lower-Engagement Customers
C00688,6,586.9899999999999,3521.94,3,1,1.5,4.333333333333333,0,Occasional / Lower-Engagement Customers
C00689,7,344.61857142857144,2412.33,4,2,1.4,4.5,0,Occasional / Lower-Engagement Customers
C00690,7,471.5028571428571,3300.52,1,2,1.4,3.25,0,Occasional / Lower-Engagement Customers
C00691,8,606.4925000000001,4851.9400000000005,5,1,1.6,4.75,0,Occasional / Lower-Engagement Customers
C00692,8,563.2212499999999,4505.77,3,2,1.6,4.0,0,Occasional / Lower-Engagement Customers
C00693,7,400.28428571428566,2801.99,1,1,1.4,3.5,0,Occasional / Lower-Engagement Customers
C00694,12,552.2008333333333,6626.41,5,4,2.0,3.9,1,Highly Engaged / High-Value Customers
C00695,9,558.0766666666667,5022.6900000000005,1,3,1.8,4.285714285714286,0,Occasional / Lower-Engagement Customers
C00696,5,452.2219999999999,2261.11,1,2,1.0,4.333333333333333,0,Occasional / Lower-Engagement Customers
C00697,6,540.9166666666666,3245.5,2,1,1.5,4.0,0,Occasional / Lower-Engagement Customers
C00698,8,664.01875,5312.15,5,5,1.6,3.4,1,Highly Engaged / High-Value Customers
C00699,7,590.8328571428572,4135.83,2,1,1.75,4.6,0,Occasional / Lower-Engagement Customers
C00700,10,549.297,5492.97,5,2,2.0,3.571428571428572,1,Highly Engaged / High-Value Customers
C00701,11,467.5636363636364,5143.2,7,3,1.8333333333333333,4.0,1,Highly Engaged / High-Value Customers
C00702,3,971.41,2914.23,1,0,1.0,5.0,0,Occasional / Lower-Engagement Customers
C00703,10,630.637,6306.37,6,3,1.6666666666666667,3.0,1,Highly Engaged / High-Value Customers
C00704,4,528.08,2112.32,1,1,2.0,3.25,0,Occasional / Lower-Engagement Customers
C00705,9,623.5633333333334,5612.070000000001,2,1,1.8,3.4,0,Occasional / Lower-Engagement Customers
C00706,13,407.5076923076923,5297.6,6,4,2.6,3.636363636363636,1,Highly Engaged / High-Value Customers
C00707,7,605.8571428571429,4241.0,2,1,1.4,2.5,0,Occasional / Lower-Engagement Customers
C00708,10,659.9010000000001,6599.01,4,1,2.0,4.5,1,Highly Engaged / High-Value Customers
C00709,3,444.5966666666666,1333.79,1,0,1.5,4.333333333333333,0,Occasional / Lower-Engagement Customers
C00710,12,447.67333333333335,5372.08,2,1,3.0,3.8333333333333335,1,Highly Engaged / High-Value Customers
C00711,12,612.6583333333333,7351.9,5,2,2.0,3.8333333333333335,1,Highly Engaged / High-Value Customers
C00712,9,752.0766666666667,6768.6900000000005,5,3,1.8,3.7142857142857135,1,Highly Engaged / High-Value Customers
C00713,10,663.1279999999999,6631.28,5,1,1.6666666666666667,3.4285714285714284,1,Highly Engaged / High-Value Customers
C00714,9,531.7988888888889,4786.19,2,0,1.8,3.571428571428572,0,Occasional / Lower-Engagement Customers
C00715,8,838.81125,6710.49,5,2,1.6,4.25,1,Highly Engaged / High-Value Customers
C00716,9,720.2188888888888,6481.969999999999,3,0,1.8,4.5,0,Occasional / Lower-Engagement Customers
C00717,10,948.927,9489.27,7,3,2.0,3.875,1,Highly Engaged / High-Value Customers
C00718,9,729.661111111111,6566.95,4,1,1.5,3.0,0,Occasional / Lower-Engagement Customers
C00719,8,624.3525,4994.82,5,0,1.6,3.0,0,Occasional / Lower-Engagement Customers
C00720,8,401.42625,3211.4100000000003,7,2,2.0,4.125,0,Occasional / Lower-Engagement Customers
C00721,4,902.705,3610.82,0,1,2.0,5.0,0,Occasional / Lower-Engagement Customers
C00722,8,496.33625,3970.69,2,0,2.6666666666666665,4.333333333333333,0,Occasional / Lower-Engagement Customers
C00723,6,691.3116666666666,4147.87,3,2,1.5,3.1666666666666665,0,Occasional / Lower-Engagement Customers
C00724,8,554.15375,4433.23,2,2,1.6,4.333333333333333,0,Occasional / Lower-Engagement Customers
C00725,18,587.0861111111112,10567.55,7,3,3.0,3.909090909090909,1,Highly Engaged / High-Value Customers
C00726,7,807.5514285714287,5652.860000000001,2,2,1.75,4.142857142857143,0,Occasional / Lower-Engagement Customers
C00727,7,492.7957142857143,3449.57,1,0,1.4,4.166666666666667,0,Occasional / Lower-Engagement Customers
C00728,5,691.234,3456.17,3,4,2.5,3.8,0,Occasional / Lower-Engagement Customers
C00729,9,535.0933333333334,4815.84,1,1,1.5,4.5,0,Occasional / Lower-Engagement Customers
C00730,8,562.135,4497.08,5,2,2.0,4.2,0,Occasional / Lower-Engagement Customers
C00731,11,620.2009090909091,6822.21,5,3,1.8333333333333333,3.4285714285714284,1,Highly Engaged / High-Value Customers
C00732,7,518.5414285714286,3629.79,2,2,1.4,3.8333333333333335,0,Occasional / Lower-Engagement Customers
C00733,16,525.769375,8412.31,8,3,3.2,3.75,1,Highly Engaged / High-Value Customers
C00734,13,578.7546153846154,7523.809999999999,6,1,2.1666666666666665,3.0,1,Highly Engaged / High-Value Customers
C00735,9,711.8588888888889,6406.7300000000005,3,1,1.8,4.0,0,Occasional / Lower-Engagement Customers
C00736,12,761.9333333333334,9143.2,5,2,2.4,3.571428571428572,1,Highly Engaged / High-Value Customers
C00737,15,586.5946666666666,8798.92,5,4,2.5,4.0,1,Highly Engaged / High-Value Customers
C00738,14,669.1007142857143,9367.41,3,3,2.8,4.0,1,Highly Engaged / High-Value Customers
C00739,8,415.8475,3326.78,4,5,1.6,4.0,0,Occasional / Lower-Engagement Customers
C00740,8,817.4475,6539.58,4,2,1.6,4.2,0,Occasional / Lower-Engagement Customers
C00741,11,466.3427272727273,5129.77,4,3,2.2,3.875,1,Highly Engaged / High-Value Customers
C00742,18,499.8894444444445,8998.01,8,4,3.0,3.8333333333333335,1,Highly Engaged / High-Value Customers
C00743,13,615.5392307692308,8002.01,6,2,2.1666666666666665,3.7777777777777777,1,Highly Engaged / High-Value Customers
C00744,14,431.2585714285714,6037.62,5,3,2.8,4.142857142857143,1,Highly Engaged / High-Value Customers
C00745,10,599.168,5991.68,4,1,2.5,4.125,1,Highly Engaged / High-Value Customers
C00746,6,479.785,2878.71,2,2,1.0,4.0,0,Occasional / Lower-Engagement Customers
C00747,11,485.1345454545454,5336.48,4,5,2.2,4.25,1,Highly Engaged / High-Value Customers
C00748,7,519.1414285714286,3633.99,2,1,1.75,3.8333333333333335,0,Occasional / Lower-Engagement Customers
C00749,9,558.0944444444444,5022.85,5,0,1.8,3.4285714285714284,0,Occasional / Lower-Engagement Customers
C00750,12,531.0266666666666,6372.32,4,2,2.0,3.75,1,Highly Engaged / High-Value Customers
C00751,5,573.894,2869.47,3,1,1.25,4.0,0,Occasional / Lower-Engagement Customers
C00752,11,465.4090909090909,5119.5,6,2,2.2,4.166666666666667,1,Highly Engaged / High-Value Customers
C00753,11,663.8354545454545,7302.19,3,0,2.2,3.6666666666666665,1,Highly Engaged / High-Value Customers
C00754,8,757.3275,6058.62,3,3,2.0,4.571428571428571,1,Highly Engaged / High-Value Customers
C00755,8,419.04875,3352.39,3,2,1.6,3.6666666666666665,0,Occasional / Lower-Engagement Customers
C00756,12,628.5158333333334,7542.19,5,3,2.0,4.2,1,Highly Engaged / High-Value Customers
C00757,7,940.1871428571428,6581.31,5,0,1.75,3.333333333333333,0,Occasional / Lower-Engagement Customers
C00758,8,699.00875,5592.07,4,2,2.0,4.0,0,Occasional / Lower-Engagement Customers
C00759,6,450.0016666666667,2700.01,2,2,1.2,3.8,0,Occasional / Lower-Engagement Customers
C00760,10,517.2819999999999,5172.82,5,3,1.6666666666666667,4.0,1,Highly Engaged / High-Value Customers
C00761,12,496.3391666666666,5956.07,6,2,3.0,4.0,1,Highly Engaged / High-Value Customers
C00762,15,823.2926666666666,12349.39,10,1,2.5,3.111111111111111,1,Highly Engaged / High-Value Customers
C00763,8,852.06,6816.48,2,4,1.6,4.166666666666667,0,Occasional / Lower-Engagement Customers
C00764,9,532.1733333333334,4789.56,2,3,1.8,3.333333333333333,0,Occasional / Lower-Engagement Customers
C00765,9,671.5077777777777,6043.57,2,3,2.25,3.857142857142857,1,Highly Engaged / High-Value Customers
C00766,11,455.4036363636364,5009.4400000000005,5,4,1.8333333333333333,3.333333333333333,1,Highly Engaged / High-Value Customers
C00767,10,480.685,4806.849999999999,2,2,1.6666666666666667,3.8333333333333335,0,Occasional / Lower-Engagement Customers
C00768,6,867.2049999999999,5203.23,0,1,1.2,4.333333333333333,0,Occasional / Lower-Engagement Customers
C00769,14,492.7192857142857,6898.07,5,2,2.8,4.333333333333333,1,Highly Engaged / High-Value Customers
C00770,8,441.73875,3533.91,3,2,1.6,4.333333333333333,0,Occasional / Lower-Engagement Customers
C00771,9,424.7711111111111,3822.94,2,2,1.8,3.8333333333333335,0,Occasional / Lower-Engagement Customers
C00772,12,591.9891666666666,7103.87,6,2,2.0,4.0,1,Highly Engaged / High-Value Customers
C00773,8,613.73375,4909.87,2,0,2.0,4.8,0,Occasional / Lower-Engagement Customers
C00774,6,468.0516666666667,2808.31,3,1,1.5,3.75,0,Occasional / Lower-Engagement Customers
C00775,11,412.5154545454545,4537.67,5,3,1.8333333333333333,4.142857142857143,1,Highly Engaged / High-Value Customers
C00776,10,663.346,6633.46,6,1,2.0,4.285714285714286,1,Highly Engaged / High-Value Customers
C00777,8,582.3312500000001,4658.650000000001,3,3,1.6,4.4,0,Occasional / Lower-Engagement Customers
C00778,7,666.6128571428571,4666.29,2,2,1.75,3.8,0,Occasional / Lower-Engagement Customers
C00779,11,646.0127272727273,7106.14,4,2,2.2,2.75,1,Highly Engaged / High-Value Customers
C00780,5,444.668,2223.34,2,1,1.25,0.0,0,Occasional / Lower-Engagement Customers
C00781,5,1269.856,6349.28,1,2,1.25,5.0,0,Occasional / Lower-Engagement Customers
C00782,9,538.5655555555555,4847.09,4,2,1.8,3.6666666666666665,0,Occasional / Lower-Engagement Customers
C00783,15,722.0020000000001,10830.03,9,1,3.0,3.375,1,Highly Engaged / High-Value Customers
C00784,8,510.4425,4083.54,5,2,1.3333333333333333,3.2857142857142856,0,Occasional / Lower-Engagement Customers
C00785,5,421.936,2109.6800000000003,1,2,1.6666666666666667,4.5,0,Occasional / Lower-Engagement Customers
C00786,15,799.388,11990.82,6,2,2.5,3.4545454545454546,1,Highly Engaged / High-Value Customers
C00787,10,505.629,5056.29,4,6,1.6666666666666667,3.875,1,Highly Engaged / High-Value Customers
C00788,8,511.65,4093.2,1,1,1.6,3.6,0,Occasional / Lower-Engagement Customers
C00789,8,522.03625,4176.29,1,3,1.6,3.6,0,Occasional / Lower-Engagement Customers
C00790,14,564.6685714285715,7905.36,2,2,2.333333333333333,3.727272727272727,1,Highly Engaged / High-Value Customers
C00791,10,436.591,4365.91,3,2,2.0,3.5,0,Occasional / Lower-Engagement Customers
C00792,10,519.784,5197.84,2,0,1.6666666666666667,3.0,0,Occasional / Lower-Engagement Customers
C00793,10,631.697,6316.97,4,2,2.5,4.5,1,Highly Engaged / High-Value Customers
C00794,9,873.178888888889,7858.610000000001,3,0,2.25,4.333333333333333,1,Highly Engaged / High-Value Customers
C00795,10,458.501,4585.01,4,2,2.0,3.5,0,Occasional / Lower-Engagement Customers
C00796,11,622.8345454545455,6851.18,5,2,2.2,4.166666666666667,1,Highly Engaged / High-Value Customers
C00797,5,656.274,3281.37,1,0,1.6666666666666667,4.0,0,Occasional / Lower-Engagement Customers
C00798,16,521.361875,8341.79,6,7,2.6666666666666665,3.625,1,Highly Engaged / High-Value Customers
C00799,5,799.4359999999999,3997.18,2,1,1.25,4.75,0,Occasional / Lower-Engagement Customers
C00800,3,532.0600000000001,1596.18,1,1,1.0,3.333333333333333,0,Occasional / Lower-Engagement Customers
C00801,10,478.745,4787.45,5,3,2.0,3.6666666666666665,1,Highly Engaged / High-Value Customers
C00802,5,302.74,1513.7,2,1,1.6666666666666667,3.25,0,Occasional / Lower-Engagement Customers
C00803,11,650.5445454545454,7155.99,6,5,2.2,3.6666666666666665,1,Highly Engaged / High-Value Customers
C00804,15,492.178,7382.67,10,3,2.5,3.625,1,Highly Engaged / High-Value Customers
C00805,11,516.3199999999999,5679.52,3,2,2.2,4.714285714285714,1,Highly Engaged / High-Value Customers
C00806,12,495.74916666666667,5948.99,3,3,2.0,3.6666666666666665,1,Highly Engaged / High-Value Customers
C00807,8,686.49,5491.92,4,2,1.6,4.5,0,Occasional / Lower-Engagement Customers
C00808,9,744.3088888888889,6698.78,6,1,1.5,4.0,1,Highly Engaged / High-Value Customers
C00809,10,553.381,5533.81,6,1,1.6666666666666667,3.75,1,Highly Engaged / High-Value Customers
C00810,7,517.8671428571428,3625.07,2,5,1.75,3.4,0,Occasional / Lower-Engagement Customers
C00811,14,534.7671428571429,7486.74,7,3,2.8,3.888888888888889,1,Highly Engaged / High-Value Customers
C00812,12,773.1983333333333,9278.38,7,3,2.0,4.222222222222222,1,Highly Engaged / High-Value Customers
C00813,10,472.609,4726.09,5,3,2.5,3.25,1,Highly Engaged / High-Value Customers
C00814,10,730.731,7307.309999999999,4,0,2.0,4.4,1,Highly Engaged / High-Value Customers
C00815,11,668.1472727272727,7349.62,2,4,1.8333333333333333,4.375,1,Highly Engaged / High-Value Customers
C00816,14,658.4799999999999,9218.72,6,2,2.333333333333333,3.571428571428572,1,Highly Engaged / High-Value Customers
C00817,6,534.695,3208.17,3,2,1.5,3.0,0,Occasional / Lower-Engagement Customers
C00818,8,711.7675,5694.14,3,2,1.6,4.8,0,Occasional / Lower-Engagement Customers
C00819,8,652.57125,5220.57,0,1,2.6666666666666665,3.857142857142857,0,Occasional / Lower-Engagement Customers
C00820,11,507.1336363636364,5578.47,2,3,2.2,4.0,1,Highly Engaged / High-Value Customers
C00821,8,442.69625,3541.57,6,1,1.6,4.25,0,Occasional / Lower-Engagement Customers
C00822,8,501.27875,4010.23,2,2,1.6,4.0,0,Occasional / Lower-Engagement Customers
C00823,10,397.478,3974.78,4,2,3.333333333333333,4.0,1,Highly Engaged / High-Value Customers
C00824,8,504.34625,4034.77,2,3,2.0,4.5,0,Occasional / Lower-Engagement Customers
C00825,13,504.1361538461539,6553.77,6,3,2.6,2.875,1,Highly Engaged / High-Value Customers
C00826,9,714.0666666666667,6426.6,2,1,1.5,3.7142857142857135,0,Occasional / Lower-Engagement Customers
C00827,6,675.55,4053.3,4,2,2.0,4.5,0,Occasional / Lower-Engagement Customers
C00828,11,510.8745454545455,5619.62,4,1,2.2,4.2,1,Highly Engaged / High-Value Customers
C00829,10,473.809,4738.09,5,3,3.333333333333333,3.2857142857142856,1,Highly Engaged / High-Value Customers
C00830,9,456.9244444444444,4112.32,3,1,1.8,4.0,0,Occasional / Lower-Engagement Customers
C00831,5,506.232,2531.16,1,2,1.6666666666666667,3.0,0,Occasional / Lower-Engagement Customers
C00832,3,658.2600000000001,1974.78,1,1,1.0,3.6666666666666665,0,Occasional / Lower-Engagement Customers
C00833,5,553.092,2765.46,2,3,1.25,3.8,0,Occasional / Lower-Engagement Customers
C00834,8,565.08875,4520.71,2,2,1.6,4.666666666666667,0,Occasional / Lower-Engagement Customers
C00835,8,791.16,6329.28,4,3,1.6,3.6,1,Highly Engaged / High-Value Customers
C00836,4,813.3325,3253.33,2,1,1.3333333333333333,4.666666666666667,0,Occasional / Lower-Engagement Customers
C00837,6,740.005,4440.03,1,1,1.5,3.6,0,Occasional / Lower-Engagement Customers
C00838,8,869.85,6958.8,2,2,2.0,3.8,0,Occasional / Lower-Engagement Customers
C00839,9,422.2888888888889,3800.6,4,3,1.8,3.5,0,Occasional / Lower-Engagement Customers
C00840,6,565.105,3390.63,1,3,1.5,3.75,0,Occasional / Lower-Engagement Customers
C00841,6,489.6583333333333,2937.95,3,1,2.0,4.666666666666667,0,Occasional / Lower-Engagement Customers
C00842,10,582.307,5823.07,5,3,2.0,3.0,1,Highly Engaged / High-Value Customers
C00843,2,350.195,700.39,0,0,1.0,4.5,0,Occasional / Lower-Engagement Customers
C00844,7,469.57142857142856,3287.0,1,0,1.75,4.0,0,Occasional / Lower-Engagement Customers
C00845,10,523.009,5230.09,2,2,2.0,3.0,0,Occasional / Lower-Engagement Customers
C00846,7,729.6485714285715,5107.54,2,3,1.75,4.333333333333333,0,Occasional / Lower-Engagement Customers
C00847,8,646.8025,5174.42,3,2,1.6,3.8333333333333335,0,Occasional / Lower-Engagement Customers
C00848,8,724.4275,5795.42,3,2,1.3333333333333333,3.1666666666666665,0,Occasional / Lower-Engagement Customers
C00849,14,321.33,4498.62,4,0,2.8,4.0,1,Highly Engaged / High-Value Customers
C00850,5,515.3059999999999,2576.53,2,1,1.6666666666666667,3.5,0,Occasional / Lower-Engagement Customers
C00851,9,649.1366666666667,5842.23,3,3,1.8,3.875,0,Occasional / Lower-Engagement Customers
C00852,12,524.6008333333333,6295.21,5,4,2.0,3.5,1,Highly Engaged / High-Value Customers
C00853,9,435.3522222222222,3918.17,3,3,1.5,3.1666666666666665,0,Occasional / Lower-Engagement Customers
C00854,8,354.2,2833.6,2,5,1.6,3.4,0,Occasional / Lower-Engagement Customers
C00855,13,515.1538461538462,6697.0,7,2,2.1666666666666665,4.0,1,Highly Engaged / High-Value Customers
C00856,5,646.5519999999999,3232.76,1,1,1.25,4.5,0,Occasional / Lower-Engagement Customers
C00857,7,531.6285714285715,3721.4,4,2,1.75,3.5,0,Occasional / Lower-Engagement Customers
C00858,12,560.5600000000001,6726.72,3,3,2.4,3.6666666666666665,1,Highly Engaged / High-Value Customers
C00859,6,483.1816666666667,2899.09,3,3,1.5,4.0,0,Occasional / Lower-Engagement Customers
C00860,8,339.7575,2718.06,7,0,1.6,4.0,0,Occasional / Lower-Engagement Customers
C00861,13,811.3946153846153,10548.13,2,6,2.1666666666666665,3.7777777777777777,1,Highly Engaged / High-Value Customers
C00862,6,443.96,2663.76,1,2,1.5,3.0,0,Occasional / Lower-Engagement Customers
C00863,8,516.6425,4133.14,6,1,1.6,4.4,0,Occasional / Lower-Engagement Customers
C00864,7,421.3828571428571,2949.68,3,0,1.75,4.0,0,Occasional / Lower-Engagement Customers
C00865,10,495.977,4959.77,2,0,2.0,3.7142857142857135,0,Occasional / Lower-Engagement Customers
C00866,4,350.48749999999995,1401.9499999999998,2,1,1.3333333333333333,3.0,0,Occasional / Lower-Engagement Customers
C00867,9,505.3622222222223,4548.26,3,2,1.8,3.5,0,Occasional / Lower-Engagement Customers
C00868,12,572.6158333333334,6871.39,3,4,3.0,4.25,1,Highly Engaged / High-Value Customers
C00869,4,635.82,2543.28,1,1,1.0,4.5,0,Occasional / Lower-Engagement Customers
C00870,8,744.27875,5954.23,3,0,2.0,4.0,0,Occasional / Lower-Engagement Customers
C00871,6,571.8883333333333,3431.33,1,2,1.5,3.0,0,Occasional / Lower-Engagement Customers
C00872,8,759.8725,6078.98,2,2,1.6,4.8,0,Occasional / Lower-Engagement Customers
C00873,9,666.8866666666667,6001.98,4,0,1.8,3.2,0,Occasional / Lower-Engagement Customers
C00874,9,752.5966666666667,6773.37,2,4,2.25,4.0,1,Highly Engaged / High-Value Customers
C00875,15,557.1706666666666,8357.56,6,1,2.5,3.571428571428572,1,Highly Engaged / High-Value Customers
C00876,10,778.609,7786.09,3,4,3.333333333333333,4.285714285714286,1,Highly Engaged / High-Value Customers
C00877,7,478.43285714285713,3349.03,4,3,1.75,3.7142857142857135,0,Occasional / Lower-Engagement Customers
C00878,13,576.81,7498.53,2,5,2.6,3.909090909090909,1,Highly Engaged / High-Value Customers
C00879,13,617.0076923076923,8021.1,4,2,2.1666666666666665,3.857142857142857,1,Highly Engaged / High-Value Customers
C00880,5,744.258,3721.29,1,2,1.6666666666666667,4.0,0,Occasional / Lower-Engagement Customers
C00881,12,560.045,6720.54,3,3,2.4,3.8,1,Highly Engaged / High-Value Customers
C00882,8,761.0275,6088.22,3,2,2.0,3.6666666666666665,0,Occasional / Lower-Engagement Customers
C00883,11,618.0081818181818,6798.09,9,1,2.2,4.444444444444445,1,Highly Engaged / High-Value Customers
C00884,11,584.9436363636364,6434.38,4,3,2.75,3.875,1,Highly Engaged / High-Value Customers
C00885,3,573.9499999999999,1721.85,2,1,1.5,4.0,0,Occasional / Lower-Engagement Customers
C00886,13,687.4346153846153,8936.65,1,4,2.1666666666666665,3.75,1,Highly Engaged / High-Value Customers
C00887,8,563.74625,4509.97,5,1,2.0,4.0,0,Occasional / Lower-Engagement Customers
C00888,7,575.3185714285713,4027.23,2,3,1.75,3.8,0,Occasional / Lower-Engagement Customers
C00889,9,517.2033333333334,4654.83,4,1,1.5,3.8333333333333335,0,Occasional / Lower-Engagement Customers
C00890,11,753.2681818181819,8285.95,3,3,2.2,3.5,1,Highly Engaged / High-Value Customers
C00891,7,571.5257142857142,4000.68,2,2,1.4,4.25,0,Occasional / Lower-Engagement Customers
C00892,9,476.09777777777776,4284.88,2,3,1.8,3.375,0,Occasional / Lower-Engagement Customers
C00893,10,471.857,4718.57,2,2,2.0,3.7777777777777777,0,Occasional / Lower-Engagement Customers
C00894,5,413.72,2068.6,3,0,1.6666666666666667,4.666666666666667,0,Occasional / Lower-Engagement Customers
C00895,10,553.113,5531.13,6,3,1.6666666666666667,3.4444444444444446,1,Highly Engaged / High-Value Customers
C00896,11,472.3954545454546,5196.35,2,3,2.2,3.5,1,Highly Engaged / High-Value Customers
C00897,8,585.2825,4682.26,2,2,1.6,3.6666666666666665,0,Occasional / Lower-Engagement Customers
C00898,11,455.11727272727273,5006.29,5,5,2.2,4.0,1,Highly Engaged / High-Value Customers
C00899,10,435.467,4354.67,6,2,2.0,4.714285714285714,1,Highly Engaged / High-Value Customers
C00900,7,606.7028571428572,4246.92,3,0,1.75,2.6666666666666665,0,Occasional / Lower-Engagement Customers
C00901,11,818.2490909090909,9000.74,2,3,1.8333333333333333,4.166666666666667,1,Highly Engaged / High-Value Customers
C00902,9,454.8633333333333,4093.77,2,1,1.5,3.5,0,Occasional / Lower-Engagement Customers
C00903,6,705.0183333333333,4230.11,3,2,1.5,4.4,0,Occasional / Lower-Engagement Customers
C00904,8,670.0875,5360.7,5,2,1.6,3.75,0,Occasional / Lower-Engagement Customers
C00905,13,536.17,6970.21,3,3,2.6,4.166666666666667,1,Highly Engaged / High-Value Customers
C00906,10,480.265,4802.65,3,1,2.0,3.6,0,Occasional / Lower-Engagement Customers
C00907,8,833.61375,6668.91,5,1,1.6,4.5,0,Occasional / Lower-Engagement Customers
C00908,16,554.8725,8877.96,2,2,2.6666666666666665,3.9,1,Highly Engaged / High-Value Customers
C00909,7,416.26142857142855,2913.83,2,0,1.1666666666666667,4.0,0,Occasional / Lower-Engagement Customers
C00910,6,487.125,2922.75,2,2,1.5,4.0,0,Occasional / Lower-Engagement Customers
C00911,9,638.7522222222221,5748.77,5,2,2.25,3.0,1,Highly Engaged / High-Value Customers
C00912,7,543.2714285714286,3802.9,2,2,1.75,2.8,0,Occasional / Lower-Engagement Customers
C00913,6,522.9616666666667,3137.77,2,0,1.2,3.25,0,Occasional / Lower-Engagement Customers
C00914,9,635.8711111111111,5722.84,4,4,1.8,4.125,1,Highly Engaged / High-Value Customers
C00915,5,397.41,1987.05,2,1,1.6666666666666667,4.0,0,Occasional / Lower-Engagement Customers
C00916,13,474.3315384615384,6166.31,4,2,2.6,3.9,1,Highly Engaged / High-Value Customers
C00917,15,659.0513333333333,9885.77,7,6,2.5,3.875,1,Highly Engaged / High-Value Customers
C00918,9,470.8155555555556,4237.34,3,3,1.8,4.2,0,Occasional / Lower-Engagement Customers
C00919,14,487.0842857142857,6819.18,7,2,2.333333333333333,3.8333333333333335,1,Highly Engaged / High-Value Customers
C00920,8,503.695,4029.56,1,2,2.0,4.0,0,Occasional / Lower-Engagement Customers
C00921,6,568.4716666666667,3410.83,2,2,1.5,3.75,0,Occasional / Lower-Engagement Customers
C00922,9,839.83,7558.47,4,1,2.25,3.0,1,Highly Engaged / High-Value Customers
C00923,11,434.4790909090909,4779.27,3,3,1.8333333333333333,3.857142857142857,0,Occasional / Lower-Engagement Customers
C00924,8,310.6875,2485.5,2,0,1.6,3.8,0,Occasional / Lower-Engagement Customers
C00925,5,417.972,2089.86,3,0,1.25,3.75,0,Occasional / Lower-Engagement Customers
C00926,2,228.005,456.01,2,1,1.0,5.0,0,Occasional / Lower-Engagement Customers
C00927,6,787.035,4722.21,3,1,2.0,4.5,0,Occasional / Lower-Engagement Customers
C00928,13,396.7138461538462,5157.280000000001,3,1,2.1666666666666665,4.125,1,Highly Engaged / High-Value Customers
C00929,3,410.81666666666666,1232.45,2,1,1.5,3.333333333333333,0,Occasional / Lower-Engagement Customers
C00930,8,588.81125,4710.49,2,3,1.6,3.8,0,Occasional / Lower-Engagement Customers
C00931,12,470.85,5650.2,4,1,2.0,4.2,1,Highly Engaged / High-Value Customers
C00932,13,872.9169230769231,11347.92,5,3,2.6,3.7777777777777777,1,Highly Engaged / High-Value Customers
C00933,7,365.4042857142857,2557.83,3,2,1.75,3.8333333333333335,0,Occasional / Lower-Engagement Customers
C00934,11,429.4963636363637,4724.46,3,3,2.2,3.142857142857143,1,Highly Engaged / High-Value Customers
C00935,3,251.49666666666667,754.49,1,2,1.0,3.0,0,Occasional / Lower-Engagement Customers
C00936,15,620.4313333333333,9306.47,7,5,2.5,3.8,1,Highly Engaged / High-Value Customers
C00937,6,610.2483333333333,3661.49,4,3,2.0,3.0,0,Occasional / Lower-Engagement Customers
C00938,10,672.467,6724.67,2,3,2.5,4.0,1,Highly Engaged / High-Value Customers
C00939,9,428.6711111111111,3858.04,5,4,1.5,3.857142857142857,0,Occasional / Lower-Engagement Customers
C00940,12,554.9666666666667,6659.6,3,3,2.4,3.727272727272727,1,Highly Engaged / High-Value Customers
C00941,13,565.3515384615384,7349.57,6,6,3.25,3.888888888888889,1,Highly Engaged / High-Value Customers
C00942,9,340.3288888888889,3062.96,4,4,2.25,3.4285714285714284,0,Occasional / Lower-Engagement Customers
C00943,10,497.699,4976.99,1,2,1.6666666666666667,4.0,0,Occasional / Lower-Engagement Customers
C00944,7,595.1442857142857,4166.01,1,1,1.75,3.8,0,Occasional / Lower-Engagement Customers
C00945,10,491.581,4915.81,3,3,2.0,3.333333333333333,0,Occasional / Lower-Engagement Customers
C00946,7,523.0685714285714,3661.48,2,3,1.4,4.0,0,Occasional / Lower-Engagement Customers
C00947,5,595.9939999999999,2979.97,2,1,1.6666666666666667,2.6666666666666665,0,Occasional / Lower-Engagement Customers
C00948,8,618.8725,4950.98,2,1,2.6666666666666665,4.5,0,Occasional / Lower-Engagement Customers
C00949,3,873.3766666666667,2620.13,1,0,1.5,4.0,0,Occasional / Lower-Engagement Customers
C00950,3,528.56,1585.6799999999998,1,0,1.5,4.0,0,Occasional / Lower-Engagement Customers
C00951,8,304.93875,2439.51,1,2,1.3333333333333333,4.166666666666667,0,Occasional / Lower-Engagement Customers
C00952,8,592.195,4737.56,3,1,1.6,3.5,0,Occasional / Lower-Engagement Customers
C00953,8,401.685,3213.48,4,3,1.6,4.333333333333333,0,Occasional / Lower-Engagement Customers
C00954,7,771.0414285714286,5397.29,3,1,1.75,4.0,0,Occasional / Lower-Engagement Customers
C00955,9,464.2322222222222,4178.09,1,3,1.8,4.5,0,Occasional / Lower-Engagement Customers
C00956,7,507.1528571428572,3550.07,2,0,1.4,4.0,0,Occasional / Lower-Engagement Customers
C00957,9,690.6055555555555,6215.45,2,5,1.8,3.2,1,Highly Engaged / High-Value Customers
C00958,8,613.3875,4907.1,3,2,1.6,4.6,0,Occasional / Lower-Engagement Customers
C00959,9,478.98333333333335,4310.85,4,2,1.8,3.333333333333333,0,Occasional / Lower-Engagement Customers
C00960,13,699.0400000000001,9087.52,6,5,2.1666666666666665,4.0,1,Highly Engaged / High-Value Customers
C00961,10,527.7610000000001,5277.610000000001,4,4,2.0,3.2,1,Highly Engaged / High-Value Customers
C00962,9,661.4444444444445,5953.0,5,2,1.5,4.4,0,Occasional / Lower-Engagement Customers
C00963,8,710.8575,5686.86,5,2,2.0,3.25,1,Highly Engaged / High-Value Customers
C00964,7,514.3728571428571,3600.61,2,2,1.75,4.5,0,Occasional / Lower-Engagement Customers
C00965,11,390.9636363636364,4300.6,4,3,1.8333333333333333,4.0,0,Occasional / Lower-Engagement Customers
C00966,5,294.804,1474.02,0,2,1.6666666666666667,4.0,0,Occasional / Lower-Engagement Customers
C00967,7,619.78,4338.46,3,4,1.4,4.2,0,Occasional / Lower-Engagement Customers
C00968,5,714.342,3571.71,3,1,1.25,4.0,0,Occasional / Lower-Engagement Customers
C00969,13,525.5976923076922,6832.77,6,4,2.6,4.1,1,Highly Engaged / High-Value Customers
C00970,12,739.5825,8874.99,9,1,2.4,3.2857142857142856,1,Highly Engaged / High-Value Customers
C00971,8,328.985,2631.88,6,2,1.6,3.125,0,Occasional / Lower-Engagement Customers
C00972,9,802.7511111111112,7224.76,4,0,1.8,4.285714285714286,0,Occasional / Lower-Engagement Customers
C00973,9,803.1455555555555,7228.309999999999,4,0,1.8,3.875,0,Occasional / Lower-Engagement Customers
C00974,6,246.3883333333333,1478.33,2,1,1.2,3.5,0,Occasional / Lower-Engagement Customers
C00975,13,446.16769230769233,5800.18,6,1,2.1666666666666665,3.555555555555556,1,Highly Engaged / High-Value Customers
C00976,6,603.6183333333333,3621.71,1,2,1.2,2.6666666666666665,0,Occasional / Lower-Engagement Customers
C00977,14,802.9200000000001,11240.88,2,1,2.333333333333333,4.125,1,Highly Engaged / High-Value Customers
C00978,11,715.5327272727272,7870.86,4,4,1.8333333333333333,4.6,1,Highly Engaged / High-Value Customers
C00979,11,571.0927272727272,6282.02,2,3,1.8333333333333333,4.75,1,Highly Engaged / High-Value Customers
C00980,10,444.9980000000001,4449.9800000000005,5,4,1.6666666666666667,2.857142857142857,1,Highly Engaged / High-Value Customers
C00981,8,616.75875,4934.07,5,3,1.6,4.6,0,Occasional / Lower-Engagement Customers
C00982,8,502.37,4018.96,1,2,2.0,4.0,0,Occasional / Lower-Engagement Customers
C00983,9,545.7433333333333,4911.69,3,2,2.25,4.0,0,Occasional / Lower-Engagement Customers
C00984,12,697.5524999999999,8370.63,2,4,2.0,3.625,1,Highly Engaged / High-Value Customers
C00985,11,588.8263636363637,6477.09,3,7,1.8333333333333333,4.111111111111111,1,Highly Engaged / High-Value Customers
C00986,8,541.775,4334.2,2,1,1.6,4.0,0,Occasional / Lower-Engagement Customers
C00987,10,789.0319999999999,7890.32,2,2,2.5,3.8,1,Highly Engaged / High-Value Customers
C00988,12,598.0883333333333,7177.06,0,1,2.0,3.4285714285714284,0,Occasional / Lower-Engagement Customers
C00989,11,554.1827272727273,6096.01,5,4,2.2,4.4,1,Highly Engaged / High-Value Customers
C00990,12,355.2083333333333,4262.5,5,6,3.0,4.25,1,Highly Engaged / High-Value Customers
C00991,6,542.2266666666667,3253.36,2,1,1.5,3.25,0,Occasional / Lower-Engagement Customers
C00992,8,707.2887499999999,5658.31,2,1,1.6,3.4,0,Occasional / Lower-Engagement Customers
C00993,7,535.36,3747.52,1,2,1.75,4.6,0,Occasional / Lower-Engagement Customers
C00994,9,481.74,4335.66,6,0,1.8,4.6,0,Occasional / Lower-Engagement Customers
C00995,8,495.59,3964.72,4,1,1.6,3.6666666666666665,0,Occasional / Lower-Engagement Customers
C00996,10,557.926,5579.26,3,4,2.0,4.0,1,Highly Engaged / High-Value Customers
C00997,7,539.6214285714285,3777.35,4,3,2.333333333333333,2.25,0,Occasional / Lower-Engagement Customers
C00998,7,557.4428571428572,3902.1,1,2,1.75,3.75,0,Occasional / Lower-Engagement Customers
C00999,6,619.895,3719.37,2,0,1.5,4.0,0,Occasional / Lower-Engagement Customers
C01000,5,815.5179999999999,4077.59,3,1,1.6666666666666667,5.0,0,Occasional / Lower-Engagement Customers
C01001,5,716.2320000000001,3581.1600000000003,2,2,1.6666666666666667,4.5,0,Occasional / Lower-Engagement Customers
C01002,10,742.771,7427.71,4,3,3.333333333333333,3.75,1,Highly Engaged / High-Value Customers
C01003,9,733.9711111111111,6605.74,3,2,1.8,4.285714285714286,0,Occasional / Lower-Engagement Customers
C01004,3,277.08666666666664,831.26,2,2,1.0,5.0,0,Occasional / Lower-Engagement Customers
C01005,10,529.979,5299.79,5,4,1.6666666666666667,3.857142857142857,1,Highly Engaged / High-Value Customers
C01006,7,532.8485714285714,3729.94,3,3,1.75,4.0,0,Occasional / Lower-Engagement Customers
C01007,11,642.0281818181818,7062.31,3,4,1.8333333333333333,3.5,1,Highly Engaged / High-Value Customers
C01008,11,603.3181818181819,6636.5,6,2,2.2,4.0,1,Highly Engaged / High-Value Customers
C01009,6,558.93,3353.58,2,2,1.5,4.2,0,Occasional / Lower-Engagement Customers
C01010,12,589.9475,7079.37,4,2,2.4,3.625,1,Highly Engaged / High-Value Customers
C01011,7,754.0385714285715,5278.27,1,3,1.4,3.1666666666666665,0,Occasional / Lower-Engagement Customers
C01012,10,384.1,3841.0,4,0,1.6666666666666667,3.9,0,Occasional / Lower-Engagement Customers
C01013,10,353.91099999999994,3539.11,3,4,2.5,3.6,1,Highly Engaged / High-Value Customers
C01014,9,327.9211111111111,2951.29,5,2,1.8,4.0,0,Occasional / Lower-Engagement Customers
C01015,7,599.7914285714286,4198.54,4,3,1.4,3.0,0,Occasional / Lower-Engagement Customers
C01016,7,541.9771428571429,3793.84,3,0,1.75,4.333333333333333,0,Occasional / Lower-Engagement Customers
C01017,8,849.2925,6794.34,3,3,2.0,3.6,1,Highly Engaged / High-Value Customers
C01018,4,486.7125,1946.85,3,0,1.0,2.5,0,Occasional / Lower-Engagement Customers
C01019,7,375.0228571428571,2625.16,3,0,1.75,4.0,0,Occasional / Lower-Engagement Customers
C01020,8,398.94125,3191.53,2,2,2.0,4.5,0,Occasional / Lower-Engagement Customers
C01021,15,474.1286666666667,7111.93,5,2,2.5,4.166666666666667,1,Highly Engaged / High-Value Customers
C01022,7,517.2,3620.4,1,0,1.4,3.8,0,Occasional / Lower-Engagement Customers
C01023,6,506.055,3036.33,2,1,1.2,4.2,0,Occasional / Lower-Engagement Customers
C01024,20,600.9145000000001,12018.29,8,7,3.333333333333333,3.642857142857143,1,Highly Engaged / High-Value Customers
C01025,11,568.2709090909092,6250.9800000000005,7,5,2.2,3.857142857142857,1,Highly Engaged / High-Value Customers
C01026,11,757.1354545454545,8328.49,6,3,1.8333333333333333,3.875,1,Highly Engaged / High-Value Customers
C01027,13,602.26,7829.38,3,3,2.6,3.7,1,Highly Engaged / High-Value Customers
C01028,6,511.0366666666667,3066.2200000000003,2,2,1.5,3.6,0,Occasional / Lower-Engagement Customers
C01029,14,582.3128571428572,8152.38,6,2,2.333333333333333,3.875,1,Highly Engaged / High-Value Customers
C01030,10,594.867,5948.67,2,0,1.6666666666666667,3.6666666666666665,0,Occasional / Lower-Engagement Customers
C01031,10,612.546,6125.46,5,2,2.0,4.25,1,Highly Engaged / High-Value Customers
C01032,6,436.0966666666666,2616.58,1,1,1.5,4.5,0,Occasional / Lower-Engagement Customers
C01033,10,480.881,4808.81,4,5,2.0,3.8,1,Highly Engaged / High-Value Customers
C01034,11,405.13090909090914,4456.4400000000005,4,5,2.2,3.875,1,Highly Engaged / High-Value Customers
C01035,4,684.0475,2736.19,1,1,1.0,3.6666666666666665,0,Occasional / Lower-Engagement Customers
C01036,6,728.7266666666666,4372.36,2,1,1.2,4.0,0,Occasional / Lower-Engagement Customers
C01037,3,823.2033333333334,2469.61,1,0,1.0,4.333333333333333,0,Occasional / Lower-Engagement Customers
C01038,7,385.9457142857143,2701.62,2,1,2.333333333333333,2.75,0,Occasional / Lower-Engagement Customers
C01039,6,539.7766666666666,3238.66,3,0,2.0,3.0,0,Occasional / Lower-Engagement Customers
C01040,12,475.355,5704.26,7,0,2.0,3.555555555555556,1,Highly Engaged / High-Value Customers
C01041,7,390.9485714285715,2736.6400000000003,2,1,1.75,3.142857142857143,0,Occasional / Lower-Engagement Customers
C01042,7,608.8357142857143,4261.85,3,0,1.4,3.8,0,Occasional / Lower-Engagement Customers
C01043,9,428.4555555555555,3856.1,5,2,1.8,4.666666666666667,0,Occasional / Lower-Engagement Customers
C01044,7,852.7114285714285,5968.98,1,1,1.75,3.7142857142857135,0,Occasional / Lower-Engagement Customers
C01045,9,520.7388888888888,4686.65,2,3,1.8,3.857142857142857,0,Occasional / Lower-Engagement Customers
C01046,9,621.4399999999999,5592.959999999999,1,3,1.5,4.428571428571429,0,Occasional / Lower-Engagement Customers
C01047,9,431.49555555555554,3883.46,2,3,2.25,4.0,0,Occasional / Lower-Engagement Customers
C01048,11,450.3781818181818,4954.16,0,1,1.8333333333333333,4.4,0,Occasional / Lower-Engagement Customers
C01049,16,516.58875,8265.42,5,1,2.6666666666666665,4.181818181818182,1,Highly Engaged / High-Value Customers
C01050,12,598.4816666666667,7181.78,3,2,2.0,3.6666666666666665,1,Highly Engaged / High-Value Customers
C01051,11,773.5227272727273,8508.75,4,1,2.2,4.2,1,Highly Engaged / High-Value Customers
C01052,13,529.1561538461539,6879.03,3,4,2.6,3.75,1,Highly Engaged / High-Value Customers
C01053,10,802.876,8028.76,3,1,2.0,3.8,1,Highly Engaged / High-Value Customers
C01054,7,786.5728571428572,5506.01,2,2,1.75,2.8,0,Occasional / Lower-Engagement Customers
C01055,6,662.72,3976.32,5,3,2.0,3.75,0,Occasional / Lower-Engagement Customers
C01056,9,539.2555555555556,4853.3,4,3,1.5,4.0,0,Occasional / Lower-Engagement Customers
C01057,15,460.0460000000001,6900.6900000000005,3,5,2.5,3.75,1,Highly Engaged / High-Value Customers
C01058,11,767.0909090909091,8438.0,6,3,1.8333333333333333,4.4,1,Highly Engaged / High-Value Customers
C01059,14,530.7357142857143,7430.3,3,3,2.8,3.5,1,Highly Engaged / High-Value Customers
C01060,12,512.885,6154.62,7,2,2.0,4.166666666666667,1,Highly Engaged / High-Value Customers
C01061,6,745.5316666666668,4473.1900000000005,2,4,3.0,3.75,1,Highly Engaged / High-Value Customers
C01062,14,515.3778571428571,7215.29,5,3,2.333333333333333,3.857142857142857,1,Highly Engaged / High-Value Customers
C01063,8,793.5775,6348.62,3,2,1.6,4.166666666666667,0,Occasional / Lower-Engagement Customers
C01064,13,475.85,6186.05,3,3,2.6,4.555555555555555,1,Highly Engaged / High-Value Customers
C01065,12,579.0533333333334,6948.64,4,3,2.0,3.5,1,Highly Engaged / High-Value Customers
C01066,7,493.54857142857145,3454.84,4,1,1.4,4.333333333333333,0,Occasional / Lower-Engagement Customers
C01067,10,361.181,3611.81,4,1,1.6666666666666667,2.5,0,Occasional / Lower-Engagement Customers
C01068,14,530.0907142857143,7421.27,3,4,2.8,3.857142857142857,1,Highly Engaged / High-Value Customers
C01069,14,537.0364285714286,7518.51,4,6,2.333333333333333,4.0,1,Highly Engaged / High-Value Customers
C01070,14,611.2757142857143,8557.86,5,4,2.333333333333333,3.625,1,Highly Engaged / High-Value Customers
C01071,6,334.9216666666667,2009.53,3,2,1.2,3.6666666666666665,0,Occasional / Lower-Engagement Customers
C01072,14,426.22,5967.08,4,5,2.333333333333333,4.333333333333333,1,Highly Engaged / High-Value Customers
C01073,11,578.19,6360.09,5,1,1.8333333333333333,3.25,1,Highly Engaged / High-Value Customers
C01074,7,586.5742857142858,4106.02,3,3,1.75,2.0,0,Occasional / Lower-Engagement Customers
C01075,7,539.6971428571429,3777.88,4,0,2.333333333333333,3.333333333333333,0,Occasional / Lower-Engagement Customers
C01076,11,607.2118181818182,6679.33,6,1,1.8333333333333333,4.142857142857143,1,Highly Engaged / High-Value Customers
C01077,10,554.307,5543.07,3,2,2.5,3.857142857142857,1,Highly Engaged / High-Value Customers
C01078,5,788.1479999999999,3940.74,0,1,1.6666666666666667,4.666666666666667,0,Occasional / Lower-Engagement Customers
C01079,8,638.08375,5104.67,3,6,2.0,3.333333333333333,1,Highly Engaged / High-Value Customers
C01080,5,685.156,3425.78,2,1,1.6666666666666667,4.333333333333333,0,Occasional / Lower-Engagement Customers
C01081,12,645.3983333333334,7744.780000000001,5,2,2.0,4.375,1,Highly Engaged / High-Value Customers
C01082,11,410.6227272727273,4516.85,7,3,1.8333333333333333,4.2,1,Highly Engaged / High-Value Customers
C01083,13,436.5530769230769,5675.19,5,7,2.1666666666666665,3.272727272727273,1,Highly Engaged / High-Value Customers
C01084,7,586.7214285714286,4107.05,4,1,2.333333333333333,3.333333333333333,0,Occasional / Lower-Engagement Customers
C01085,7,805.5457142857142,5638.82,3,1,1.1666666666666667,3.25,0,Occasional / Lower-Engagement Customers
C01086,8,593.0475,4744.38,3,2,1.6,3.75,0,Occasional / Lower-Engagement Customers
C01087,6,735.39,4412.34,6,3,1.2,3.6666666666666665,0,Occasional / Lower-Engagement Customers
C01088,8,430.77625,3446.21,4,5,2.0,3.8333333333333335,0,Occasional / Lower-Engagement Customers
C01089,12,478.09,5737.08,3,1,2.4,4.0,1,Highly Engaged / High-Value Customers
C01090,5,756.568,3782.84,0,1,1.25,4.333333333333333,0,Occasional / Lower-Engagement Customers
C01091,5,502.172,2510.86,2,0,1.6666666666666667,3.25,0,Occasional / Lower-Engagement Customers
C01092,8,598.56125,4788.49,5,3,1.6,4.0,0,Occasional / Lower-Engagement Customers
C01093,7,445.1571428571429,3116.1,4,1,2.333333333333333,3.333333333333333,0,Occasional / Lower-Engagement Customers
C01094,13,580.1938461538462,7542.52,5,4,2.6,3.9,1,Highly Engaged / High-Value Customers
C01095,9,525.6222222222223,4730.6,1,2,2.25,4.333333333333333,0,Occasional / Lower-Engagement Customers
C01096,8,451.16375,3609.31,5,5,2.0,4.333333333333333,1,Highly Engaged / High-Value Customers
C01097,11,755.9363636363636,8315.3,5,1,2.75,3.6666666666666665,1,Highly Engaged / High-Value Customers
C01098,7,439.8957142857143,3079.27,1,2,1.4,4.333333333333333,0,Occasional / Lower-Engagement Customers
C01099,17,769.7129411764706,13085.12,4,5,2.833333333333333,3.875,1,Highly Engaged / High-Value Customers
C01100,8,825.50625,6604.05,4,3,1.6,4.0,1,Highly Engaged / High-Value Customers
C01101,8,786.145,6289.16,5,1,2.0,3.8333333333333335,1,Highly Engaged / High-Value Customers
C01102,4,692.0275,2768.11,1,1,1.0,2.5,0,Occasional / Lower-Engagement Customers
C01103,5,527.766,2638.83,2,0,1.6666666666666667,4.0,0,Occasional / Lower-Engagement Customers
C01104,13,724.6292307692308,9420.18,5,2,2.1666666666666665,4.142857142857143,1,Highly Engaged / High-Value Customers
C01105,8,599.44875,4795.59,4,1,1.6,3.5,0,Occasional / Lower-Engagement Customers
C01106,6,345.65833333333336,2073.9500000000003,3,1,1.5,4.333333333333333,0,Occasional / Lower-Engagement Customers
C01107,15,696.2853333333334,10444.28,5,1,2.5,4.222222222222222,1,Highly Engaged / High-Value Customers
C01108,13,463.3438461538462,6023.47,4,4,2.1666666666666665,3.636363636363636,1,Highly Engaged / High-Value Customers
C01109,12,497.7533333333333,5973.04,2,4,2.4,4.375,1,Highly Engaged / High-Value Customers
C01110,8,565.5237500000001,4524.1900000000005,2,1,1.6,3.7142857142857135,0,Occasional / Lower-Engagement Customers
C01111,6,460.6583333333333,2763.95,2,1,1.5,4.4,0,Occasional / Lower-Engagement Customers
C01112,7,617.1857142857143,4320.3,3,2,2.333333333333333,3.4285714285714284,0,Occasional / Lower-Engagement Customers
C01113,12,480.9291666666666,5771.15,3,2,2.4,3.5,1,Highly Engaged / High-Value Customers
C01114,7,646.6742857142857,4526.72,4,1,1.75,4.75,0,Occasional / Lower-Engagement Customers
C01115,7,579.2628571428571,4054.84,5,3,1.75,3.25,0,Occasional / Lower-Engagement Customers
C01116,7,614.8171428571429,4303.72,2,0,1.75,4.0,0,Occasional / Lower-Engagement Customers
C01117,12,571.7833333333333,6861.4,4,2,2.0,3.4,1,Highly Engaged / High-Value Customers
C01118,12,446.8066666666667,5361.68,8,1,2.0,4.142857142857143,1,Highly Engaged / High-Value Customers
C01119,5,700.934,3504.67,1,2,1.6666666666666667,4.5,0,Occasional / Lower-Engagement Customers
C01120,8,605.9925,4847.94,6,2,2.0,3.4285714285714284,1,Highly Engaged / High-Value Customers
C01121,8,393.065,3144.52,2,5,1.3333333333333333,2.6,0,Occasional / Lower-Engagement Customers
C01122,13,547.296923076923,7114.86,6,2,2.6,3.7142857142857135,1,Highly Engaged / High-Value Customers
C01123,8,654.5275,5236.22,3,4,1.6,4.8,0,Occasional / Lower-Engagement Customers
C01124,12,572.4391666666667,6869.27,5,2,3.0,4.0,1,Highly Engaged / High-Value Customers
C01125,15,719.4333333333333,10791.5,6,2,3.0,3.5,1,Highly Engaged / High-Value Customers
C01126,7,648.7785714285714,4541.45,3,1,1.4,4.0,0,Occasional / Lower-Engagement Customers
C01127,7,480.1871428571429,3361.31,6,2,1.4,4.166666666666667,0,Occasional / Lower-Engagement Customers
C01128,13,564.9730769230769,7344.65,6,4,2.1666666666666665,4.0,1,Highly Engaged / High-Value Customers
C01129,14,610.2857142857143,8544.0,5,4,2.333333333333333,3.3,1,Highly Engaged / High-Value Customers
C01130,12,752.8516666666666,9034.22,8,3,2.0,4.5,1,Highly Engaged / High-Value Customers
C01131,11,439.7654545454545,4837.42,5,2,2.2,3.875,1,Highly Engaged / High-Value Customers
C01132,8,467.5125,3740.1,4,1,2.0,4.4,0,Occasional / Lower-Engagement Customers
C01133,10,612.5020000000001,6125.02,6,1,2.0,3.75,1,Highly Engaged / High-Value Customers
C01134,11,439.7190909090909,4836.91,3,2,1.8333333333333333,4.0,0,Occasional / Lower-Engagement Customers
C01135,6,615.0183333333333,3690.11,2,1,1.5,4.4,0,Occasional / Lower-Engagement Customers
C01136,9,427.4311111111112,3846.88,3,0,2.25,3.75,0,Occasional / Lower-Engagement Customers
C01137,11,542.2672727272727,5964.94,5,3,2.2,3.857142857142857,1,Highly Engaged / High-Value Customers
C01138,6,884.64,5307.84,2,1,1.5,2.333333333333333,0,Occasional / Lower-Engagement Customers
C01139,13,486.3346153846154,6322.35,6,4,2.6,3.875,1,Highly Engaged / High-Value Customers
C01140,12,564.43,6773.16,3,3,2.4,3.888888888888889,1,Highly Engaged / High-Value Customers
C01141,7,581.7414285714286,4072.19,1,2,1.75,4.4,0,Occasional / Lower-Engagement Customers
C01142,10,678.7819999999999,6787.82,4,4,2.0,3.875,1,Highly Engaged / High-Value Customers
C01143,7,808.9157142857142,5662.41,2,1,2.333333333333333,3.4,0,Occasional / Lower-Engagement Customers
C01144,13,496.95692307692303,6460.44,5,5,3.25,3.7,1,Highly Engaged / High-Value Customers
C01145,15,386.5373333333334,5798.06,2,3,2.5,4.375,1,Highly Engaged / High-Value Customers
C01146,6,537.2566666666667,3223.54,1,1,2.0,3.333333333333333,0,Occasional / Lower-Engagement Customers
C01147,9,376.65,3389.85,6,0,2.25,3.4,0,Occasional / Lower-Engagement Customers
C01148,15,615.9833333333333,9239.75,6,2,3.0,4.0,1,Highly Engaged / High-Value Customers
C01149,10,574.4979999999999,5744.98,4,3,2.0,4.333333333333333,1,Highly Engaged / High-Value Customers
C01150,12,578.0441666666667,6936.53,7,5,2.0,3.2857142857142856,1,Highly Engaged / High-Value Customers
C01151,5,264.516,1322.58,1,2,2.5,3.0,0,Occasional / Lower-Engagement Customers
C01152,3,701.1533333333333,2103.46,0,2,1.0,4.0,0,Occasional / Lower-Engagement Customers
C01153,9,577.8133333333333,5200.32,5,2,2.25,3.2,1,Highly Engaged / High-Value Customers
C01154,10,582.6949999999999,5826.95,5,1,1.6666666666666667,4.0,0,Occasional / Lower-Engagement Customers
C01155,6,476.325,2857.95,3,3,1.5,4.0,0,Occasional / Lower-Engagement Customers
C01156,8,469.27375,3754.19,3,3,1.6,3.25,0,Occasional / Lower-Engagement Customers
C01157,8,421.03875,3368.31,5,2,2.6666666666666665,3.5,0,Occasional / Lower-Engagement Customers
C01158,7,496.31714285714287,3474.2200000000003,2,3,1.4,4.166666666666667,0,Occasional / Lower-Engagement Customers
C01159,6,473.5783333333334,2841.4700000000003,4,1,2.0,3.1666666666666665,0,Occasional / Lower-Engagement Customers
C01160,2,1057.495,2114.99,0,1,1.0,4.5,0,Occasional / Lower-Engagement Customers
C01161,13,551.8561538461538,7174.13,1,2,2.1666666666666665,3.4444444444444446,1,Highly Engaged / High-Value Customers
C01162,11,541.7218181818181,5958.94,4,0,2.75,4.25,1,Highly Engaged / High-Value Customers
C01163,3,325.74333333333334,977.23,0,0,1.0,3.6666666666666665,0,Occasional / Lower-Engagement Customers
C01164,8,530.29625,4242.37,5,3,1.6,4.6,0,Occasional / Lower-Engagement Customers
C01165,10,639.937,6399.37,5,1,1.6666666666666667,2.857142857142857,1,Highly Engaged / High-Value Customers
C01166,4,941.1175,3764.47,1,1,1.3333333333333333,3.0,0,Occasional / Lower-Engagement Customers
C01167,9,804.7388888888888,7242.65,3,3,2.25,4.0,1,Highly Engaged / High-Value Customers
C01168,3,1128.5933333333337,3385.78,2,1,1.0,3.5,0,Occasional / Lower-Engagement Customers
C01169,6,524.57,3147.42,3,1,1.5,4.0,0,Occasional / Lower-Engagement Customers
C01170,7,712.7371428571429,4989.16,1,0,1.75,5.0,0,Occasional / Lower-Engagement Customers
C01171,11,606.7154545454546,6673.87,5,1,2.75,3.571428571428572,1,Highly Engaged / High-Value Customers
C01172,11,572.5481818181819,6298.030000000001,6,2,2.2,4.75,1,Highly Engaged / High-Value Customers
C01173,13,536.0569230769231,6968.74,8,2,2.1666666666666665,4.0,1,Highly Engaged / High-Value Customers
C01174,9,598.0677777777778,5382.61,5,2,2.25,3.8333333333333335,1,Highly Engaged / High-Value Customers
C01175,8,642.75375,5142.03,5,0,2.0,2.6666666666666665,0,Occasional / Lower-Engagement Customers
C01176,6,602.8016666666666,3616.81,1,2,1.2,4.0,0,Occasional / Lower-Engagement Customers
C01177,9,621.9377777777778,5597.4400000000005,3,1,1.8,4.0,0,Occasional / Lower-Engagement Customers
C01178,14,461.9371428571429,6467.12,5,1,2.8,3.7,1,Highly Engaged / High-Value Customers
C01179,5,573.192,2865.96,2,0,1.25,4.333333333333333,0,Occasional / Lower-Engagement Customers
C01180,11,463.1963636363636,5095.16,6,3,1.8333333333333333,3.375,1,Highly Engaged / High-Value Customers
C01181,9,794.308888888889,7148.780000000001,3,4,2.25,4.375,1,Highly Engaged / High-Value Customers
C01182,6,474.2533333333333,2845.52,0,2,1.5,3.333333333333333,0,Occasional / Lower-Engagement Customers
C01183,9,431.2966666666667,3881.67,3,2,1.5,3.571428571428572,0,Occasional / Lower-Engagement Customers
C01184,9,552.12,4969.08,2,2,1.8,3.75,0,Occasional / Lower-Engagement Customers
C01185,10,464.116,4641.16,5,2,1.6666666666666667,4.333333333333333,0,Occasional / Lower-Engagement Customers
C01186,9,522.8888888888889,4706.0,2,1,1.8,3.0,0,Occasional / Lower-Engagement Customers
C01187,12,569.4033333333333,6832.84,4,4,2.4,3.875,1,Highly Engaged / High-Value Customers
C01188,8,485.0375,3880.3,3,0,1.6,3.4,0,Occasional / Lower-Engagement Customers
C01189,8,664.2675,5314.14,1,1,1.6,4.333333333333333,0,Occasional / Lower-Engagement Customers
C01190,12,626.1791666666667,7514.15,4,4,2.0,4.142857142857143,1,Highly Engaged / High-Value Customers
C01191,14,470.8528571428572,6591.9400000000005,5,4,2.333333333333333,3.7142857142857135,1,Highly Engaged / High-Value Customers
C01192,8,785.6725,6285.38,1,0,1.6,4.0,0,Occasional / Lower-Engagement Customers
C01193,14,638.4342857142857,8938.08,4,1,2.333333333333333,4.428571428571429,1,Highly Engaged / High-Value Customers
C01194,10,463.711,4637.11,6,1,2.5,3.857142857142857,1,Highly Engaged / High-Value Customers
C01195,9,678.9333333333333,6110.4,3,1,1.5,3.0,0,Occasional / Lower-Engagement Customers
C01196,6,739.77,4438.62,4,2,2.0,4.2,0,Occasional / Lower-Engagement Customers
C01197,6,314.4816666666667,1886.89,1,2,1.2,4.333333333333333,0,Occasional / Lower-Engagement Customers
C01198,10,545.066,5450.66,2,3,2.0,3.6666666666666665,0,Occasional / Lower-Engagement Customers
C01199,10,599.38,5993.8,1,2,2.0,2.875,0,Occasional / Lower-Engagement Customers
C01200,5,767.146,3835.73,2,0,1.25,3.0,0,Occasional / Lower-Engagement Customers
C01201,6,327.4183333333333,1964.51,2,1,1.2,4.25,0,Occasional / Lower-Engagement Customers
C01202,7,729.9842857142856,5109.889999999999,3,2,1.4,3.2,0,Occasional / Lower-Engagement Customers
C01203,10,577.4689999999999,5774.69,4,4,2.0,3.25,1,Highly Engaged / High-Value Customers
C01204,14,389.0907142857144,5447.27,7,3,2.8,3.909090909090909,1,Highly Engaged / High-Value Customers
C01205,10,468.1,4681.0,6,4,2.0,3.888888888888889,1,Highly Engaged / High-Value Customers
C01206,7,699.2285714285715,4894.6,3,0,1.75,3.4,0,Occasional / Lower-Engagement Customers
C01207,7,904.0728571428572,6328.51,3,3,1.75,4.0,0,Occasional / Lower-Engagement Customers
C01208,7,458.5657142857143,3209.96,5,1,1.75,4.166666666666667,0,Occasional / Lower-Engagement Customers
C01209,13,609.9046153846155,7928.76,5,4,2.6,4.111111111111111,1,Highly Engaged / High-Value Customers
C01210,13,530.3038461538462,6893.95,3,2,2.1666666666666665,4.25,1,Highly Engaged / High-Value Customers
C01211,9,667.338888888889,6006.05,4,2,1.8,4.0,0,Occasional / Lower-Engagement Customers
C01212,4,646.4775,2585.91,2,2,1.3333333333333333,5.0,0,Occasional / Lower-Engagement Customers
C01213,9,451.5111111111111,4063.6,5,3,2.25,4.0,1,Highly Engaged / High-Value Customers
C01214,5,810.558,4052.79,1,3,1.6666666666666667,3.333333333333333,0,Occasional / Lower-Engagement Customers
C01215,10,361.494,3614.94,2,2,1.6666666666666667,4.888888888888889,0,Occasional / Lower-Engagement Customers
C01216,8,559.80125,4478.41,5,0,1.3333333333333333,3.4285714285714284,0,Occasional / Lower-Engagement Customers
C01217,9,321.3255555555555,2891.93,1,4,1.5,3.5,0,Occasional / Lower-Engagement Customers
C01218,4,676.4449999999999,2705.78,3,0,1.3333333333333333,2.75,0,Occasional / Lower-Engagement Customers
C01219,9,570.67,5136.03,1,1,1.5,3.333333333333333,0,Occasional / Lower-Engagement Customers
C01220,6,467.88999999999993,2807.34,1,0,1.5,4.666666666666667,0,Occasional / Lower-Engagement Customers
C01221,8,553.6800000000001,4429.4400000000005,4,1,1.6,4.75,0,Occasional / Lower-Engagement Customers
C01222,9,531.9388888888889,4787.45,2,1,1.8,3.8333333333333335,0,Occasional / Lower-Engagement Customers
C01223,11,610.1154545454546,6711.27,3,3,1.8333333333333333,3.8,1,Highly Engaged / High-Value Customers
C01224,9,396.6255555555556,3569.63,3,4,1.5,4.5,0,Occasional / Lower-Engagement Customers
C01225,7,269.8128571428571,1888.69,3,2,2.333333333333333,3.6666666666666665,0,Occasional / Lower-Engagement Customers
C01226,9,874.4344444444445,7869.91,2,2,1.8,3.75,1,Highly Engaged / High-Value Customers
C01227,8,699.69625,5597.57,3,1,2.0,4.25,0,Occasional / Lower-Engagement Customers
C01228,9,372.3955555555556,3351.56,4,3,2.25,3.0,0,Occasional / Lower-Engagement Customers
C01229,5,700.992,3504.96,2,2,1.6666666666666667,4.333333333333333,0,Occasional / Lower-Engagement Customers
C01230,8,531.135,4249.08,5,2,1.3333333333333333,3.1666666666666665,0,Occasional / Lower-Engagement Customers
C01231,10,693.205,6932.05,2,2,3.333333333333333,3.2857142857142856,1,Highly Engaged / High-Value Customers
C01232,10,660.5559999999999,6605.56,4,3,2.0,4.0,1,Highly Engaged / High-Value Customers
C01233,8,508.86625,4070.93,4,2,2.0,4.714285714285714,0,Occasional / Lower-Engagement Customers
C01234,9,554.8822222222223,4993.9400000000005,4,2,1.8,4.714285714285714,0,Occasional / Lower-Engagement Customers
C01235,12,611.2508333333334,7335.01,3,2,2.0,4.0,1,Highly Engaged / High-Value Customers
C01236,12,634.1766666666666,7610.12,7,2,2.0,3.2857142857142856,1,Highly Engaged / High-Value Customers
C01237,8,622.3325,4978.66,1,3,2.6666666666666665,4.0,0,Occasional / Lower-Engagement Customers
C01238,11,682.1145454545455,7503.26,3,1,1.8333333333333333,4.25,1,Highly Engaged / High-Value Customers
C01239,10,683.147,6831.47,3,1,2.5,3.571428571428572,1,Highly Engaged / High-Value Customers
C01240,5,265.022,1325.11,1,0,1.6666666666666667,3.0,0,Occasional / Lower-Engagement Customers
C01241,5,695.45,3477.25,1,1,1.25,2.6,0,Occasional / Lower-Engagement Customers
C01242,9,769.3466666666667,6924.12,4,3,1.8,4.142857142857143,1,Highly Engaged / High-Value Customers
C01243,11,580.25,6382.75,3,3,2.2,3.6666666666666665,1,Highly Engaged / High-Value Customers
C01244,6,354.675,2128.05,4,1,1.5,3.6666666666666665,0,Occasional / Lower-Engagement Customers
C01245,8,342.99125000000004,2743.9300000000003,2,2,2.0,4.0,0,Occasional / Lower-Engagement Customers
C01246,9,590.7022222222222,5316.32,5,2,1.8,4.0,0,Occasional / Lower-Engagement Customers
C01247,3,554.8333333333334,1664.5,1,0,1.5,2.0,0,Occasional / Lower-Engagement Customers
C01248,9,467.9777777777778,4211.8,7,3,2.25,4.285714285714286,1,Highly Engaged / High-Value Customers
C01249,16,634.7775,10156.44,5,1,2.6666666666666665,3.5,1,Highly Engaged / High-Value Customers
C01250,7,590.5671428571429,4133.97,3,3,1.75,4.5,0,Occasional / Lower-Engagement Customers
C01251,11,447.1809090909091,4918.99,7,3,2.2,4.285714285714286,1,Highly Engaged / High-Value Customers
C01252,9,981.1433333333332,8830.289999999999,5,1,1.8,4.2,1,Highly Engaged / High-Value Customers
C01253,11,596.4681818181817,6561.15,6,5,2.2,3.5,1,Highly Engaged / High-Value Customers
C01254,5,312.84000000000003,1564.2,1,0,1.25,4.333333333333333,0,Occasional / Lower-Engagement Customers
C01255,9,606.8855555555555,5461.969999999999,6,2,1.8,3.4285714285714284,1,Highly Engaged / High-Value Customers
C01256,7,504.7128571428571,3532.99,3,1,1.4,3.6666666666666665,0,Occasional / Lower-Engagement Customers
C01257,15,729.23,10938.45,5,2,2.5,4.111111111111111,1,Highly Engaged / High-Value Customers
C01258,6,467.72333333333336,2806.34,2,2,1.5,3.5,0,Occasional / Lower-Engagement Customers
C01259,6,676.265,4057.59,4,1,1.5,3.4,0,Occasional / Lower-Engagement Customers
C01260,10,834.9770000000001,8349.77,4,2,2.0,4.25,1,Highly Engaged / High-Value Customers
C01261,12,416.47583333333336,4997.71,6,3,3.0,2.7142857142857144,1,Highly Engaged / High-Value Customers
C01262,9,554.1322222222223,4987.1900000000005,3,1,1.8,3.142857142857143,0,Occasional / Lower-Engagement Customers
C01263,7,264.5757142857143,1852.03,2,3,1.75,3.8333333333333335,0,Occasional / Lower-Engagement Customers
C01264,11,666.2663636363636,7328.929999999999,2,1,2.2,4.25,1,Highly Engaged / High-Value Customers
C01265,8,397.8975,3183.18,1,1,2.6666666666666665,3.0,0,Occasional / Lower-Engagement Customers
C01266,9,712.021111111111,6408.19,4,3,2.25,3.571428571428572,1,Highly Engaged / High-Value Customers
C01267,8,507.80625,4062.45,2,2,1.6,4.2,0,Occasional / Lower-Engagement Customers
C01268,5,498.436,2492.1800000000003,1,2,1.25,4.0,0,Occasional / Lower-Engagement Customers
C01269,13,501.2030769230769,6515.639999999999,5,3,2.6,3.6,1,Highly Engaged / High-Value Customers
C01270,10,732.259,7322.59,4,0,1.6666666666666667,3.6666666666666665,0,Occasional / Lower-Engagement Customers
C01271,6,477.29,2863.74,0,0,1.2,3.333333333333333,0,Occasional / Lower-Engagement Customers
C01272,10,553.476,5534.76,3,4,2.0,3.8333333333333335,1,Highly Engaged / High-Value Customers
C01273,7,589.1457142857143,4124.02,5,2,1.4,4.4,0,Occasional / Lower-Engagement Customers
C01274,6,617.4133333333333,3704.48,2,0,1.5,3.5,0,Occasional / Lower-Engagement Customers
C01275,8,608.3575000000001,4866.860000000001,5,2,1.6,2.833333333333333,0,Occasional / Lower-Engagement Customers
C01276,6,694.5649999999999,4167.389999999999,0,3,1.5,3.5,0,Occasional / Lower-Engagement Customers
C01277,12,525.8841666666666,6310.61,8,3,2.0,3.625,1,Highly Engaged / High-Value Customers
C01278,11,548.6236363636364,6034.860000000001,3,3,2.2,4.0,1,Highly Engaged / High-Value Customers
C01279,5,583.046,2915.23,3,2,1.6666666666666667,3.0,0,Occasional / Lower-Engagement Customers
C01280,13,509.6392307692307,6625.31,4,3,2.6,4.222222222222222,1,Highly Engaged / High-Value Customers
C01281,14,657.2735714285715,9201.83,6,6,2.333333333333333,3.5,1,Highly Engaged / High-Value Customers
C01282,8,673.91125,5391.29,0,4,2.0,3.75,0,Occasional / Lower-Engagement Customers
C01283,4,639.665,2558.66,1,0,1.3333333333333333,5.0,0,Occasional / Lower-Engagement Customers
C01284,4,524.87,2099.48,3,2,1.3333333333333333,3.5,0,Occasional / Lower-Engagement Customers
C01285,13,595.5330769230769,7741.93,5,3,2.6,4.25,1,Highly Engaged / High-Value Customers
C01286,4,412.035,1648.14,2,1,2.0,4.0,0,Occasional / Lower-Engagement Customers
C01287,14,471.3257142857143,6598.56,4,4,2.333333333333333,3.555555555555556,1,Highly Engaged / High-Value Customers
C01288,11,334.4654545454545,3679.12,6,1,1.8333333333333333,3.4285714285714284,0,Occasional / Lower-Engagement Customers
C01289,8,551.4825,4411.86,4,4,2.0,3.25,0,Occasional / Lower-Engagement Customers
C01290,8,492.93625,3943.49,5,1,2.0,3.4,0,Occasional / Lower-Engagement Customers
C01291,7,385.1628571428572,2696.14,3,1,1.4,3.8333333333333335,0,Occasional / Lower-Engagement Customers
C01292,6,667.465,4004.79,0,1,1.5,3.6,0,Occasional / Lower-Engagement Customers
C01293,7,595.6542857142857,4169.58,1,2,1.4,2.5,0,Occasional / Lower-Engagement Customers
C01294,4,654.4325,2617.73,1,2,1.3333333333333333,5.0,0,Occasional / Lower-Engagement Customers
C01295,11,590.7745454545454,6498.52,4,3,2.2,3.625,1,Highly Engaged / High-Value Customers
C01296,10,473.18500000000006,4731.85,4,1,2.0,3.7777777777777777,0,Occasional / Lower-Engagement Customers
C01297,12,469.70166666666665,5636.42,5,3,2.0,4.555555555555555,1,Highly Engaged / High-Value Customers
C01298,4,569.8575,2279.43,4,1,1.3333333333333333,4.0,0,Occasional / Lower-Engagement Customers
C01299,10,622.685,6226.849999999999,5,2,2.0,3.2857142857142856,1,Highly Engaged / High-Value Customers
C01300,15,626.8393333333333,9402.59,4,1,3.0,2.833333333333333,1,Highly Engaged / High-Value Customers
C01301,6,582.2616666666667,3493.57,3,2,1.5,4.0,0,Occasional / Lower-Engagement Customers
C01302,8,393.06875,3144.55,3,2,2.6666666666666665,4.5,0,Occasional / Lower-Engagement Customers
C01303,12,630.5958333333334,7567.150000000001,3,5,2.0,4.25,1,Highly Engaged / High-Value Customers
C01304,6,743.3816666666667,4460.29,2,0,1.2,3.6666666666666665,0,Occasional / Lower-Engagement Customers
C01305,8,845.21,6761.68,2,2,1.6,4.333333333333333,0,Occasional / Lower-Engagement Customers
C01306,7,581.3100000000001,4069.17,0,3,2.333333333333333,3.0,0,Occasional / Lower-Engagement Customers
C01307,5,433.75,2168.75,1,0,1.0,4.8,0,Occasional / Lower-Engagement Customers
C01308,14,730.1057142857143,10221.48,7,3,2.8,3.4285714285714284,1,Highly Engaged / High-Value Customers
C01309,11,450.78545454545457,4958.64,4,1,2.2,4.0,1,Highly Engaged / High-Value Customers
C01310,10,532.177,5321.77,5,4,1.6666666666666667,3.857142857142857,1,Highly Engaged / High-Value Customers
C01311,9,567.21,5104.89,4,1,2.25,2.625,0,Occasional / Lower-Engagement Customers
C01312,10,843.982,8439.82,4,4,1.6666666666666667,4.5,1,Highly Engaged / High-Value Customers
C01313,14,710.0921428571429,9941.29,3,6,2.333333333333333,4.0,1,Highly Engaged / High-Value Customers
C01314,9,417.8122222222222,3760.31,3,2,1.5,4.142857142857143,0,Occasional / Lower-Engagement Customers
C01315,6,330.25166666666667,1981.51,0,1,2.0,3.6666666666666665,0,Occasional / Lower-Engagement Customers
C01316,13,530.5938461538461,6897.72,5,3,2.1666666666666665,4.333333333333333,1,Highly Engaged / High-Value Customers
C01317,11,635.8681818181818,6994.55,6,1,2.2,4.6,1,Highly Engaged / High-Value Customers
C01318,8,690.4125,5523.3,2,3,2.6666666666666665,3.5,1,Highly Engaged / High-Value Customers
C01319,10,322.258,3222.58,4,4,2.0,4.25,0,Occasional / Lower-Engagement Customers
C01320,6,661.1166666666667,3966.7,2,1,1.2,3.5,0,Occasional / Lower-Engagement Customers
C01321,16,670.930625,10734.89,4,5,2.6666666666666665,3.5,1,Highly Engaged / High-Value Customers
C01322,9,573.7266666666667,5163.54,5,1,1.8,4.285714285714286,0,Occasional / Lower-Engagement Customers
C01323,4,423.615,1694.46,3,1,1.0,2.5,0,Occasional / Lower-Engagement Customers
C01324,11,487.7327272727273,5365.06,3,2,2.2,3.1666666666666665,1,Highly Engaged / High-Value Customers
C01325,8,736.25625,5890.05,3,3,2.0,3.6,1,Highly Engaged / High-Value Customers
C01326,5,353.794,1768.9699999999998,4,1,1.25,4.25,0,Occasional / Lower-Engagement Customers
C01327,6,468.7216666666666,2812.33,2,0,1.2,3.6,0,Occasional / Lower-Engagement Customers
C01328,7,538.2042857142858,3767.43,4,0,1.4,4.6,0,Occasional / Lower-Engagement Customers
C01329,11,940.9009090909092,10349.91,7,2,1.8333333333333333,4.0,1,Highly Engaged / High-Value Customers
C01330,10,661.086,6610.860000000001,5,1,2.5,3.2,1,Highly Engaged / High-Value Customers
C01331,13,469.8553846153846,6108.12,6,4,2.6,3.6666666666666665,1,Highly Engaged / High-Value Customers
C01332,9,535.6544444444444,4820.889999999999,1,5,1.8,4.333333333333333,0,Occasional / Lower-Engagement Customers
C01333,7,370.0871428571429,2590.61,3,2,1.75,4.0,0,Occasional / Lower-Engagement Customers
C01334,9,543.3011111111111,4889.71,3,4,1.8,3.0,0,Occasional / Lower-Engagement Customers
C01335,8,681.34125,5450.73,2,1,1.6,3.75,0,Occasional / Lower-Engagement Customers
C01336,8,490.46375,3923.71,1,1,1.6,3.8333333333333335,0,Occasional / Lower-Engagement Customers
C01337,9,541.4788888888888,4873.31,0,1,1.8,4.0,0,Occasional / Lower-Engagement Customers
C01338,6,572.88,3437.28,4,1,1.2,4.2,0,Occasional / Lower-Engagement Customers
C01339,13,578.3984615384616,7519.18,4,4,2.1666666666666665,4.6,1,Highly Engaged / High-Value Customers
C01340,5,328.938,1644.69,0,1,1.25,4.0,0,Occasional / Lower-Engagement Customers
C01341,11,546.6209090909091,6012.83,4,5,2.2,4.4,1,Highly Engaged / High-Value Customers
C01342,12,591.8666666666667,7102.4,7,5,2.0,3.9,1,Highly Engaged / High-Value Customers
C01343,11,485.5690909090909,5341.26,2,3,2.2,3.333333333333333,1,Highly Engaged / High-Value Customers
C01344,11,665.9409090909091,7325.35,3,5,1.8333333333333333,3.875,1,Highly Engaged / High-Value Customers
C01345,9,565.6677777777778,5091.01,6,2,3.0,3.857142857142857,1,Highly Engaged / High-Value Customers
C01346,12,422.8133333333333,5073.76,5,4,2.0,4.333333333333333,1,Highly Engaged / High-Value Customers
C01347,5,514.848,2574.24,2,1,1.25,3.6666666666666665,0,Occasional / Lower-Engagement Customers
C01348,13,443.0238461538461,5759.31,5,5,2.1666666666666665,4.0,1,Highly Engaged / High-Value Customers
C01349,10,392.093,3920.93,5,2,1.6666666666666667,3.7,0,Occasional / Lower-Engagement Customers
C01350,6,621.145,3726.87,2,1,1.5,3.75,0,Occasional / Lower-Engagement Customers
C01351,14,666.0192857142857,9324.27,5,2,2.333333333333333,3.375,1,Highly Engaged / High-Value Customers
C01352,13,586.4430769230769,7623.76,3,4,2.1666666666666665,2.833333333333333,1,Highly Engaged / High-Value Customers
C01353,7,675.0571428571428,4725.4,3,2,2.333333333333333,2.25,0,Occasional / Lower-Engagement Customers
C01354,14,543.11,7603.54,6,6,3.5,3.625,1,Highly Engaged / High-Value Customers
C01355,10,540.66,5406.599999999999,3,4,2.0,3.8,1,Highly Engaged / High-Value Customers
C01356,6,713.4766666666666,4280.86,1,0,1.2,3.6,0,Occasional / Lower-Engagement Customers
C01357,10,441.625,4416.25,4,1,2.0,4.6,0,Occasional / Lower-Engagement Customers
C01358,8,618.74,4949.92,2,2,1.6,3.75,0,Occasional / Lower-Engagement Customers
C01359,9,931.4722222222222,8383.25,5,3,2.25,4.428571428571429,1,Highly Engaged / High-Value Customers
C01360,13,442.5353846153846,5752.96,3,6,2.6,3.571428571428572,1,Highly Engaged / High-Value Customers
C01361,16,583.47625,9335.62,8,3,2.6666666666666665,3.9166666666666665,1,Highly Engaged / High-Value Customers
C01362,7,398.63571428571424,2790.45,2,1,1.4,3.333333333333333,0,Occasional / Lower-Engagement Customers
C01363,7,575.1428571428571,4026.0,1,0,1.1666666666666667,4.75,0,Occasional / Lower-Engagement Customers
C01364,7,653.5371428571428,4574.76,4,1,2.333333333333333,4.4,0,Occasional / Lower-Engagement Customers
C01365,8,685.1524999999999,5481.219999999999,5,1,2.0,3.0,0,Occasional / Lower-Engagement Customers
C01366,11,641.6481818181818,7058.13,4,1,2.2,4.333333333333333,1,Highly Engaged / High-Value Customers
C01367,10,519.5310000000001,5195.31,4,2,2.0,3.857142857142857,1,Highly Engaged / High-Value Customers
C01368,14,495.3542857142857,6934.96,6,4,2.333333333333333,3.6,1,Highly Engaged / High-Value Customers
C01369,6,559.1716666666666,3355.03,2,1,1.5,4.2,0,Occasional / Lower-Engagement Customers
C01370,8,489.34125,3914.73,3,1,1.6,4.25,0,Occasional / Lower-Engagement Customers
C01371,7,509.2942857142857,3565.06,1,1,1.4,3.75,0,Occasional / Lower-Engagement Customers
C01372,15,576.91,8653.65,4,2,2.5,3.909090909090909,1,Highly Engaged / High-Value Customers
C01373,4,269.47,1077.88,2,1,1.0,3.0,0,Occasional / Lower-Engagement Customers
C01374,8,608.4675,4867.74,3,2,1.6,4.2,0,Occasional / Lower-Engagement Customers
C01375,5,575.4060000000001,2877.03,4,1,1.25,4.5,0,Occasional / Lower-Engagement Customers
C01376,12,594.37,7132.44,4,1,2.4,3.5,1,Highly Engaged / High-Value Customers
C01377,6,378.5516666666667,2271.31,2,5,1.2,4.0,0,Occasional / Lower-Engagement Customers
C01378,10,557.3140000000001,5573.14,2,3,2.5,3.7142857142857135,1,Highly Engaged / High-Value Customers
C01379,6,559.9266666666666,3359.56,1,0,1.0,3.333333333333333,0,Occasional / Lower-Engagement Customers
C01380,9,373.12,3358.08,3,2,2.25,3.8,0,Occasional / Lower-Engagement Customers
C01381,8,411.365,3290.92,2,0,1.6,3.5,0,Occasional / Lower-Engagement Customers
C01382,9,703.0244444444445,6327.22,1,1,1.5,4.25,0,Occasional / Lower-Engagement Customers
C01383,11,682.4145454545455,7506.56,2,2,1.8333333333333333,3.888888888888889,1,Highly Engaged / High-Value Customers
C01384,11,797.4527272727272,8771.98,5,4,1.8333333333333333,4.0,1,Highly Engaged / High-Value Customers
C01385,8,397.3225,3178.58,4,5,2.0,3.75,0,Occasional / Lower-Engagement Customers
C01386,7,591.4,4139.8,2,3,1.4,4.25,0,Occasional / Lower-Engagement Customers
C01387,8,662.68,5301.44,4,3,1.6,4.0,0,Occasional / Lower-Engagement Customers
C01388,10,651.958,6519.58,5,3,1.6666666666666667,3.8333333333333335,1,Highly Engaged / High-Value Customers
C01389,10,578.841,5788.41,2,2,2.0,3.2,0,Occasional / Lower-Engagement Customers
C01390,4,400.8675,1603.47,3,1,1.3333333333333333,4.75,0,Occasional / Lower-Engagement Customers
C01391,8,720.3075,5762.46,2,1,1.3333333333333333,3.8333333333333335,0,Occasional / Lower-Engagement Customers
C01392,6,516.3083333333333,3097.85,0,3,1.2,3.6666666666666665,0,Occasional / Lower-Engagement Customers
C01393,14,629.5264285714286,8813.37,3,2,2.8,4.333333333333333,1,Highly Engaged / High-Value Customers
C01394,14,545.5728571428572,7638.02,5,4,2.333333333333333,4.222222222222222,1,Highly Engaged / High-Value Customers
C01395,10,479.932,4799.32,3,3,2.5,4.142857142857143,1,Highly Engaged / High-Value Customers
C01396,7,315.06857142857143,2205.48,2,2,1.1666666666666667,3.5,0,Occasional / Lower-Engagement Customers
C01397,12,613.4766666666667,7361.72,3,0,2.0,4.333333333333333,1,Highly Engaged / High-Value Customers
C01398,13,463.7838461538462,6029.1900000000005,4,3,2.1666666666666665,3.75,1,Highly Engaged / High-Value Customers
C01399,5,503.924,2519.62,1,1,1.25,4.0,0,Occasional / Lower-Engagement Customers
C01400,9,548.0444444444444,4932.4,6,3,1.8,2.857142857142857,1,Highly Engaged / High-Value Customers
C01401,14,615.755,8620.57,7,4,2.8,3.272727272727273,1,Highly Engaged / High-Value Customers
C01402,14,812.5500000000001,11375.7,4,5,2.333333333333333,3.909090909090909,1,Highly Engaged / High-Value Customers
C01403,5,462.258,2311.29,3,1,1.6666666666666667,4.666666666666667,0,Occasional / Lower-Engagement Customers
C01404,12,455.4166666666667,5465.0,6,5,2.0,4.0,1,Highly Engaged / High-Value Customers
C01405,4,393.375,1573.5,2,0,1.3333333333333333,4.333333333333333,0,Occasional / Lower-Engagement Customers
C01406,17,458.4447058823529,7793.559999999999,7,6,2.833333333333333,3.0,1,Highly Engaged / High-Value Customers
C01407,5,449.53,2247.65,2,1,1.25,3.2,0,Occasional / Lower-Engagement Customers
C01408,3,508.3,1524.9,3,0,1.5,4.0,0,Occasional / Lower-Engagement Customers
C01409,10,763.612,7636.12,2,2,1.6666666666666667,4.25,1,Highly Engaged / High-Value Customers
C01410,13,393.8884615384616,5120.55,4,4,3.25,3.4444444444444446,1,Highly Engaged / High-Value Customers
C01411,8,587.96375,4703.71,3,1,1.6,4.2,0,Occasional / Lower-Engagement Customers
C01412,7,523.3971428571429,3663.78,1,1,1.75,4.0,0,Occasional / Lower-Engagement Customers
C01413,7,1097.69,7683.83,3,2,1.4,4.166666666666667,0,Occasional / Lower-Engagement Customers
C01414,9,689.75,6207.75,1,0,1.8,3.5,0,Occasional / Lower-Engagement Customers
C01415,6,611.5883333333334,3669.53,1,2,3.0,2.0,0,Occasional / Lower-Engagement Customers
C01416,8,491.1625,3929.3,5,2,1.6,3.75,0,Occasional / Lower-Engagement Customers
C01417,7,1034.1057142857142,7238.74,1,2,1.75,3.5,0,Occasional / Lower-Engagement Customers
C01418,15,516.424,7746.36,2,3,3.0,3.9,1,Highly Engaged / High-Value Customers
C01419,13,706.8953846153846,9189.64,1,3,2.1666666666666665,4.625,1,Highly Engaged / High-Value Customers
C01420,10,434.595,4345.95,4,2,2.0,3.7,0,Occasional / Lower-Engagement Customers
C01421,8,615.5875,4924.7,2,1,2.0,3.75,0,Occasional / Lower-Engagement Customers
C01422,4,608.75,2435.0,1,2,1.3333333333333333,3.6666666666666665,0,Occasional / Lower-Engagement Customers
C01423,11,685.3636363636364,7539.0,4,5,1.8333333333333333,3.7777777777777777,1,Highly Engaged / High-Value Customers
C01424,11,520.2190909090909,5722.41,2,5,1.8333333333333333,4.222222222222222,1,Highly Engaged / High-Value Customers
C01425,4,792.39,3169.56,1,0,1.3333333333333333,4.666666666666667,0,Occasional / Lower-Engagement Customers
C01426,10,715.3199999999999,7153.2,4,3,2.0,4.4,1,Highly Engaged / High-Value Customers
C01427,7,609.2457142857144,4264.72,4,3,1.4,4.2,0,Occasional / Lower-Engagement Customers
C01428,10,501.418,5014.18,4,2,2.5,3.333333333333333,1,Highly Engaged / High-Value Customers
C01429,8,473.615,3788.92,2,0,2.6666666666666665,3.6666666666666665,0,Occasional / Lower-Engagement Customers
C01430,10,539.7529999999999,5397.53,3,1,2.0,3.6666666666666665,0,Occasional / Lower-Engagement Customers
C01431,6,647.2033333333334,3883.22,3,2,1.5,3.25,0,Occasional / Lower-Engagement Customers
C01432,9,520.86,4687.74,4,3,2.25,3.5,1,Highly Engaged / High-Value Customers
C01433,12,374.14166666666665,4489.7,4,4,2.4,2.8,1,Highly Engaged / High-Value Customers
C01434,14,373.9792857142857,5235.71,6,2,2.333333333333333,4.333333333333333,1,Highly Engaged / High-Value Customers
C01435,10,709.522,7095.22,4,1,2.5,2.833333333333333,1,Highly Engaged / High-Value Customers
C01436,4,584.4775,2337.91,2,1,1.0,1.0,0,Occasional / Lower-Engagement Customers
C01437,11,417.6763636363636,4594.44,7,3,1.8333333333333333,2.8,1,Highly Engaged / High-Value Customers
C01438,13,578.5961538461538,7521.75,6,2,2.1666666666666665,3.8333333333333335,1,Highly Engaged / High-Value Customers
C01439,8,420.08,3360.64,3,1,1.3333333333333333,4.333333333333333,0,Occasional / Lower-Engagement Customers
C01440,13,546.4769230769231,7104.2,3,3,2.1666666666666665,3.7777777777777777,1,Highly Engaged / High-Value Customers
C01441,9,639.7155555555556,5757.4400000000005,3,3,2.25,3.6666666666666665,1,Highly Engaged / High-Value Customers
C01442,10,531.495,5314.95,5,1,1.6666666666666667,4.2,0,Occasional / Lower-Engagement Customers
C01443,9,493.3688888888889,4440.32,3,3,1.5,3.571428571428572,0,Occasional / Lower-Engagement Customers
C01444,5,530.644,2653.22,3,0,1.6666666666666667,3.2,0,Occasional / Lower-Engagement Customers
C01445,11,507.8736363636364,5586.610000000001,4,3,1.8333333333333333,3.6666666666666665,1,Highly Engaged / High-Value Customers
C01446,12,326.12166666666667,3913.46,9,3,2.0,4.333333333333333,1,Highly Engaged / High-Value Customers
C01447,15,706.4506666666667,10596.76,4,3,3.0,3.5454545454545454,1,Highly Engaged / High-Value Customers
C01448,5,693.762,3468.81,1,0,1.25,2.6666666666666665,0,Occasional / Lower-Engagement Customers
C01449,9,651.9977777777777,5867.98,2,0,1.5,4.2,0,Occasional / Lower-Engagement Customers
C01450,14,619.7235714285714,8676.13,4,2,2.8,3.9,1,Highly Engaged / High-Value Customers
C01451,11,412.24818181818176,4534.73,3,1,2.75,3.625,1,Highly Engaged / High-Value Customers
C01452,9,492.3455555555555,4431.11,1,2,1.8,3.8333333333333335,0,Occasional / Lower-Engagement Customers
C01453,8,661.69,5293.52,3,2,2.0,3.4,0,Occasional / Lower-Engagement Customers
C01454,9,711.9444444444445,6407.5,6,3,1.8,3.6666666666666665,1,Highly Engaged / High-Value Customers
C01455,11,565.3636363636364,6219.0,5,4,2.2,4.0,1,Highly Engaged / High-Value Customers
C01456,9,833.2900000000001,7499.610000000001,5,2,1.8,4.4,1,Highly Engaged / High-Value Customers
C01457,11,573.3381818181819,6306.72,6,4,2.2,3.6666666666666665,1,Highly Engaged / High-Value Customers
C01458,10,426.327,4263.27,1,0,1.6666666666666667,3.5,0,Occasional / Lower-Engagement Customers
C01459,6,584.0583333333333,3504.35,1,1,2.0,4.0,0,Occasional / Lower-Engagement Customers
C01460,13,580.8192307692308,7550.65,2,3,2.6,3.9,1,Highly Engaged / High-Value Customers
C01461,12,422.5533333333333,5070.64,5,1,2.0,3.875,1,Highly Engaged / High-Value Customers
C01462,11,742.0881818181819,8162.97,4,5,1.8333333333333333,3.333333333333333,1,Highly Engaged / High-Value Customers
C01463,8,555.16375,4441.31,4,3,1.6,4.0,0,Occasional / Lower-Engagement Customers
C01464,11,473.06545454545454,5203.72,8,4,2.2,3.875,1,Highly Engaged / High-Value Customers
C01465,9,801.74,7215.66,4,2,2.25,3.2857142857142856,1,Highly Engaged / High-Value Customers
C01466,13,686.6215384615384,8926.08,3,2,2.6,4.25,1,Highly Engaged / High-Value Customers
C01467,8,581.235,4649.88,5,3,2.6666666666666665,4.0,1,Highly Engaged / High-Value Customers
C01468,7,337.17285714285714,2360.21,4,2,1.75,4.0,0,Occasional / Lower-Engagement Customers
C01469,13,620.4546153846154,8065.91,5,2,2.1666666666666665,3.875,1,Highly Engaged / High-Value Customers
C01470,5,474.184,2370.92,1,0,1.25,4.0,0,Occasional / Lower-Engagement Customers
C01471,9,562.1322222222223,5059.1900000000005,4,2,1.8,3.5,0,Occasional / Lower-Engagement Customers
C01472,16,396.50875,6344.14,8,3,3.2,4.0,1,Highly Engaged / High-Value Customers
C01473,6,900.3883333333333,5402.33,5,1,1.5,4.25,0,Occasional / Lower-Engagement Customers
C01474,6,733.0633333333334,4398.38,3,1,1.5,4.25,0,Occasional / Lower-Engagement Customers
C01475,6,871.5133333333333,5229.08,3,1,2.0,4.4,0,Occasional / Lower-Engagement Customers
C01476,10,626.359,6263.59,2,2,2.5,3.7777777777777777,1,Highly Engaged / High-Value Customers
C01477,11,695.3672727272727,7649.04,5,2,2.2,3.857142857142857,1,Highly Engaged / High-Value Customers
C01478,3,658.59,1975.77,1,0,1.0,5.0,0,Occasional / Lower-Engagement Customers
C01479,11,527.8572727272727,5806.43,5,4,2.2,4.625,1,Highly Engaged / High-Value Customers
C01480,15,595.3633333333333,8930.45,8,5,3.0,3.4166666666666665,1,Highly Engaged / High-Value Customers
C01481,8,446.5275,3572.22,4,2,2.0,3.5,0,Occasional / Lower-Engagement Customers
C01482,7,560.2028571428572,3921.42,5,3,1.75,4.0,0,Occasional / Lower-Engagement Customers
C01483,16,575.800625,9212.81,3,4,2.6666666666666665,3.333333333333333,1,Highly Engaged / High-Value Customers
C01484,6,828.3383333333333,4970.03,2,1,1.2,4.0,0,Occasional / Lower-Engagement Customers
C01485,8,464.7325,3717.86,2,1,2.6666666666666665,3.333333333333333,0,Occasional / Lower-Engagement Customers
C01486,11,613.74,6751.14,3,4,1.8333333333333333,4.571428571428571,1,Highly Engaged / High-Value Customers
C01487,10,629.87,6298.7,7,1,2.0,4.285714285714286,1,Highly Engaged / High-Value Customers
C01488,8,612.96625,4903.73,2,1,2.0,2.5,0,Occasional / Lower-Engagement Customers
C01489,9,597.6388888888889,5378.75,3,1,2.25,2.75,0,Occasional / Lower-Engagement Customers
C01490,10,460.785,4607.849999999999,5,2,2.5,4.125,1,Highly Engaged / High-Value Customers
C01491,9,389.1044444444444,3501.94,3,2,1.8,3.333333333333333,0,Occasional / Lower-Engagement Customers
C01492,6,393.415,2360.49,2,1,2.0,4.0,0,Occasional / Lower-Engagement Customers
C01493,8,548.1725,4385.38,3,2,2.0,4.5,0,Occasional / Lower-Engagement Customers
C01494,11,426.8972727272727,4695.87,6,6,2.2,3.25,1,Highly Engaged / High-Value Customers
C01495,11,523.5354545454545,5758.889999999999,4,2,2.2,3.7142857142857135,1,Highly Engaged / High-Value Customers
C01496,8,344.26875,2754.15,3,3,1.6,4.285714285714286,0,Occasional / Lower-Engagement Customers
C01497,10,465.855,4658.55,2,3,2.5,3.0,1,Highly Engaged / High-Value Customers
C01498,11,632.5863636363637,6958.45,2,1,1.8333333333333333,3.4,0,Occasional / Lower-Engagement Customers
C01499,7,437.1785714285714,3060.25,3,1,1.4,3.6,0,Occasional / Lower-Engagement Customers
C01500,10,576.9190000000001,5769.1900000000005,6,3,2.5,3.625,1,Highly Engaged / High-Value Customers
C01501,10,377.0220000000001,3770.22,5,2,2.0,3.1666666666666665,0,Occasional / Lower-Engagement Customers
C01502,10,673.483,6734.83,3,1,2.5,3.142857142857143,1,Highly Engaged / High-Value Customers
C01503,7,677.1357142857142,4739.95,1,4,1.4,3.333333333333333,0,Occasional / Lower-Engagement Customers
C01504,5,549.278,2746.39,2,2,1.25,5.0,0,Occasional / Lower-Engagement Customers
C01505,4,363.66,1454.64,3,0,1.3333333333333333,4.0,0,Occasional / Lower-Engagement Customers
C01506,9,655.2411111111111,5897.17,2,2,1.5,3.8333333333333335,0,Occasional / Lower-Engagement Customers
C01507,9,504.3088888888889,4538.78,3,1,3.0,4.333333333333333,1,Highly Engaged / High-Value Customers
C01508,7,514.5528571428571,3601.87,3,1,2.333333333333333,3.6666666666666665,0,Occasional / Lower-Engagement Customers
C01509,11,593.6009090909091,6529.61,3,2,1.8333333333333333,4.111111111111111,1,Highly Engaged / High-Value Customers
C01510,13,518.1630769230769,6736.12,2,3,2.6,3.7142857142857135,1,Highly Engaged / High-Value Customers
C01511,11,387.24,4259.64,3,1,1.8333333333333333,4.0,0,Occasional / Lower-Engagement Customers
C01512,7,995.5471428571428,6968.83,1,4,1.4,3.6,0,Occasional / Lower-Engagement Customers
C01513,13,677.1892307692307,8803.46,5,2,2.1666666666666665,2.888888888888889,1,Highly Engaged / High-Value Customers
C01514,5,561.7239999999999,2808.62,3,2,1.25,3.75,0,Occasional / Lower-Engagement Customers
C01515,9,469.8022222222223,4228.22,2,1,1.8,3.75,0,Occasional / Lower-Engagement Customers
C01516,13,567.7969230769231,7381.360000000001,7,3,2.1666666666666665,3.375,1,Highly Engaged / High-Value Customers
C01517,8,572.9625,4583.7,1,0,2.0,4.2,0,Occasional / Lower-Engagement Customers
C01518,7,824.9171428571428,5774.42,2,1,2.333333333333333,3.8,0,Occasional / Lower-Engagement Customers
C01519,7,541.3914285714285,3789.74,1,1,1.4,4.0,0,Occasional / Lower-Engagement Customers
C01520,4,358.3125,1433.25,2,0,1.3333333333333333,4.0,0,Occasional / Lower-Engagement Customers
C01521,4,528.4525,2113.81,2,0,1.0,4.5,0,Occasional / Lower-Engagement Customers
C01522,12,648.7341666666667,7784.81,4,3,2.4,4.285714285714286,1,Highly Engaged / High-Value Customers
C01523,9,516.6877777777778,4650.1900000000005,1,2,1.8,3.75,0,Occasional / Lower-Engagement Customers
C01524,10,584.428,5844.28,5,1,2.0,3.5,1,Highly Engaged / High-Value Customers
C01525,6,376.5633333333333,2259.38,3,1,1.5,4.5,0,Occasional / Lower-Engagement Customers
C01526,9,498.37888888888887,4485.41,3,2,2.25,4.428571428571429,0,Occasional / Lower-Engagement Customers
C01527,13,678.353076923077,8818.59,5,1,2.6,3.7777777777777777,1,Highly Engaged / High-Value Customers
C01528,8,440.33875,3522.71,0,1,2.6666666666666665,2.8,0,Occasional / Lower-Engagement Customers
C01529,7,621.0728571428572,4347.51,2,0,1.75,3.0,0,Occasional / Lower-Engagement Customers
C01530,9,611.2455555555556,5501.21,6,1,3.0,3.8,1,Highly Engaged / High-Value Customers
C01531,8,574.325,4594.6,3,3,1.6,3.6666666666666665,0,Occasional / Lower-Engagement Customers
C01532,15,493.988,7409.82,6,3,2.5,4.083333333333333,1,Highly Engaged / High-Value Customers
C01533,10,589.702,5897.02,7,2,2.0,3.857142857142857,1,Highly Engaged / High-Value Customers
C01534,10,442.697,4426.97,7,1,2.0,3.2,1,Highly Engaged / High-Value Customers
C01535,10,595.8969999999999,5958.969999999999,5,2,2.0,3.571428571428572,1,Highly Engaged / High-Value Customers
C01536,13,520.6561538461539,6768.53,5,2,3.25,4.4,1,Highly Engaged / High-Value Customers
C01537,5,753.462,3767.31,3,1,1.6666666666666667,4.333333333333333,0,Occasional / Lower-Engagement Customers
C01538,11,760.0618181818182,8360.68,3,3,1.8333333333333333,2.857142857142857,1,Highly Engaged / High-Value Customers
C01539,11,506.8736363636363,5575.61,8,1,1.8333333333333333,4.5,1,Highly Engaged / High-Value Customers
C01540,3,459.03,1377.09,1,1,1.5,4.666666666666667,0,Occasional / Lower-Engagement Customers
C01541,12,658.0208333333334,7896.25,5,3,2.4,3.4,1,Highly Engaged / High-Value Customers
C01542,8,412.14875,3297.19,3,1,1.6,4.666666666666667,0,Occasional / Lower-Engagement Customers
C01543,11,397.1490909090909,4368.64,2,3,1.8333333333333333,4.142857142857143,0,Occasional / Lower-Engagement Customers
C01544,8,448.04125,3584.33,3,1,1.6,4.714285714285714,0,Occasional / Lower-Engagement Customers
C01545,9,789.5544444444445,7105.99,1,1,2.25,4.0,0,Occasional / Lower-Engagement Customers
C01546,13,632.2969230769231,8219.86,7,1,2.1666666666666665,3.0,1,Highly Engaged / High-Value Customers
C01547,9,553.7744444444445,4983.97,4,1,1.8,4.6,0,Occasional / Lower-Engagement Customers
C01548,18,511.37777777777774,9204.8,8,7,3.6,3.8461538461538463,1,Highly Engaged / High-Value Customers
C01549,8,706.37625,5651.01,1,4,2.0,4.5,0,Occasional / Lower-Engagement Customers
C01550,8,551.8175,4414.54,4,1,1.6,4.333333333333333,0,Occasional / Lower-Engagement Customers
C01551,11,758.7090909090908,8345.8,3,2,1.8333333333333333,4.0,1,Highly Engaged / High-Value Customers
C01552,11,529.2099999999999,5821.31,3,0,1.8333333333333333,4.0,0,Occasional / Lower-Engagement Customers
C01553,11,586.8872727272727,6455.76,4,4,1.8333333333333333,3.9,1,Highly Engaged / High-Value Customers
C01554,12,468.7908333333333,5625.49,5,2,2.4,3.0,1,Highly Engaged / High-Value Customers
C01555,6,460.7966666666666,2764.78,3,2,1.5,4.333333333333333,0,Occasional / Lower-Engagement Customers
C01556,13,527.2099999999999,6853.73,3,6,2.1666666666666665,3.0,1,Highly Engaged / High-Value Customers
C01557,10,493.559,4935.59,3,3,2.5,4.125,1,Highly Engaged / High-Value Customers
C01558,8,400.685,3205.48,5,2,1.6,3.6666666666666665,0,Occasional / Lower-Engagement Customers
C01559,12,725.6433333333333,8707.72,6,4,2.0,3.375,1,Highly Engaged / High-Value Customers
C01560,11,461.8363636363636,5080.2,5,3,2.2,3.888888888888889,1,Highly Engaged / High-Value Customers
C01561,8,684.13375,5473.07,3,2,2.0,3.7142857142857135,0,Occasional / Lower-Engagement Customers
C01562,8,654.28125,5234.25,3,1,1.6,3.7142857142857135,0,Occasional / Lower-Engagement Customers
C01563,9,561.8655555555556,5056.79,7,2,1.5,4.0,1,Highly Engaged / High-Value Customers
C01564,4,825.84,3303.36,2,0,1.3333333333333333,4.0,0,Occasional / Lower-Engagement Customers
C01565,8,619.9075,4959.26,4,2,1.6,3.8333333333333335,0,Occasional / Lower-Engagement Customers
C01566,16,568.33625,9093.38,10,5,2.6666666666666665,4.25,1,Highly Engaged / High-Value Customers
C01567,7,602.1071428571429,4214.75,1,4,1.75,4.0,0,Occasional / Lower-Engagement Customers
C01568,13,543.4938461538461,7065.42,4,2,2.1666666666666665,3.555555555555556,1,Highly Engaged / High-Value Customers
C01569,8,447.55,3580.4,2,2,1.6,3.25,0,Occasional / Lower-Engagement Customers
C01570,11,623.1954545454545,6855.15,5,1,2.2,4.6,1,Highly Engaged / High-Value Customers
C01571,6,603.945,3623.67,4,2,2.0,3.5,0,Occasional / Lower-Engagement Customers
C01572,7,800.7228571428572,5605.06,0,0,1.75,4.666666666666667,0,Occasional / Lower-Engagement Customers
C01573,7,504.7542857142857,3533.28,3,1,1.75,4.8,0,Occasional / Lower-Engagement Customers
C01574,9,482.5822222222222,4343.24,5,2,1.8,3.2857142857142856,0,Occasional / Lower-Engagement Customers
C01575,9,522.8433333333334,4705.59,2,1,1.8,4.5,0,Occasional / Lower-Engagement Customers
C01576,8,555.2025,4441.62,3,3,4.0,4.666666666666667,1,Highly Engaged / High-Value Customers
C01577,11,692.9145454545454,7622.059999999999,5,5,1.8333333333333333,4.0,1,Highly Engaged / High-Value Customers
C01578,7,692.342857142857,4846.4,3,1,1.1666666666666667,3.6,0,Occasional / Lower-Engagement Customers
C01579,12,779.9558333333333,9359.47,4,1,2.0,3.4444444444444446,1,Highly Engaged / High-Value Customers
C01580,9,578.1122222222223,5203.01,2,3,2.25,4.5,0,Occasional / Lower-Engagement Customers
C01581,5,574.574,2872.87,1,1,1.25,4.0,0,Occasional / Lower-Engagement Customers
C01582,8,669.34875,5354.79,7,0,1.6,3.8,0,Occasional / Lower-Engagement Customers
C01583,10,514.793,5147.93,5,2,2.0,3.5,1,Highly Engaged / High-Value Customers
C01584,6,482.33,2893.98,1,4,1.5,4.25,0,Occasional / Lower-Engagement Customers
C01585,10,492.162,4921.62,3,2,1.6666666666666667,4.428571428571429,0,Occasional / Lower-Engagement Customers
C01586,5,532.742,2663.71,0,1,1.6666666666666667,4.25,0,Occasional / Lower-Engagement Customers
C01587,16,679.01625,10864.26,5,3,2.6666666666666665,4.5,1,Highly Engaged / High-Value Customers
C01588,11,649.420909090909,7143.63,1,2,1.8333333333333333,3.75,0,Occasional / Lower-Engagement Customers
C01589,8,532.0025,4256.02,2,2,2.0,4.4,0,Occasional / Lower-Engagement Customers
C01590,7,512.3071428571428,3586.15,2,4,1.4,3.333333333333333,0,Occasional / Lower-Engagement Customers
C01591,10,450.58600000000007,4505.860000000001,5,2,2.0,3.6,1,Highly Engaged / High-Value Customers
C01592,9,591.5266666666666,5323.74,3,2,2.25,4.666666666666667,0,Occasional / Lower-Engagement Customers
C01593,5,383.92,1919.6,0,1,1.25,3.0,0,Occasional / Lower-Engagement Customers
C01594,9,537.1633333333334,4834.47,2,3,1.5,4.75,0,Occasional / Lower-Engagement Customers
C01595,6,361.69,2170.14,3,4,1.5,4.2,0,Occasional / Lower-Engagement Customers
C01596,10,530.7629999999999,5307.629999999999,3,1,2.0,4.0,0,Occasional / Lower-Engagement Customers
C01597,11,610.7827272727272,6718.61,4,2,1.8333333333333333,4.25,1,Highly Engaged / High-Value Customers
C01598,8,661.7675,5294.14,3,1,1.6,3.2,0,Occasional / Lower-Engagement Customers
C01599,13,515.5807692307692,6702.55,9,5,2.1666666666666665,3.857142857142857,1,Highly Engaged / High-Value Customers
C01600,9,703.9066666666666,6335.16,7,1,3.0,4.0,1,Highly Engaged / High-Value Customers
C01601,11,719.4709090909091,7914.18,4,2,2.2,3.571428571428572,1,Highly Engaged / High-Value Customers
C01602,9,467.50111111111113,4207.51,5,3,1.8,3.1666666666666665,0,Occasional / Lower-Engagement Customers
C01603,6,771.77,4630.62,2,0,2.0,4.0,0,Occasional / Lower-Engagement Customers
C01604,5,600.804,3004.02,1,1,1.25,4.0,0,Occasional / Lower-Engagement Customers
C01605,12,566.51,6798.12,3,4,2.4,3.1666666666666665,1,Highly Engaged / High-Value Customers
C01606,13,503.8023076923077,6549.43,2,2,2.1666666666666665,4.0,1,Highly Engaged / High-Value Customers
C01607,6,462.9966666666666,2777.98,2,1,1.5,4.0,0,Occasional / Lower-Engagement Customers
C01608,4,519.25,2077.0,1,0,1.3333333333333333,4.0,0,Occasional / Lower-Engagement Customers
C01609,12,562.9025,6754.83,3,2,2.4,3.875,1,Highly Engaged / High-Value Customers
C01610,6,439.1833333333333,2635.1,6,2,2.0,3.5,0,Occasional / Lower-Engagement Customers
C01611,13,622.3046153846154,8089.96,9,2,2.1666666666666665,3.4,1,Highly Engaged / High-Value Customers
C01612,12,373.5891666666666,4483.07,6,5,3.0,4.428571428571429,1,Highly Engaged / High-Value Customers
C01613,12,681.8683333333333,8182.42,4,3,3.0,3.8,1,Highly Engaged / High-Value Customers
C01614,12,731.3691666666667,8776.43,6,2,2.0,4.1,1,Highly Engaged / High-Value Customers
C01615,7,256.94142857142856,1798.59,3,3,1.4,4.4,0,Occasional / Lower-Engagement Customers
C01616,12,656.8275,7881.93,5,3,3.0,3.857142857142857,1,Highly Engaged / High-Value Customers
C01617,14,508.3414285714285,7116.78,7,6,2.333333333333333,3.9,1,Highly Engaged / High-Value Customers
C01618,13,631.4646153846153,8209.039999999999,6,1,2.6,4.333333333333333,1,Highly Engaged / High-Value Customers
C01619,10,501.633,5016.33,2,3,2.0,4.0,0,Occasional / Lower-Engagement Customers
C01620,13,570.2715384615384,7413.53,5,1,2.1666666666666665,3.6666666666666665,1,Highly Engaged / High-Value Customers
C01621,13,622.9807692307693,8098.75,4,2,3.25,4.375,1,Highly Engaged / High-Value Customers
C01622,11,799.549090909091,8795.04,6,4,2.2,3.7142857142857135,1,Highly Engaged / High-Value Customers
C01623,9,545.46,4909.14,2,4,1.5,4.4,0,Occasional / Lower-Engagement Customers
C01624,9,575.9544444444444,5183.59,2,1,1.8,3.6,0,Occasional / Lower-Engagement Customers
C01625,9,591.96,5327.64,4,2,1.8,3.0,0,Occasional / Lower-Engagement Customers
C01626,7,641.0957142857143,4487.67,4,2,1.4,4.75,0,Occasional / Lower-Engagement Customers
C01627,10,533.207,5332.07,4,1,2.0,4.2,0,Occasional / Lower-Engagement Customers
C01628,12,668.8491666666667,8026.19,6,2,3.0,4.0,1,Highly Engaged / High-Value Customers
C01629,4,638.73,2554.92,2,2,1.0,4.0,0,Occasional / Lower-Engagement Customers
C01630,14,590.2421428571428,8263.39,4,6,2.8,4.25,1,Highly Engaged / High-Value Customers
C01631,7,456.8085714285714,3197.66,3,0,1.4,4.666666666666667,0,Occasional / Lower-Engagement Customers
C01632,6,358.90333333333336,2153.42,3,0,1.5,3.2,0,Occasional / Lower-Engagement Customers
C01633,5,494.336,2471.68,2,0,1.6666666666666667,4.75,0,Occasional / Lower-Engagement Customers
C01634,7,429.05285714285714,3003.37,1,1,1.4,4.0,0,Occasional / Lower-Engagement Customers
C01635,11,456.6727272727272,5023.4,4,1,2.75,3.75,1,Highly Engaged / High-Value Customers
C01636,10,485.462,4854.62,5,4,2.0,3.333333333333333,1,Highly Engaged / High-Value Customers
C01637,9,669.1655555555556,6022.49,5,4,1.5,4.166666666666667,1,Highly Engaged / High-Value Customers
C01638,7,505.23285714285714,3536.63,5,2,1.75,4.666666666666667,0,Occasional / Lower-Engagement Customers
C01639,5,580.96,2904.8,0,0,1.25,4.666666666666667,0,Occasional / Lower-Engagement Customers
C01640,10,571.5649999999999,5715.65,6,2,2.5,3.142857142857143,1,Highly Engaged / High-Value Customers
C01641,7,700.9771428571429,4906.84,2,2,1.1666666666666667,3.0,0,Occasional / Lower-Engagement Customers
C01642,5,794.198,3970.99,2,2,1.0,3.6666666666666665,0,Occasional / Lower-Engagement Customers
C01643,13,471.3230769230769,6127.2,1,2,2.6,3.8181818181818175,1,Highly Engaged / High-Value Customers
C01644,9,894.7855555555556,8053.07,3,3,2.25,4.125,1,Highly Engaged / High-Value Customers
C01645,7,477.9042857142857,3345.33,1,2,1.75,4.25,0,Occasional / Lower-Engagement Customers
C01646,8,624.57375,4996.59,1,2,1.6,3.5,0,Occasional / Lower-Engagement Customers
C01647,13,390.99,5082.87,8,1,2.1666666666666665,3.4444444444444446,1,Highly Engaged / High-Value Customers
C01648,8,481.56625,3852.53,4,0,2.0,4.0,0,Occasional / Lower-Engagement Customers
C01649,8,623.75375,4990.03,4,1,1.6,4.0,0,Occasional / Lower-Engagement Customers
C01650,6,337.84,2027.04,2,0,1.2,5.0,0,Occasional / Lower-Engagement Customers
C01651,9,649.9555555555556,5849.6,2,4,1.5,3.857142857142857,0,Occasional / Lower-Engagement Customers
C01652,6,386.4333333333333,2318.6,3,1,1.5,3.6,0,Occasional / Lower-Engagement Customers
C01653,9,497.1177777777778,4474.06,4,2,3.0,4.0,1,Highly Engaged / High-Value Customers
C01654,4,420.16,1680.64,3,2,1.3333333333333333,4.0,0,Occasional / Lower-Engagement Customers
C01655,21,516.1619047619048,10839.4,13,5,4.2,4.0,1,Highly Engaged / High-Value Customers
C01656,7,456.75,3197.25,3,2,1.4,3.6666666666666665,0,Occasional / Lower-Engagement Customers
C01657,15,569.992,8549.88,3,4,2.5,3.272727272727273,1,Highly Engaged / High-Value Customers
C01658,6,661.055,3966.33,2,0,2.0,3.25,0,Occasional / Lower-Engagement Customers
C01659,12,613.4041666666667,7360.85,6,2,2.0,4.0,1,Highly Engaged / High-Value Customers
C01660,10,479.937,4799.37,4,2,2.0,4.333333333333333,0,Occasional / Lower-Engagement Customers
C01661,10,639.543,6395.43,4,4,2.0,4.285714285714286,1,Highly Engaged / High-Value Customers
C01662,7,421.09,2947.63,4,1,1.1666666666666667,4.6,0,Occasional / Lower-Engagement Customers
C01663,9,536.4911111111111,4828.42,2,1,1.8,3.888888888888889,0,Occasional / Lower-Engagement Customers
C01664,7,466.61285714285714,3266.29,2,3,1.4,4.5,0,Occasional / Lower-Engagement Customers
C01665,7,803.6714285714286,5625.7,3,1,1.75,3.5,0,Occasional / Lower-Engagement Customers
C01666,12,583.3158333333333,6999.79,3,4,2.4,3.7777777777777777,1,Highly Engaged / High-Value Customers
C01667,14,473.9578571428571,6635.41,7,2,2.333333333333333,3.333333333333333,1,Highly Engaged / High-Value Customers
C01668,11,640.8245454545454,7049.07,3,2,1.8333333333333333,4.2,1,Highly Engaged / High-Value Customers
C01669,4,657.9075,2631.63,1,0,1.3333333333333333,4.666666666666667,0,Occasional / Lower-Engagement Customers
C01670,5,420.95200000000006,2104.76,3,2,1.25,4.0,0,Occasional / Lower-Engagement Customers
C01671,9,732.4455555555555,6592.01,3,0,1.8,4.666666666666667,0,Occasional / Lower-Engagement Customers
C01672,10,708.721,7087.21,4,2,2.0,3.6666666666666665,1,Highly Engaged / High-Value Customers
C01673,8,531.745,4253.96,1,1,1.6,4.142857142857143,0,Occasional / Lower-Engagement Customers
C01674,5,374.672,1873.36,2,1,1.25,4.2,0,Occasional / Lower-Engagement Customers
C01675,10,388.496,3884.96,1,3,1.6666666666666667,5.0,0,Occasional / Lower-Engagement Customers
C01676,6,577.8466666666667,3467.08,3,3,2.0,2.8,0,Occasional / Lower-Engagement Customers
C01677,7,417.7142857142857,2924.0,1,0,1.1666666666666667,3.25,0,Occasional / Lower-Engagement Customers
C01678,6,477.5683333333333,2865.41,5,1,1.5,3.6666666666666665,0,Occasional / Lower-Engagement Customers
C01679,10,484.024,4840.24,3,2,1.6666666666666667,3.857142857142857,0,Occasional / Lower-Engagement Customers
C01680,6,442.98333333333335,2657.9,1,0,1.5,5.0,0,Occasional / Lower-Engagement Customers
C01681,12,690.8158333333334,8289.79,4,2,2.4,4.444444444444445,1,Highly Engaged / High-Value Customers
C01682,3,730.2433333333333,2190.73,2,2,1.0,3.333333333333333,0,Occasional / Lower-Engagement Customers
C01683,6,671.4399999999999,4028.64,4,2,1.5,3.8,0,Occasional / Lower-Engagement Customers
C01684,10,634.8820000000001,6348.820000000001,3,3,2.5,4.0,1,Highly Engaged / High-Value Customers
C01685,11,778.3663636363636,8562.03,2,3,2.2,3.8333333333333335,1,Highly Engaged / High-Value Customers
C01686,9,459.7966666666667,4138.17,2,1,1.8,3.5,0,Occasional / Lower-Engagement Customers
C01687,12,555.1633333333333,6661.96,7,3,2.0,2.75,1,Highly Engaged / High-Value Customers
C01688,6,633.5316666666666,3801.19,3,0,1.5,4.666666666666667,0,Occasional / Lower-Engagement Customers
C01689,10,576.967,5769.67,5,1,2.0,3.875,1,Highly Engaged / High-Value Customers
C01690,7,296.96857142857147,2078.78,2,3,1.75,3.8,0,Occasional / Lower-Engagement Customers
C01691,9,512.8966666666666,4616.07,3,0,2.25,3.8,0,Occasional / Lower-Engagement Customers
C01692,9,577.6988888888889,5199.29,4,2,2.25,3.8,1,Highly Engaged / High-Value Customers
C01693,8,356.79125,2854.33,4,3,2.0,4.333333333333333,0,Occasional / Lower-Engagement Customers
C01694,13,514.6746153846154,6690.77,1,4,3.25,4.444444444444445,1,Highly Engaged / High-Value Customers
C01695,6,449.305,2695.83,2,2,1.2,3.333333333333333,0,Occasional / Lower-Engagement Customers
C01696,7,461.55285714285714,3230.87,2,3,1.75,4.25,0,Occasional / Lower-Engagement Customers
C01697,9,527.1133333333333,4744.02,5,3,1.5,3.6666666666666665,0,Occasional / Lower-Engagement Customers
C01698,4,345.705,1382.82,3,0,1.3333333333333333,3.5,0,Occasional / Lower-Engagement Customers
C01699,13,642.2453846153846,8349.19,6,0,2.6,4.222222222222222,1,Highly Engaged / High-Value Customers
C01700,14,629.9114285714286,8818.76,5,3,2.8,4.0,1,Highly Engaged / High-Value Customers
C01701,9,758.2822222222222,6824.54,5,1,2.25,4.75,1,Highly Engaged / High-Value Customers
C01702,8,601.73375,4813.87,3,2,2.0,4.2,0,Occasional / Lower-Engagement Customers
C01703,13,591.7107692307692,7692.24,6,1,2.6,4.285714285714286,1,Highly Engaged / High-Value Customers
C01704,14,649.2307142857143,9089.23,6,0,2.333333333333333,3.555555555555556,1,Highly Engaged / High-Value Customers
C01705,5,746.1220000000001,3730.61,4,1,1.25,4.0,0,Occasional / Lower-Engagement Customers
C01706,6,707.585,4245.51,3,0,2.0,3.25,0,Occasional / Lower-Engagement Customers
C01707,10,456.342,4563.42,6,4,2.0,3.7142857142857135,1,Highly Engaged / High-Value Customers
C01708,9,614.9933333333333,5534.9400000000005,0,4,1.8,4.0,0,Occasional / Lower-Engagement Customers
C01709,9,452.9244444444445,4076.32,3,0,2.25,3.857142857142857,0,Occasional / Lower-Engagement Customers
C01710,11,433.7509090909091,4771.26,4,1,1.8333333333333333,4.857142857142857,0,Occasional / Lower-Engagement Customers
C01711,9,613.8244444444445,5524.42,2,2,1.5,4.166666666666667,0,Occasional / Lower-Engagement Customers
C01712,12,653.2541666666667,7839.05,2,2,2.0,3.857142857142857,1,Highly Engaged / High-Value Customers
C01713,8,711.13375,5689.07,6,0,2.6666666666666665,4.5,1,Highly Engaged / High-Value Customers
C01714,11,551.8218181818182,6070.04,3,4,2.2,3.8333333333333335,1,Highly Engaged / High-Value Customers
C01715,11,545.2227272727273,5997.45,4,3,2.2,3.857142857142857,1,Highly Engaged / High-Value Customers
C01716,8,305.69,2445.52,3,1,1.6,3.571428571428572,0,Occasional / Lower-Engagement Customers
C01717,9,687.7466666666667,6189.72,5,4,2.25,4.666666666666667,1,Highly Engaged / High-Value Customers
C01718,10,549.851,5498.51,3,8,1.6666666666666667,3.75,1,Highly Engaged / High-Value Customers
C01719,6,647.775,3886.65,3,1,1.5,3.5,0,Occasional / Lower-Engagement Customers
C01720,10,544.052,5440.52,5,4,2.0,3.8333333333333335,1,Highly Engaged / High-Value Customers
C01721,12,430.50916666666666,5166.11,2,4,2.0,3.7777777777777777,1,Highly Engaged / High-Value Customers
C01722,9,485.80555555555554,4372.25,3,1,2.25,4.0,0,Occasional / Lower-Engagement Customers
C01723,8,712.5912500000001,5700.7300000000005,2,2,2.0,4.4,0,Occasional / Lower-Engagement Customers
C01724,5,595.562,2977.81,2,2,1.25,4.5,0,Occasional / Lower-Engagement Customers
C01725,15,468.94933333333336,7034.240000000001,3,5,3.0,3.2222222222222223,1,Highly Engaged / High-Value Customers
C01726,16,708.585,11337.36,7,2,2.6666666666666665,3.6,1,Highly Engaged / High-Value Customers
C01727,9,433.53,3901.77,5,3,1.8,4.142857142857143,0,Occasional / Lower-Engagement Customers
C01728,9,685.6877777777777,6171.19,4,2,2.25,4.25,1,Highly Engaged / High-Value Customers
C01729,9,308.6255555555556,2777.63,4,3,1.5,4.571428571428571,0,Occasional / Lower-Engagement Customers
C01730,10,657.972,6579.72,2,1,2.0,4.6,0,Occasional / Lower-Engagement Customers
C01731,14,588.5128571428571,8239.18,4,6,2.333333333333333,3.857142857142857,1,Highly Engaged / High-Value Customers
C01732,8,443.37875,3547.03,4,3,1.6,4.333333333333333,0,Occasional / Lower-Engagement Customers
C01733,7,556.6242857142857,3896.37,1,2,2.333333333333333,3.0,0,Occasional / Lower-Engagement Customers
C01734,8,508.82875,4070.63,4,1,2.0,4.0,0,Occasional / Lower-Engagement Customers
C01735,14,515.5821428571428,7218.15,7,5,2.333333333333333,4.111111111111111,1,Highly Engaged / High-Value Customers
C01736,8,617.4200000000001,4939.360000000001,3,1,2.0,4.5,0,Occasional / Lower-Engagement Customers
C01737,6,431.525,2589.15,3,2,1.5,3.4,0,Occasional / Lower-Engagement Customers
C01738,17,505.1629411764706,8587.77,3,5,3.4,3.5,1,Highly Engaged / High-Value Customers
C01739,7,593.0771428571428,4151.54,1,1,1.75,3.6,0,Occasional / Lower-Engagement Customers
C01740,8,756.84625,6054.77,4,0,2.6666666666666665,4.0,1,Highly Engaged / High-Value Customers
C01741,7,866.0657142857143,6062.46,3,2,1.4,4.0,0,Occasional / Lower-Engagement Customers
C01742,11,593.9236363636363,6533.16,2,3,1.8333333333333333,3.5,1,Highly Engaged / High-Value Customers
C01743,7,358.9214285714285,2512.45,2,2,1.75,3.8333333333333335,0,Occasional / Lower-Engagement Customers
C01744,9,503.1811111111112,4528.63,4,4,1.5,4.142857142857143,0,Occasional / Lower-Engagement Customers
C01745,8,778.3425,6226.74,3,1,2.6666666666666665,3.8333333333333335,1,Highly Engaged / High-Value Customers
C01746,6,762.7366666666667,4576.42,3,2,1.5,3.25,0,Occasional / Lower-Engagement Customers
C01747,10,476.696,4766.96,5,3,2.0,3.8333333333333335,1,Highly Engaged / High-Value Customers
C01748,12,708.2824999999999,8499.39,5,2,3.0,4.5,1,Highly Engaged / High-Value Customers
C01749,6,656.3633333333333,3938.18,0,2,1.5,4.0,0,Occasional / Lower-Engagement Customers
C01750,7,677.4028571428571,4741.82,1,2,1.75,4.166666666666667,0,Occasional / Lower-Engagement Customers
C01751,16,794.735,12715.76,3,3,3.2,3.4545454545454546,1,Highly Engaged / High-Value Customers
C01752,7,702.3100000000001,4916.17,5,1,1.75,3.25,0,Occasional / Lower-Engagement Customers
C01753,14,486.4021428571429,6809.63,4,2,2.8,3.9,1,Highly Engaged / High-Value Customers
C01754,11,594.9418181818181,6544.36,2,1,2.2,4.333333333333333,1,Highly Engaged / High-Value Customers
C01755,11,597.4518181818181,6571.969999999999,4,2,1.8333333333333333,4.0,1,Highly Engaged / High-Value Customers
C01756,8,462.455,3699.64,3,1,2.0,3.571428571428572,0,Occasional / Lower-Engagement Customers
C01757,8,666.385,5331.08,4,4,1.6,4.0,0,Occasional / Lower-Engagement Customers
C01758,13,504.2946153846154,6555.83,5,4,2.6,4.555555555555555,1,Highly Engaged / High-Value Customers
C01759,5,587.588,2937.94,3,2,1.6666666666666667,4.333333333333333,0,Occasional / Lower-Engagement Customers
C01760,17,515.7705882352941,8768.1,2,2,2.833333333333333,3.727272727272727,1,Highly Engaged / High-Value Customers
C01761,8,610.02,4880.16,2,4,2.0,3.4285714285714284,0,Occasional / Lower-Engagement Customers
C01762,9,364.69444444444446,3282.25,3,3,1.8,2.5,0,Occasional / Lower-Engagement Customers
C01763,6,514.7583333333333,3088.55,1,1,2.0,3.0,0,Occasional / Lower-Engagement Customers
C01764,7,563.89,3947.23,3,1,1.4,3.8333333333333335,0,Occasional / Lower-Engagement Customers
C01765,5,703.644,3518.2200000000003,2,1,1.25,4.5,0,Occasional / Lower-Engagement Customers
C01766,8,681.54625,5452.37,2,3,1.6,3.6,0,Occasional / Lower-Engagement Customers
C01767,6,497.765,2986.59,2,1,1.2,3.6666666666666665,0,Occasional / Lower-Engagement Customers
C01768,10,861.027,8610.27,5,4,2.0,4.5,1,Highly Engaged / High-Value Customers
C01769,10,648.5600000000001,6485.6,5,2,2.5,3.333333333333333,1,Highly Engaged / High-Value Customers
C01770,8,371.665,2973.32,4,1,1.6,3.8333333333333335,0,Occasional / Lower-Engagement Customers
C01771,6,579.4016666666666,3476.41,2,0,1.2,3.25,0,Occasional / Lower-Engagement Customers
C01772,11,641.1736363636363,7052.91,4,3,2.75,2.4285714285714284,1,Highly Engaged / High-Value Customers
C01773,9,529.2611111111112,4763.35,4,5,2.25,3.6666666666666665,1,Highly Engaged / High-Value Customers
C01774,16,702.02125,11232.34,7,6,2.6666666666666665,4.153846153846154,1,Highly Engaged / High-Value Customers
C01775,10,731.448,7314.48,4,2,1.6666666666666667,3.875,1,Highly Engaged / High-Value Customers
C01776,9,420.74,3786.66,5,2,1.5,3.8333333333333335,0,Occasional / Lower-Engagement Customers
C01777,8,550.465,4403.72,3,1,2.6666666666666665,4.2,0,Occasional / Lower-Engagement Customers
C01778,15,579.0233333333333,8685.35,6,1,2.5,3.5,1,Highly Engaged / High-Value Customers
C01779,18,580.0694444444445,10441.25,7,6,3.0,3.5,1,Highly Engaged / High-Value Customers
C01780,7,807.0042857142856,5649.03,4,2,1.75,3.2857142857142856,0,Occasional / Lower-Engagement Customers
C01781,8,844.3475,6754.78,2,5,2.0,4.5,1,Highly Engaged / High-Value Customers
C01782,11,466.99545454545455,5136.95,3,4,1.8333333333333333,4.0,1,Highly Engaged / High-Value Customers
C01783,6,484.19166666666666,2905.15,2,1,1.5,4.2,0,Occasional / Lower-Engagement Customers
C01784,14,695.6778571428571,9739.49,4,5,2.333333333333333,3.6,1,Highly Engaged / High-Value Customers
C01785,8,650.385,5203.08,3,1,1.3333333333333333,4.333333333333333,0,Occasional / Lower-Engagement Customers
C01786,13,457.1584615384616,5943.06,5,2,2.1666666666666665,4.2727272727272725,1,Highly Engaged / High-Value Customers
C01787,6,666.92,4001.52,2,3,1.5,4.666666666666667,0,Occasional / Lower-Engagement Customers
C01788,9,592.6077777777778,5333.47,3,3,1.8,4.5,0,Occasional / Lower-Engagement Customers
C01789,11,519.7645454545454,5717.41,6,5,1.8333333333333333,4.25,1,Highly Engaged / High-Value Customers
C01790,11,554.5172727272727,6099.69,5,1,2.2,4.25,1,Highly Engaged / High-Value Customers
C01791,8,656.34125,5250.73,3,4,2.0,4.4,1,Highly Engaged / High-Value Customers
C01792,5,627.316,3136.58,1,0,1.25,2.333333333333333,0,Occasional / Lower-Engagement Customers
C01793,6,734.6550000000001,4407.93,2,2,1.5,4.5,0,Occasional / Lower-Engagement Customers
C01794,4,406.1025,1624.41,2,1,1.3333333333333333,4.0,0,Occasional / Lower-Engagement Customers
C01795,9,415.52777777777777,3739.75,4,3,1.5,3.857142857142857,0,Occasional / Lower-Engagement Customers
C01796,7,433.2442857142857,3032.71,1,2,1.4,4.333333333333333,0,Occasional / Lower-Engagement Customers
C01797,6,523.625,3141.75,1,0,1.5,4.166666666666667,0,Occasional / Lower-Engagement Customers
C01798,9,567.2766666666666,5105.49,4,3,2.25,4.0,1,Highly Engaged / High-Value Customers
C01799,10,416.293,4162.93,3,2,2.0,4.0,0,Occasional / Lower-Engagement Customers
C01800,9,575.24,5177.16,3,1,2.25,4.0,0,Occasional / Lower-Engagement Customers
C01801,14,532.6171428571429,7456.64,7,3,3.5,3.8181818181818175,1,Highly Engaged / High-Value Customers
C01802,9,571.23,5141.07,4,3,1.8,3.6666666666666665,0,Occasional / Lower-Engagement Customers
C01803,7,700.5571428571428,4903.9,3,1,2.333333333333333,3.5,0,Occasional / Lower-Engagement Customers
C01804,7,549.0242857142857,3843.17,2,2,1.75,4.6,0,Occasional / Lower-Engagement Customers
C01805,13,494.8407692307693,6432.93,4,3,2.1666666666666665,3.333333333333333,1,Highly Engaged / High-Value Customers
C01806,5,584.142,2920.71,2,0,1.0,4.0,0,Occasional / Lower-Engagement Customers
C01807,15,695.3306666666666,10429.96,3,6,2.5,3.6,1,Highly Engaged / High-Value Customers
C01808,8,545.09125,4360.73,4,4,1.6,4.0,0,Occasional / Lower-Engagement Customers
C01809,10,479.984,4799.84,4,4,2.0,4.5,1,Highly Engaged / High-Value Customers
C01810,10,676.8489999999999,6768.49,4,2,2.0,3.5,1,Highly Engaged / High-Value Customers
C01811,9,687.1488888888889,6184.34,4,4,2.25,3.8333333333333335,1,Highly Engaged / High-Value Customers
C01812,6,589.4633333333333,3536.78,2,0,1.5,4.333333333333333,0,Occasional / Lower-Engagement Customers
C01813,6,562.5733333333334,3375.44,3,3,1.5,5.0,0,Occasional / Lower-Engagement Customers
C01814,9,415.74555555555554,3741.71,3,3,1.5,4.666666666666667,0,Occasional / Lower-Engagement Customers
C01815,12,600.385,7204.62,7,8,2.4,4.2,1,Highly Engaged / High-Value Customers
C01816,7,779.0314285714286,5453.22,0,1,1.75,4.0,0,Occasional / Lower-Engagement Customers
C01817,8,461.84125,3694.73,2,4,2.0,3.75,0,Occasional / Lower-Engagement Customers
C01818,15,594.0513333333333,8910.77,3,5,3.0,3.75,1,Highly Engaged / High-Value Customers
C01819,7,717.4399999999999,5022.08,1,2,1.4,4.666666666666667,0,Occasional / Lower-Engagement Customers
C01820,16,734.280625,11748.49,3,4,3.2,3.6666666666666665,1,Highly Engaged / High-Value Customers
C01821,12,430.59833333333336,5167.18,5,3,2.0,3.375,1,Highly Engaged / High-Value Customers
C01822,12,495.25,5943.0,2,3,2.0,3.5,1,Highly Engaged / High-Value Customers
C01823,10,537.045,5370.45,5,2,2.5,3.4285714285714284,1,Highly Engaged / High-Value Customers
C01824,11,454.2036363636364,4996.24,3,2,2.2,3.625,1,Highly Engaged / High-Value Customers
C01825,10,513.033,5130.33,2,2,2.5,3.7142857142857135,0,Occasional / Lower-Engagement Customers
C01826,6,802.105,4812.63,5,2,1.5,5.0,0,Occasional / Lower-Engagement Customers
C01827,15,580.0360000000001,8700.54,6,3,3.0,4.363636363636363,1,Highly Engaged / High-Value Customers
C01828,13,443.01307692307694,5759.17,6,4,2.6,4.125,1,Highly Engaged / High-Value Customers
C01829,8,781.22125,6249.77,3,2,2.6666666666666665,3.5,1,Highly Engaged / High-Value Customers
C01830,5,433.616,2168.08,3,1,1.0,3.6666666666666665,0,Occasional / Lower-Engagement Customers
C01831,8,947.785,7582.280000000001,4,5,1.6,4.0,1,Highly Engaged / High-Value Customers
C01832,15,478.96866666666665,7184.53,7,2,2.5,4.0,1,Highly Engaged / High-Value Customers
C01833,9,662.6722222222222,5964.05,5,1,1.5,4.166666666666667,0,Occasional / Lower-Engagement Customers
C01834,13,526.4115384615385,6843.35,5,3,2.1666666666666665,3.555555555555556,1,Highly Engaged / High-Value Customers
C01835,9,641.7433333333333,5775.6900000000005,3,0,1.5,3.0,0,Occasional / Lower-Engagement Customers
C01836,9,477.86,4300.74,3,2,1.5,4.714285714285714,0,Occasional / Lower-Engagement Customers
C01837,5,314.224,1571.12,1,3,1.6666666666666667,1.6666666666666667,0,Occasional / Lower-Engagement Customers
C01838,8,619.86375,4958.91,5,1,1.6,4.125,0,Occasional / Lower-Engagement Customers
C01839,9,558.1144444444444,5023.03,4,3,1.8,4.0,0,Occasional / Lower-Engagement Customers
C01840,10,482.41,4824.1,4,4,2.5,4.25,1,Highly Engaged / High-Value Customers
C01841,11,613.9936363636364,6753.93,4,2,2.2,4.5,1,Highly Engaged / High-Value Customers
C01842,10,670.554,6705.54,4,1,2.5,4.0,1,Highly Engaged / High-Value Customers
C01843,4,357.685,1430.74,1,2,1.3333333333333333,3.333333333333333,0,Occasional / Lower-Engagement Customers
C01844,7,654.8585714285715,4584.01,0,1,1.75,4.75,0,Occasional / Lower-Engagement Customers
C01845,11,471.9872727272728,5191.860000000001,1,2,1.8333333333333333,3.0,0,Occasional / Lower-Engagement Customers
C01846,7,560.2471428571429,3921.73,3,2,1.75,3.333333333333333,0,Occasional / Lower-Engagement Customers
C01847,7,549.7442857142858,3848.21,5,1,1.4,4.5,0,Occasional / Lower-Engagement Customers
C01848,10,632.1139999999999,6321.139999999999,3,1,1.6666666666666667,4.142857142857143,0,Occasional / Lower-Engagement Customers
C01849,6,745.8783333333332,4475.27,2,1,1.5,3.6666666666666665,0,Occasional / Lower-Engagement Customers
C01850,9,612.62,5513.58,3,3,2.25,4.75,1,Highly Engaged / High-Value Customers
C01851,8,615.64875,4925.19,2,2,1.6,4.333333333333333,0,Occasional / Lower-Engagement Customers
C01852,13,526.4030769230769,6843.24,7,2,2.6,3.125,1,Highly Engaged / High-Value Customers
C01853,12,588.5933333333334,7063.12,5,3,2.0,3.333333333333333,1,Highly Engaged / High-Value Customers
C01854,3,321.59666666666664,964.79,2,1,1.0,3.5,0,Occasional / Lower-Engagement Customers
C01855,15,431.4526666666667,6471.79,6,6,3.0,4.571428571428571,1,Highly Engaged / High-Value Customers
C01856,9,406.7044444444445,3660.34,4,3,2.25,3.6,0,Occasional / Lower-Engagement Customers
C01857,6,517.9766666666666,3107.86,2,2,2.0,4.0,0,Occasional / Lower-Engagement Customers
C01858,9,632.8244444444445,5695.42,4,2,1.8,3.2,0,Occasional / Lower-Engagement Customers
C01859,9,323.3577777777778,2910.2200000000003,4,1,1.8,3.4285714285714284,0,Occasional / Lower-Engagement Customers
C01860,7,562.6514285714286,3938.56,2,0,1.75,4.142857142857143,0,Occasional / Lower-Engagement Customers
C01861,3,169.72333333333333,509.17,2,1,1.0,4.0,0,Occasional / Lower-Engagement Customers
C01862,10,580.762,5807.62,6,3,1.6666666666666667,3.333333333333333,1,Highly Engaged / High-Value Customers
C01863,6,536.93,3221.58,3,1,2.0,5.0,0,Occasional / Lower-Engagement Customers
C01864,7,549.6514285714286,3847.56,3,1,1.4,2.4,0,Occasional / Lower-Engagement Customers
C01865,7,851.4014285714286,5959.81,2,1,1.4,4.0,0,Occasional / Lower-Engagement Customers
C01866,6,856.8183333333333,5140.91,3,2,1.5,4.25,0,Occasional / Lower-Engagement Customers
C01867,5,480.5940000000001,2402.9700000000003,3,1,1.6666666666666667,3.6666666666666665,0,Occasional / Lower-Engagement Customers
C01868,9,832.0466666666666,7488.42,1,0,2.25,4.0,0,Occasional / Lower-Engagement Customers
C01869,9,391.1377777777778,3520.24,1,3,1.8,4.25,0,Occasional / Lower-Engagement Customers
C01870,8,378.37,3026.96,4,0,1.3333333333333333,3.6,0,Occasional / Lower-Engagement Customers
C01871,8,430.475,3443.8,3,2,1.6,4.333333333333333,0,Occasional / Lower-Engagement Customers
C01872,7,622.8542857142857,4359.98,3,2,1.4,2.6,0,Occasional / Lower-Engagement Customers
C01873,5,356.906,1784.53,1,0,1.25,4.333333333333333,0,Occasional / Lower-Engagement Customers
C01874,7,567.8742857142857,3975.12,2,3,1.4,4.333333333333333,0,Occasional / Lower-Engagement Customers
C01875,6,594.5400000000001,3567.24,3,3,2.0,4.666666666666667,0,Occasional / Lower-Engagement Customers
C01876,8,650.60125,5204.81,4,3,2.6666666666666665,4.0,1,Highly Engaged / High-Value Customers
C01877,10,557.182,5571.82,4,3,2.0,4.666666666666667,1,Highly Engaged / High-Value Customers
C01878,10,433.602,4336.02,4,2,2.0,3.8,0,Occasional / Lower-Engagement Customers
C01879,11,859.830909090909,9458.14,7,3,1.8333333333333333,3.5,1,Highly Engaged / High-Value Customers
C01880,9,662.06,5958.54,3,4,2.25,4.4,1,Highly Engaged / High-Value Customers
C01881,4,444.67,1778.68,1,0,1.3333333333333333,4.0,0,Occasional / Lower-Engagement Customers
C01882,12,687.1166666666667,8245.4,6,4,2.0,4.285714285714286,1,Highly Engaged / High-Value Customers
C01883,9,586.0999999999999,5274.9,5,0,1.8,3.6666666666666665,0,Occasional / Lower-Engagement Customers
C01884,10,780.403,7804.03,6,3,2.5,4.0,1,Highly Engaged / High-Value Customers
C01885,11,602.6572727272728,6629.2300000000005,5,2,1.8333333333333333,2.571428571428572,1,Highly Engaged / High-Value Customers
C01886,9,416.2688888888889,3746.42,6,4,1.8,3.6666666666666665,1,Highly Engaged / High-Value Customers
C01887,11,562.5963636363635,6188.56,6,4,1.8333333333333333,3.8,1,Highly Engaged / High-Value Customers
C01888,9,631.9699999999999,5687.73,4,2,2.25,4.571428571428571,1,Highly Engaged / High-Value Customers
C01889,8,390.80375,3126.4300000000003,3,3,2.0,2.75,0,Occasional / Lower-Engagement Customers
C01890,12,860.8191666666667,10329.83,6,2,2.0,3.7142857142857135,1,Highly Engaged / High-Value Customers
C01891,14,584.4542857142858,8182.360000000001,4,7,2.8,3.4285714285714284,1,Highly Engaged / High-Value Customers
C01892,7,594.7442857142858,4163.21,1,1,1.75,4.666666666666667,0,Occasional / Lower-Engagement Customers
C01893,15,520.0613333333333,7800.92,1,3,2.5,2.833333333333333,1,Highly Engaged / High-Value Customers
C01894,6,643.6516666666666,3861.91,2,0,1.5,4.333333333333333,0,Occasional / Lower-Engagement Customers
C01895,11,671.789090909091,7389.68,7,3,2.75,4.0,1,Highly Engaged / High-Value Customers
C01896,14,525.8192857142857,7361.47,6,2,2.8,4.111111111111111,1,Highly Engaged / High-Value Customers
C01897,13,660.0007692307693,8580.01,6,1,2.1666666666666665,3.7777777777777777,1,Highly Engaged / High-Value Customers
C01898,7,847.3014285714286,5931.11,2,2,1.75,4.0,0,Occasional / Lower-Engagement Customers
C01899,10,594.12,5941.2,1,1,2.0,4.0,0,Occasional / Lower-Engagement Customers
C01900,5,380.222,1901.11,2,2,1.6666666666666667,3.75,0,Occasional / Lower-Engagement Customers
C01901,3,835.6366666666667,2506.91,3,1,1.0,4.0,0,Occasional / Lower-Engagement Customers
C01902,10,626.4440000000001,6264.4400000000005,6,1,2.0,4.714285714285714,1,Highly Engaged / High-Value Customers
C01903,12,417.2058333333334,5006.47,2,1,2.0,4.428571428571429,0,Occasional / Lower-Engagement Customers
C01904,10,731.48,7314.8,4,2,2.0,3.571428571428572,1,Highly Engaged / High-Value Customers
C01905,8,485.1,3880.8,4,4,1.6,4.0,0,Occasional / Lower-Engagement Customers
C01906,9,309.5011111111112,2785.51,5,1,1.8,4.4,0,Occasional / Lower-Engagement Customers
C01907,5,439.668,2198.34,2,3,1.25,4.0,0,Occasional / Lower-Engagement Customers
C01908,7,323.48,2264.36,2,3,2.333333333333333,3.8333333333333335,0,Occasional / Lower-Engagement Customers
C01909,12,619.5983333333334,7435.18,4,3,2.0,3.333333333333333,1,Highly Engaged / High-Value Customers
C01910,12,531.1958333333333,6374.35,3,3,2.0,3.888888888888889,1,Highly Engaged / High-Value Customers
C01911,6,580.9966666666667,3485.98,3,1,2.0,4.25,0,Occasional / Lower-Engagement Customers
C01912,8,575.9075,4607.26,3,2,2.6666666666666665,2.75,0,Occasional / Lower-Engagement Customers
C01913,11,641.2736363636363,7054.01,4,3,2.2,3.8,1,Highly Engaged / High-Value Customers
C01914,8,542.0725,4336.58,4,1,1.6,3.5,0,Occasional / Lower-Engagement Customers
C01915,7,567.7342857142856,3974.14,4,2,2.333333333333333,3.6,0,Occasional / Lower-Engagement Customers
C01916,8,529.80375,4238.43,6,2,2.0,4.0,0,Occasional / Lower-Engagement Customers
C01917,5,724.1519999999999,3620.76,0,4,1.25,4.75,0,Occasional / Lower-Engagement Customers
C01918,10,676.516,6765.16,4,2,2.5,3.6666666666666665,1,Highly Engaged / High-Value Customers
C01919,9,446.5677777777778,4019.11,3,2,2.25,4.333333333333333,0,Occasional / Lower-Engagement Customers
C01920,12,454.27833333333336,5451.34,3,1,2.0,3.888888888888889,0,Occasional / Lower-Engagement Customers
C01921,16,716.03875,11456.62,7,4,2.6666666666666665,3.8333333333333335,1,Highly Engaged / High-Value Customers
C01922,9,441.83,3976.47,1,2,1.8,3.8333333333333335,0,Occasional / Lower-Engagement Customers
C01923,12,442.7966666666666,5313.56,4,2,2.0,3.625,1,Highly Engaged / High-Value Customers
C01924,8,389.1825,3113.46,3,2,1.6,4.4,0,Occasional / Lower-Engagement Customers
C01925,11,508.27181818181816,5590.99,3,5,2.2,4.1,1,Highly Engaged / High-Value Customers
C01926,9,850.4633333333334,7654.17,4,4,2.25,3.571428571428572,1,Highly Engaged / High-Value Customers
C01927,7,560.0228571428571,3920.16,3,2,1.75,4.25,0,Occasional / Lower-Engagement Customers
C01928,7,996.6614285714286,6976.63,3,1,2.333333333333333,4.0,1,Highly Engaged / High-Value Customers
C01929,5,394.738,1973.69,3,1,1.6666666666666667,4.666666666666667,0,Occasional / Lower-Engagement Customers
C01930,5,243.814,1219.07,1,2,1.25,3.0,0,Occasional / Lower-Engagement Customers
C01931,9,475.3444444444445,4278.1,4,3,1.8,2.6,0,Occasional / Lower-Engagement Customers
C01932,13,410.54615384615386,5337.1,3,6,2.6,3.1818181818181817,1,Highly Engaged / High-Value Customers
C01933,11,355.0590909090909,3905.65,7,3,1.8333333333333333,4.0,1,Highly Engaged / High-Value Customers
C01934,5,606.064,3030.32,2,1,1.25,5.0,0,Occasional / Lower-Engagement Customers
C01935,8,579.10125,4632.81,3,1,1.6,4.0,0,Occasional / Lower-Engagement Customers
C01936,6,563.4699999999999,3380.82,2,2,1.5,3.6666666666666665,0,Occasional / Lower-Engagement Customers
C01937,6,773.5433333333334,4641.26,1,1,1.5,3.5,0,Occasional / Lower-Engagement Customers
C01938,6,440.48333333333335,2642.9,3,1,1.5,3.5,0,Occasional / Lower-Engagement Customers
C01939,7,515.5814285714285,3609.07,2,4,1.75,4.5,0,Occasional / Lower-Engagement Customers
C01940,8,319.88125,2559.05,4,0,2.0,4.2,0,Occasional / Lower-Engagement Customers
C01941,14,626.3085714285714,8768.32,4,2,2.8,3.8,1,Highly Engaged / High-Value Customers
C01942,7,553.3542857142858,3873.48,1,0,1.75,4.25,0,Occasional / Lower-Engagement Customers
C01943,6,493.75666666666666,2962.54,3,0,2.0,2.0,0,Occasional / Lower-Engagement Customers
C01944,8,498.8512500000001,3990.81,0,4,2.0,4.666666666666667,0,Occasional / Lower-Engagement Customers
C01945,14,480.6285714285714,6728.8,4,2,2.8,3.7142857142857135,1,Highly Engaged / High-Value Customers
C01946,8,468.515,3748.12,4,3,2.0,2.833333333333333,0,Occasional / Lower-Engagement Customers
C01947,8,451.48,3611.84,6,4,2.0,3.333333333333333,1,Highly Engaged / High-Value Customers
C01948,7,421.0642857142857,2947.45,2,0,1.75,2.5,0,Occasional / Lower-Engagement Customers
C01949,7,552.86,3870.02,2,0,2.333333333333333,3.8,0,Occasional / Lower-Engagement Customers
C01950,8,292.9675,2343.74,4,1,1.6,4.0,0,Occasional / Lower-Engagement Customers
C01951,9,635.4077777777778,5718.67,5,1,1.5,3.75,0,Occasional / Lower-Engagement Customers
C01952,13,616.7461538461538,8017.7,5,5,2.6,3.7777777777777777,1,Highly Engaged / High-Value Customers
C01953,11,572.7663636363636,6300.43,4,4,2.2,4.111111111111111,1,Highly Engaged / High-Value Customers
C01954,11,478.0509090909091,5258.56,5,3,2.2,4.333333333333333,1,Highly Engaged / High-Value Customers
C01955,10,411.342,4113.42,1,4,2.0,3.857142857142857,0,Occasional / Lower-Engagement Customers
C01956,9,744.61,6701.49,4,2,2.25,3.1666666666666665,1,Highly Engaged / High-Value Customers
C01957,7,898.8714285714286,6292.1,2,1,1.4,4.2,0,Occasional / Lower-Engagement Customers
C01958,9,819.7077777777778,7377.37,4,2,1.5,4.666666666666667,1,Highly Engaged / High-Value Customers
C01959,9,397.3733333333333,3576.36,2,2,1.5,3.2,0,Occasional / Lower-Engagement Customers
C01960,14,524.2828571428571,7339.959999999999,4,2,2.8,3.333333333333333,1,Highly Engaged / High-Value Customers
C01961,11,650.3072727272728,7153.38,5,2,1.8333333333333333,4.0,1,Highly Engaged / High-Value Customers
C01962,12,812.5666666666666,9750.8,5,1,3.0,3.6,1,Highly Engaged / High-Value Customers
C01963,11,634.03,6974.33,2,4,2.2,4.0,1,Highly Engaged / High-Value Customers
C01964,11,436.81,4804.91,2,2,1.8333333333333333,3.4285714285714284,0,Occasional / Lower-Engagement Customers
C01965,12,697.4483333333334,8369.380000000001,8,1,2.4,4.0,1,Highly Engaged / High-Value Customers
C01966,6,833.6333333333332,5001.799999999999,2,1,1.2,3.8333333333333335,0,Occasional / Lower-Engagement Customers
C01967,6,588.8866666666667,3533.32,3,0,2.0,4.75,0,Occasional / Lower-Engagement Customers
C01968,10,833.607,8336.07,5,5,1.6666666666666667,3.75,1,Highly Engaged / High-Value Customers
C01969,15,622.13,9331.95,7,1,3.0,3.636363636363636,1,Highly Engaged / High-Value Customers
C01970,5,849.594,4247.97,2,2,1.6666666666666667,4.333333333333333,0,Occasional / Lower-Engagement Customers
C01971,7,370.7685714285714,2595.38,2,1,1.75,4.8,0,Occasional / Lower-Engagement Customers
C01972,10,391.523,3915.23,4,4,2.0,3.375,1,Highly Engaged / High-Value Customers
C01973,6,664.9866666666667,3989.92,2,2,1.5,4.0,0,Occasional / Lower-Engagement Customers
C01974,13,566.6384615384616,7366.3,6,6,2.1666666666666665,4.142857142857143,1,Highly Engaged / High-Value Customers
C01975,14,548.7057142857143,7681.88,5,2,2.333333333333333,3.3,1,Highly Engaged / High-Value Customers
C01976,6,557.2816666666666,3343.69,2,1,2.0,4.333333333333333,0,Occasional / Lower-Engagement Customers
C01977,11,720.2945454545454,7923.24,4,2,2.2,3.8,1,Highly Engaged / High-Value Customers
C01978,9,648.6933333333333,5838.24,5,3,1.5,3.5,1,Highly Engaged / High-Value Customers
C01979,9,751.0777777777778,6759.7,3,3,1.8,4.2,1,Highly Engaged / High-Value Customers
C01980,12,588.3833333333333,7060.6,5,1,2.4,4.0,1,Highly Engaged / High-Value Customers
C01981,8,430.24625,3441.97,4,5,2.0,4.285714285714286,0,Occasional / Lower-Engagement Customers
C01982,9,464.31888888888886,4178.87,4,1,1.5,3.2,0,Occasional / Lower-Engagement Customers
C01983,8,844.42375,6755.39,3,2,1.6,3.75,0,Occasional / Lower-Engagement Customers
C01984,7,457.8457142857143,3204.92,4,2,1.4,3.2,0,Occasional / Lower-Engagement Customers
C01985,11,635.1836363636363,6987.02,4,4,2.2,4.0,1,Highly Engaged / High-Value Customers
C01986,9,633.2866666666666,5699.58,4,3,1.5,3.6,0,Occasional / Lower-Engagement Customers
C01987,11,565.0918181818182,6216.01,3,1,1.8333333333333333,4.111111111111111,0,Occasional / Lower-Engagement Customers
C01988,9,633.7655555555556,5703.89,2,1,2.25,4.833333333333333,0,Occasional / Lower-Engagement Customers
C01989,12,548.28,6579.36,4,5,2.4,4.0,1,Highly Engaged / High-Value Customers
C01990,10,517.005,5170.05,2,3,2.0,4.0,0,Occasional / Lower-Engagement Customers
C01991,5,355.442,1777.21,5,1,1.25,3.0,0,Occasional / Lower-Engagement Customers
C01992,9,398.8233333333333,3589.41,0,2,1.8,4.142857142857143,0,Occasional / Lower-Engagement Customers
C01993,11,617.1836363636363,6789.02,3,1,2.2,3.7,1,Highly Engaged / High-Value Customers
C01994,7,492.82428571428574,3449.77,1,1,1.4,3.0,0,Occasional / Lower-Engagement Customers
C01995,8,528.00125,4224.01,5,2,1.3333333333333333,2.5,0,Occasional / Lower-Engagement Customers
C01996,6,621.5816666666666,3729.49,5,2,1.2,4.333333333333333,0,Occasional / Lower-Engagement Customers
C01997,10,542.076,5420.76,3,4,2.0,3.8333333333333335,1,Highly Engaged / High-Value Customers
C01998,12,683.0416666666666,8196.5,2,0,2.0,3.25,1,Highly Engaged / High-Value Customers
C01999,7,592.1457142857143,4145.02,1,1,1.75,3.75,0,Occasional / Lower-Engagement Customers
C02000,9,565.7800000000001,5092.02,2,0,1.8,3.333333333333333,0,Occasional / Lower-Engagement Customers
C02001,11,438.01181818181817,4818.13,2,2,1.8333333333333333,3.25,0,Occasional / Lower-Engagement Customers
C02002,9,647.0322222222222,5823.29,5,2,2.25,3.25,1,Highly Engaged / High-Value Customers
C02003,5,829.7239999999999,4148.62,1,1,1.0,4.0,0,Occasional / Lower-Engagement Customers
C02004,9,542.7111111111111,4884.4,2,2,2.25,3.4,0,Occasional / Lower-Engagement Customers
C02005,9,549.3055555555555,4943.75,4,4,1.8,3.571428571428572,1,Highly Engaged / High-Value Customers
C02006,8,504.1275,4033.02,4,3,1.3333333333333333,4.833333333333333,0,Occasional / Lower-Engagement Customers
C02007,11,758.8027272727272,8346.83,6,6,1.8333333333333333,3.333333333333333,1,Highly Engaged / High-Value Customers
C02008,8,494.91875,3959.35,2,1,1.6,3.5,0,Occasional / Lower-Engagement Customers
C02009,7,690.7057142857144,4834.9400000000005,5,3,2.333333333333333,4.2,1,Highly Engaged / High-Value Customers
C02010,11,336.2054545454546,3698.26,3,3,2.2,4.4,0,Occasional / Lower-Engagement Customers
C02011,12,363.225,4358.7,1,1,2.0,3.555555555555556,0,Occasional / Lower-Engagement Customers
C02012,7,423.07714285714286,2961.54,2,0,2.333333333333333,3.75,0,Occasional / Lower-Engagement Customers
C02013,9,518.2355555555555,4664.12,2,3,1.8,4.0,0,Occasional / Lower-Engagement Customers
C02014,12,450.8708333333333,5410.45,3,5,3.0,3.6,1,Highly Engaged / High-Value Customers
C02015,8,570.7175,4565.74,3,1,2.0,4.285714285714286,0,Occasional / Lower-Engagement Customers
C02016,9,390.99555555555554,3518.96,5,1,1.5,3.0,0,Occasional / Lower-Engagement Customers
C02017,10,703.385,7033.85,4,3,2.0,3.7142857142857135,1,Highly Engaged / High-Value Customers
C02018,16,753.319375,12053.11,8,3,2.6666666666666665,4.25,1,Highly Engaged / High-Value Customers
C02019,4,697.8425,2791.37,2,0,1.3333333333333333,4.0,0,Occasional / Lower-Engagement Customers
C02020,11,602.0890909090909,6622.9800000000005,5,3,2.2,3.111111111111111,1,Highly Engaged / High-Value Customers
C02021,10,525.862,5258.62,2,3,1.6666666666666667,3.2857142857142856,0,Occasional / Lower-Engagement Customers
C02022,11,559.67,6156.37,4,3,2.2,4.75,1,Highly Engaged / High-Value Customers
C02023,9,515.51,4639.59,5,4,1.8,4.0,1,Highly Engaged / High-Value Customers
C02024,12,523.36,6280.32,4,2,2.4,3.333333333333333,1,Highly Engaged / High-Value Customers
C02025,12,508.4625,6101.55,5,1,2.4,3.333333333333333,1,Highly Engaged / High-Value Customers
C02026,8,592.83875,4742.71,0,3,1.6,4.75,0,Occasional / Lower-Engagement Customers
C02027,10,852.207,8522.07,3,2,2.0,3.2857142857142856,1,Highly Engaged / High-Value Customers
C02028,12,547.2708333333334,6567.25,4,1,2.0,3.8333333333333335,1,Highly Engaged / High-Value Customers
C02029,6,478.58166666666665,2871.49,3,2,2.0,4.0,0,Occasional / Lower-Engagement Customers
C02030,5,848.174,4240.87,2,1,1.25,4.333333333333333,0,Occasional / Lower-Engagement Customers
C02031,11,659.4618181818182,7254.08,6,4,3.6666666666666665,4.428571428571429,1,Highly Engaged / High-Value Customers
C02032,14,446.365,6249.11,3,2,2.333333333333333,3.8333333333333335,1,Highly Engaged / High-Value Customers
C02033,9,562.4144444444444,5061.73,2,1,1.8,4.25,0,Occasional / Lower-Engagement Customers
C02034,7,487.1171428571428,3409.82,3,1,1.75,4.333333333333333,0,Occasional / Lower-Engagement Customers
C02035,13,665.5692307692308,8652.4,7,6,2.1666666666666665,3.9,1,Highly Engaged / High-Value Customers
C02036,10,602.177,6021.77,5,3,1.6666666666666667,4.222222222222222,1,Highly Engaged / High-Value Customers
C02037,12,691.4050000000001,8296.86,5,0,2.0,3.333333333333333,1,Highly Engaged / High-Value Customers
C02038,11,329.75454545454545,3627.3,2,2,1.8333333333333333,3.857142857142857,0,Occasional / Lower-Engagement Customers
C02039,10,487.509,4875.09,5,2,2.0,4.0,1,Highly Engaged / High-Value Customers
C02040,10,634.293,6342.93,3,3,1.6666666666666667,4.0,1,Highly Engaged / High-Value Customers
C02041,8,595.2825,4762.26,4,4,2.0,4.0,1,Highly Engaged / High-Value Customers
C02042,6,414.9583333333333,2489.75,3,0,1.5,4.2,0,Occasional / Lower-Engagement Customers
C02043,16,615.496875,9847.95,4,3,3.2,4.0,1,Highly Engaged / High-Value Customers
C02044,12,472.3225,5667.87,8,4,2.0,3.7777777777777777,1,Highly Engaged / High-Value Customers
C02045,8,636.41125,5091.29,5,3,2.0,4.166666666666667,1,Highly Engaged / High-Value Customers
C02046,8,428.59625,3428.77,3,1,2.0,3.75,0,Occasional / Lower-Engagement Customers
C02047,8,503.17125,4025.37,1,0,1.6,4.0,0,Occasional / Lower-Engagement Customers
C02048,7,623.67,4365.69,3,2,2.333333333333333,4.2,0,Occasional / Lower-Engagement Customers
C02049,9,630.3811111111112,5673.43,5,3,1.8,4.333333333333333,1,Highly Engaged / High-Value Customers
C02050,8,649.42125,5195.37,3,3,1.6,3.857142857142857,0,Occasional / Lower-Engagement Customers
C02051,9,456.5877777777778,4109.29,5,2,1.8,4.666666666666667,0,Occasional / Lower-Engagement Customers
C02052,14,592.907142857143,8300.7,5,7,2.333333333333333,3.75,1,Highly Engaged / High-Value Customers
C02053,11,555.3327272727273,6108.66,5,1,1.8333333333333333,4.333333333333333,1,Highly Engaged / High-Value Customers
C02054,12,795.7600000000001,9549.12,3,4,2.0,4.0,1,Highly Engaged / High-Value Customers
C02055,7,366.6714285714285,2566.7,4,2,1.75,3.0,0,Occasional / Lower-Engagement Customers
C02056,7,386.6642857142857,2706.65,2,0,1.75,4.571428571428571,0,Occasional / Lower-Engagement Customers
C02057,7,489.6071428571428,3427.25,3,2,2.333333333333333,2.8,0,Occasional / Lower-Engagement Customers
C02058,15,604.744,9071.16,8,5,3.0,4.0,1,Highly Engaged / High-Value Customers
C02059,10,570.88,5708.8,4,1,2.0,3.571428571428572,0,Occasional / Lower-Engagement Customers
C02060,6,706.2616666666667,4237.57,4,0,2.0,3.8333333333333335,0,Occasional / Lower-Engagement Customers
C02061,11,616.1436363636363,6777.58,5,2,3.6666666666666665,3.5,1,Highly Engaged / High-Value Customers
C02062,7,625.3585714285715,4377.51,2,4,1.4,3.4,0,Occasional / Lower-Engagement Customers
C02063,5,403.202,2016.01,2,1,1.6666666666666667,3.5,0,Occasional / Lower-Engagement Customers
C02064,5,583.01,2915.05,1,1,1.25,2.5,0,Occasional / Lower-Engagement Customers
C02065,12,338.1,4057.2,9,2,3.0,3.75,1,Highly Engaged / High-Value Customers
C02066,10,536.167,5361.67,4,2,2.0,4.125,1,Highly Engaged / High-Value Customers
C02067,9,624.4866666666667,5620.38,4,3,2.25,4.0,1,Highly Engaged / High-Value Customers
C02068,8,496.45625,3971.65,3,2,1.3333333333333333,4.0,0,Occasional / Lower-Engagement Customers
C02069,7,317.93857142857144,2225.57,2,2,1.75,3.75,0,Occasional / Lower-Engagement Customers
C02070,11,642.3436363636364,7065.78,4,4,2.2,4.333333333333333,1,Highly Engaged / High-Value Customers
C02071,10,690.779,6907.79,1,2,2.5,3.555555555555556,1,Highly Engaged / High-Value Customers
C02072,10,698.796,6987.96,2,2,2.5,3.857142857142857,1,Highly Engaged / High-Value Customers
C02073,8,546.305,4370.44,1,2,1.6,4.2,0,Occasional / Lower-Engagement Customers
C02074,11,661.5063636363636,7276.57,6,2,2.2,3.6666666666666665,1,Highly Engaged / High-Value Customers
C02075,10,438.93,4389.3,2,3,1.6666666666666667,3.5,0,Occasional / Lower-Engagement Customers
C02076,10,481.478,4814.78,4,3,2.0,4.2,1,Highly Engaged / High-Value Customers
C02077,6,730.3316666666666,4381.99,4,2,2.0,2.0,0,Occasional / Lower-Engagement Customers
C02078,7,514.54,3601.78,2,2,1.1666666666666667,3.6666666666666665,0,Occasional / Lower-Engagement Customers
C02079,14,475.4807142857143,6656.73,3,4,2.8,3.75,1,Highly Engaged / High-Value Customers
C02080,8,539.0875,4312.7,4,2,1.6,3.4,0,Occasional / Lower-Engagement Customers
C02081,10,493.558,4935.58,2,1,2.0,3.857142857142857,0,Occasional / Lower-Engagement Customers
C02082,7,550.1771428571428,3851.24,3,2,1.4,3.8,0,Occasional / Lower-Engagement Customers
C02083,16,563.9975,9023.96,3,4,3.2,3.923076923076923,1,Highly Engaged / High-Value Customers
C02084,9,519.99,4679.91,3,2,1.8,3.4285714285714284,0,Occasional / Lower-Engagement Customers
C02085,9,768.9666666666667,6920.7,3,2,1.8,3.8,1,Highly Engaged / High-Value Customers
C02086,13,632.983076923077,8228.78,6,3,2.1666666666666665,3.8461538461538463,1,Highly Engaged / High-Value Customers
C02087,8,845.74875,6765.99,2,1,2.0,2.6,0,Occasional / Lower-Engagement Customers
C02088,9,436.5677777777778,3929.11,4,3,3.0,3.333333333333333,1,Highly Engaged / High-Value Customers
C02089,8,470.04375,3760.35,4,2,1.6,5.0,0,Occasional / Lower-Engagement Customers
C02090,8,616.225,4929.8,3,3,2.0,2.875,0,Occasional / Lower-Engagement Customers
C02091,17,492.3629411764706,8370.17,5,5,2.833333333333333,3.571428571428572,1,Highly Engaged / High-Value Customers
C02092,14,517.9542857142857,7251.36,7,5,2.333333333333333,4.0,1,Highly Engaged / High-Value Customers
C02093,13,781.7738461538461,10163.06,3,4,2.1666666666666665,4.25,1,Highly Engaged / High-Value Customers
C02094,11,463.3372727272727,5096.71,6,1,2.2,3.6666666666666665,1,Highly Engaged / High-Value Customers
C02095,9,407.4333333333333,3666.9,2,4,1.8,3.0,0,Occasional / Lower-Engagement Customers
C02096,9,539.4244444444445,4854.820000000001,6,3,1.8,3.6666666666666665,1,Highly Engaged / High-Value Customers
C02097,12,350.5708333333334,4206.85,4,6,3.0,3.0,1,Highly Engaged / High-Value Customers
C02098,7,393.45,2754.15,3,1,1.75,4.75,0,Occasional / Lower-Engagement Customers
C02099,5,401.748,2008.74,1,2,1.25,3.0,0,Occasional / Lower-Engagement Customers
C02100,11,681.8718181818182,7500.59,3,3,2.2,4.111111111111111,1,Highly Engaged / High-Value Customers
C02101,11,582.4372727272727,6406.81,4,2,2.2,3.888888888888889,1,Highly Engaged / High-Value Customers
C02102,5,699.036,3495.18,2,2,1.6666666666666667,2.6666666666666665,0,Occasional / Lower-Engagement Customers
C02103,6,618.9866666666667,3713.92,2,2,1.2,3.75,0,Occasional / Lower-Engagement Customers
C02104,6,659.6366666666667,3957.82,4,2,1.5,4.0,0,Occasional / Lower-Engagement Customers
C02105,12,683.8941666666666,8206.73,4,1,2.4,4.142857142857143,1,Highly Engaged / High-Value Customers
C02106,11,546.6572727272727,6013.23,2,4,2.2,4.0,1,Highly Engaged / High-Value Customers
C02107,4,489.12,1956.48,1,1,1.0,3.75,0,Occasional / Lower-Engagement Customers
C02108,4,691.81,2767.24,1,0,2.0,3.6666666666666665,0,Occasional / Lower-Engagement Customers
C02109,10,728.728,7287.28,6,2,2.5,3.6,1,Highly Engaged / High-Value Customers
C02110,12,511.6716666666667,6140.06,5,4,2.0,3.571428571428572,1,Highly Engaged / High-Value Customers
C02111,7,449.34857142857146,3145.44,3,3,1.4,3.25,0,Occasional / Lower-Engagement Customers
C02112,7,459.9528571428572,3219.67,2,3,2.333333333333333,4.2,0,Occasional / Lower-Engagement Customers
C02113,9,556.5822222222222,5009.24,4,3,2.25,4.0,1,Highly Engaged / High-Value Customers
C02114,9,689.7022222222222,6207.32,2,1,1.8,4.6,0,Occasional / Lower-Engagement Customers
C02115,4,306.1325,1224.53,1,1,1.3333333333333333,4.666666666666667,0,Occasional / Lower-Engagement Customers
C02116,11,390.52,4295.72,4,3,1.8333333333333333,4.333333333333333,0,Occasional / Lower-Engagement Customers
C02117,6,310.46166666666664,1862.77,2,1,1.5,4.333333333333333,0,Occasional / Lower-Engagement Customers
C02118,13,515.2215384615384,6697.879999999999,5,4,3.25,3.909090909090909,1,Highly Engaged / High-Value Customers
C02119,5,536.7719999999999,2683.86,3,3,1.25,4.2,0,Occasional / Lower-Engagement Customers
C02120,7,496.0471428571428,3472.33,3,1,1.75,3.571428571428572,0,Occasional / Lower-Engagement Customers
C02121,11,618.4218181818183,6802.64,4,4,2.75,4.111111111111111,1,Highly Engaged / High-Value Customers
C02122,5,844.57,4222.85,0,0,1.25,4.25,0,Occasional / Lower-Engagement Customers
C02123,11,462.7309090909091,5090.04,2,1,2.2,4.285714285714286,0,Occasional / Lower-Engagement Customers
C02124,7,873.7971428571428,6116.58,2,1,1.4,3.6,0,Occasional / Lower-Engagement Customers
C02125,13,433.27461538461534,5632.57,7,0,2.1666666666666665,3.8333333333333335,1,Highly Engaged / High-Value Customers
C02126,9,431.2533333333333,3881.28,2,1,1.8,4.0,0,Occasional / Lower-Engagement Customers
C02127,7,479.6628571428572,3357.64,3,3,2.333333333333333,4.2,0,Occasional / Lower-Engagement Customers
C02128,14,519.3635714285714,7271.09,8,5,2.333333333333333,4.0,1,Highly Engaged / High-Value Customers
C02129,11,346.6227272727273,3812.85,3,2,2.2,4.333333333333333,0,Occasional / Lower-Engagement Customers
C02130,16,550.1575,8802.52,7,4,2.6666666666666665,4.333333333333333,1,Highly Engaged / High-Value Customers
C02131,8,609.11,4872.88,2,2,1.6,3.6666666666666665,0,Occasional / Lower-Engagement Customers
C02132,13,664.3784615384616,8636.92,3,2,3.25,4.444444444444445,1,Highly Engaged / High-Value Customers
C02133,3,337.0233333333333,1011.07,2,1,1.0,4.0,0,Occasional / Lower-Engagement Customers
C02134,8,588.7975,4710.38,1,1,1.6,4.142857142857143,0,Occasional / Lower-Engagement Customers
C02135,12,551.8408333333333,6622.09,6,3,2.4,3.2222222222222223,1,Highly Engaged / High-Value Customers
C02136,5,602.358,3011.79,1,0,1.25,4.666666666666667,0,Occasional / Lower-Engagement Customers
C02137,16,593.14125,9490.26,10,4,2.6666666666666665,3.7777777777777777,1,Highly Engaged / High-Value Customers
C02138,10,749.176,7491.76,5,6,1.6666666666666667,4.166666666666667,1,Highly Engaged / High-Value Customers
C02139,7,596.1242857142857,4172.87,0,0,1.75,3.75,0,Occasional / Lower-Engagement Customers
C02140,8,663.135,5305.08,4,2,1.6,4.0,0,Occasional / Lower-Engagement Customers
C02141,11,515.5863636363637,5671.45,3,4,1.8333333333333333,3.625,1,Highly Engaged / High-Value Customers
C02142,8,536.26625,4290.13,3,2,1.6,3.8,0,Occasional / Lower-Engagement Customers
C02143,7,491.91,3443.37,0,2,1.4,4.0,0,Occasional / Lower-Engagement Customers
C02144,6,709.75,4258.5,1,3,1.2,3.75,0,Occasional / Lower-Engagement Customers
C02145,12,660.4383333333334,7925.26,6,5,2.0,4.375,1,Highly Engaged / High-Value Customers
C02146,11,725.7354545454546,7983.09,6,4,2.2,4.333333333333333,1,Highly Engaged / High-Value Customers
C02147,7,559.5071428571429,3916.55,1,2,1.4,3.6666666666666665,0,Occasional / Lower-Engagement Customers
C02148,12,563.0808333333333,6756.97,4,1,2.0,3.75,1,Highly Engaged / High-Value Customers
C02149,2,783.965,1567.93,0,1,2.0,4.0,0,Occasional / Lower-Engagement Customers
C02150,5,773.566,3867.83,1,1,1.25,4.666666666666667,0,Occasional / Lower-Engagement Customers
C02151,15,714.6866666666666,10720.3,7,3,2.5,3.8333333333333335,1,Highly Engaged / High-Value Customers
C02152,14,485.27857142857147,6793.900000000001,5,5,2.8,3.6,1,Highly Engaged / High-Value Customers
C02153,7,315.60571428571427,2209.24,4,1,1.75,3.75,0,Occasional / Lower-Engagement Customers
C02154,12,441.3033333333333,5295.64,7,1,2.4,4.7,1,Highly Engaged / High-Value Customers
C02155,12,453.0408333333333,5436.49,2,2,2.4,4.375,1,Highly Engaged / High-Value Customers
C02156,8,876.85,7014.8,4,1,2.0,3.333333333333333,1,Highly Engaged / High-Value Customers
C02157,16,504.76875,8076.3,7,5,3.2,4.428571428571429,1,Highly Engaged / High-Value Customers
C02158,15,552.3133333333334,8284.7,3,2,3.0,3.0,1,Highly Engaged / High-Value Customers
C02159,11,556.5327272727272,6121.86,4,4,1.8333333333333333,3.857142857142857,1,Highly Engaged / High-Value Customers
C02160,4,514.3975,2057.59,1,0,1.0,4.333333333333333,0,Occasional / Lower-Engagement Customers
C02161,12,443.71,5324.52,8,3,2.4,3.75,1,Highly Engaged / High-Value Customers
C02162,14,493.6378571428572,6910.93,9,2,2.333333333333333,3.9,1,Highly Engaged / High-Value Customers
C02163,11,757.4390909090909,8331.83,2,4,2.2,3.75,1,Highly Engaged / High-Value Customers
C02164,10,416.672,4166.72,4,5,2.0,4.111111111111111,1,Highly Engaged / High-Value Customers
C02165,11,594.0818181818181,6534.9,5,0,3.6666666666666665,4.222222222222222,1,Highly Engaged / High-Value Customers
C02166,11,554.4327272727273,6098.76,4,1,2.75,4.285714285714286,1,Highly Engaged / High-Value Customers
C02167,5,590.024,2950.12,2,2,1.6666666666666667,4.5,0,Occasional / Lower-Engagement Customers
C02168,6,515.3683333333333,3092.21,0,1,1.5,4.25,0,Occasional / Lower-Engagement Customers
C02169,7,468.17428571428576,3277.2200000000003,2,1,2.333333333333333,4.0,0,Occasional / Lower-Engagement Customers
C02170,11,389.05909090909086,4279.65,6,3,2.2,3.888888888888889,1,Highly Engaged / High-Value Customers
C02171,8,700.32875,5602.63,0,1,1.6,4.0,0,Occasional / Lower-Engagement Customers
C02172,8,749.57875,5996.63,5,2,1.6,4.25,0,Occasional / Lower-Engagement Customers
C02173,9,565.12,5086.08,1,2,2.25,4.142857142857143,0,Occasional / Lower-Engagement Customers
C02174,6,754.6750000000001,4528.05,2,2,1.5,5.0,0,Occasional / Lower-Engagement Customers
C02175,6,385.01833333333326,2310.11,2,2,2.0,4.75,0,Occasional / Lower-Engagement Customers
C02176,7,679.3985714285715,4755.79,5,1,1.75,2.6,0,Occasional / Lower-Engagement Customers
C02177,10,672.9269999999999,6729.27,2,4,2.0,4.0,1,Highly Engaged / High-Value Customers
C02178,16,659.291875,10548.67,4,4,2.6666666666666665,3.6666666666666665,1,Highly Engaged / High-Value Customers
C02179,7,641.7157142857143,4492.01,4,1,1.75,3.25,0,Occasional / Lower-Engagement Customers
C02180,10,577.22,5772.2,5,2,2.0,4.4,1,Highly Engaged / High-Value Customers
C02181,7,469.1842857142857,3284.29,3,2,1.75,4.142857142857143,0,Occasional / Lower-Engagement Customers
C02182,10,442.722,4427.22,3,3,2.0,3.5,0,Occasional / Lower-Engagement Customers
C02183,3,523.2766666666666,1569.83,1,0,3.0,4.666666666666667,0,Occasional / Lower-Engagement Customers
C02184,10,872.517,8725.17,4,2,2.5,4.625,1,Highly Engaged / High-Value Customers
C02185,10,457.631,4576.31,5,2,1.6666666666666667,3.375,0,Occasional / Lower-Engagement Customers
C02186,6,397.5433333333333,2385.26,3,2,2.0,4.333333333333333,0,Occasional / Lower-Engagement Customers
C02187,10,742.125,7421.25,4,0,2.5,3.8333333333333335,1,Highly Engaged / High-Value Customers
C02188,14,313.525,4389.349999999999,2,4,2.333333333333333,4.0,1,Highly Engaged / High-Value Customers
C02189,4,381.81,1527.24,2,0,1.3333333333333333,3.6666666666666665,0,Occasional / Lower-Engagement Customers
C02190,7,363.2785714285714,2542.95,4,1,1.75,3.6666666666666665,0,Occasional / Lower-Engagement Customers
C02191,10,473.045,4730.45,6,1,2.0,4.285714285714286,1,Highly Engaged / High-Value Customers
C02192,8,675.9675,5407.74,2,3,2.0,3.6666666666666665,0,Occasional / Lower-Engagement Customers
C02193,9,523.1777777777778,4708.6,5,0,2.25,3.5,0,Occasional / Lower-Engagement Customers
C02194,9,641.9433333333333,5777.49,3,1,1.8,4.6,0,Occasional / Lower-Engagement Customers
C02195,10,585.9100000000001,5859.1,4,3,2.0,3.1666666666666665,1,Highly Engaged / High-Value Customers
C02196,12,415.19166666666666,4982.3,5,2,2.4,4.333333333333333,1,Highly Engaged / High-Value Customers
C02197,9,917.577777777778,8258.2,5,1,1.5,3.7142857142857135,1,Highly Engaged / High-Value Customers
C02198,8,688.30625,5506.45,2,0,1.6,4.0,0,Occasional / Lower-Engagement Customers
C02199,13,447.5992307692308,5818.79,2,2,2.1666666666666665,4.0,1,Highly Engaged / High-Value Customers
C02200,9,630.7555555555556,5676.8,6,2,1.5,4.5,1,Highly Engaged / High-Value Customers
C02201,16,597.63125,9562.1,6,5,2.6666666666666665,2.625,1,Highly Engaged / High-Value Customers
C02202,9,461.7955555555556,4156.16,5,2,2.25,3.6666666666666665,0,Occasional / Lower-Engagement Customers
C02203,11,447.0427272727273,4917.47,2,3,2.2,4.0,1,Highly Engaged / High-Value Customers
C02204,7,415.4971428571429,2908.48,6,3,2.333333333333333,3.8,0,Occasional / Lower-Engagement Customers
C02205,12,514.0416666666666,6168.5,5,1,2.0,3.555555555555556,1,Highly Engaged / High-Value Customers
C02206,13,555.7861538461539,7225.22,4,3,2.6,3.142857142857143,1,Highly Engaged / High-Value Customers
C02207,9,794.42,7149.78,4,3,1.5,3.8,1,Highly Engaged / High-Value Customers
C02208,7,540.35,3782.45,3,3,1.4,3.5,0,Occasional / Lower-Engagement Customers
C02209,5,341.866,1709.33,1,2,1.0,5.0,0,Occasional / Lower-Engagement Customers
C02210,11,408.7681818181818,4496.45,6,4,1.8333333333333333,4.166666666666667,1,Highly Engaged / High-Value Customers
C02211,4,724.6725,2898.69,2,1,1.3333333333333333,4.0,0,Occasional / Lower-Engagement Customers
C02212,8,514.9,4119.2,2,3,1.6,4.166666666666667,0,Occasional / Lower-Engagement Customers
C02213,5,496.97800000000007,2484.8900000000003,1,2,1.6666666666666667,4.666666666666667,0,Occasional / Lower-Engagement Customers
C02214,5,287.44,1437.2,2,1,1.6666666666666667,4.5,0,Occasional / Lower-Engagement Customers
C02215,8,435.2325,3481.86,3,2,1.6,3.8,0,Occasional / Lower-Engagement Customers
C02216,5,484.978,2424.89,2,2,1.0,3.25,0,Occasional / Lower-Engagement Customers
C02217,8,471.2175,3769.74,4,0,2.0,3.8333333333333335,0,Occasional / Lower-Engagement Customers
C02218,11,465.3645454545455,5119.01,6,2,2.2,4.0,1,Highly Engaged / High-Value Customers
C02219,13,511.1884615384615,6645.45,2,1,2.1666666666666665,3.875,1,Highly Engaged / High-Value Customers
C02220,12,536.2425,6434.91,5,7,2.0,3.5,1,Highly Engaged / High-Value Customers
C02221,11,507.5927272727273,5583.52,6,3,2.2,3.6666666666666665,1,Highly Engaged / High-Value Customers
C02222,14,500.6592857142858,7009.2300000000005,7,4,2.8,4.0,1,Highly Engaged / High-Value Customers
C02223,17,516.6911764705883,8783.75,9,7,3.4,3.5454545454545454,1,Highly Engaged / High-Value Customers
C02224,7,716.2528571428572,5013.77,1,3,2.333333333333333,4.0,0,Occasional / Lower-Engagement Customers
C02225,11,387.8645454545455,4266.51,4,2,1.8333333333333333,4.142857142857143,0,Occasional / Lower-Engagement Customers
C02226,7,813.7185714285714,5696.03,2,2,1.75,3.333333333333333,0,Occasional / Lower-Engagement Customers
C02227,10,578.12,5781.2,5,2,2.0,3.2,1,Highly Engaged / High-Value Customers
C02228,12,509.2433333333333,6110.92,5,3,2.0,3.1666666666666665,1,Highly Engaged / High-Value Customers
C02229,14,680.5242857142857,9527.34,4,4,2.8,4.166666666666667,1,Highly Engaged / High-Value Customers
C02230,8,698.395,5587.16,5,1,1.3333333333333333,4.2,0,Occasional / Lower-Engagement Customers
C02231,17,593.1782352941177,10084.03,4,5,3.4,4.1,1,Highly Engaged / High-Value Customers
C02232,9,521.5166666666667,4693.65,2,5,1.8,4.25,0,Occasional / Lower-Engagement Customers
C02233,6,419.7116666666666,2518.27,3,1,2.0,2.0,0,Occasional / Lower-Engagement Customers
C02234,11,579.2245454545455,6371.47,2,1,1.8333333333333333,4.3,0,Occasional / Lower-Engagement Customers
C02235,13,514.6276923076923,6690.16,5,5,2.1666666666666665,4.222222222222222,1,Highly Engaged / High-Value Customers
C02236,6,705.4966666666666,4232.98,2,3,1.5,3.2,0,Occasional / Lower-Engagement Customers
C02237,10,553.495,5534.95,2,5,2.5,3.75,1,Highly Engaged / High-Value Customers
C02238,9,558.7544444444444,5028.79,4,4,1.8,4.428571428571429,1,Highly Engaged / High-Value Customers
C02239,7,561.9428571428572,3933.6,6,3,2.333333333333333,3.5,1,Highly Engaged / High-Value Customers
C02240,12,616.8349999999999,7402.019999999999,2,4,3.0,4.428571428571429,1,Highly Engaged / High-Value Customers
C02241,13,702.676923076923,9134.8,5,5,2.1666666666666665,3.75,1,Highly Engaged / High-Value Customers
C02242,10,607.149,6071.49,4,1,2.0,4.0,1,Highly Engaged / High-Value Customers
C02243,10,582.32,5823.200000000001,6,7,2.0,4.0,1,Highly Engaged / High-Value Customers
C02244,5,351.056,1755.28,2,1,1.25,3.25,0,Occasional / Lower-Engagement Customers
C02245,9,422.79777777777775,3805.18,2,3,1.8,4.428571428571429,0,Occasional / Lower-Engagement Customers
C02246,7,597.6814285714287,4183.77,2,2,1.4,4.8,0,Occasional / Lower-Engagement Customers
C02247,8,505.6675,4045.34,2,2,2.0,3.6666666666666665,0,Occasional / Lower-Engagement Customers
C02248,5,699.526,3497.63,1,0,1.25,4.0,0,Occasional / Lower-Engagement Customers
C02249,13,435.8523076923077,5666.08,4,3,2.1666666666666665,4.4,1,Highly Engaged / High-Value Customers
C02250,10,427.298,4272.98,2,4,2.0,3.571428571428572,0,Occasional / Lower-Engagement Customers
C02251,13,399.9053846153847,5198.77,3,6,2.1666666666666665,4.5,1,Highly Engaged / High-Value Customers
C02252,8,636.4475,5091.58,5,2,1.6,3.6666666666666665,0,Occasional / Lower-Engagement Customers
C02253,10,713.674,7136.74,0,1,2.0,3.375,0,Occasional / Lower-Engagement Customers
C02254,6,457.70166666666665,2746.21,1,1,1.5,3.4,0,Occasional / Lower-Engagement Customers
C02255,10,460.328,4603.28,4,2,2.0,4.333333333333333,0,Occasional / Lower-Engagement Customers
C02256,8,669.39,5355.12,3,2,1.6,3.7142857142857135,0,Occasional / Lower-Engagement Customers
C02257,11,448.9281818181818,4938.21,4,3,1.8333333333333333,3.857142857142857,1,Highly Engaged / High-Value Customers
C02258,3,415.1133333333333,1245.34,1,0,1.5,3.0,0,Occasional / Lower-Engagement Customers
C02259,12,677.0058333333333,8124.07,7,5,2.0,3.7777777777777777,1,Highly Engaged / High-Value Customers
C02260,7,381.9157142857143,2673.41,2,1,1.4,4.0,0,Occasional / Lower-Engagement Customers
C02261,15,630.2306666666666,9453.46,5,4,3.0,3.636363636363636,1,Highly Engaged / High-Value Customers
C02262,9,507.5444444444444,4567.9,4,1,1.5,4.625,0,Occasional / Lower-Engagement Customers
C02263,10,657.542,6575.42,3,6,1.6666666666666667,3.25,1,Highly Engaged / High-Value Customers
C02264,11,357.21,3929.31,3,4,1.8333333333333333,3.6,0,Occasional / Lower-Engagement Customers
C02265,8,450.18,3601.44,3,2,1.6,4.0,0,Occasional / Lower-Engagement Customers
C02266,12,610.3041666666667,7323.65,4,2,2.4,3.4,1,Highly Engaged / High-Value Customers
C02267,13,553.6930769230769,7198.01,6,2,3.25,3.5454545454545454,1,Highly Engaged / High-Value Customers
C02268,8,686.83875,5494.71,3,3,2.6666666666666665,3.875,1,Highly Engaged / High-Value Customers
C02269,8,467.5075000000001,3740.06,5,0,1.3333333333333333,4.142857142857143,0,Occasional / Lower-Engagement Customers
C02270,10,503.8560000000001,5038.56,2,3,3.333333333333333,3.8333333333333335,1,Highly Engaged / High-Value Customers
C02271,10,541.606,5416.06,3,1,2.0,4.625,0,Occasional / Lower-Engagement Customers
C02272,3,391.2266666666667,1173.68,1,3,1.5,3.0,0,Occasional / Lower-Engagement Customers
C02273,13,449.9315384615384,5849.11,5,2,2.6,3.111111111111111,1,Highly Engaged / High-Value Customers
C02274,8,303.6775,2429.42,1,0,1.6,3.8,0,Occasional / Lower-Engagement Customers
C02275,12,440.8766666666667,5290.52,3,4,2.4,3.75,1,Highly Engaged / High-Value Customers
C02276,12,506.7058333333334,6080.47,9,3,2.4,4.363636363636363,1,Highly Engaged / High-Value Customers
C02277,10,520.897,5208.97,6,2,2.0,4.714285714285714,1,Highly Engaged / High-Value Customers
C02278,5,703.8439999999999,3519.22,2,3,1.25,3.333333333333333,0,Occasional / Lower-Engagement Customers
C02279,7,608.7985714285714,4261.59,1,3,1.75,4.5,0,Occasional / Lower-Engagement Customers
C02280,8,581.89625,4655.17,3,3,2.0,3.4285714285714284,0,Occasional / Lower-Engagement Customers
C02281,10,563.597,5635.97,3,4,2.0,4.0,1,Highly Engaged / High-Value Customers
C02282,14,457.5585714285714,6405.82,4,4,2.333333333333333,3.333333333333333,1,Highly Engaged / High-Value Customers
C02283,7,415.2142857142857,2906.5,3,1,1.4,4.4,0,Occasional / Lower-Engagement Customers
C02284,10,524.473,5244.73,2,2,2.0,4.0,0,Occasional / Lower-Engagement Customers
C02285,9,741.21,6670.89,4,1,1.5,4.166666666666667,0,Occasional / Lower-Engagement Customers
C02286,9,410.6544444444445,3695.89,2,0,1.8,3.571428571428572,0,Occasional / Lower-Engagement Customers
C02287,9,472.2144444444445,4249.93,1,3,1.5,4.142857142857143,0,Occasional / Lower-Engagement Customers
C02288,6,374.16333333333336,2244.98,2,2,1.5,3.1666666666666665,0,Occasional / Lower-Engagement Customers
C02289,8,528.16375,4225.31,4,0,2.6666666666666665,4.8,0,Occasional / Lower-Engagement Customers
C02290,6,540.4316666666667,3242.59,2,4,1.5,4.0,0,Occasional / Lower-Engagement Customers
C02291,8,935.04875,7480.389999999999,3,4,1.6,3.6,1,Highly Engaged / High-Value Customers
C02292,9,913.35,8220.15,3,3,1.8,4.5,1,Highly Engaged / High-Value Customers
C02293,7,612.8000000000001,4289.6,2,2,1.75,3.8,0,Occasional / Lower-Engagement Customers
C02294,8,650.34625,5202.77,0,2,1.6,4.0,0,Occasional / Lower-Engagement Customers
C02295,13,548.0723076923077,7124.9400000000005,5,4,2.1666666666666665,4.1,1,Highly Engaged / High-Value Customers
C02296,9,536.3055555555555,4826.75,5,3,1.8,3.7142857142857135,1,Highly Engaged / High-Value Customers
C02297,5,490.604,2453.02,2,0,1.6666666666666667,0.0,0,Occasional / Lower-Engagement Customers
C02298,6,989.3633333333332,5936.18,3,2,1.2,4.0,0,Occasional / Lower-Engagement Customers
C02299,7,612.6014285714285,4288.21,2,3,1.75,4.0,0,Occasional / Lower-Engagement Customers
C02300,5,596.378,2981.8900000000003,2,2,1.25,4.0,0,Occasional / Lower-Engagement Customers
C02301,5,785.866,3929.33,2,0,1.25,4.666666666666667,0,Occasional / Lower-Engagement Customers
C02302,16,564.2475,9027.96,8,3,3.2,4.3,1,Highly Engaged / High-Value Customers
C02303,9,537.4711111111111,4837.24,3,3,1.8,4.285714285714286,0,Occasional / Lower-Engagement Customers
C02304,8,587.4925,4699.94,3,1,2.0,3.5,0,Occasional / Lower-Engagement Customers
C02305,11,618.3154545454546,6801.47,5,5,2.2,4.0,1,Highly Engaged / High-Value Customers
C02306,14,798.8235714285713,11183.53,4,4,2.333333333333333,3.333333333333333,1,Highly Engaged / High-Value Customers
C02307,10,546.0980000000001,5460.9800000000005,1,3,2.5,4.0,1,Highly Engaged / High-Value Customers
C02308,11,659.0327272727272,7249.36,3,6,3.6666666666666665,3.9,1,Highly Engaged / High-Value Customers
C02309,10,893.604,8936.04,5,5,1.6666666666666667,3.5,1,Highly Engaged / High-Value Customers
C02310,12,915.915,10990.98,4,4,2.0,3.2222222222222223,1,Highly Engaged / High-Value Customers
C02311,6,564.5133333333333,3387.08,4,4,1.5,4.666666666666667,0,Occasional / Lower-Engagement Customers
C02312,10,681.591,6815.91,4,0,1.6666666666666667,4.5,0,Occasional / Lower-Engagement Customers
C02313,13,434.1069230769231,5643.39,6,3,2.6,3.875,1,Highly Engaged / High-Value Customers
C02314,8,802.985,6423.88,0,3,1.6,3.75,0,Occasional / Lower-Engagement Customers
C02315,10,848.1780000000001,8481.78,0,3,2.0,3.6666666666666665,1,Highly Engaged / High-Value Customers
C02316,11,714.9300000000001,7864.23,4,3,1.8333333333333333,4.0,1,Highly Engaged / High-Value Customers
C02317,11,388.20272727272726,4270.23,4,5,1.8333333333333333,4.0,1,Highly Engaged / High-Value Customers
C02318,13,436.6561538461538,5676.53,4,2,2.6,4.0,1,Highly Engaged / High-Value Customers
C02319,5,730.2479999999999,3651.24,1,1,1.25,4.0,0,Occasional / Lower-Engagement Customers
C02320,9,632.8144444444445,5695.33,3,3,1.5,4.25,0,Occasional / Lower-Engagement Customers
C02321,10,421.98,4219.8,3,3,1.6666666666666667,4.0,0,Occasional / Lower-Engagement Customers
C02322,8,749.59375,5996.75,3,1,1.6,4.2,0,Occasional / Lower-Engagement Customers
C02323,6,531.63,3189.78,1,2,1.5,3.6666666666666665,0,Occasional / Lower-Engagement Customers
C02324,9,369.1422222222222,3322.28,6,1,1.5,3.6666666666666665,0,Occasional / Lower-Engagement Customers
C02325,6,599.965,3599.79,3,0,1.2,4.75,0,Occasional / Lower-Engagement Customers
C02326,10,373.893,3738.93,6,0,2.5,4.714285714285714,0,Occasional / Lower-Engagement Customers
C02327,15,606.1139999999999,9091.71,7,4,2.5,3.555555555555556,1,Highly Engaged / High-Value Customers
C02328,9,720.451111111111,6484.06,1,2,1.8,4.5,0,Occasional / Lower-Engagement Customers
C02329,10,348.444,3484.44,4,2,1.6666666666666667,3.0,0,Occasional / Lower-Engagement Customers
C02330,6,568.91,3413.46,1,0,2.0,2.8,0,Occasional / Lower-Engagement Customers
C02331,8,425.2075,3401.66,2,1,1.6,3.8333333333333335,0,Occasional / Lower-Engagement Customers
C02332,8,511.6350000000001,4093.08,4,3,1.6,2.75,0,Occasional / Lower-Engagement Customers
C02333,8,670.5925,5364.74,4,3,1.6,2.5,0,Occasional / Lower-Engagement Customers
C02334,12,495.7383333333334,5948.860000000001,3,2,2.0,3.571428571428572,1,Highly Engaged / High-Value Customers
C02335,8,766.74875,6133.99,1,0,1.6,4.5,0,Occasional / Lower-Engagement Customers
C02336,7,548.2071428571429,3837.45,3,5,1.75,4.571428571428571,0,Occasional / Lower-Engagement Customers
C02337,8,800.3775,6403.02,3,3,1.6,3.0,0,Occasional / Lower-Engagement Customers
C02338,7,419.8085714285714,2938.66,2,3,1.75,3.333333333333333,0,Occasional / Lower-Engagement Customers
C02339,3,351.45000000000005,1054.35,1,1,1.5,3.6666666666666665,0,Occasional / Lower-Engagement Customers
C02340,7,365.91,2561.37,3,2,2.333333333333333,4.5,0,Occasional / Lower-Engagement Customers
C02341,11,463.1645454545454,5094.81,4,1,2.2,3.4285714285714284,1,Highly Engaged / High-Value Customers
C02342,10,669.137,6691.37,6,3,2.5,2.5,1,Highly Engaged / High-Value Customers
C02343,8,560.1537500000001,4481.2300000000005,3,2,1.6,3.6666666666666665,0,Occasional / Lower-Engagement Customers
C02344,11,616.7827272727274,6784.610000000001,5,3,1.8333333333333333,3.4444444444444446,1,Highly Engaged / High-Value Customers
C02345,9,506.8122222222223,4561.31,3,1,1.5,3.857142857142857,0,Occasional / Lower-Engagement Customers
C02346,15,406.864,6102.96,6,3,2.5,3.5454545454545454,1,Highly Engaged / High-Value Customers
C02347,10,511.737,5117.37,4,2,2.0,3.7142857142857135,0,Occasional / Lower-Engagement Customers
C02348,8,820.8925,6567.14,4,1,1.6,3.6,0,Occasional / Lower-Engagement Customers
C02349,5,774.926,3874.63,2,1,1.25,4.333333333333333,0,Occasional / Lower-Engagement Customers
C02350,6,480.6066666666666,2883.64,1,3,2.0,4.0,0,Occasional / Lower-Engagement Customers
C02351,8,481.16125,3849.29,2,0,2.0,3.8333333333333335,0,Occasional / Lower-Engagement Customers
C02352,8,634.68125,5077.45,3,3,1.6,3.0,0,Occasional / Lower-Engagement Customers
C02353,12,606.0975,7273.17,4,3,2.4,4.0,1,Highly Engaged / High-Value Customers
C02354,9,709.4077777777778,6384.67,2,1,1.5,4.0,0,Occasional / Lower-Engagement Customers
C02355,13,635.246923076923,8258.21,3,3,2.6,4.125,1,Highly Engaged / High-Value Customers
C02356,9,449.59333333333336,4046.34,4,3,1.8,3.5,0,Occasional / Lower-Engagement Customers
C02357,10,584.53,5845.3,5,2,2.5,4.4,1,Highly Engaged / High-Value Customers
C02358,7,362.29285714285714,2536.05,2,2,2.333333333333333,4.0,0,Occasional / Lower-Engagement Customers
C02359,8,384.11875,3072.95,6,2,2.0,3.6666666666666665,0,Occasional / Lower-Engagement Customers
C02360,6,607.6233333333333,3645.74,2,2,1.5,4.25,0,Occasional / Lower-Engagement Customers
C02361,5,703.86,3519.3,2,1,1.25,4.666666666666667,0,Occasional / Lower-Engagement Customers
C02362,9,349.07222222222225,3141.65,6,6,2.25,4.125,1,Highly Engaged / High-Value Customers
C02363,7,690.3485714285715,4832.4400000000005,3,2,2.333333333333333,3.0,0,Occasional / Lower-Engagement Customers
C02364,9,530.8977777777777,4778.08,3,0,1.5,3.8,0,Occasional / Lower-Engagement Customers
C02365,13,586.3061538461538,7621.98,6,0,2.1666666666666665,3.857142857142857,1,Highly Engaged / High-Value Customers
C02366,13,558.8130769230769,7264.57,3,1,2.1666666666666665,4.0,1,Highly Engaged / High-Value Customers
C02367,10,494.63,4946.3,2,3,1.6666666666666667,4.5,0,Occasional / Lower-Engagement Customers
C02368,15,622.9846666666667,9344.77,5,5,2.5,4.0,1,Highly Engaged / High-Value Customers
C02369,12,479.52583333333337,5754.31,3,2,2.4,4.0,1,Highly Engaged / High-Value Customers
C02370,8,719.30875,5754.47,5,2,2.0,4.25,1,Highly Engaged / High-Value Customers
C02371,11,564.7836363636363,6212.62,5,3,2.2,4.2727272727272725,1,Highly Engaged / High-Value Customers
C02372,4,439.775,1759.1,0,2,1.3333333333333333,4.0,0,Occasional / Lower-Engagement Customers
C02373,9,429.0288888888889,3861.26,0,1,2.25,3.0,0,Occasional / Lower-Engagement Customers
C02374,9,810.9244444444444,7298.32,4,0,1.8,3.571428571428572,0,Occasional / Lower-Engagement Customers
C02375,9,408.7155555555556,3678.44,2,1,1.8,4.4,0,Occasional / Lower-Engagement Customers
C02376,9,615.7833333333333,5542.05,5,2,1.8,3.5,1,Highly Engaged / High-Value Customers
C02377,12,604.25,7251.0,6,2,2.4,4.3,1,Highly Engaged / High-Value Customers
C02378,16,561.725,8987.6,9,8,2.6666666666666665,4.333333333333333,1,Highly Engaged / High-Value Customers
C02379,8,673.96625,5391.73,2,0,1.6,4.428571428571429,0,Occasional / Lower-Engagement Customers
C02380,12,664.4891666666666,7973.87,5,3,2.4,3.888888888888889,1,Highly Engaged / High-Value Customers
C02381,10,610.3770000000001,6103.77,4,2,1.6666666666666667,4.0,1,Highly Engaged / High-Value Customers
C02382,8,734.20875,5873.67,5,0,2.0,4.0,0,Occasional / Lower-Engagement Customers
C02383,8,806.3425,6450.74,5,3,2.0,3.7142857142857135,1,Highly Engaged / High-Value Customers
C02384,9,577.058888888889,5193.530000000001,2,4,2.25,4.2,1,Highly Engaged / High-Value Customers
C02385,8,477.08,3816.64,3,2,1.3333333333333333,4.4,0,Occasional / Lower-Engagement Customers
C02386,12,515.8075,6189.69,6,1,2.4,4.142857142857143,1,Highly Engaged / High-Value Customers
C02387,10,692.02,6920.2,4,3,2.0,3.3,1,Highly Engaged / High-Value Customers
C02388,3,443.76666666666665,1331.3,0,2,1.5,3.6666666666666665,0,Occasional / Lower-Engagement Customers
C02389,10,733.78,7337.8,3,2,2.5,4.0,1,Highly Engaged / High-Value Customers
C02390,15,584.586,8768.79,3,2,2.5,4.0,1,Highly Engaged / High-Value Customers
C02391,11,680.6727272727272,7487.4,2,1,2.2,3.4,1,Highly Engaged / High-Value Customers
C02392,5,597.608,2988.04,2,1,1.0,4.666666666666667,0,Occasional / Lower-Engagement Customers
C02393,11,482.7172727272728,5309.89,9,2,2.2,3.555555555555556,1,Highly Engaged / High-Value Customers
C02394,9,705.6311111111112,6350.68,6,1,1.8,3.0,1,Highly Engaged / High-Value Customers
C02395,11,555.1327272727273,6106.46,5,1,2.2,4.0,1,Highly Engaged / High-Value Customers
C02396,7,624.0942857142857,4368.66,1,3,1.75,4.333333333333333,0,Occasional / Lower-Engagement Customers
C02397,7,477.16857142857145,3340.1800000000003,5,2,1.75,4.8,0,Occasional / Lower-Engagement Customers
C02398,13,689.3046153846154,8960.960000000001,7,1,2.6,4.090909090909091,1,Highly Engaged / High-Value Customers
C02399,11,649.2518181818182,7141.77,3,2,1.8333333333333333,4.25,1,Highly Engaged / High-Value Customers
C02400,4,766.1075,3064.43,0,2,2.0,3.333333333333333,0,Occasional / Lower-Engagement Customers
C02401,8,462.415,3699.32,1,1,2.0,3.6,0,Occasional / Lower-Engagement Customers
C02402,3,283.94666666666666,851.84,0,1,1.0,4.0,0,Occasional / Lower-Engagement Customers
C02403,8,832.405,6659.24,3,2,1.6,4.0,0,Occasional / Lower-Engagement Customers
C02404,3,426.3033333333333,1278.91,0,0,1.0,4.0,0,Occasional / Lower-Engagement Customers
C02405,13,425.5207692307693,5531.77,6,3,2.6,4.333333333333333,1,Highly Engaged / High-Value Customers
C02406,12,440.1333333333334,5281.6,2,3,2.4,4.181818181818182,1,Highly Engaged / High-Value Customers
C02407,8,427.295,3418.36,2,3,1.6,3.8333333333333335,0,Occasional / Lower-Engagement Customers
C02408,9,362.1566666666666,3259.41,6,1,1.5,3.857142857142857,0,Occasional / Lower-Engagement Customers
C02409,8,909.29875,7274.39,3,1,1.6,4.0,0,Occasional / Lower-Engagement Customers
C02410,10,704.05,7040.5,3,3,1.6666666666666667,3.142857142857143,1,Highly Engaged / High-Value Customers
C02411,8,869.4612500000001,6955.6900000000005,3,1,2.0,4.5,0,Occasional / Lower-Engagement Customers
C02412,9,554.5566666666667,4991.01,7,3,2.25,3.4285714285714284,1,Highly Engaged / High-Value Customers
C02413,10,392.27,3922.7,3,2,2.0,4.2,0,Occasional / Lower-Engagement Customers
C02414,13,514.9238461538462,6694.01,8,3,2.1666666666666665,4.0,1,Highly Engaged / High-Value Customers
C02415,18,583.9922222222223,10511.86,9,3,3.0,4.0,1,Highly Engaged / High-Value Customers
C02416,16,532.5431249999999,8520.689999999999,6,8,2.6666666666666665,4.125,1,Highly Engaged / High-Value Customers
C02417,11,289.5036363636364,3184.54,3,2,2.2,3.625,0,Occasional / Lower-Engagement Customers
C02418,9,380.4811111111111,3424.33,5,2,1.8,4.0,0,Occasional / Lower-Engagement Customers
C02419,11,664.0754545454546,7304.83,5,1,2.2,3.5,1,Highly Engaged / High-Value Customers
C02420,18,586.5527777777778,10557.95,8,5,3.0,3.75,1,Highly Engaged / High-Value Customers
C02421,8,426.17875,3409.43,3,4,1.6,3.8,0,Occasional / Lower-Engagement Customers
C02422,16,674.849375,10797.59,4,3,2.6666666666666665,3.2,1,Highly Engaged / High-Value Customers
C02423,13,510.3615384615384,6634.7,2,5,2.1666666666666665,3.6,1,Highly Engaged / High-Value Customers
C02424,18,700.9366666666667,12616.86,9,6,3.0,3.7142857142857135,1,Highly Engaged / High-Value Customers
C02425,8,754.2125,6033.7,5,3,2.0,4.0,1,Highly Engaged / High-Value Customers
C02426,8,527.43375,4219.47,4,3,1.6,4.333333333333333,0,Occasional / Lower-Engagement Customers
C02427,8,461.53625,3692.29,3,5,1.3333333333333333,4.0,0,Occasional / Lower-Engagement Customers
C02428,12,611.1641666666666,7333.969999999999,2,3,2.0,4.333333333333333,1,Highly Engaged / High-Value Customers
C02429,13,422.2061538461539,5488.68,5,2,2.6,3.7,1,Highly Engaged / High-Value Customers
C02430,11,531.7263636363637,5848.99,4,1,2.2,4.166666666666667,1,Highly Engaged / High-Value Customers
C02431,7,652.9399999999999,4570.58,3,1,1.75,3.333333333333333,0,Occasional / Lower-Engagement Customers
C02432,8,607.86,4862.88,5,1,1.6,3.0,0,Occasional / Lower-Engagement Customers
C02433,7,683.3971428571429,4783.78,3,2,1.4,4.0,0,Occasional / Lower-Engagement Customers
C02434,11,644.6481818181818,7091.13,4,3,2.2,4.444444444444445,1,Highly Engaged / High-Value Customers
C02435,16,502.12625,8034.02,7,5,2.6666666666666665,3.5,1,Highly Engaged / High-Value Customers
C02436,12,619.2875,7431.45,3,4,2.0,4.0,1,Highly Engaged / High-Value Customers
C02437,7,627.5671428571429,4392.97,4,2,2.333333333333333,3.6666666666666665,0,Occasional / Lower-Engagement Customers
C02438,8,974.0925,7792.74,2,0,2.6666666666666665,4.142857142857143,1,Highly Engaged / High-Value Customers
C02439,3,573.2033333333333,1719.61,1,1,1.0,4.0,0,Occasional / Lower-Engagement Customers
C02440,6,687.2433333333333,4123.46,3,3,1.5,3.0,0,Occasional / Lower-Engagement Customers
C02441,10,369.659,3696.59,3,2,2.5,3.4,0,Occasional / Lower-Engagement Customers
C02442,10,639.207,6392.07,5,4,1.6666666666666667,3.5,1,Highly Engaged / High-Value Customers
C02443,9,460.1366666666666,4141.23,3,2,1.8,2.6666666666666665,0,Occasional / Lower-Engagement Customers
C02444,10,644.9399999999999,6449.4,5,0,2.0,4.285714285714286,1,Highly Engaged / High-Value Customers
C02445,12,572.6966666666666,6872.36,6,1,2.0,3.5454545454545454,1,Highly Engaged / High-Value Customers
C02446,8,570.19875,4561.59,1,1,2.0,4.333333333333333,0,Occasional / Lower-Engagement Customers
C02447,10,571.708,5717.08,4,1,2.0,3.888888888888889,0,Occasional / Lower-Engagement Customers
C02448,8,472.095,3776.76,2,4,2.0,4.5,0,Occasional / Lower-Engagement Customers
C02449,8,636.2975,5090.38,2,3,2.0,3.75,0,Occasional / Lower-Engagement Customers
C02450,3,666.8066666666667,2000.42,0,1,1.0,4.666666666666667,0,Occasional / Lower-Engagement Customers
C02451,10,531.252,5312.52,3,2,2.0,4.0,0,Occasional / Lower-Engagement Customers
C02452,7,487.6557142857143,3413.59,2,2,1.4,4.6,0,Occasional / Lower-Engagement Customers
C02453,7,611.33,4279.31,3,4,1.4,4.666666666666667,0,Occasional / Lower-Engagement Customers
C02454,15,634.316,9514.74,3,4,2.5,3.6666666666666665,1,Highly Engaged / High-Value Customers
C02455,9,458.9577777777778,4130.62,3,1,2.25,3.7142857142857135,0,Occasional / Lower-Engagement Customers
C02456,12,616.6216666666667,7399.46,6,4,2.4,3.5,1,Highly Engaged / High-Value Customers
C02457,12,447.3375,5368.05,5,2,2.0,4.0,1,Highly Engaged / High-Value Customers
C02458,8,495.5925,3964.74,4,3,1.6,3.0,0,Occasional / Lower-Engagement Customers
C02459,7,280.5757142857143,1964.03,1,2,2.333333333333333,4.25,0,Occasional / Lower-Engagement Customers
C02460,7,585.2971428571428,4097.08,2,1,1.4,4.333333333333333,0,Occasional / Lower-Engagement Customers
C02461,8,485.0225,3880.18,2,0,1.6,4.25,0,Occasional / Lower-Engagement Customers
C02462,12,424.025,5088.3,2,1,2.4,3.75,0,Occasional / Lower-Engagement Customers
C02463,6,420.3333333333333,2522.0,5,0,1.5,3.8,0,Occasional / Lower-Engagement Customers
C02464,12,729.8933333333333,8758.72,5,4,2.0,3.0,1,Highly Engaged / High-Value Customers
C02465,7,611.0428571428572,4277.3,2,0,1.4,4.0,0,Occasional / Lower-Engagement Customers
C02466,5,761.5640000000001,3807.82,3,2,1.25,4.0,0,Occasional / Lower-Engagement Customers
C02467,8,652.605,5220.84,1,2,2.6666666666666665,5.0,0,Occasional / Lower-Engagement Customers
C02468,7,543.3199999999999,3803.24,1,1,1.75,3.8,0,Occasional / Lower-Engagement Customers
C02469,9,805.1944444444445,7246.75,4,3,1.5,4.285714285714286,1,Highly Engaged / High-Value Customers
C02470,12,476.7991666666667,5721.59,5,4,3.0,4.0,1,Highly Engaged / High-Value Customers
C02471,11,644.7609090909091,7092.37,2,3,1.8333333333333333,4.25,1,Highly Engaged / High-Value Customers
C02472,12,601.115,7213.38,3,2,2.4,4.5,1,Highly Engaged / High-Value Customers
C02473,11,338.67454545454547,3725.42,4,2,2.2,4.111111111111111,0,Occasional / Lower-Engagement Customers
C02474,8,836.705,6693.64,2,6,1.3333333333333333,3.5,1,Highly Engaged / High-Value Customers
C02475,7,564.4385714285714,3951.07,1,2,1.75,4.333333333333333,0,Occasional / Lower-Engagement Customers
C02476,10,612.613,6126.13,3,1,2.0,3.5,0,Occasional / Lower-Engagement Customers
C02477,11,569.2609090909091,6261.87,5,4,2.2,4.2,1,Highly Engaged / High-Value Customers
C02478,6,566.5633333333334,3399.38,2,2,1.2,4.5,0,Occasional / Lower-Engagement Customers
C02479,5,742.512,3712.56,1,1,1.25,3.333333333333333,0,Occasional / Lower-Engagement Customers
C02480,8,520.92375,4167.39,2,0,2.0,4.0,0,Occasional / Lower-Engagement Customers
C02481,5,392.12,1960.6,3,2,1.25,3.6666666666666665,0,Occasional / Lower-Engagement Customers
C02482,12,587.7733333333333,7053.28,5,2,2.4,4.125,1,Highly Engaged / High-Value Customers
C02483,8,521.77125,4174.17,4,2,1.6,4.285714285714286,0,Occasional / Lower-Engagement Customers
C02484,9,340.5255555555556,3064.73,2,3,1.8,2.25,0,Occasional / Lower-Engagement Customers
C02485,9,480.6544444444445,4325.89,4,1,1.8,4.25,0,Occasional / Lower-Engagement Customers
C02486,13,486.86615384615385,6329.26,6,6,2.6,4.333333333333333,1,Highly Engaged / High-Value Customers
C02487,9,570.8377777777778,5137.54,4,3,1.8,3.6666666666666665,0,Occasional / Lower-Engagement Customers
C02488,6,621.2116666666667,3727.27,3,0,2.0,4.666666666666667,0,Occasional / Lower-Engagement Customers
C02489,9,415.7644444444445,3741.88,3,4,1.5,3.8333333333333335,0,Occasional / Lower-Engagement Customers
C02490,14,528.4449999999999,7398.23,4,4,2.333333333333333,4.0,1,Highly Engaged / High-Value Customers
C02491,5,790.0559999999999,3950.28,2,1,1.25,4.2,0,Occasional / Lower-Engagement Customers
C02492,7,419.18,2934.26,3,2,1.4,4.5,0,Occasional / Lower-Engagement Customers
C02493,10,576.755,5767.55,3,2,1.6666666666666667,3.7142857142857135,0,Occasional / Lower-Engagement Customers
C02494,7,450.6928571428571,3154.85,1,2,1.1666666666666667,4.0,0,Occasional / Lower-Engagement Customers
C02495,2,633.605,1267.21,0,0,1.0,5.0,0,Occasional / Lower-Engagement Customers
C02496,8,461.36875,3690.95,1,4,2.0,4.0,0,Occasional / Lower-Engagement Customers
C02497,6,469.81666666666666,2818.9,3,2,1.5,2.5,0,Occasional / Lower-Engagement Customers
C02498,9,562.76,5064.84,4,6,1.5,3.4,1,Highly Engaged / High-Value Customers
C02499,5,647.07,3235.3500000000004,2,1,1.6666666666666667,3.5,0,Occasional / Lower-Engagement Customers
C02500,12,568.6333333333333,6823.6,3,1,2.0,3.272727272727273,1,Highly Engaged / High-Value Customers
C02501,10,522.988,5229.88,8,4,2.0,4.2,1,Highly Engaged / High-Value Customers
C02502,8,582.0975,4656.78,5,3,1.3333333333333333,4.5,0,Occasional / Lower-Engagement Customers
C02503,7,494.7742857142857,3463.42,5,1,2.333333333333333,4.333333333333333,0,Occasional / Lower-Engagement Customers
C02504,9,742.7444444444444,6684.7,4,0,2.25,4.142857142857143,1,Highly Engaged / High-Value Customers
C02505,8,433.19625,3465.57,4,2,2.0,3.571428571428572,0,Occasional / Lower-Engagement Customers
C02506,12,336.21666666666664,4034.6,7,4,2.4,4.4,1,Highly Engaged / High-Value Customers
C02507,8,439.25375,3514.03,1,0,2.0,5.0,0,Occasional / Lower-Engagement Customers
C02508,7,430.0442857142857,3010.31,5,1,1.75,3.5,0,Occasional / Lower-Engagement Customers
C02509,6,406.96,2441.76,2,2,1.5,4.2,0,Occasional / Lower-Engagement Customers
C02510,10,368.344,3683.44,9,2,2.0,4.222222222222222,1,Highly Engaged / High-Value Customers
C02511,9,519.5577777777778,4676.02,2,4,1.8,3.0,0,Occasional / Lower-Engagement Customers
C02512,12,649.9041666666667,7798.85,5,4,2.4,4.6,1,Highly Engaged / High-Value Customers
C02513,12,580.7183333333334,6968.62,6,6,2.4,3.8333333333333335,1,Highly Engaged / High-Value Customers
C02514,11,603.7600000000001,6641.360000000001,5,2,1.8333333333333333,3.6666666666666665,1,Highly Engaged / High-Value Customers
C02515,5,543.0200000000001,2715.1000000000004,3,0,1.6666666666666667,4.0,0,Occasional / Lower-Engagement Customers
C02516,7,374.7642857142857,2623.35,3,1,1.75,4.5,0,Occasional / Lower-Engagement Customers
C02517,5,766.196,3830.98,1,2,1.6666666666666667,5.0,0,Occasional / Lower-Engagement Customers
C02518,8,508.69875,4069.59,4,2,2.0,4.333333333333333,0,Occasional / Lower-Engagement Customers
C02519,10,564.876,5648.76,5,4,2.0,3.555555555555556,1,Highly Engaged / High-Value Customers
C02520,10,486.344,4863.44,6,4,1.6666666666666667,4.142857142857143,1,Highly Engaged / High-Value Customers
C02521,6,344.6333333333334,2067.8,1,0,3.0,3.8,0,Occasional / Lower-Engagement Customers
C02522,3,553.0066666666667,1659.02,1,1,1.0,3.5,0,Occasional / Lower-Engagement Customers
C02523,7,391.3285714285715,2739.3,3,2,1.75,4.6,0,Occasional / Lower-Engagement Customers
C02524,8,676.505,5412.04,2,2,2.0,3.6,0,Occasional / Lower-Engagement Customers
C02525,14,656.4628571428572,9190.48,4,6,2.8,4.222222222222222,1,Highly Engaged / High-Value Customers
C02526,8,450.17875,3601.43,5,0,2.0,2.4,0,Occasional / Lower-Engagement Customers
C02527,10,739.059,7390.59,3,4,2.0,4.142857142857143,1,Highly Engaged / High-Value Customers
C02528,7,418.7642857142857,2931.35,2,3,2.333333333333333,4.0,0,Occasional / Lower-Engagement Customers
C02529,4,463.7425,1854.97,1,1,1.3333333333333333,3.333333333333333,0,Occasional / Lower-Engagement Customers
C02530,11,388.4172727272728,4272.59,4,1,2.2,4.0,0,Occasional / Lower-Engagement Customers
C02531,4,489.315,1957.26,2,1,1.0,4.333333333333333,0,Occasional / Lower-Engagement Customers
C02532,7,525.3071428571428,3677.15,3,1,2.333333333333333,4.2,0,Occasional / Lower-Engagement Customers
C02533,13,666.9838461538461,8670.789999999999,4,4,2.1666666666666665,3.7777777777777777,1,Highly Engaged / High-Value Customers
C02534,13,508.6269230769231,6612.15,4,6,2.1666666666666665,4.25,1,Highly Engaged / High-Value Customers
C02535,11,692.3145454545455,7615.46,1,3,1.8333333333333333,3.8333333333333335,1,Highly Engaged / High-Value Customers
C02536,13,509.1715384615385,6619.2300000000005,4,1,2.1666666666666665,3.2222222222222223,1,Highly Engaged / High-Value Customers
C02537,9,306.0733333333333,2754.66,3,2,1.8,3.4285714285714284,0,Occasional / Lower-Engagement Customers
C02538,13,601.5630769230769,7820.32,4,2,3.25,4.111111111111111,1,Highly Engaged / High-Value Customers
C02539,11,458.3272727272728,5041.6,3,4,1.8333333333333333,4.0,1,Highly Engaged / High-Value Customers
C02540,9,432.2988888888889,3890.69,5,3,1.5,2.833333333333333,0,Occasional / Lower-Engagement Customers
C02541,4,708.965,2835.86,2,1,2.0,3.6666666666666665,0,Occasional / Lower-Engagement Customers
C02542,7,277.2728571428571,1940.91,2,2,1.4,4.0,0,Occasional / Lower-Engagement Customers
C02543,10,621.693,6216.93,5,3,2.5,4.25,1,Highly Engaged / High-Value Customers
C02544,6,744.7933333333334,4468.76,2,3,2.0,3.6666666666666665,0,Occasional / Lower-Engagement Customers
C02545,11,625.9154545454545,6885.07,8,3,1.8333333333333333,4.571428571428571,1,Highly Engaged / High-Value Customers
C02546,10,511.088,5110.88,6,3,2.0,4.0,1,Highly Engaged / High-Value Customers
C02547,18,611.4922222222223,11006.86,7,3,3.6,3.75,1,Highly Engaged / High-Value Customers
C02548,6,402.36,2414.16,3,1,1.2,2.0,0,Occasional / Lower-Engagement Customers
C02549,15,456.1646666666666,6842.469999999999,3,4,3.0,4.125,1,Highly Engaged / High-Value Customers
C02550,8,549.9525,4399.62,5,2,1.6,3.5,0,Occasional / Lower-Engagement Customers
C02551,5,804.0600000000001,4020.3,1,1,1.25,4.0,0,Occasional / Lower-Engagement Customers
C02552,10,528.313,5283.13,6,1,2.0,3.8,1,Highly Engaged / High-Value Customers
C02553,11,535.5145454545454,5890.66,6,3,2.2,4.5,1,Highly Engaged / High-Value Customers
C02554,12,508.8058333333333,6105.67,7,2,2.4,3.5,1,Highly Engaged / High-Value Customers
C02555,8,628.01875,5024.15,2,1,2.0,4.333333333333333,0,Occasional / Lower-Engagement Customers
C02556,5,496.3860000000001,2481.9300000000003,1,2,1.25,4.666666666666667,0,Occasional / Lower-Engagement Customers
C02557,9,700.9433333333333,6308.49,6,2,1.8,3.5,1,Highly Engaged / High-Value Customers
C02558,10,445.433,4454.33,4,4,2.0,2.571428571428572,1,Highly Engaged / High-Value Customers
C02559,7,408.4057142857143,2858.84,3,1,1.75,3.4,0,Occasional / Lower-Engagement Customers
C02560,12,518.1825,6218.19,3,3,2.0,3.6666666666666665,1,Highly Engaged / High-Value Customers
C02561,14,666.7785714285714,9334.9,6,3,3.5,3.9,1,Highly Engaged / High-Value Customers
C02562,10,611.607,6116.07,5,3,1.6666666666666667,3.857142857142857,1,Highly Engaged / High-Value Customers
C02563,6,295.43,1772.5800000000002,1,0,1.5,4.25,0,Occasional / Lower-Engagement Customers
C02564,11,516.5518181818181,5682.07,3,2,2.75,3.7142857142857135,1,Highly Engaged / High-Value Customers
C02565,14,418.4692857142857,5858.57,3,4,2.8,4.0,1,Highly Engaged / High-Value Customers
C02566,7,487.79857142857145,3414.59,5,4,1.1666666666666667,3.8333333333333335,0,Occasional / Lower-Engagement Customers
C02567,6,749.335,4496.01,1,1,3.0,2.6666666666666665,0,Occasional / Lower-Engagement Customers
C02568,11,627.9709090909091,6907.68,5,6,2.2,3.625,1,Highly Engaged / High-Value Customers
C02569,7,456.1842857142857,3193.29,1,1,1.4,4.0,0,Occasional / Lower-Engagement Customers
C02570,11,832.3572727272727,9155.93,5,4,1.8333333333333333,3.8333333333333335,1,Highly Engaged / High-Value Customers
C02571,6,810.5133333333333,4863.08,0,1,1.2,4.0,0,Occasional / Lower-Engagement Customers
C02572,10,651.758,6517.58,3,2,1.6666666666666667,3.6666666666666665,0,Occasional / Lower-Engagement Customers
C02573,15,621.5606666666666,9323.41,9,4,2.5,3.6666666666666665,1,Highly Engaged / High-Value Customers
C02574,9,514.4277777777777,4629.849999999999,2,1,2.25,3.75,0,Occasional / Lower-Engagement Customers
C02575,8,825.4925000000001,6603.9400000000005,2,2,1.6,4.6,0,Occasional / Lower-Engagement Customers
C02576,10,488.466,4884.66,3,2,2.0,4.5,0,Occasional / Lower-Engagement Customers
C02577,11,854.7136363636364,9401.85,4,4,1.8333333333333333,4.166666666666667,1,Highly Engaged / High-Value Customers
C02578,11,447.2336363636363,4919.57,3,4,1.8333333333333333,3.625,1,Highly Engaged / High-Value Customers
C02579,11,682.1,7503.1,8,3,2.2,4.2,1,Highly Engaged / High-Value Customers
C02580,5,606.0219999999999,3030.11,2,0,1.6666666666666667,4.333333333333333,0,Occasional / Lower-Engagement Customers
C02581,9,748.1844444444445,6733.66,4,1,1.8,3.0,0,Occasional / Lower-Engagement Customers
C02582,5,604.426,3022.13,1,2,1.25,5.0,0,Occasional / Lower-Engagement Customers
C02583,7,674.7914285714286,4723.54,3,0,1.1666666666666667,3.4,0,Occasional / Lower-Engagement Customers
C02584,9,479.1488888888889,4312.34,3,3,1.8,4.571428571428571,0,Occasional / Lower-Engagement Customers
C02585,9,580.3655555555556,5223.29,4,3,1.8,4.166666666666667,0,Occasional / Lower-Engagement Customers
C02586,10,516.822,5168.22,5,2,1.6666666666666667,4.0,0,Occasional / Lower-Engagement Customers
C02587,10,578.415,5784.15,4,2,2.0,4.142857142857143,1,Highly Engaged / High-Value Customers
C02588,12,658.1683333333334,7898.02,2,2,3.0,4.25,1,Highly Engaged / High-Value Customers
C02589,11,350.6963636363636,3857.66,4,1,2.2,3.5,0,Occasional / Lower-Engagement Customers
C02590,10,407.294,4072.94,4,3,2.0,3.571428571428572,0,Occasional / Lower-Engagement Customers
C02591,7,689.1428571428571,4824.0,1,1,1.75,4.75,0,Occasional / Lower-Engagement Customers
C02592,7,437.86285714285714,3065.04,5,2,1.4,3.8333333333333335,0,Occasional / Lower-Engagement Customers
C02593,4,714.005,2856.02,2,3,2.0,4.333333333333333,0,Occasional / Lower-Engagement Customers
C02594,11,528.5636363636364,5814.200000000001,7,2,2.2,3.1666666666666665,1,Highly Engaged / High-Value Customers
C02595,9,766.3511111111111,6897.16,4,3,1.8,3.8333333333333335,1,Highly Engaged / High-Value Customers
C02596,12,496.3683333333333,5956.42,5,4,2.0,4.6,1,Highly Engaged / High-Value Customers
C02597,11,577.5218181818182,6352.74,3,4,1.8333333333333333,3.888888888888889,1,Highly Engaged / High-Value Customers
C02598,7,342.9485714285715,2400.6400000000003,3,2,1.4,4.0,0,Occasional / Lower-Engagement Customers
C02599,6,394.17,2365.02,2,0,1.5,4.25,0,Occasional / Lower-Engagement Customers
C02600,7,849.0614285714286,5943.43,2,1,1.1666666666666667,4.166666666666667,0,Occasional / Lower-Engagement Customers
C02601,15,675.9973333333332,10139.96,5,2,2.5,4.454545454545454,1,Highly Engaged / High-Value Customers
C02602,12,546.6491666666667,6559.79,3,5,3.0,3.625,1,Highly Engaged / High-Value Customers
C02603,11,582.0336363636363,6402.37,5,2,2.2,3.8333333333333335,1,Highly Engaged / High-Value Customers
C02604,7,647.592857142857,4533.15,4,1,1.75,4.0,0,Occasional / Lower-Engagement Customers
C02605,9,600.3888888888889,5403.5,4,0,2.25,4.0,0,Occasional / Lower-Engagement Customers
C02606,8,394.83875,3158.71,5,2,1.6,4.0,0,Occasional / Lower-Engagement Customers
C02607,7,573.49,4014.43,2,2,1.4,4.333333333333333,0,Occasional / Lower-Engagement Customers
C02608,7,513.2828571428571,3592.98,3,0,1.75,2.8,0,Occasional / Lower-Engagement Customers
C02609,6,499.5683333333333,2997.41,0,2,2.0,4.75,0,Occasional / Lower-Engagement Customers
C02610,11,658.6036363636364,7244.64,3,1,1.8333333333333333,3.5,1,Highly Engaged / High-Value Customers
C02611,11,595.7618181818182,6553.38,7,5,1.8333333333333333,3.25,1,Highly Engaged / High-Value Customers
C02612,6,412.9266666666667,2477.56,3,2,1.5,4.2,0,Occasional / Lower-Engagement Customers
C02613,11,567.7545454545455,6245.3,4,2,2.75,4.125,1,Highly Engaged / High-Value Customers
C02614,12,710.4825000000001,8525.79,3,5,2.4,3.4285714285714284,1,Highly Engaged / High-Value Customers
C02615,12,458.6641666666667,5503.97,4,1,2.4,3.7,1,Highly Engaged / High-Value Customers
C02616,13,665.3153846153847,8649.1,7,4,2.6,4.125,1,Highly Engaged / High-Value Customers
C02617,6,636.3383333333333,3818.03,5,3,1.2,4.4,0,Occasional / Lower-Engagement Customers
C02618,12,596.0291666666667,7152.35,3,4,2.0,4.5,1,Highly Engaged / High-Value Customers
C02619,9,622.5433333333333,5602.889999999999,4,0,1.8,4.166666666666667,0,Occasional / Lower-Engagement Customers
C02620,10,387.995,3879.95,3,2,2.0,3.6,0,Occasional / Lower-Engagement Customers
C02621,10,490.156,4901.56,7,3,2.5,3.25,1,Highly Engaged / High-Value Customers
C02622,10,571.852,5718.52,3,3,1.6666666666666667,3.1666666666666665,0,Occasional / Lower-Engagement Customers
C02623,9,520.5444444444444,4684.9,3,3,1.5,4.4,0,Occasional / Lower-Engagement Customers
C02624,6,733.4266666666667,4400.56,1,1,1.5,3.6666666666666665,0,Occasional / Lower-Engagement Customers
C02625,10,558.521,5585.21,2,1,2.0,3.4,0,Occasional / Lower-Engagement Customers
C02626,7,378.1471428571429,2647.03,5,1,2.333333333333333,4.4,0,Occasional / Lower-Engagement Customers
C02627,13,624.4584615384615,8117.96,3,2,2.1666666666666665,3.090909090909091,1,Highly Engaged / High-Value Customers
C02628,14,581.5378571428571,8141.53,5,7,2.333333333333333,3.555555555555556,1,Highly Engaged / High-Value Customers
C02629,10,382.195,3821.95,7,3,2.0,3.0,1,Highly Engaged / High-Value Customers
C02630,9,730.6600000000001,6575.9400000000005,3,1,1.8,3.875,0,Occasional / Lower-Engagement Customers
C02631,5,514.162,2570.81,1,1,1.25,5.0,0,Occasional / Lower-Engagement Customers
C02632,12,613.3733333333333,7360.48,4,4,2.0,3.8,1,Highly Engaged / High-Value Customers
C02633,6,510.405,3062.4300000000003,5,1,1.5,3.0,0,Occasional / Lower-Engagement Customers
C02634,8,433.36375,3466.91,3,3,1.3333333333333333,3.8,0,Occasional / Lower-Engagement Customers
C02635,4,452.5925,1810.37,1,1,1.0,2.0,0,Occasional / Lower-Engagement Customers
C02636,12,468.0208333333333,5616.25,6,6,2.0,3.875,1,Highly Engaged / High-Value Customers
C02637,4,567.4575,2269.83,1,1,1.0,3.0,0,Occasional / Lower-Engagement Customers
C02638,6,430.16,2580.96,2,2,1.5,3.75,0,Occasional / Lower-Engagement Customers
C02639,6,805.6700000000001,4834.02,3,3,1.5,3.6,0,Occasional / Lower-Engagement Customers
C02640,13,422.3184615384615,5490.139999999999,5,2,2.1666666666666665,3.0,1,Highly Engaged / High-Value Customers
C02641,10,744.264,7442.64,3,1,2.0,4.25,1,Highly Engaged / High-Value Customers
C02642,12,712.8925,8554.710000000001,6,2,2.0,3.571428571428572,1,Highly Engaged / High-Value Customers
C02643,12,402.72333333333336,4832.68,4,0,2.4,4.111111111111111,1,Highly Engaged / High-Value Customers
C02644,3,243.27666666666664,729.8299999999999,1,1,1.5,3.333333333333333,0,Occasional / Lower-Engagement Customers
C02645,10,553.117,5531.17,1,3,2.0,4.666666666666667,0,Occasional / Lower-Engagement Customers
C02646,10,454.455,4544.55,3,2,2.5,4.428571428571429,1,Highly Engaged / High-Value Customers
C02647,7,446.2028571428572,3123.42,2,2,2.333333333333333,3.0,0,Occasional / Lower-Engagement Customers
C02648,10,796.1769999999999,7961.769999999999,3,3,1.6666666666666667,3.7142857142857135,1,Highly Engaged / High-Value Customers
C02649,10,498.329,4983.29,7,2,2.0,4.5,1,Highly Engaged / High-Value Customers
C02650,4,412.4825,1649.9299999999998,2,2,1.0,0.0,0,Occasional / Lower-Engagement Customers
C02651,10,536.899,5368.99,3,0,1.6666666666666667,3.4,0,Occasional / Lower-Engagement Customers
C02652,5,503.574,2517.87,2,0,1.25,3.333333333333333,0,Occasional / Lower-Engagement Customers
C02653,10,413.535,4135.35,2,3,1.6666666666666667,3.2,0,Occasional / Lower-Engagement Customers
C02654,10,551.068,5510.68,3,2,2.0,3.75,0,Occasional / Lower-Engagement Customers
C02655,15,517.9806666666667,7769.71,4,3,3.0,4.555555555555555,1,Highly Engaged / High-Value Customers
C02656,14,528.9607142857143,7405.45,5,3,2.333333333333333,4.5,1,Highly Engaged / High-Value Customers
C02657,3,446.67,1340.01,1,1,1.5,5.0,0,Occasional / Lower-Engagement Customers
C02658,5,308.396,1541.98,4,1,1.25,3.6666666666666665,0,Occasional / Lower-Engagement Customers
C02659,9,559.1644444444445,5032.4800000000005,3,1,1.8,3.1666666666666665,0,Occasional / Lower-Engagement Customers
C02660,11,497.1390909090909,5468.53,4,3,2.2,3.75,1,Highly Engaged / High-Value Customers
C02661,7,802.7057142857142,5618.94,2,3,1.4,4.5,0,Occasional / Lower-Engagement Customers
C02662,11,494.0972727272727,5435.07,3,1,2.75,4.333333333333333,1,Highly Engaged / High-Value Customers
C02663,9,468.74,4218.66,4,0,3.0,3.5,0,Occasional / Lower-Engagement Customers
C02664,7,557.1142857142856,3899.8,5,3,1.4,4.166666666666667,0,Occasional / Lower-Engagement Customers
C02665,8,411.86875,3294.95,5,1,2.0,4.714285714285714,0,Occasional / Lower-Engagement Customers
C02666,13,635.3346153846154,8259.35,4,1,2.6,4.4,1,Highly Engaged / High-Value Customers
C02667,7,737.1428571428571,5160.0,4,2,1.4,3.0,0,Occasional / Lower-Engagement Customers
C02668,6,890.4833333333332,5342.9,2,2,1.5,4.5,0,Occasional / Lower-Engagement Customers
C02669,10,437.7320000000001,4377.320000000001,4,2,3.333333333333333,4.333333333333333,1,Highly Engaged / High-Value Customers
C02670,11,436.5700000000001,4802.27,6,4,2.2,4.166666666666667,1,Highly Engaged / High-Value Customers
C02671,11,773.2854545454545,8506.14,5,3,2.2,3.7142857142857135,1,Highly Engaged / High-Value Customers
C02672,11,479.2345454545455,5271.58,6,2,2.2,4.0,1,Highly Engaged / High-Value Customers
C02673,10,674.9,6749.0,5,4,2.0,3.375,1,Highly Engaged / High-Value Customers
C02674,6,546.3983333333333,3278.39,0,2,2.0,4.2,0,Occasional / Lower-Engagement Customers
C02675,10,837.1020000000001,8371.02,5,3,1.6666666666666667,3.125,1,Highly Engaged / High-Value Customers
C02676,8,831.57875,6652.63,3,0,2.0,4.285714285714286,0,Occasional / Lower-Engagement Customers
C02677,10,494.425,4944.25,2,2,2.0,4.428571428571429,0,Occasional / Lower-Engagement Customers
C02678,10,462.009,4620.09,4,5,2.0,3.75,1,Highly Engaged / High-Value Customers
C02679,11,605.6036363636363,6661.639999999999,4,3,1.8333333333333333,3.6666666666666665,1,Highly Engaged / High-Value Customers
C02680,9,569.4277777777777,5124.849999999999,2,4,1.8,2.333333333333333,0,Occasional / Lower-Engagement Customers
C02681,12,675.6058333333334,8107.27,4,2,2.4,3.5,1,Highly Engaged / High-Value Customers
C02682,5,607.768,3038.84,2,3,1.6666666666666667,3.5,0,Occasional / Lower-Engagement Customers
C02683,8,600.50875,4804.07,4,0,1.6,3.571428571428572,0,Occasional / Lower-Engagement Customers
C02684,7,698.3000000000001,4888.1,2,1,1.75,3.0,0,Occasional / Lower-Engagement Customers
C02685,8,506.07125,4048.57,5,4,1.6,4.2,0,Occasional / Lower-Engagement Customers
C02686,6,328.88,1973.28,2,1,2.0,4.0,0,Occasional / Lower-Engagement Customers
C02687,9,890.4866666666667,8014.38,5,2,2.25,4.0,1,Highly Engaged / High-Value Customers
C02688,10,552.943,5529.43,3,3,2.5,4.166666666666667,1,Highly Engaged / High-Value Customers
C02689,6,463.5783333333333,2781.47,2,0,2.0,4.333333333333333,0,Occasional / Lower-Engagement Customers
C02690,7,641.2585714285714,4488.81,4,2,1.75,4.166666666666667,0,Occasional / Lower-Engagement Customers
C02691,5,336.404,1682.02,1,3,1.25,4.666666666666667,0,Occasional / Lower-Engagement Customers
C02692,10,523.087,5230.87,6,3,2.0,4.4,1,Highly Engaged / High-Value Customers
C02693,7,812.592857142857,5688.15,3,2,1.4,4.5,0,Occasional / Lower-Engagement Customers
C02694,14,750.4821428571429,10506.75,4,0,2.8,3.5,1,Highly Engaged / High-Value Customers
C02695,6,389.34,2336.04,1,1,1.2,3.2,0,Occasional / Lower-Engagement Customers
C02696,8,613.4525,4907.62,4,1,2.6666666666666665,4.5,1,Highly Engaged / High-Value Customers
C02697,10,447.4,4474.0,2,2,1.6666666666666667,3.8,0,Occasional / Lower-Engagement Customers
C02698,7,370.2371428571428,2591.66,1,1,1.75,5.0,0,Occasional / Lower-Engagement Customers
C02699,9,431.5677777777778,3884.11,6,2,1.5,3.8,0,Occasional / Lower-Engagement Customers
C02700,11,551.5109090909091,6066.62,6,3,1.8333333333333333,4.166666666666667,1,Highly Engaged / High-Value Customers
C02701,17,502.9358823529412,8549.91,9,6,2.833333333333333,3.8,1,Highly Engaged / High-Value Customers
C02702,15,582.4293333333334,8736.44,6,4,2.5,4.111111111111111,1,Highly Engaged / High-Value Customers
C02703,13,444.9276923076923,5784.06,6,1,2.6,3.7,1,Highly Engaged / High-Value Customers
C02704,13,540.19,7022.47,4,1,2.1666666666666665,3.2857142857142856,1,Highly Engaged / High-Value Customers
C02705,15,779.1806666666668,11687.71,5,3,3.0,3.111111111111111,1,Highly Engaged / High-Value Customers
C02706,6,533.4633333333334,3200.78,0,4,1.5,4.0,0,Occasional / Lower-Engagement Customers
C02707,8,581.84625,4654.77,3,0,1.6,3.8333333333333335,0,Occasional / Lower-Engagement Customers
C02708,5,633.008,3165.04,3,1,1.25,3.25,0,Occasional / Lower-Engagement Customers
C02709,10,563.353,5633.53,5,3,1.6666666666666667,3.1666666666666665,1,Highly Engaged / High-Value Customers
C02710,7,577.3128571428572,4041.19,4,4,1.4,3.8333333333333335,0,Occasional / Lower-Engagement Customers
C02711,1,534.77,534.77,1,0,1.0,4.0,0,Occasional / Lower-Engagement Customers
C02712,13,743.7769230769231,9669.1,7,4,2.6,4.125,1,Highly Engaged / High-Value Customers
C02713,6,496.5216666666667,2979.13,0,2,1.5,3.6,0,Occasional / Lower-Engagement Customers
C02714,9,633.8677777777777,5704.81,5,1,1.5,4.0,0,Occasional / Lower-Engagement Customers
C02715,15,659.6846666666667,9895.27,6,4,2.5,3.7142857142857135,1,Highly Engaged / High-Value Customers
C02716,8,763.41625,6107.33,3,0,1.6,4.2,0,Occasional / Lower-Engagement Customers
C02717,8,679.12875,5433.03,3,3,2.0,3.571428571428572,0,Occasional / Lower-Engagement Customers
C02718,7,489.5628571428571,3426.94,1,0,1.75,3.6666666666666665,0,Occasional / Lower-Engagement Customers
C02719,9,562.8622222222223,5065.76,3,2,2.25,3.6,0,Occasional / Lower-Engagement Customers
C02720,11,669.2563636363636,7361.82,3,4,1.8333333333333333,3.125,1,Highly Engaged / High-Value Customers
C02721,6,961.6466666666666,5769.88,3,2,1.5,3.8,0,Occasional / Lower-Engagement Customers
C02722,5,813.1980000000001,4065.99,3,1,1.25,2.0,0,Occasional / Lower-Engagement Customers
C02723,8,452.22,3617.76,4,3,2.0,5.0,0,Occasional / Lower-Engagement Customers
C02724,6,572.9533333333333,3437.72,2,3,2.0,3.5,0,Occasional / Lower-Engagement Customers
C02725,9,455.3655555555556,4098.29,3,3,2.25,3.4285714285714284,0,Occasional / Lower-Engagement Customers
C02726,12,809.3983333333334,9712.78,6,4,3.0,4.222222222222222,1,Highly Engaged / High-Value Customers
C02727,10,448.757,4487.57,4,2,2.0,4.428571428571429,0,Occasional / Lower-Engagement Customers
C02728,14,412.7721428571428,5778.81,2,3,2.333333333333333,3.2857142857142856,1,Highly Engaged / High-Value Customers
C02729,8,674.9925,5399.94,1,1,2.0,3.5,0,Occasional / Lower-Engagement Customers
C02730,9,937.0866666666668,8433.78,3,3,1.8,4.0,1,Highly Engaged / High-Value Customers
C02731,2,1123.015,2246.03,0,1,1.0,5.0,0,Occasional / Lower-Engagement Customers
C02732,8,552.9087499999999,4423.27,4,1,1.6,4.0,0,Occasional / Lower-Engagement Customers
C02733,6,430.24,2581.44,2,1,1.5,4.5,0,Occasional / Lower-Engagement Customers
C02734,10,479.229,4792.29,5,1,2.0,3.4,0,Occasional / Lower-Engagement Customers
C02735,9,429.57444444444445,3866.17,2,0,1.5,4.4,0,Occasional / Lower-Engagement Customers
C02736,11,481.2536363636364,5293.79,5,1,2.2,4.111111111111111,1,Highly Engaged / High-Value Customers
C02737,6,695.16,4170.96,2,1,1.5,3.5,0,Occasional / Lower-Engagement Customers
C02738,3,479.8033333333333,1439.41,1,0,1.0,4.5,0,Occasional / Lower-Engagement Customers
C02739,5,394.086,1970.43,1,1,1.6666666666666667,3.75,0,Occasional / Lower-Engagement Customers
C02740,15,662.938,9944.07,5,2,3.0,4.181818181818182,1,Highly Engaged / High-Value Customers
C02741,6,358.2866666666667,2149.7200000000003,3,2,1.2,4.166666666666667,0,Occasional / Lower-Engagement Customers
C02742,8,399.82,3198.56,1,2,2.6666666666666665,4.5,0,Occasional / Lower-Engagement Customers
C02743,13,500.7230769230769,6509.4,3,1,2.6,3.8,1,Highly Engaged / High-Value Customers
C02744,14,665.8735714285714,9322.23,5,3,2.333333333333333,4.333333333333333,1,Highly Engaged / High-Value Customers
C02745,13,470.7076923076923,6119.2,3,2,2.6,4.5,1,Highly Engaged / High-Value Customers
C02746,7,359.1528571428571,2514.07,6,2,3.5,3.4,1,Highly Engaged / High-Value Customers
C02747,9,668.4266666666667,6015.84,4,2,1.8,2.5,0,Occasional / Lower-Engagement Customers
C02748,8,607.02625,4856.21,4,3,2.0,3.857142857142857,0,Occasional / Lower-Engagement Customers
C02749,13,440.36307692307696,5724.72,4,3,2.1666666666666665,4.4,1,Highly Engaged / High-Value Customers
C02750,9,561.6755555555555,5055.08,3,2,2.25,4.2,0,Occasional / Lower-Engagement Customers
C02751,6,322.0083333333333,1932.05,4,3,2.0,4.0,0,Occasional / Lower-Engagement Customers
C02752,13,378.59,4921.67,3,1,2.1666666666666665,4.0,1,Highly Engaged / High-Value Customers
C02753,7,471.2857142857143,3299.0,2,2,1.75,3.2,0,Occasional / Lower-Engagement Customers
C02754,7,437.85857142857145,3065.01,4,1,1.75,4.0,0,Occasional / Lower-Engagement Customers
C02755,12,611.3883333333333,7336.66,5,3,3.0,3.888888888888889,1,Highly Engaged / High-Value Customers
C02756,12,545.3275,6543.93,6,1,2.4,3.571428571428572,1,Highly Engaged / High-Value Customers
C02757,6,731.1150000000001,4386.6900000000005,3,3,1.2,4.5,0,Occasional / Lower-Engagement Customers
C02758,4,647.72,2590.88,2,1,2.0,4.5,0,Occasional / Lower-Engagement Customers
C02759,5,364.122,1820.61,2,0,1.6666666666666667,4.5,0,Occasional / Lower-Engagement Customers
C02760,12,416.9466666666667,5003.360000000001,5,1,2.4,3.7,1,Highly Engaged / High-Value Customers
C02761,11,882.6909090909091,9709.6,4,1,2.2,4.166666666666667,1,Highly Engaged / High-Value Customers
C02762,6,467.4683333333333,2804.81,2,0,1.5,3.6666666666666665,0,Occasional / Lower-Engagement Customers
C02763,10,731.6800000000001,7316.8,3,5,2.5,4.571428571428571,1,Highly Engaged / High-Value Customers
C02764,4,666.1075000000001,2664.4300000000003,0,1,1.3333333333333333,5.0,0,Occasional / Lower-Engagement Customers
C02765,6,750.2533333333334,4501.52,3,2,1.5,3.8,0,Occasional / Lower-Engagement Customers
C02766,8,645.09875,5160.79,3,0,2.0,3.5,0,Occasional / Lower-Engagement Customers
C02767,8,611.09,4888.72,5,0,2.6666666666666665,3.8333333333333335,1,Highly Engaged / High-Value Customers
C02768,6,423.68666666666667,2542.12,1,1,2.0,4.0,0,Occasional / Lower-Engagement Customers
C02769,14,535.9678571428572,7503.55,6,0,2.8,3.875,1,Highly Engaged / High-Value Customers
C02770,8,413.6375,3309.1,1,1,2.0,3.6666666666666665,0,Occasional / Lower-Engagement Customers
C02771,12,822.0958333333333,9865.15,6,2,2.4,3.6666666666666665,1,Highly Engaged / High-Value Customers
C02772,11,691.4418181818181,7605.86,2,2,1.8333333333333333,4.166666666666667,1,Highly Engaged / High-Value Customers
C02773,12,557.9841666666667,6695.81,5,2,2.0,4.125,1,Highly Engaged / High-Value Customers
C02774,14,628.1021428571429,8793.43,4,4,3.5,4.25,1,Highly Engaged / High-Value Customers
C02775,9,553.3944444444445,4980.55,2,1,1.8,4.6,0,Occasional / Lower-Engagement Customers
C02776,7,533.2771428571428,3732.94,0,2,2.333333333333333,4.0,0,Occasional / Lower-Engagement Customers
C02777,7,673.8485714285715,4716.9400000000005,1,0,1.1666666666666667,4.0,0,Occasional / Lower-Engagement Customers
C02778,6,628.7116666666667,3772.27,3,3,1.5,4.5,0,Occasional / Lower-Engagement Customers
C02779,8,417.51875,3340.15,1,6,2.6666666666666665,4.4,0,Occasional / Lower-Engagement Customers
C02780,13,506.0646153846154,6578.84,4,1,2.6,3.6666666666666665,1,Highly Engaged / High-Value Customers
C02781,9,512.6955555555555,4614.26,3,2,2.25,3.0,0,Occasional / Lower-Engagement Customers
C02782,11,398.71181818181816,4385.83,4,1,2.75,4.125,1,Highly Engaged / High-Value Customers
C02783,7,567.9885714285714,3975.92,4,4,1.75,4.0,0,Occasional / Lower-Engagement Customers
C02784,14,634.7357142857143,8886.3,8,4,2.333333333333333,4.428571428571429,1,Highly Engaged / High-Value Customers
C02785,7,862.8071428571428,6039.65,2,1,1.4,3.333333333333333,0,Occasional / Lower-Engagement Customers
C02786,10,399.619,3996.19,2,2,2.0,4.0,0,Occasional / Lower-Engagement Customers
C02787,10,741.954,7419.54,3,3,2.0,3.6666666666666665,1,Highly Engaged / High-Value Customers
C02788,2,357.675,715.35,0,0,1.0,4.0,0,Occasional / Lower-Engagement Customers
C02789,9,747.021111111111,6723.19,3,0,2.25,4.125,0,Occasional / Lower-Engagement Customers
C02790,13,547.1007692307692,7112.31,6,2,2.6,4.6,1,Highly Engaged / High-Value Customers
C02791,11,581.8154545454545,6399.969999999999,4,2,1.8333333333333333,2.8,1,Highly Engaged / High-Value Customers
C02792,5,532.0,2660.0,1,2,2.5,4.666666666666667,0,Occasional / Lower-Engagement Customers
C02793,11,505.4654545454545,5560.12,3,3,1.8333333333333333,4.428571428571429,1,Highly Engaged / High-Value Customers
C02794,10,611.228,6112.28,2,3,2.5,3.5,1,Highly Engaged / High-Value Customers
C02795,7,397.8614285714286,2785.03,5,1,1.4,3.8,0,Occasional / Lower-Engagement Customers
C02796,8,531.46875,4251.75,5,2,2.0,3.2,0,Occasional / Lower-Engagement Customers
C02797,13,519.8661538461539,6758.26,7,0,2.1666666666666665,4.0,1,Highly Engaged / High-Value Customers
C02798,9,532.49,4792.41,3,1,1.8,4.25,0,Occasional / Lower-Engagement Customers
C02799,9,725.9333333333333,6533.4,5,4,1.8,4.166666666666667,1,Highly Engaged / High-Value Customers
C02800,6,695.5949999999999,4173.57,4,3,1.5,4.0,0,Occasional / Lower-Engagement Customers
C02801,11,322.00636363636363,3542.07,4,2,2.2,4.0,0,Occasional / Lower-Engagement Customers
C02802,6,716.5966666666667,4299.58,3,0,2.0,4.75,0,Occasional / Lower-Engagement Customers
C02803,8,370.615,2964.92,3,3,1.3333333333333333,3.375,0,Occasional / Lower-Engagement Customers
C02804,14,398.86785714285713,5584.15,5,6,2.8,4.111111111111111,1,Highly Engaged / High-Value Customers
C02805,6,706.415,4238.49,4,3,1.2,4.0,0,Occasional / Lower-Engagement Customers
C02806,7,510.98,3576.86,2,1,1.75,3.25,0,Occasional / Lower-Engagement Customers
C02807,11,748.7963636363637,8236.76,3,2,2.2,3.888888888888889,1,Highly Engaged / High-Value Customers
C02808,10,704.2149999999999,7042.15,5,6,2.0,3.8333333333333335,1,Highly Engaged / High-Value Customers
C02809,11,586.0590909090909,6446.65,2,4,2.2,4.142857142857143,1,Highly Engaged / High-Value Customers
C02810,10,494.0220000000001,4940.22,4,1,2.0,5.0,0,Occasional / Lower-Engagement Customers
C02811,10,418.476,4184.76,8,3,2.0,4.625,1,Highly Engaged / High-Value Customers
C02812,10,564.059,5640.59,3,3,2.0,3.1666666666666665,1,Highly Engaged / High-Value Customers
C02813,12,392.3158333333333,4707.79,6,4,2.0,3.8,1,Highly Engaged / High-Value Customers
C02814,12,408.31666666666666,4899.8,5,0,2.4,3.4,1,Highly Engaged / High-Value Customers
C02815,4,957.2825,3829.13,1,0,1.3333333333333333,4.333333333333333,0,Occasional / Lower-Engagement Customers
C02816,14,850.9914285714286,11913.88,6,5,2.8,4.6,1,Highly Engaged / High-Value Customers
C02817,15,682.4186666666667,10236.28,6,5,3.75,4.0,1,Highly Engaged / High-Value Customers
C02818,10,587.601,5876.01,4,1,1.6666666666666667,3.4285714285714284,0,Occasional / Lower-Engagement Customers
C02819,11,445.53,4900.83,6,0,1.8333333333333333,4.5,0,Occasional / Lower-Engagement Customers
C02820,16,650.97375,10415.58,4,2,2.6666666666666665,3.5,1,Highly Engaged / High-Value Customers
C02821,9,399.54333333333335,3595.8900000000003,3,4,3.0,4.0,1,Highly Engaged / High-Value Customers
C02822,10,666.204,6662.04,3,2,2.5,3.6666666666666665,1,Highly Engaged / High-Value Customers
C02823,11,540.2654545454545,5942.92,6,3,2.75,3.857142857142857,1,Highly Engaged / High-Value Customers
C02824,9,467.4966666666666,4207.47,4,2,3.0,4.166666666666667,1,Highly Engaged / High-Value Customers
C02825,13,538.9123076923076,7005.86,5,2,2.6,3.625,1,Highly Engaged / High-Value Customers
C02826,7,728.147142857143,5097.030000000001,1,2,1.1666666666666667,4.0,0,Occasional / Lower-Engagement Customers
C02827,6,635.0266666666666,3810.16,5,1,1.2,2.333333333333333,0,Occasional / Lower-Engagement Customers
C02828,5,629.604,3148.02,1,1,1.25,4.0,0,Occasional / Lower-Engagement Customers
C02829,14,462.1028571428572,6469.4400000000005,5,4,2.333333333333333,4.625,1,Highly Engaged / High-Value Customers
C02830,10,675.856,6758.56,3,1,2.0,3.1666666666666665,1,Highly Engaged / High-Value Customers
C02831,10,365.901,3659.01,3,4,1.6666666666666667,3.7142857142857135,0,Occasional / Lower-Engagement Customers
C02832,14,556.0035714285715,7784.05,5,5,2.333333333333333,3.4,1,Highly Engaged / High-Value Customers
C02833,7,475.4814285714286,3328.37,4,2,1.75,3.5,0,Occasional / Lower-Engagement Customers
C02834,8,464.95875,3719.67,4,1,2.0,3.5,0,Occasional / Lower-Engagement Customers
C02835,4,590.1475,2360.59,2,2,1.3333333333333333,5.0,0,Occasional / Lower-Engagement Customers
C02836,5,853.93,4269.65,3,1,1.25,2.0,0,Occasional / Lower-Engagement Customers
C02837,7,501.42,3509.94,3,2,1.75,4.6,0,Occasional / Lower-Engagement Customers
C02838,8,564.17875,4513.43,3,3,1.6,3.6666666666666665,0,Occasional / Lower-Engagement Customers
C02839,12,683.3158333333332,8199.789999999999,1,4,2.0,3.6666666666666665,1,Highly Engaged / High-Value Customers
C02840,9,546.6111111111111,4919.5,3,4,1.8,3.571428571428572,0,Occasional / Lower-Engagement Customers
C02841,10,656.444,6564.44,4,2,2.0,3.0,1,Highly Engaged / High-Value Customers
C02842,10,478.263,4782.63,5,3,2.0,4.142857142857143,1,Highly Engaged / High-Value Customers
C02843,7,693.6342857142857,4855.4400000000005,3,0,1.75,3.4,0,Occasional / Lower-Engagement Customers
C02844,15,464.4646666666667,6966.97,6,6,2.5,3.615384615384616,1,Highly Engaged / High-Value Customers
C02845,14,418.81928571428574,5863.47,6,5,2.333333333333333,3.6,1,Highly Engaged / High-Value Customers
C02846,5,702.462,3512.31,2,0,1.6666666666666667,4.5,0,Occasional / Lower-Engagement Customers
C02847,9,649.1433333333333,5842.29,2,1,1.8,4.0,0,Occasional / Lower-Engagement Customers
C02848,13,669.6676923076923,8705.68,6,4,2.1666666666666665,3.857142857142857,1,Highly Engaged / High-Value Customers
C02849,10,604.772,6047.72,1,2,2.0,4.571428571428571,0,Occasional / Lower-Engagement Customers
C02850,10,518.7270000000001,5187.27,3,2,2.0,3.6666666666666665,0,Occasional / Lower-Engagement Customers
C02851,9,338.63,3047.67,5,2,1.8,3.571428571428572,0,Occasional / Lower-Engagement Customers
C02852,6,554.3283333333334,3325.9700000000003,2,2,1.2,3.333333333333333,0,Occasional / Lower-Engagement Customers
C02853,11,679.38,7473.18,3,1,2.2,4.428571428571429,1,Highly Engaged / High-Value Customers
C02854,12,592.4083333333334,7108.900000000001,7,3,2.0,4.111111111111111,1,Highly Engaged / High-Value Customers
C02855,8,760.26,6082.08,5,0,1.3333333333333333,3.25,0,Occasional / Lower-Engagement Customers
C02856,5,673.158,3365.79,1,1,1.25,4.333333333333333,0,Occasional / Lower-Engagement Customers
C02857,12,408.9608333333333,4907.53,6,0,2.0,3.75,1,Highly Engaged / High-Value Customers
C02858,13,522.6476923076923,6794.42,4,1,2.6,4.0,1,Highly Engaged / High-Value Customers
C02859,8,848.27625,6786.21,4,6,2.0,4.0,1,Highly Engaged / High-Value Customers
C02860,16,752.495,12039.92,7,4,3.2,3.375,1,Highly Engaged / High-Value Customers
C02861,13,591.4407692307692,7688.73,5,5,3.25,4.0,1,Highly Engaged / High-Value Customers
C02862,5,686.616,3433.08,0,1,1.25,3.0,0,Occasional / Lower-Engagement Customers
C02863,6,511.8416666666667,3071.05,3,0,1.5,3.6666666666666665,0,Occasional / Lower-Engagement Customers
C02864,10,544.14,5441.4,2,4,2.0,3.7142857142857135,1,Highly Engaged / High-Value Customers
C02865,11,624.5463636363637,6870.01,5,2,1.8333333333333333,4.0,1,Highly Engaged / High-Value Customers
C02866,10,450.066,4500.66,3,2,2.0,4.6,0,Occasional / Lower-Engagement Customers
C02867,12,668.9441666666667,8027.33,4,5,2.4,3.7777777777777777,1,Highly Engaged / High-Value Customers
C02868,9,473.5944444444444,4262.349999999999,4,3,1.8,4.25,0,Occasional / Lower-Engagement Customers
C02869,6,532.8666666666667,3197.2,3,1,2.0,3.6666666666666665,0,Occasional / Lower-Engagement Customers
C02870,2,506.71,1013.42,1,1,1.0,4.0,0,Occasional / Lower-Engagement Customers
C02871,5,739.582,3697.91,3,1,1.25,3.75,0,Occasional / Lower-Engagement Customers
C02872,14,425.4042857142857,5955.66,2,4,2.8,4.0,1,Highly Engaged / High-Value Customers
C02873,7,470.52857142857147,3293.7000000000003,4,2,1.75,4.0,0,Occasional / Lower-Engagement Customers
C02874,7,694.3771428571428,4860.639999999999,5,1,2.333333333333333,3.2,0,Occasional / Lower-Engagement Customers
C02875,5,437.092,2185.46,2,1,1.25,4.0,0,Occasional / Lower-Engagement Customers
C02876,5,582.8,2914.0,1,1,1.25,4.333333333333333,0,Occasional / Lower-Engagement Customers
C02877,6,570.7566666666667,3424.54,3,1,2.0,4.0,0,Occasional / Lower-Engagement Customers
C02878,5,533.784,2668.92,2,1,1.6666666666666667,3.25,0,Occasional / Lower-Engagement Customers
C02879,12,680.3158333333333,8163.79,8,3,2.4,2.5,1,Highly Engaged / High-Value Customers
C02880,5,642.134,3210.67,3,0,1.25,2.0,0,Occasional / Lower-Engagement Customers
C02881,4,698.8050000000001,2795.2200000000003,2,1,1.0,4.0,0,Occasional / Lower-Engagement Customers
C02882,9,560.57,5045.13,3,2,2.25,3.0,0,Occasional / Lower-Engagement Customers
C02883,8,437.67125,3501.37,2,0,1.6,3.6666666666666665,0,Occasional / Lower-Engagement Customers
C02884,7,648.1914285714286,4537.34,2,0,1.75,3.5,0,Occasional / Lower-Engagement Customers
C02885,12,653.0808333333333,7836.97,3,3,2.0,3.8,1,Highly Engaged / High-Value Customers
C02886,5,265.648,1328.24,3,2,1.25,4.5,0,Occasional / Lower-Engagement Customers
C02887,12,739.12,8869.44,3,1,2.4,3.7142857142857135,1,Highly Engaged / High-Value Customers
C02888,11,522.4536363636363,5746.99,4,7,1.8333333333333333,4.142857142857143,1,Highly Engaged / High-Value Customers
C02889,10,648.639,6486.39,5,1,2.0,4.8,1,Highly Engaged / High-Value Customers
C02890,7,485.1157142857143,3395.81,2,2,2.333333333333333,3.5,0,Occasional / Lower-Engagement Customers
C02891,6,643.6533333333333,3861.92,4,1,1.5,4.2,0,Occasional / Lower-Engagement Customers
C02892,9,454.9088888888889,4094.18,4,1,3.0,4.571428571428571,1,Highly Engaged / High-Value Customers
C02893,12,437.2808333333333,5247.37,6,2,2.4,3.375,1,Highly Engaged / High-Value Customers
C02894,4,471.5275,1886.11,1,2,1.3333333333333333,4.0,0,Occasional / Lower-Engagement Customers
C02895,14,653.6035714285715,9150.45,5,2,2.333333333333333,3.6,1,Highly Engaged / High-Value Customers
C02896,13,570.5215384615384,7416.78,5,3,2.1666666666666665,4.125,1,Highly Engaged / High-Value Customers
C02897,12,463.3025,5559.63,4,2,3.0,3.9,1,Highly Engaged / High-Value Customers
C02898,12,624.3191666666667,7491.83,4,1,3.0,4.0,1,Highly Engaged / High-Value Customers
C02899,10,651.321,6513.21,4,3,2.0,4.0,1,Highly Engaged / High-Value Customers
C02900,11,472.8745454545455,5201.62,4,2,2.75,3.75,1,Highly Engaged / High-Value Customers
C02901,8,464.42125,3715.37,3,2,1.6,3.6,0,Occasional / Lower-Engagement Customers
C02902,11,458.1809090909091,5039.99,7,1,2.2,4.111111111111111,1,Highly Engaged / High-Value Customers
C02903,8,478.76625,3830.13,2,2,1.6,4.0,0,Occasional / Lower-Engagement Customers
C02904,5,376.93,1884.65,2,1,1.6666666666666667,4.666666666666667,0,Occasional / Lower-Engagement Customers
C02905,6,691.8316666666666,4150.99,0,2,1.5,4.666666666666667,0,Occasional / Lower-Engagement Customers
C02906,4,447.5575,1790.23,3,2,1.3333333333333333,3.0,0,Occasional / Lower-Engagement Customers
C02907,7,542.1142857142858,3794.8,3,1,1.4,4.5,0,Occasional / Lower-Engagement Customers
C02908,10,669.088,6690.88,3,2,1.6666666666666667,3.625,0,Occasional / Lower-Engagement Customers
C02909,13,544.9615384615385,7084.5,2,1,2.6,3.7,1,Highly Engaged / High-Value Customers
C02910,9,573.9955555555556,5165.96,4,2,1.8,4.0,0,Occasional / Lower-Engagement Customers
C02911,10,664.515,6645.15,3,3,2.0,4.25,1,Highly Engaged / High-Value Customers
C02912,12,464.03583333333336,5568.43,6,3,2.4,4.142857142857143,1,Highly Engaged / High-Value Customers
C02913,5,309.402,1547.01,2,1,1.25,3.0,0,Occasional / Lower-Engagement Customers
C02914,5,571.054,2855.27,1,2,2.5,3.0,0,Occasional / Lower-Engagement Customers
C02915,15,436.0833333333333,6541.25,6,5,2.5,4.5,1,Highly Engaged / High-Value Customers
C02916,8,881.41,7051.28,2,0,2.6666666666666665,4.333333333333333,1,Highly Engaged / High-Value Customers
C02917,10,495.286,4952.86,3,4,2.5,4.6,1,Highly Engaged / High-Value Customers
C02918,15,482.6853333333333,7240.28,9,6,2.5,4.1,1,Highly Engaged / High-Value Customers
C02919,9,596.74,5370.66,3,2,1.8,4.333333333333333,0,Occasional / Lower-Engagement Customers
C02920,12,576.8016666666666,6921.62,4,2,2.0,4.333333333333333,1,Highly Engaged / High-Value Customers
C02921,8,850.83,6806.64,1,0,1.6,3.4285714285714284,0,Occasional / Lower-Engagement Customers
C02922,16,504.505,8072.08,4,4,2.6666666666666665,3.583333333333333,1,Highly Engaged / High-Value Customers
C02923,7,905.3085714285714,6337.16,2,4,1.4,4.0,0,Occasional / Lower-Engagement Customers
C02924,11,532.3036363636364,5855.34,6,7,2.2,4.25,1,Highly Engaged / High-Value Customers
C02925,13,640.8930769230769,8331.61,5,1,2.1666666666666665,3.875,1,Highly Engaged / High-Value Customers
C02926,18,414.30277777777775,7457.45,9,4,3.0,3.8181818181818175,1,Highly Engaged / High-Value Customers
C02927,9,536.0266666666666,4824.24,3,5,1.8,3.5,1,Highly Engaged / High-Value Customers
C02928,11,536.3436363636364,5899.78,5,1,1.8333333333333333,4.166666666666667,1,Highly Engaged / High-Value Customers
C02929,8,687.2775,5498.22,4,0,1.6,3.4285714285714284,0,Occasional / Lower-Engagement Customers
C02930,8,464.65625,3717.25,1,1,2.0,3.571428571428572,0,Occasional / Lower-Engagement Customers
C02931,6,377.3666666666666,2264.2,3,1,1.5,5.0,0,Occasional / Lower-Engagement Customers
C02932,7,539.3671428571428,3775.57,0,4,1.4,3.333333333333333,0,Occasional / Lower-Engagement Customers
C02933,8,663.46875,5307.75,3,3,2.0,4.25,0,Occasional / Lower-Engagement Customers
C02934,15,561.6293333333334,8424.44,3,3,2.5,4.0,1,Highly Engaged / High-Value Customers
C02935,15,498.12666666666667,7471.9,3,5,3.0,4.0,1,Highly Engaged / High-Value Customers
C02936,10,729.949,7299.49,5,4,1.6666666666666667,3.142857142857143,1,Highly Engaged / High-Value Customers
C02937,8,558.74875,4469.99,2,2,2.0,4.75,0,Occasional / Lower-Engagement Customers
C02938,7,566.9842857142856,3968.89,3,0,1.75,4.0,0,Occasional / Lower-Engagement Customers
C02939,7,1009.5128571428572,7066.59,2,3,1.4,3.333333333333333,0,Occasional / Lower-Engagement Customers
C02940,15,480.3466666666666,7205.2,3,3,3.0,3.583333333333333,1,Highly Engaged / High-Value Customers
C02941,8,710.3175,5682.54,5,2,2.0,4.166666666666667,1,Highly Engaged / High-Value Customers
C02942,3,1010.3833333333332,3031.15,0,1,1.5,5.0,0,Occasional / Lower-Engagement Customers
C02943,7,733.8042857142856,5136.629999999999,3,2,1.4,4.5,0,Occasional / Lower-Engagement Customers
C02944,15,505.3233333333334,7579.85,5,5,2.5,3.7,1,Highly Engaged / High-Value Customers
C02945,12,520.045,6240.54,2,2,2.0,3.6666666666666665,1,Highly Engaged / High-Value Customers
C02946,8,530.7875,4246.3,3,3,1.6,4.166666666666667,0,Occasional / Lower-Engagement Customers
C02947,11,809.5045454545453,8904.55,5,4,2.2,4.5,1,Highly Engaged / High-Value Customers
C02948,9,534.7622222222221,4812.86,7,2,1.8,3.2,1,Highly Engaged / High-Value Customers
C02949,14,541.3428571428572,7578.8,6,6,2.333333333333333,3.6666666666666665,1,Highly Engaged / High-Value Customers
C02950,9,989.6233333333334,8906.61,2,3,3.0,3.857142857142857,1,Highly Engaged / High-Value Customers
C02951,7,598.2071428571428,4187.45,2,1,1.4,4.0,0,Occasional / Lower-Engagement Customers
C02952,10,501.975,5019.75,5,3,1.6666666666666667,4.0,1,Highly Engaged / High-Value Customers
C02953,13,430.7184615384616,5599.34,5,6,2.6,3.857142857142857,1,Highly Engaged / High-Value Customers
C02954,9,563.1377777777777,5068.24,3,2,1.5,4.75,0,Occasional / Lower-Engagement Customers
C02955,5,764.1940000000001,3820.97,0,1,1.6666666666666667,3.333333333333333,0,Occasional / Lower-Engagement Customers
C02956,10,602.0730000000001,6020.7300000000005,2,1,2.0,3.0,0,Occasional / Lower-Engagement Customers
C02957,12,564.1850000000001,6770.22,6,4,2.0,3.5,1,Highly Engaged / High-Value Customers
C02958,8,376.68875,3013.51,3,3,2.0,3.1666666666666665,0,Occasional / Lower-Engagement Customers
C02959,6,436.2616666666666,2617.57,1,2,1.2,4.0,0,Occasional / Lower-Engagement Customers
C02960,15,621.138,9317.07,6,2,3.75,3.769230769230769,1,Highly Engaged / High-Value Customers
C02961,5,799.38,3996.9,1,2,1.25,4.5,0,Occasional / Lower-Engagement Customers
C02962,5,738.714,3693.57,3,2,2.5,3.75,0,Occasional / Lower-Engagement Customers
C02963,13,717.6523076923077,9329.48,7,7,2.1666666666666665,3.909090909090909,1,Highly Engaged / High-Value Customers
C02964,8,551.02,4408.16,2,4,1.6,3.8,0,Occasional / Lower-Engagement Customers
C02965,8,627.7425000000001,5021.9400000000005,3,2,1.6,4.428571428571429,0,Occasional / Lower-Engagement Customers
C02966,8,377.15125,3017.21,3,5,2.0,4.4,0,Occasional / Lower-Engagement Customers
C02967,8,527.975,4223.8,4,4,2.6666666666666665,4.142857142857143,1,Highly Engaged / High-Value Customers
C02968,10,558.9590000000001,5589.59,3,5,2.0,4.428571428571429,1,Highly Engaged / High-Value Customers
C02969,7,661.9771428571429,4633.84,5,2,2.333333333333333,5.0,0,Occasional / Lower-Engagement Customers
C02970,9,620.2366666666667,5582.13,4,1,2.25,3.2,1,Highly Engaged / High-Value Customers
C02971,9,389.15333333333336,3502.38,3,2,1.8,4.75,0,Occasional / Lower-Engagement Customers
C02972,8,412.805,3302.44,3,0,2.0,3.571428571428572,0,Occasional / Lower-Engagement Customers
C02973,6,324.40333333333336,1946.42,3,2,2.0,4.4,0,Occasional / Lower-Engagement Customers
C02974,9,457.7977777777778,4120.18,3,2,2.25,3.8333333333333335,0,Occasional / Lower-Engagement Customers
C02975,11,387.7327272727273,4265.06,5,2,2.2,4.5,1,Highly Engaged / High-Value Customers
C02976,8,715.7975,5726.38,5,2,1.6,4.666666666666667,0,Occasional / Lower-Engagement Customers
C02977,12,686.9858333333333,8243.83,4,4,2.0,3.3,1,Highly Engaged / High-Value Customers
C02978,11,671.3409090909091,7384.75,1,3,1.8333333333333333,4.555555555555555,1,Highly Engaged / High-Value Customers
C02979,10,618.307,6183.07,3,4,2.0,4.4,1,Highly Engaged / High-Value Customers
C02980,7,612.7742857142857,4289.42,3,1,2.333333333333333,3.6666666666666665,0,Occasional / Lower-Engagement Customers
C02981,5,423.96,2119.8,2,2,1.6666666666666667,3.6666666666666665,0,Occasional / Lower-Engagement Customers
C02982,13,858.75,11163.75,7,5,2.6,3.4,1,Highly Engaged / High-Value Customers
C02983,5,607.708,3038.54,3,1,1.25,3.5,0,Occasional / Lower-Engagement Customers
C02984,10,693.368,6933.68,5,3,2.0,4.285714285714286,1,Highly Engaged / High-Value Customers
C02985,13,625.7261538461538,8134.44,5,3,2.6,4.142857142857143,1,Highly Engaged / High-Value Customers
C02986,10,390.272,3902.72,4,4,1.6666666666666667,4.0,0,Occasional / Lower-Engagement Customers
C02987,8,486.43,3891.44,3,1,1.6,3.333333333333333,0,Occasional / Lower-Engagement Customers
C02988,9,450.46777777777777,4054.21,0,2,1.8,4.285714285714286,0,Occasional / Lower-Engagement Customers
C02989,15,665.382,9980.73,7,1,3.0,3.4,1,Highly Engaged / High-Value Customers
C02990,8,632.28,5058.24,4,2,1.6,3.8333333333333335,0,Occasional / Lower-Engagement Customers
C02991,4,702.715,2810.86,1,1,1.0,3.0,0,Occasional / Lower-Engagement Customers
C02992,14,649.28,9089.92,6,0,2.333333333333333,4.666666666666667,1,Highly Engaged / High-Value Customers
C02993,10,555.783,5557.83,3,0,2.5,4.333333333333333,0,Occasional / Lower-Engagement Customers
C02994,13,435.6261538461538,5663.139999999999,7,2,2.1666666666666665,3.888888888888889,1,Highly Engaged / High-Value Customers
C02995,8,849.0387499999999,6792.31,4,2,2.0,3.25,1,Highly Engaged / High-Value Customers
C02996,17,676.75,11504.75,4,4,2.833333333333333,4.166666666666667,1,Highly Engaged / High-Value Customers
C02997,2,208.505,417.01,0,1,1.0,0.0,0,Occasional / Lower-Engagement Customers
C02998,7,686.7928571428572,4807.55,4,2,1.75,4.0,0,Occasional / Lower-Engagement Customers
C02999,6,619.93,3719.58,1,2,1.2,3.75,0,Occasional / Lower-Engagement Customers
C03000,10,630.735,6307.35,4,2,2.5,3.875,1,Highly Engaged / High-Value Customers
C03001,4,255.3,1021.2,0,2,1.3333333333333333,4.333333333333333,0,Occasional / Lower-Engagement Customers
C03002,6,674.6816666666667,4048.09,3,0,2.0,3.5,0,Occasional / Lower-Engagement Customers
C03003,13,473.2207692307693,6151.87,5,6,3.25,2.8,1,Highly Engaged / High-Value Customers
C03004,6,606.9933333333333,3641.96,3,1,1.5,4.25,0,Occasional / Lower-Engagement Customers
C03005,11,581.1881818181818,6393.07,3,3,1.8333333333333333,3.8,1,Highly Engaged / High-Value Customers
C03006,9,693.5388888888889,6241.85,5,2,1.8,4.285714285714286,1,Highly Engaged / High-Value Customers
C03007,12,620.955,7451.46,4,5,2.0,3.4285714285714284,1,Highly Engaged / High-Value Customers
C03008,7,459.7514285714286,3218.26,2,1,1.4,3.333333333333333,0,Occasional / Lower-Engagement Customers
C03009,6,487.1933333333333,2923.16,2,3,1.5,4.0,0,Occasional / Lower-Engagement Customers
C03010,9,558.49,5026.41,3,2,1.8,3.6,0,Occasional / Lower-Engagement Customers
C03011,9,605.1155555555556,5446.04,4,1,1.8,4.0,0,Occasional / Lower-Engagement Customers
C03012,9,449.19444444444446,4042.75,4,2,1.8,3.25,0,Occasional / Lower-Engagement Customers
C03013,14,659.4592857142858,9232.43,9,5,2.333333333333333,3.5,1,Highly Engaged / High-Value Customers
C03014,13,624.6969230769231,8121.06,6,5,2.1666666666666665,3.272727272727273,1,Highly Engaged / High-Value Customers
C03015,9,478.9555555555556,4310.6,6,2,2.25,4.4,1,Highly Engaged / High-Value Customers
C03016,13,529.8007692307692,6887.41,6,3,2.1666666666666665,3.25,1,Highly Engaged / High-Value Customers
C03017,12,634.6958333333333,7616.35,4,0,2.0,3.8181818181818175,1,Highly Engaged / High-Value Customers
C03018,9,690.5788888888889,6215.21,5,1,1.5,4.428571428571429,0,Occasional / Lower-Engagement Customers
C03019,8,514.88375,4119.07,1,1,2.0,3.25,0,Occasional / Lower-Engagement Customers
C03020,8,548.18375,4385.47,4,2,1.6,4.166666666666667,0,Occasional / Lower-Engagement Customers
C03021,5,497.262,2486.31,3,1,1.6666666666666667,4.333333333333333,0,Occasional / Lower-Engagement Customers
C03022,10,514.4399999999999,5144.4,3,0,2.5,4.166666666666667,0,Occasional / Lower-Engagement Customers
C03023,10,408.463,4084.63,7,3,2.5,3.5,1,Highly Engaged / High-Value Customers
C03024,10,612.219,6122.1900000000005,4,0,2.5,4.375,1,Highly Engaged / High-Value Customers
C03025,9,451.44666666666666,4063.02,1,1,1.8,4.0,0,Occasional / Lower-Engagement Customers
C03026,3,331.1233333333333,993.37,2,2,1.0,3.0,0,Occasional / Lower-Engagement Customers
C03027,9,694.931111111111,6254.379999999999,4,2,1.5,3.4,0,Occasional / Lower-Engagement Customers
C03028,9,469.9788888888888,4229.81,1,1,1.8,3.75,0,Occasional / Lower-Engagement Customers
C03029,7,467.1542857142857,3270.08,2,1,1.4,4.75,0,Occasional / Lower-Engagement Customers
C03030,7,706.5642857142857,4945.95,1,3,2.333333333333333,3.8,0,Occasional / Lower-Engagement Customers
C03031,9,638.0911111111111,5742.82,2,1,2.25,4.142857142857143,0,Occasional / Lower-Engagement Customers
C03032,5,822.292,4111.46,1,2,1.6666666666666667,4.333333333333333,0,Occasional / Lower-Engagement Customers
C03033,14,506.1385714285715,7085.9400000000005,6,6,2.333333333333333,4.454545454545454,1,Highly Engaged / High-Value Customers
C03034,7,756.0128571428571,5292.09,2,1,1.4,3.2,0,Occasional / Lower-Engagement Customers
C03035,9,494.6022222222222,4451.42,3,1,2.25,3.5,0,Occasional / Lower-Engagement Customers
C03036,13,521.2515384615384,6776.27,4,5,2.6,3.5,1,Highly Engaged / High-Value Customers
C03037,7,645.87,4521.09,0,3,1.4,3.5,0,Occasional / Lower-Engagement Customers
C03038,10,533.988,5339.88,5,2,2.5,3.75,1,Highly Engaged / High-Value Customers
C03039,7,818.4,5728.8,3,3,1.75,3.6666666666666665,0,Occasional / Lower-Engagement Customers
C03040,9,490.36,4413.24,5,5,1.8,3.5,1,Highly Engaged / High-Value Customers
C03041,4,775.635,3102.54,1,0,1.0,3.75,0,Occasional / Lower-Engagement Customers
C03042,10,428.425,4284.25,3,1,2.5,2.833333333333333,0,Occasional / Lower-Engagement Customers
C03043,12,508.2241666666667,6098.6900000000005,5,5,2.0,4.0,1,Highly Engaged / High-Value Customers
C03044,10,478.032,4780.32,3,3,2.0,4.375,0,Occasional / Lower-Engagement Customers
C03045,11,541.4854545454546,5956.34,5,2,1.8333333333333333,3.555555555555556,1,Highly Engaged / High-Value Customers
C03046,13,527.3707692307692,6855.82,8,3,2.1666666666666665,3.333333333333333,1,Highly Engaged / High-Value Customers
C03047,8,582.7,4661.6,3,2,1.6,4.2,0,Occasional / Lower-Engagement Customers
C03048,11,425.6318181818182,4681.95,5,4,2.2,3.8,1,Highly Engaged / High-Value Customers
C03049,11,663.3254545454546,7296.58,3,3,1.8333333333333333,4.8,1,Highly Engaged / High-Value Customers
C03050,7,764.8885714285714,5354.219999999999,6,2,1.75,4.0,0,Occasional / Lower-Engagement Customers
C03051,8,473.04375,3784.35,1,2,1.6,3.25,0,Occasional / Lower-Engagement Customers
C03052,16,629.2025,10067.24,8,2,2.6666666666666665,4.0,1,Highly Engaged / High-Value Customers
C03053,5,629.01,3145.05,3,2,1.25,3.333333333333333,0,Occasional / Lower-Engagement Customers
C03054,12,583.545,7002.54,7,3,2.0,4.2,1,Highly Engaged / High-Value Customers
C03055,5,458.358,2291.79,2,1,1.6666666666666667,2.6666666666666665,0,Occasional / Lower-Engagement Customers
C03056,8,727.26,5818.08,2,2,2.0,2.6,0,Occasional / Lower-Engagement Customers
C03057,7,453.1842857142857,3172.29,2,3,1.4,4.666666666666667,0,Occasional / Lower-Engagement Customers
C03058,4,1026.7175,4106.87,2,2,1.3333333333333333,4.0,0,Occasional / Lower-Engagement Customers
C03059,9,506.36,4557.24,3,3,1.8,3.6666666666666665,0,Occasional / Lower-Engagement Customers
C03060,9,632.1555555555556,5689.4,4,1,1.8,4.0,0,Occasional / Lower-Engagement Customers
C03061,8,461.6125,3692.9,4,1,1.6,3.75,0,Occasional / Lower-Engagement Customers
C03062,9,564.1622222222222,5077.46,3,2,2.25,3.6666666666666665,0,Occasional / Lower-Engagement Customers
C03063,15,521.2133333333334,7818.2,8,2,3.0,4.214285714285714,1,Highly Engaged / High-Value Customers
C03064,7,375.1157142857143,2625.81,2,1,2.333333333333333,3.4,0,Occasional / Lower-Engagement Customers
C03065,8,744.09375,5952.75,1,0,1.6,4.2,0,Occasional / Lower-Engagement Customers
C03066,13,578.5353846153846,7520.96,7,0,2.6,4.125,1,Highly Engaged / High-Value Customers
C03067,9,358.6677777777778,3228.01,2,3,2.25,3.0,0,Occasional / Lower-Engagement Customers
C03068,6,395.4583333333333,2372.75,2,2,1.5,4.0,0,Occasional / Lower-Engagement Customers
C03069,10,447.683,4476.83,3,2,2.0,3.625,0,Occasional / Lower-Engagement Customers
C03070,12,597.9508333333333,7175.41,5,3,3.0,3.0,1,Highly Engaged / High-Value Customers
C03071,8,497.1325,3977.06,2,2,2.0,3.75,0,Occasional / Lower-Engagement Customers
C03072,4,314.59250000000003,1258.37,3,2,1.3333333333333333,4.0,0,Occasional / Lower-Engagement Customers
C03073,7,653.9642857142857,4577.75,2,0,2.333333333333333,3.8333333333333335,0,Occasional / Lower-Engagement Customers
C03074,5,657.1859999999999,3285.93,1,3,1.6666666666666667,3.0,0,Occasional / Lower-Engagement Customers
C03075,9,299.6077777777778,2696.4700000000003,4,3,1.8,3.6,0,Occasional / Lower-Engagement Customers
C03076,9,570.8422222222222,5137.58,3,2,1.5,3.2857142857142856,0,Occasional / Lower-Engagement Customers
C03077,11,600.6109090909091,6606.72,5,0,2.2,3.8333333333333335,1,Highly Engaged / High-Value Customers
C03078,12,593.3491666666666,7120.19,2,3,2.0,4.1,1,Highly Engaged / High-Value Customers
C03079,11,428.7536363636364,4716.29,3,1,2.2,4.4,0,Occasional / Lower-Engagement Customers
C03080,14,511.05285714285714,7154.74,8,0,2.8,3.8181818181818175,1,Highly Engaged / High-Value Customers
C03081,5,619.3679999999999,3096.84,4,1,1.0,3.6666666666666665,0,Occasional / Lower-Engagement Customers
C03082,9,565.89,5093.01,3,3,1.5,3.75,0,Occasional / Lower-Engagement Customers
C03083,6,649.23,3895.38,4,3,2.0,4.5,0,Occasional / Lower-Engagement Customers
C03084,3,522.2833333333333,1566.85,3,2,1.0,3.0,0,Occasional / Lower-Engagement Customers
C03085,10,690.641,6906.41,3,1,2.0,3.7142857142857135,1,Highly Engaged / High-Value Customers
C03086,5,607.6800000000001,3038.4,2,2,1.25,3.333333333333333,0,Occasional / Lower-Engagement Customers
C03087,6,534.1366666666667,3204.82,2,2,1.5,4.666666666666667,0,Occasional / Lower-Engagement Customers
C03088,9,536.1977777777778,4825.78,4,1,2.25,4.0,0,Occasional / Lower-Engagement Customers
C03089,11,569.0281818181819,6259.31,5,3,2.2,4.125,1,Highly Engaged / High-Value Customers
C03090,7,458.7757142857144,3211.4300000000003,3,2,1.75,3.333333333333333,0,Occasional / Lower-Engagement Customers
C03091,6,562.4216666666667,3374.53,2,3,1.5,3.6666666666666665,0,Occasional / Lower-Engagement Customers
C03092,9,638.5977777777778,5747.38,5,3,2.25,4.375,1,Highly Engaged / High-Value Customers
C03093,12,545.4941666666667,6545.93,3,2,4.0,4.0,1,Highly Engaged / High-Value Customers
C03094,11,780.8709090909091,8589.58,3,5,2.2,3.6,1,Highly Engaged / High-Value Customers
C03095,11,565.56,6221.16,1,3,2.2,4.125,1,Highly Engaged / High-Value Customers
C03096,5,625.796,3128.98,2,1,1.6666666666666667,4.5,0,Occasional / Lower-Engagement Customers
C03097,11,626.62,6892.82,1,3,1.8333333333333333,4.0,1,Highly Engaged / High-Value Customers
C03098,10,590.7180000000001,5907.18,4,4,2.5,4.2,1,Highly Engaged / High-Value Customers
C03099,11,624.0827272727273,6864.91,3,5,2.2,4.0,1,Highly Engaged / High-Value Customers
C03100,8,594.1275,4753.02,1,1,2.0,4.0,0,Occasional / Lower-Engagement Customers
C03101,7,470.1528571428572,3291.07,2,3,1.4,4.2,0,Occasional / Lower-Engagement Customers
C03102,14,468.8785714285714,6564.3,5,3,2.333333333333333,3.7142857142857135,1,Highly Engaged / High-Value Customers
C03103,10,523.8430000000001,5238.43,6,1,1.6666666666666667,3.1666666666666665,0,Occasional / Lower-Engagement Customers
C03104,13,389.3023076923077,5060.93,5,4,2.6,4.625,1,Highly Engaged / High-Value Customers
C03105,2,392.595,785.19,1,0,1.0,4.0,0,Occasional / Lower-Engagement Customers
C03106,8,541.24375,4329.95,4,1,1.6,4.2,0,Occasional / Lower-Engagement Customers
C03107,11,675.5654545454546,7431.22,5,3,1.8333333333333333,3.2857142857142856,1,Highly Engaged / High-Value Customers
C03108,12,697.8358333333334,8374.03,6,4,2.4,3.25,1,Highly Engaged / High-Value Customers
C03109,10,436.451,4364.51,5,3,2.0,4.2,1,Highly Engaged / High-Value Customers
C03110,8,509.37375,4074.99,3,3,2.0,3.5,0,Occasional / Lower-Engagement Customers
C03111,13,490.3315384615385,6374.31,4,1,2.1666666666666665,3.625,1,Highly Engaged / High-Value Customers
C03112,8,693.55,5548.4,4,2,2.0,4.2,0,Occasional / Lower-Engagement Customers
C03113,7,445.82,3120.74,0,0,1.4,3.333333333333333,0,Occasional / Lower-Engagement Customers
C03114,7,702.2942857142856,4916.06,1,1,1.4,4.666666666666667,0,Occasional / Lower-Engagement Customers
C03115,8,630.985,5047.88,4,1,1.6,4.5,0,Occasional / Lower-Engagement Customers
C03116,3,570.8533333333334,1712.5600000000002,0,0,1.0,4.0,0,Occasional / Lower-Engagement Customers
C03117,14,765.3178571428572,10714.45,6,3,2.333333333333333,3.4,1,Highly Engaged / High-Value Customers
C03118,8,724.2925,5794.34,2,2,1.3333333333333333,3.571428571428572,0,Occasional / Lower-Engagement Customers
C03119,11,708.8109090909091,7796.92,4,4,2.75,3.333333333333333,1,Highly Engaged / High-Value Customers
C03120,9,534.3255555555556,4808.93,2,3,1.8,4.142857142857143,0,Occasional / Lower-Engagement Customers
C03121,11,432.4172727272728,4756.59,3,1,2.2,2.333333333333333,0,Occasional / Lower-Engagement Customers
C03122,6,824.46,4946.76,2,2,1.5,4.666666666666667,0,Occasional / Lower-Engagement Customers
C03123,11,601.6018181818182,6617.62,7,1,2.2,2.6,1,Highly Engaged / High-Value Customers
C03124,7,537.57,3762.99,4,1,2.333333333333333,3.4,0,Occasional / Lower-Engagement Customers
C03125,10,520.382,5203.82,4,1,2.0,4.0,0,Occasional / Lower-Engagement Customers
C03126,7,328.12142857142857,2296.85,3,1,1.4,4.0,0,Occasional / Lower-Engagement Customers
C03127,13,424.68461538461537,5520.9,4,1,2.1666666666666665,3.142857142857143,1,Highly Engaged / High-Value Customers
C03128,7,543.7328571428571,3806.13,3,1,1.4,4.5,0,Occasional / Lower-Engagement Customers
C03129,15,501.6673333333334,7525.01,6,1,2.5,3.909090909090909,1,Highly Engaged / High-Value Customers
C03130,8,472.40375,3779.23,3,2,1.6,4.5,0,Occasional / Lower-Engagement Customers
C03131,12,731.7808333333332,8781.369999999999,3,6,2.4,3.7142857142857135,1,Highly Engaged / High-Value Customers
C03132,9,470.0066666666667,4230.06,0,2,1.8,4.2,0,Occasional / Lower-Engagement Customers
C03133,7,817.8399999999999,5724.879999999999,0,3,1.4,3.5,0,Occasional / Lower-Engagement Customers
C03134,13,599.2153846153846,7789.799999999999,4,3,2.1666666666666665,3.4,1,Highly Engaged / High-Value Customers
C03135,10,539.033,5390.33,3,2,2.0,3.5,0,Occasional / Lower-Engagement Customers
C03136,12,542.6033333333334,6511.24,3,2,2.4,3.857142857142857,1,Highly Engaged / High-Value Customers
C03137,5,332.61,1663.05,1,1,1.25,5.0,0,Occasional / Lower-Engagement Customers
C03138,3,826.1899999999999,2478.57,1,0,1.0,3.0,0,Occasional / Lower-Engagement Customers
C03139,11,575.2609090909091,6327.87,2,5,2.2,3.75,1,Highly Engaged / High-Value Customers
C03140,5,504.542,2522.71,1,2,1.6666666666666667,3.333333333333333,0,Occasional / Lower-Engagement Customers
C03141,10,801.677,8016.77,2,1,2.5,4.428571428571429,1,Highly Engaged / High-Value Customers
C03142,12,477.4533333333334,5729.4400000000005,3,4,2.4,4.4,1,Highly Engaged / High-Value Customers
C03143,10,445.539,4455.39,2,3,1.6666666666666667,4.333333333333333,0,Occasional / Lower-Engagement Customers
C03144,11,610.5018181818182,6715.52,3,3,2.2,3.4285714285714284,1,Highly Engaged / High-Value Customers
C03145,8,435.43625,3483.49,4,1,1.3333333333333333,4.75,0,Occasional / Lower-Engagement Customers
C03146,9,557.0211111111112,5013.1900000000005,5,4,1.8,3.857142857142857,1,Highly Engaged / High-Value Customers
C03147,11,558.2381818181818,6140.62,5,2,2.2,4.571428571428571,1,Highly Engaged / High-Value Customers
C03148,10,578.986,5789.86,5,3,1.6666666666666667,3.2857142857142856,1,Highly Engaged / High-Value Customers
C03149,12,595.0133333333333,7140.16,5,3,2.0,3.625,1,Highly Engaged / High-Value Customers
C03150,8,900.61875,7204.95,2,0,2.6666666666666665,3.2,1,Highly Engaged / High-Value Customers
C03151,7,506.3671428571428,3544.57,1,2,1.75,3.4,0,Occasional / Lower-Engagement Customers
C03152,15,534.928,8023.92,5,4,2.5,4.076923076923077,1,Highly Engaged / High-Value Customers
C03153,7,499.29857142857145,3495.09,0,3,1.75,4.4,0,Occasional / Lower-Engagement Customers
C03154,9,602.0655555555555,5418.59,2,2,1.8,4.166666666666667,0,Occasional / Lower-Engagement Customers
C03155,8,555.9225,4447.38,2,1,1.6,3.8,0,Occasional / Lower-Engagement Customers
C03156,8,445.69125,3565.53,1,1,2.6666666666666665,3.5,0,Occasional / Lower-Engagement Customers
C03157,6,388.96333333333337,2333.78,2,0,1.5,3.333333333333333,0,Occasional / Lower-Engagement Customers
C03158,8,545.015,4360.12,5,1,1.6,4.142857142857143,0,Occasional / Lower-Engagement Customers
C03159,7,686.0757142857143,4802.53,1,1,1.75,3.6666666666666665,0,Occasional / Lower-Engagement Customers
C03160,14,636.87,8916.18,4,1,2.8,4.25,1,Highly Engaged / High-Value Customers
C03161,14,501.955,7027.37,6,4,2.333333333333333,3.6,1,Highly Engaged / High-Value Customers
C03162,12,605.9599999999999,7271.519999999999,3,4,2.0,4.571428571428571,1,Highly Engaged / High-Value Customers
C03163,13,624.2753846153846,8115.58,6,4,2.1666666666666665,3.571428571428572,1,Highly Engaged / High-Value Customers
C03164,12,576.5825,6918.99,5,2,2.0,3.5,1,Highly Engaged / High-Value Customers
C03165,6,520.015,3120.09,2,2,1.5,3.4,0,Occasional / Lower-Engagement Customers
C03166,10,511.99799999999993,5119.98,3,3,1.6666666666666667,3.6666666666666665,0,Occasional / Lower-Engagement Customers
C03167,19,400.4784210526316,7609.09,6,4,3.1666666666666665,3.9166666666666665,1,Highly Engaged / High-Value Customers
C03168,8,739.35,5914.8,4,4,1.6,4.0,1,Highly Engaged / High-Value Customers
C03169,9,610.1066666666667,5490.96,4,1,1.5,3.75,0,Occasional / Lower-Engagement Customers
C03170,12,586.2275,7034.73,4,3,2.4,3.5,1,Highly Engaged / High-Value Customers
C03171,6,487.25,2923.5,1,2,1.5,3.8333333333333335,0,Occasional / Lower-Engagement Customers
C03172,7,695.0171428571429,4865.12,1,1,1.4,3.4,0,Occasional / Lower-Engagement Customers
C03173,6,549.7216666666667,3298.33,3,1,2.0,5.0,0,Occasional / Lower-Engagement Customers
C03174,12,384.0275,4608.33,4,4,2.4,4.0,1,Highly Engaged / High-Value Customers
C03175,10,436.996,4369.96,3,2,1.6666666666666667,4.0,0,Occasional / Lower-Engagement Customers
C03176,8,787.1275,6297.02,4,0,2.6666666666666665,4.5,1,Highly Engaged / High-Value Customers
C03177,17,663.9711764705883,11287.51,5,2,2.833333333333333,3.8181818181818175,1,Highly Engaged / High-Value Customers
C03178,7,317.0242857142857,2219.17,1,3,2.333333333333333,4.0,0,Occasional / Lower-Engagement Customers
C03179,17,555.4311764705882,9442.33,5,2,2.833333333333333,3.615384615384616,1,Highly Engaged / High-Value Customers
C03180,6,503.0083333333334,3018.05,2,2,2.0,4.333333333333333,0,Occasional / Lower-Engagement Customers
C03181,7,667.34,4671.38,1,1,1.75,2.6666666666666665,0,Occasional / Lower-Engagement Customers
C03182,3,738.2333333333332,2214.7,2,0,1.0,2.6666666666666665,0,Occasional / Lower-Engagement Customers
C03183,8,435.2275,3481.82,4,1,1.3333333333333333,4.0,0,Occasional / Lower-Engagement Customers
C03184,9,676.1333333333334,6085.200000000001,2,4,1.8,3.8,1,Highly Engaged / High-Value Customers
C03185,8,424.91,3399.28,3,0,1.6,4.2,0,Occasional / Lower-Engagement Customers
C03186,10,498.74300000000005,4987.43,4,2,2.0,3.6,0,Occasional / Lower-Engagement Customers
C03187,10,667.583,6675.83,3,0,1.6666666666666667,4.166666666666667,0,Occasional / Lower-Engagement Customers
C03188,6,403.6216666666666,2421.73,2,2,1.5,4.75,0,Occasional / Lower-Engagement Customers
C03189,8,595.0675,4760.54,4,0,2.0,2.857142857142857,0,Occasional / Lower-Engagement Customers
C03190,4,676.0725,2704.29,1,2,1.3333333333333333,4.0,0,Occasional / Lower-Engagement Customers
C03191,12,522.2208333333334,6266.650000000001,2,3,2.4,4.333333333333333,1,Highly Engaged / High-Value Customers
C03192,8,653.0025,5224.02,3,2,2.0,4.333333333333333,0,Occasional / Lower-Engagement Customers
C03193,6,485.625,2913.75,1,1,2.0,3.6,0,Occasional / Lower-Engagement Customers
C03194,5,603.5360000000001,3017.6800000000003,2,1,1.6666666666666667,4.333333333333333,0,Occasional / Lower-Engagement Customers
C03195,4,524.1425,2096.57,1,1,2.0,2.333333333333333,0,Occasional / Lower-Engagement Customers
C03196,12,616.7225,7400.67,6,2,2.0,4.0,1,Highly Engaged / High-Value Customers
C03197,10,455.632,4556.32,4,2,1.6666666666666667,4.25,0,Occasional / Lower-Engagement Customers
C03198,9,382.04,3438.36,3,1,1.8,4.375,0,Occasional / Lower-Engagement Customers
C03199,11,617.2536363636364,6789.79,5,1,1.8333333333333333,3.7777777777777777,1,Highly Engaged / High-Value Customers
C03200,13,476.1976923076923,6190.57,6,2,2.1666666666666665,3.5,1,Highly Engaged / High-Value Customers
C03201,6,647.7466666666666,3886.48,1,3,1.5,3.0,0,Occasional / Lower-Engagement Customers
C03202,11,634.9563636363637,6984.52,6,5,2.2,4.0,1,Highly Engaged / High-Value Customers
C03203,7,520.9157142857142,3646.41,4,1,1.4,3.8333333333333335,0,Occasional / Lower-Engagement Customers
C03204,9,716.4944444444444,6448.45,1,2,1.8,3.8333333333333335,0,Occasional / Lower-Engagement Customers
C03205,18,530.2366666666667,9544.26,9,5,3.0,3.769230769230769,1,Highly Engaged / High-Value Customers
C03206,5,393.544,1967.72,1,0,1.25,5.0,0,Occasional / Lower-Engagement Customers
C03207,11,580.9618181818182,6390.58,4,2,2.2,3.25,1,Highly Engaged / High-Value Customers
C03208,10,827.561,8275.61,1,2,1.6666666666666667,4.25,1,Highly Engaged / High-Value Customers
C03209,6,506.3616666666667,3038.17,3,1,1.5,4.0,0,Occasional / Lower-Engagement Customers
C03210,5,732.0,3660.0,2,0,1.6666666666666667,3.0,0,Occasional / Lower-Engagement Customers
C03211,6,454.2533333333333,2725.52,1,1,1.5,3.0,0,Occasional / Lower-Engagement Customers
C03212,6,380.1166666666666,2280.7,3,1,1.5,4.25,0,Occasional / Lower-Engagement Customers
C03213,11,390.4945454545454,4295.44,3,5,1.8333333333333333,4.125,1,Highly Engaged / High-Value Customers
C03214,8,501.6,4012.8,4,2,1.6,5.0,0,Occasional / Lower-Engagement Customers
C03215,10,668.5229999999999,6685.23,4,0,2.5,4.285714285714286,1,Highly Engaged / High-Value Customers
C03216,7,872.92,6110.44,3,2,1.4,2.333333333333333,0,Occasional / Lower-Engagement Customers
C03217,12,536.71,6440.52,4,3,2.4,4.625,1,Highly Engaged / High-Value Customers
C03218,15,529.8566666666667,7947.85,5,3,2.5,3.555555555555556,1,Highly Engaged / High-Value Customers
C03219,6,586.8383333333333,3521.03,2,0,1.2,3.8,0,Occasional / Lower-Engagement Customers
C03220,9,370.02777777777777,3330.25,6,2,1.8,3.555555555555556,0,Occasional / Lower-Engagement Customers
C03221,11,636.9136363636363,7006.05,4,2,2.2,4.25,1,Highly Engaged / High-Value Customers
C03222,4,911.9175,3647.67,0,0,1.3333333333333333,4.25,0,Occasional / Lower-Engagement Customers
C03223,7,564.9714285714285,3954.8,3,3,1.4,4.2,0,Occasional / Lower-Engagement Customers
C03224,8,436.21625,3489.73,4,3,1.3333333333333333,3.5,0,Occasional / Lower-Engagement Customers
C03225,12,707.7516666666667,8493.02,3,7,2.4,4.333333333333333,1,Highly Engaged / High-Value Customers
C03226,7,418.6757142857143,2930.73,1,1,1.75,3.0,0,Occasional / Lower-Engagement Customers
C03227,7,347.98857142857145,2435.92,4,1,1.75,3.25,0,Occasional / Lower-Engagement Customers
C03228,10,671.3779999999999,6713.78,3,2,2.0,3.8333333333333335,1,Highly Engaged / High-Value Customers
C03229,13,534.7023076923077,6951.13,6,2,2.1666666666666665,3.8,1,Highly Engaged / High-Value Customers
C03230,11,582.9072727272728,6411.9800000000005,6,4,2.2,3.857142857142857,1,Highly Engaged / High-Value Customers
C03231,10,517.072,5170.72,5,4,2.0,3.75,1,Highly Engaged / High-Value Customers
C03232,10,540.7090000000001,5407.09,5,1,2.0,4.0,1,Highly Engaged / High-Value Customers
C03233,16,435.22875,6963.66,7,4,2.6666666666666665,4.0,1,Highly Engaged / High-Value Customers
C03234,5,264.39,1321.95,1,1,2.5,4.75,0,Occasional / Lower-Engagement Customers
C03235,8,639.845,5118.76,4,5,2.0,4.0,1,Highly Engaged / High-Value Customers
C03236,10,481.978,4819.78,7,1,2.0,3.7777777777777777,1,Highly Engaged / High-Value Customers
C03237,5,325.444,1627.22,1,0,1.0,4.0,0,Occasional / Lower-Engagement Customers
C03238,5,669.688,3348.44,1,1,1.0,2.6666666666666665,0,Occasional / Lower-Engagement Customers
C03239,12,833.605,10003.26,5,0,2.4,3.4,1,Highly Engaged / High-Value Customers
C03240,7,446.8414285714285,3127.89,4,2,2.333333333333333,3.8,0,Occasional / Lower-Engagement Customers
C03241,10,716.4150000000001,7164.150000000001,4,2,1.6666666666666667,3.375,1,Highly Engaged / High-Value Customers
C03242,11,530.6363636363636,5837.0,3,0,2.2,4.0,0,Occasional / Lower-Engagement Customers
C03243,9,470.2000000000001,4231.8,3,2,3.0,4.0,1,Highly Engaged / High-Value Customers
C03244,8,378.11875,3024.95,3,1,1.6,3.4,0,Occasional / Lower-Engagement Customers
C03245,9,458.3155555555556,4124.84,5,3,2.25,4.166666666666667,1,Highly Engaged / High-Value Customers
C03246,9,757.1744444444444,6814.57,3,2,1.5,4.0,0,Occasional / Lower-Engagement Customers
C03247,10,864.184,8641.84,1,3,1.6666666666666667,3.7142857142857135,1,Highly Engaged / High-Value Customers
C03248,6,721.015,4326.09,2,3,1.2,3.6666666666666665,0,Occasional / Lower-Engagement Customers
C03249,9,468.7644444444445,4218.88,1,4,1.8,5.0,0,Occasional / Lower-Engagement Customers
C03250,13,580.4292307692308,7545.58,4,4,2.1666666666666665,3.9,1,Highly Engaged / High-Value Customers
C03251,11,588.0754545454546,6468.83,3,4,1.8333333333333333,3.625,1,Highly Engaged / High-Value Customers
C03252,13,597.7376923076923,7770.59,5,1,2.1666666666666665,4.0,1,Highly Engaged / High-Value Customers
C03253,9,757.5266666666666,6817.74,3,3,1.5,4.0,0,Occasional / Lower-Engagement Customers
C03254,7,813.1585714285715,5692.110000000001,0,1,1.75,4.333333333333333,0,Occasional / Lower-Engagement Customers
C03255,11,369.8845454545455,4068.73,3,2,1.8333333333333333,4.8,0,Occasional / Lower-Engagement Customers
C03256,9,723.3111111111111,6509.8,4,4,2.25,4.25,1,Highly Engaged / High-Value Customers
C03257,24,725.13875,17403.329999999998,11,5,4.8,4.0,1,Highly Engaged / High-Value Customers
C03258,8,639.44625,5115.57,5,4,1.6,2.333333333333333,1,Highly Engaged / High-Value Customers
C03259,7,557.9614285714285,3905.73,1,0,2.333333333333333,4.5,0,Occasional / Lower-Engagement Customers
C03260,6,652.0633333333334,3912.38,4,3,1.2,4.0,0,Occasional / Lower-Engagement Customers
C03261,11,573.9763636363637,6313.74,2,1,2.2,4.25,1,Highly Engaged / High-Value Customers
C03262,11,745.2600000000001,8197.86,4,4,2.2,3.7777777777777777,1,Highly Engaged / High-Value Customers
C03263,15,512.1126666666667,7681.69,6,3,2.5,3.111111111111111,1,Highly Engaged / High-Value Customers
C03264,7,499.2742857142857,3494.92,2,0,1.75,4.0,0,Occasional / Lower-Engagement Customers
C03265,14,528.6135714285714,7400.59,5,1,2.333333333333333,4.0,1,Highly Engaged / High-Value Customers
C03266,6,379.3466666666666,2276.08,2,0,1.5,3.5,0,Occasional / Lower-Engagement Customers
C03267,9,554.0755555555556,4986.68,4,0,1.8,3.6666666666666665,0,Occasional / Lower-Engagement Customers
C03268,7,598.6357142857142,4190.45,3,1,1.75,3.6666666666666665,0,Occasional / Lower-Engagement Customers
C03269,18,415.9194444444445,7486.55,7,5,3.6,3.7,1,Highly Engaged / High-Value Customers
C03270,5,677.2479999999999,3386.24,1,1,1.25,3.8,0,Occasional / Lower-Engagement Customers
C03271,11,551.6590909090909,6068.25,3,2,2.2,3.6666666666666665,1,Highly Engaged / High-Value Customers
C03272,7,254.6185714285714,1782.33,5,2,1.4,5.0,0,Occasional / Lower-Engagement Customers
C03273,5,416.86,2084.3,2,0,1.25,4.0,0,Occasional / Lower-Engagement Customers
C03274,6,881.3299999999999,5287.98,0,1,1.5,4.0,0,Occasional / Lower-Engagement Customers
C03275,5,432.132,2160.66,0,1,1.0,3.75,0,Occasional / Lower-Engagement Customers
C03276,9,485.1611111111111,4366.45,2,3,1.8,3.333333333333333,0,Occasional / Lower-Engagement Customers
C03277,6,699.9216666666666,4199.53,3,0,2.0,3.2,0,Occasional / Lower-Engagement Customers
C03278,10,654.414,6544.14,4,3,2.0,4.0,1,Highly Engaged / High-Value Customers
C03279,8,356.06875,2848.55,2,1,1.6,4.166666666666667,0,Occasional / Lower-Engagement Customers
C03280,10,496.646,4966.46,3,5,2.0,3.8333333333333335,1,Highly Engaged / High-Value Customers
C03281,8,462.97375,3703.79,2,1,1.6,4.2,0,Occasional / Lower-Engagement Customers
C03282,6,633.5916666666667,3801.55,2,2,1.5,3.2,0,Occasional / Lower-Engagement Customers
C03283,9,526.3155555555555,4736.84,4,5,1.5,4.0,0,Occasional / Lower-Engagement Customers
C03284,10,478.081,4780.81,6,3,1.6666666666666667,3.625,1,Highly Engaged / High-Value Customers
C03285,12,497.9508333333333,5975.41,7,4,3.0,4.285714285714286,1,Highly Engaged / High-Value Customers
C03286,9,684.8322222222222,6163.49,4,2,1.8,4.0,1,Highly Engaged / High-Value Customers
C03287,9,499.8033333333333,4498.23,3,1,1.8,3.1666666666666665,0,Occasional / Lower-Engagement Customers
C03288,16,440.4875,7047.8,5,3,3.2,4.5,1,Highly Engaged / High-Value Customers
C03289,5,424.6,2123.0,3,3,1.25,4.333333333333333,0,Occasional / Lower-Engagement Customers
C03290,12,376.20416666666665,4514.45,3,2,2.4,4.0,1,Highly Engaged / High-Value Customers
C03291,4,645.545,2582.18,0,1,1.3333333333333333,4.666666666666667,0,Occasional / Lower-Engagement Customers
C03292,9,303.3533333333333,2730.1800000000003,4,4,2.25,4.142857142857143,0,Occasional / Lower-Engagement Customers
C03293,6,484.8033333333333,2908.82,3,1,1.2,4.666666666666667,0,Occasional / Lower-Engagement Customers
C03294,12,575.8241666666667,6909.889999999999,6,5,3.0,3.4285714285714284,1,Highly Engaged / High-Value Customers
C03295,19,554.0563157894736,10527.07,7,4,3.1666666666666665,4.133333333333334,1,Highly Engaged / High-Value Customers
C03296,7,497.9,3485.3,3,2,1.4,3.5,0,Occasional / Lower-Engagement Customers
C03297,10,672.7059999999999,6727.06,4,1,2.5,3.75,1,Highly Engaged / High-Value Customers
C03298,8,678.6025,5428.82,2,5,2.0,2.75,1,Highly Engaged / High-Value Customers
C03299,10,553.498,5534.9800000000005,7,1,2.0,4.0,1,Highly Engaged / High-Value Customers
C03300,8,776.23125,6209.85,2,2,1.6,4.0,0,Occasional / Lower-Engagement Customers
C03301,7,429.3428571428572,3005.4,2,2,1.75,3.571428571428572,0,Occasional / Lower-Engagement Customers
C03302,7,356.7557142857143,2497.29,2,1,1.75,4.2,0,Occasional / Lower-Engagement Customers
C03303,8,666.7325000000001,5333.860000000001,2,2,1.3333333333333333,3.7142857142857135,0,Occasional / Lower-Engagement Customers
C03304,12,636.5808333333333,7638.969999999999,5,2,3.0,3.75,1,Highly Engaged / High-Value Customers
C03305,4,363.7875,1455.15,0,1,1.3333333333333333,3.6666666666666665,0,Occasional / Lower-Engagement Customers
C03306,12,439.3491666666667,5272.1900000000005,6,3,2.4,4.111111111111111,1,Highly Engaged / High-Value Customers
C03307,9,319.27666666666664,2873.49,3,3,2.25,3.0,0,Occasional / Lower-Engagement Customers
C03308,7,391.05285714285714,2737.37,2,3,1.4,4.333333333333333,0,Occasional / Lower-Engagement Customers
C03309,2,632.0450000000001,1264.09,1,0,1.0,5.0,0,Occasional / Lower-Engagement Customers
C03310,9,637.1733333333334,5734.56,3,5,1.8,4.0,1,Highly Engaged / High-Value Customers
C03311,8,451.38,3611.04,4,1,2.0,2.0,0,Occasional / Lower-Engagement Customers
C03312,13,688.4061538461539,8949.28,6,2,2.1666666666666665,4.0,1,Highly Engaged / High-Value Customers
C03313,4,542.0425,2168.17,2,0,1.3333333333333333,0.0,0,Occasional / Lower-Engagement Customers
C03314,9,517.39,4656.51,2,1,2.25,3.1666666666666665,0,Occasional / Lower-Engagement Customers
C03315,11,666.4345454545454,7330.78,6,5,1.8333333333333333,3.625,1,Highly Engaged / High-Value Customers
C03316,12,618.5425,7422.51,3,2,2.4,3.6666666666666665,1,Highly Engaged / High-Value Customers
C03317,13,601.0661538461538,7813.86,8,3,2.6,3.8,1,Highly Engaged / High-Value Customers
C03318,12,400.00916666666666,4800.11,3,3,2.0,4.142857142857143,1,Highly Engaged / High-Value Customers
C03319,7,725.6757142857143,5079.7300000000005,1,2,1.4,3.2,0,Occasional / Lower-Engagement Customers
C03320,10,646.8900000000001,6468.900000000001,6,0,2.0,4.0,1,Highly Engaged / High-Value Customers
C03321,7,613.9585714285714,4297.71,2,3,1.75,2.833333333333333,0,Occasional / Lower-Engagement Customers
C03322,12,469.1266666666666,5629.52,3,1,2.4,3.6666666666666665,1,Highly Engaged / High-Value Customers
C03323,11,697.27,7669.97,4,4,1.8333333333333333,3.8,1,Highly Engaged / High-Value Customers
C03324,10,644.6780000000001,6446.780000000001,4,3,2.0,3.7142857142857135,1,Highly Engaged / High-Value Customers
C03325,8,674.575,5396.6,3,2,1.6,3.333333333333333,0,Occasional / Lower-Engagement Customers
C03326,7,563.7871428571428,3946.51,1,0,1.75,3.8,0,Occasional / Lower-Engagement Customers
C03327,3,773.3433333333332,2320.03,0,0,1.0,3.5,0,Occasional / Lower-Engagement Customers
C03328,7,603.7942857142856,4226.56,0,2,2.333333333333333,3.6666666666666665,0,Occasional / Lower-Engagement Customers
C03329,8,637.2925,5098.34,4,2,2.0,4.0,0,Occasional / Lower-Engagement Customers
C03330,11,513.1890909090909,5645.08,6,3,2.2,4.444444444444445,1,Highly Engaged / High-Value Customers
C03331,4,730.1725,2920.69,2,2,1.3333333333333333,4.5,0,Occasional / Lower-Engagement Customers
C03332,19,631.6236842105263,12000.85,4,3,3.1666666666666665,4.153846153846154,1,Highly Engaged / High-Value Customers
C03333,13,628.5938461538461,8171.719999999999,5,3,2.1666666666666665,4.2,1,Highly Engaged / High-Value Customers
C03334,7,727.7071428571428,5093.95,1,4,1.75,3.8333333333333335,0,Occasional / Lower-Engagement Customers
C03335,13,454.3553846153846,5906.62,6,5,2.6,3.142857142857143,1,Highly Engaged / High-Value Customers
C03336,3,784.8433333333332,2354.53,1,1,1.5,4.333333333333333,0,Occasional / Lower-Engagement Customers
C03337,9,855.6244444444444,7700.62,5,1,1.5,4.2,1,Highly Engaged / High-Value Customers
C03338,7,336.85714285714283,2358.0,2,2,1.4,3.8333333333333335,0,Occasional / Lower-Engagement Customers
C03339,10,608.741,6087.41,4,1,2.0,3.0,1,Highly Engaged / High-Value Customers
C03340,6,641.9033333333333,3851.42,2,2,1.0,3.0,0,Occasional / Lower-Engagement Customers
C03341,10,552.269,5522.69,3,1,2.0,4.333333333333333,0,Occasional / Lower-Engagement Customers
C03342,11,383.47,4218.17,7,2,1.8333333333333333,4.428571428571429,1,Highly Engaged / High-Value Customers
C03343,2,851.065,1702.13,0,0,1.0,0.0,0,Occasional / Lower-Engagement Customers
C03344,12,562.6283333333333,6751.54,4,1,2.4,3.875,1,Highly Engaged / High-Value Customers
C03345,8,662.75875,5302.07,4,1,1.3333333333333333,4.142857142857143,0,Occasional / Lower-Engagement Customers
C03346,13,699.9230769230769,9099.0,7,4,2.1666666666666665,4.25,1,Highly Engaged / High-Value Customers
C03347,11,635.4809090909091,6990.29,5,2,2.75,4.285714285714286,1,Highly Engaged / High-Value Customers
C03348,10,705.75,7057.5,3,0,2.5,3.571428571428572,1,Highly Engaged / High-Value Customers
C03349,7,509.0457142857143,3563.32,2,1,1.4,4.0,0,Occasional / Lower-Engagement Customers
C03350,8,785.35125,6282.81,3,3,1.6,4.4,0,Occasional / Lower-Engagement Customers
C03351,12,500.25500000000005,6003.06,3,4,2.0,3.4444444444444446,1,Highly Engaged / High-Value Customers
C03352,12,320.0316666666667,3840.38,4,2,2.4,3.8,1,Highly Engaged / High-Value Customers
C03353,12,844.7483333333333,10136.98,2,2,2.0,3.25,1,Highly Engaged / High-Value Customers
C03354,4,667.1575,2668.63,3,0,1.0,4.5,0,Occasional / Lower-Engagement Customers
C03355,6,630.2133333333333,3781.28,3,1,1.2,4.666666666666667,0,Occasional / Lower-Engagement Customers
C03356,10,520.9739999999999,5209.74,6,4,2.5,4.285714285714286,1,Highly Engaged / High-Value Customers
C03357,8,728.7825,5830.26,4,3,1.6,3.0,0,Occasional / Lower-Engagement Customers
C03358,8,493.085,3944.68,6,3,1.3333333333333333,4.4,0,Occasional / Lower-Engagement Customers
C03359,7,334.5971428571429,2342.1800000000003,2,3,2.333333333333333,4.0,0,Occasional / Lower-Engagement Customers
C03360,8,456.515,3652.12,5,3,1.3333333333333333,4.4,0,Occasional / Lower-Engagement Customers
C03361,10,740.408,7404.08,2,1,1.6666666666666667,3.2,0,Occasional / Lower-Engagement Customers
C03362,11,685.4109090909092,7539.52,4,1,2.2,4.0,1,Highly Engaged / High-Value Customers
C03363,11,497.64,5474.04,5,2,2.2,3.25,1,Highly Engaged / High-Value Customers
C03364,11,516.0,5676.0,4,2,2.2,4.375,1,Highly Engaged / High-Value Customers
C03365,10,497.583,4975.83,4,3,2.0,4.428571428571429,1,Highly Engaged / High-Value Customers
C03366,11,534.2245454545454,5876.469999999999,4,3,2.2,3.5,1,Highly Engaged / High-Value Customers
C03367,10,435.544,4355.4400000000005,6,4,2.0,3.125,1,Highly Engaged / High-Value Customers
C03368,15,440.3126666666666,6604.69,5,7,2.5,4.25,1,Highly Engaged / High-Value Customers
C03369,8,379.12875,3033.03,3,0,1.6,2.7142857142857144,0,Occasional / Lower-Engagement Customers
C03370,9,899.3566666666667,8094.21,6,2,2.25,4.428571428571429,1,Highly Engaged / High-Value Customers
C03371,7,510.4542857142857,3573.18,2,0,1.75,3.6,0,Occasional / Lower-Engagement Customers
C03372,15,680.0006666666667,10200.01,4,4,2.5,3.9,1,Highly Engaged / High-Value Customers
C03373,14,476.8564285714286,6675.99,7,3,2.333333333333333,4.090909090909091,1,Highly Engaged / High-Value Customers
C03374,5,370.5,1852.5,1,1,1.6666666666666667,3.75,0,Occasional / Lower-Engagement Customers
C03375,7,518.3157142857143,3628.21,4,0,1.75,3.0,0,Occasional / Lower-Engagement Customers
C03376,6,341.76500000000004,2050.59,2,2,2.0,3.0,0,Occasional / Lower-Engagement Customers
C03377,4,777.6975,3110.79,1,1,1.3333333333333333,4.333333333333333,0,Occasional / Lower-Engagement Customers
C03378,7,460.49142857142857,3223.44,3,2,1.75,4.0,0,Occasional / Lower-Engagement Customers
C03379,8,315.195,2521.56,2,4,1.6,3.1666666666666665,0,Occasional / Lower-Engagement Customers
C03380,11,478.80818181818177,5266.889999999999,4,2,2.2,3.7,1,Highly Engaged / High-Value Customers
C03381,9,341.3233333333333,3071.91,2,0,1.8,3.8333333333333335,0,Occasional / Lower-Engagement Customers
C03382,12,536.5749999999999,6438.9,6,4,2.0,3.25,1,Highly Engaged / High-Value Customers
C03383,6,959.8583333333332,5759.15,2,2,1.5,3.0,0,Occasional / Lower-Engagement Customers
C03384,10,400.398,4003.98,2,1,1.6666666666666667,3.7142857142857135,0,Occasional / Lower-Engagement Customers
C03385,13,803.5246153846153,10445.82,3,2,2.1666666666666665,3.6666666666666665,1,Highly Engaged / High-Value Customers
C03386,13,776.9876923076923,10100.84,5,2,2.1666666666666665,3.4166666666666665,1,Highly Engaged / High-Value Customers
C03387,19,449.3136842105264,8536.960000000001,9,3,3.8,4.066666666666666,1,Highly Engaged / High-Value Customers
C03388,8,536.4925000000001,4291.9400000000005,3,1,2.0,4.0,0,Occasional / Lower-Engagement Customers
C03389,6,717.6966666666667,4306.18,3,3,1.5,2.75,0,Occasional / Lower-Engagement Customers
C03390,11,638.1063636363637,7019.17,9,6,2.2,3.4,1,Highly Engaged / High-Value Customers
C03391,9,756.4666666666667,6808.2,3,3,1.5,4.5,0,Occasional / Lower-Engagement Customers
C03392,6,661.9216666666666,3971.53,1,3,1.5,4.25,0,Occasional / Lower-Engagement Customers
C03393,10,697.125,6971.25,2,1,2.5,3.25,1,Highly Engaged / High-Value Customers
C03394,13,470.8392307692308,6120.91,3,2,2.1666666666666665,4.714285714285714,1,Highly Engaged / High-Value Customers
C03395,7,631.2114285714285,4418.48,1,2,1.75,2.6666666666666665,0,Occasional / Lower-Engagement Customers
C03396,7,289.8928571428572,2029.25,2,2,1.75,4.0,0,Occasional / Lower-Engagement Customers
C03397,7,736.2699999999999,5153.889999999999,2,0,1.4,3.4,0,Occasional / Lower-Engagement Customers
C03398,10,584.206,5842.06,3,2,2.5,4.142857142857143,1,Highly Engaged / High-Value Customers
C03399,13,462.88384615384615,6017.49,4,0,3.25,3.909090909090909,1,Highly Engaged / High-Value Customers
C03400,5,514.828,2574.14,4,1,2.5,4.25,0,Occasional / Lower-Engagement Customers
C03401,9,442.69,3984.21,3,2,1.5,4.5,0,Occasional / Lower-Engagement Customers
C03402,11,575.7336363636364,6333.07,3,1,2.2,4.25,1,Highly Engaged / High-Value Customers
C03403,10,568.6690000000001,5686.6900000000005,4,3,1.6666666666666667,3.4285714285714284,1,Highly Engaged / High-Value Customers
C03404,7,473.4814285714286,3314.37,0,0,1.75,4.0,0,Occasional / Lower-Engagement Customers
C03405,10,616.484,6164.84,3,1,2.5,3.4,1,Highly Engaged / High-Value Customers
C03406,11,686.9127272727272,7556.04,4,5,2.2,3.5,1,Highly Engaged / High-Value Customers
C03407,13,499.0307692307692,6487.4,5,2,2.6,3.875,1,Highly Engaged / High-Value Customers
C03408,5,885.674,4428.37,1,0,1.25,3.333333333333333,0,Occasional / Lower-Engagement Customers
C03409,4,936.3875,3745.55,1,1,1.3333333333333333,3.0,0,Occasional / Lower-Engagement Customers
C03410,9,441.7844444444444,3976.06,3,2,1.8,4.4,0,Occasional / Lower-Engagement Customers
C03411,9,535.6944444444445,4821.25,4,2,1.8,3.8333333333333335,0,Occasional / Lower-Engagement Customers
C03412,12,551.1425,6613.71,4,2,2.4,3.6666666666666665,1,Highly Engaged / High-Value Customers
C03413,9,704.5077777777777,6340.57,5,3,2.25,3.7777777777777777,1,Highly Engaged / High-Value Customers
C03414,8,484.45,3875.6,4,0,1.6,4.0,0,Occasional / Lower-Engagement Customers
C03415,13,612.3569230769231,7960.64,5,2,2.6,4.0,1,Highly Engaged / High-Value Customers
C03416,5,442.582,2212.91,3,1,1.6666666666666667,3.75,0,Occasional / Lower-Engagement Customers
C03417,8,532.7175,4261.74,3,0,1.6,3.5,0,Occasional / Lower-Engagement Customers
C03418,10,592.971,5929.71,5,1,2.0,3.4285714285714284,1,Highly Engaged / High-Value Customers
C03419,6,459.58166666666665,2757.49,4,1,1.5,2.5,0,Occasional / Lower-Engagement Customers
C03420,10,637.222,6372.22,3,3,2.0,4.571428571428571,1,Highly Engaged / High-Value Customers
C03421,11,420.94272727272727,4630.37,3,4,1.8333333333333333,4.0,1,Highly Engaged / High-Value Customers
C03422,9,462.89666666666665,4166.07,3,3,1.8,3.5,0,Occasional / Lower-Engagement Customers
C03423,10,537.29,5372.9,5,2,3.333333333333333,4.0,1,Highly Engaged / High-Value Customers
C03424,8,707.64875,5661.19,3,2,1.6,4.0,0,Occasional / Lower-Engagement Customers
C03425,10,599.6220000000001,5996.22,5,2,2.0,3.625,1,Highly Engaged / High-Value Customers
C03426,5,798.5319999999999,3992.66,1,2,1.6666666666666667,3.6666666666666665,0,Occasional / Lower-Engagement Customers
C03427,12,537.4866666666667,6449.84,2,4,2.0,3.2222222222222223,1,Highly Engaged / High-Value Customers
C03428,6,714.0333333333333,4284.2,2,1,1.5,3.4,0,Occasional / Lower-Engagement Customers
C03429,15,426.15866666666665,6392.38,6,5,2.5,2.25,1,Highly Engaged / High-Value Customers
C03430,10,535.603,5356.03,3,1,1.6666666666666667,4.571428571428571,0,Occasional / Lower-Engagement Customers
C03431,9,549.6655555555556,4946.99,4,2,1.8,3.857142857142857,0,Occasional / Lower-Engagement Customers
C03432,7,393.8157142857143,2756.71,4,2,1.4,4.5,0,Occasional / Lower-Engagement Customers
C03433,15,413.6773333333333,6205.16,5,2,2.5,4.2727272727272725,1,Highly Engaged / High-Value Customers
C03434,6,734.6666666666666,4408.0,2,1,1.5,4.4,0,Occasional / Lower-Engagement Customers
C03435,3,741.73,2225.19,3,0,1.5,3.5,0,Occasional / Lower-Engagement Customers
C03436,5,329.742,1648.71,2,2,1.0,4.2,0,Occasional / Lower-Engagement Customers
C03437,7,551.5757142857143,3861.03,3,3,1.75,3.8,0,Occasional / Lower-Engagement Customers
C03438,7,470.9114285714286,3296.38,3,2,1.75,3.8,0,Occasional / Lower-Engagement Customers
C03439,15,657.378,9860.67,6,4,3.0,3.5,1,Highly Engaged / High-Value Customers
C03440,15,636.9466666666667,9554.2,6,2,2.5,4.090909090909091,1,Highly Engaged / High-Value Customers
C03441,10,457.223,4572.23,6,2,2.0,4.444444444444445,1,Highly Engaged / High-Value Customers
C03442,7,382.9728571428572,2680.81,2,2,1.1666666666666667,3.6666666666666665,0,Occasional / Lower-Engagement Customers
C03443,8,960.2875,7682.3,2,0,2.0,3.8333333333333335,0,Occasional / Lower-Engagement Customers
C03444,11,455.1790909090909,5006.97,3,5,2.2,3.857142857142857,1,Highly Engaged / High-Value Customers
C03445,11,528.64,5815.04,5,2,1.8333333333333333,3.8333333333333335,1,Highly Engaged / High-Value Customers
C03446,6,961.6866666666666,5770.12,0,3,1.5,4.75,0,Occasional / Lower-Engagement Customers
C03447,8,513.4525,4107.62,4,2,1.6,3.6,0,Occasional / Lower-Engagement Customers
C03448,9,735.6711111111111,6621.04,5,3,2.25,4.333333333333333,1,Highly Engaged / High-Value Customers
C03449,11,593.1881818181818,6525.07,4,2,2.2,3.0,1,Highly Engaged / High-Value Customers
C03450,11,495.3263636363636,5448.59,4,1,2.75,4.571428571428571,1,Highly Engaged / High-Value Customers
C03451,12,513.9183333333333,6167.02,5,2,2.0,3.4444444444444446,1,Highly Engaged / High-Value Customers
C03452,5,339.564,1697.82,3,0,1.6666666666666667,4.2,0,Occasional / Lower-Engagement Customers
C03453,8,775.4625,6203.7,3,3,1.6,3.5,0,Occasional / Lower-Engagement Customers
C03454,3,751.3933333333333,2254.18,1,2,1.0,4.0,0,Occasional / Lower-Engagement Customers
C03455,14,858.2014285714286,12014.82,7,5,2.8,4.090909090909091,1,Highly Engaged / High-Value Customers
C03456,10,672.5889999999999,6725.889999999999,2,1,2.5,4.0,1,Highly Engaged / High-Value Customers
C03457,11,414.0327272727272,4554.36,2,2,2.2,3.0,0,Occasional / Lower-Engagement Customers
C03458,10,465.994,4659.9400000000005,1,1,1.6666666666666667,4.0,0,Occasional / Lower-Engagement Customers
C03459,3,627.9466666666667,1883.84,3,0,1.5,4.5,0,Occasional / Lower-Engagement Customers
C03460,10,688.616,6886.16,3,1,2.0,3.5,1,Highly Engaged / High-Value Customers
C03461,8,553.7675,4430.14,2,2,1.6,4.25,0,Occasional / Lower-Engagement Customers
C03462,7,341.7757142857143,2392.43,2,1,1.4,3.4,0,Occasional / Lower-Engagement Customers
C03463,13,858.6715384615384,11162.73,4,2,3.25,3.75,1,Highly Engaged / High-Value Customers
C03464,10,520.39,5203.9,3,1,2.0,3.7142857142857135,0,Occasional / Lower-Engagement Customers
C03465,11,362.10181818181815,3983.12,3,1,2.2,4.285714285714286,0,Occasional / Lower-Engagement Customers
C03466,9,681.6955555555555,6135.26,2,2,1.8,3.142857142857143,0,Occasional / Lower-Engagement Customers
C03467,4,739.605,2958.42,1,1,1.3333333333333333,4.75,0,Occasional / Lower-Engagement Customers
C03468,13,688.6592307692307,8952.57,6,3,2.1666666666666665,4.0,1,Highly Engaged / High-Value Customers
C03469,10,722.205,7222.05,4,2,1.6666666666666667,3.6,1,Highly Engaged / High-Value Customers
C03470,8,333.85375,2670.83,1,1,2.0,4.0,0,Occasional / Lower-Engagement Customers
C03471,13,557.2230769230769,7243.9,4,6,3.25,4.111111111111111,1,Highly Engaged / High-Value Customers
C03472,9,587.7277777777778,5289.55,2,3,1.5,4.333333333333333,0,Occasional / Lower-Engagement Customers
C03473,10,585.3149999999999,5853.15,4,3,2.5,4.25,1,Highly Engaged / High-Value Customers
C03474,10,393.537,3935.37,4,2,2.0,5.0,0,Occasional / Lower-Engagement Customers
C03475,10,585.827,5858.27,5,2,2.5,3.6666666666666665,1,Highly Engaged / High-Value Customers
C03476,12,680.7058333333333,8168.469999999999,5,2,3.0,3.75,1,Highly Engaged / High-Value Customers
C03477,6,610.2783333333333,3661.67,1,3,2.0,3.6666666666666665,0,Occasional / Lower-Engagement Customers
C03478,4,551.78,2207.12,3,0,1.0,5.0,0,Occasional / Lower-Engagement Customers
C03479,10,560.841,5608.41,5,1,2.0,3.8,1,Highly Engaged / High-Value Customers
C03480,8,655.45375,5243.63,3,1,1.3333333333333333,3.5,0,Occasional / Lower-Engagement Customers
C03481,9,496.37777777777774,4467.4,5,2,2.25,4.333333333333333,1,Highly Engaged / High-Value Customers
C03482,13,608.8661538461539,7915.26,5,3,2.1666666666666665,3.2,1,Highly Engaged / High-Value Customers
C03483,12,702.0591666666666,8424.71,3,5,2.4,4.125,1,Highly Engaged / High-Value Customers
C03484,11,561.2272727272727,6173.5,4,1,1.8333333333333333,4.0,1,Highly Engaged / High-Value Customers
C03485,6,494.1616666666667,2964.9700000000003,4,0,1.5,4.0,0,Occasional / Lower-Engagement Customers
C03486,10,572.835,5728.35,6,2,2.0,3.4285714285714284,1,Highly Engaged / High-Value Customers
C03487,15,738.848,11082.72,7,2,2.5,4.090909090909091,1,Highly Engaged / High-Value Customers
C03488,13,600.1261538461539,7801.64,7,3,2.1666666666666665,3.8333333333333335,1,Highly Engaged / High-Value Customers
C03489,12,577.5333333333333,6930.4,6,2,2.4,3.0,1,Highly Engaged / High-Value Customers
C03490,12,500.9625,6011.55,2,5,2.0,3.6666666666666665,1,Highly Engaged / High-Value Customers
C03491,11,619.2600000000001,6811.860000000001,6,2,1.8333333333333333,3.5,1,Highly Engaged / High-Value Customers
C03492,8,694.7062500000001,5557.650000000001,4,1,2.0,3.75,0,Occasional / Lower-Engagement Customers
C03493,11,591.7681818181818,6509.45,4,3,2.2,3.8,1,Highly Engaged / High-Value Customers
C03494,8,846.97,6775.76,3,1,2.0,4.142857142857143,0,Occasional / Lower-Engagement Customers
C03495,5,617.558,3087.79,1,1,1.25,4.5,0,Occasional / Lower-Engagement Customers
C03496,9,306.3755555555556,2757.38,2,3,1.8,3.333333333333333,0,Occasional / Lower-Engagement Customers
C03497,10,501.394,5013.94,4,2,1.6666666666666667,2.833333333333333,0,Occasional / Lower-Engagement Customers
C03498,5,518.546,2592.73,1,0,2.5,4.0,0,Occasional / Lower-Engagement Customers
C03499,8,468.23125,3745.85,3,1,1.6,4.2,0,Occasional / Lower-Engagement Customers
C03500,15,524.294,7864.41,5,3,2.5,4.076923076923077,1,Highly Engaged / High-Value Customers
C03501,9,420.4244444444445,3783.82,2,0,3.0,4.2,0,Occasional / Lower-Engagement Customers
C03502,13,690.8546153846154,8981.11,7,4,2.6,3.7777777777777777,1,Highly Engaged / High-Value Customers
C03503,3,253.8766666666667,761.63,1,2,1.0,4.333333333333333,0,Occasional / Lower-Engagement Customers
C03504,7,536.2728571428572,3753.91,3,2,1.75,4.4,0,Occasional / Lower-Engagement Customers
C03505,16,467.698125,7483.17,7,1,2.6666666666666665,4.0,1,Highly Engaged / High-Value Customers
C03506,9,368.4777777777778,3316.3,2,3,1.5,3.857142857142857,0,Occasional / Lower-Engagement Customers
C03507,12,506.1816666666667,6074.18,6,1,2.4,3.75,1,Highly Engaged / High-Value Customers
C03508,9,617.5544444444445,5557.99,5,2,2.25,2.75,1,Highly Engaged / High-Value Customers
C03509,7,337.0214285714286,2359.15,3,0,1.4,3.5,0,Occasional / Lower-Engagement Customers
C03510,14,612.3635714285714,8573.09,4,1,2.8,3.909090909090909,1,Highly Engaged / High-Value Customers
C03511,6,375.84,2255.04,4,2,1.5,4.6,0,Occasional / Lower-Engagement Customers
C03512,13,513.7853846153846,6679.21,6,1,2.6,4.111111111111111,1,Highly Engaged / High-Value Customers
C03513,5,756.222,3781.11,2,0,1.25,3.0,0,Occasional / Lower-Engagement Customers
C03514,3,600.5966666666667,1801.79,2,0,1.0,3.5,0,Occasional / Lower-Engagement Customers
C03515,2,339.51,679.02,1,0,1.0,5.0,0,Occasional / Lower-Engagement Customers
C03516,6,481.205,2887.23,4,1,1.5,4.25,0,Occasional / Lower-Engagement Customers
C03517,11,398.6545454545454,4385.2,4,0,5.5,3.75,1,Highly Engaged / High-Value Customers
C03518,14,435.5178571428572,6097.25,5,6,2.333333333333333,3.5,1,Highly Engaged / High-Value Customers
C03519,12,522.1391666666667,6265.67,4,1,2.4,4.166666666666667,1,Highly Engaged / High-Value Customers
C03520,5,368.008,1840.04,2,1,1.25,4.0,0,Occasional / Lower-Engagement Customers
C03521,11,515.0481818181819,5665.530000000001,5,2,1.8333333333333333,4.181818181818182,1,Highly Engaged / High-Value Customers
C03522,2,313.26,626.52,0,1,2.0,3.0,0,Occasional / Lower-Engagement Customers
C03523,12,494.2633333333333,5931.16,6,1,3.0,3.333333333333333,1,Highly Engaged / High-Value Customers
C03524,9,288.9166666666667,2600.25,4,1,1.8,3.6,0,Occasional / Lower-Engagement Customers
C03525,6,409.98166666666674,2459.8900000000003,5,1,1.5,3.8,0,Occasional / Lower-Engagement Customers
C03526,7,623.1342857142856,4361.94,2,3,1.75,3.5,0,Occasional / Lower-Engagement Customers
C03527,7,662.7057142857144,4638.9400000000005,2,3,1.75,4.0,0,Occasional / Lower-Engagement Customers
C03528,11,573.6654545454545,6310.32,7,3,2.75,3.25,1,Highly Engaged / High-Value Customers
C03529,8,369.295,2954.36,4,2,1.3333333333333333,3.5,0,Occasional / Lower-Engagement Customers
C03530,11,440.3790909090909,4844.17,3,2,2.2,4.0,0,Occasional / Lower-Engagement Customers
C03531,6,505.29333333333335,3031.76,1,1,1.2,3.333333333333333,0,Occasional / Lower-Engagement Customers
C03532,5,566.788,2833.94,0,2,1.6666666666666667,3.4,0,Occasional / Lower-Engagement Customers
C03533,10,438.213,4382.13,5,3,2.5,2.4,1,Highly Engaged / High-Value Customers
C03534,7,397.63714285714286,2783.46,4,2,1.75,3.8,0,Occasional / Lower-Engagement Customers
C03535,14,425.6392857142857,5958.95,5,1,2.333333333333333,3.6,1,Highly Engaged / High-Value Customers
C03536,7,683.85,4786.95,2,5,1.4,2.25,0,Occasional / Lower-Engagement Customers
C03537,4,518.325,2073.3,2,2,2.0,4.5,0,Occasional / Lower-Engagement Customers
C03538,6,356.3833333333334,2138.3,4,2,1.5,3.8,0,Occasional / Lower-Engagement Customers
C03539,8,400.955,3207.64,3,2,1.6,4.0,0,Occasional / Lower-Engagement Customers
C03540,7,687.0614285714286,4809.43,0,1,1.75,4.2,0,Occasional / Lower-Engagement Customers
C03541,5,598.602,2993.01,1,0,1.6666666666666667,3.0,0,Occasional / Lower-Engagement Customers
C03542,10,572.828,5728.28,2,1,1.6666666666666667,3.2,0,Occasional / Lower-Engagement Customers
C03543,11,855.2936363636363,9408.23,4,1,3.6666666666666665,3.0,1,Highly Engaged / High-Value Customers
C03544,12,470.1516666666666,5641.82,3,3,2.0,4.111111111111111,1,Highly Engaged / High-Value Customers
C03545,11,471.8636363636364,5190.5,6,2,2.75,3.857142857142857,1,Highly Engaged / High-Value Customers
C03546,10,691.146,6911.46,5,2,1.6666666666666667,4.7,1,Highly Engaged / High-Value Customers
C03547,10,371.017,3710.17,4,2,2.0,4.142857142857143,0,Occasional / Lower-Engagement Customers
C03548,12,619.93,7439.16,6,2,2.0,3.857142857142857,1,Highly Engaged / High-Value Customers
C03549,7,369.6757142857143,2587.73,2,1,1.75,4.0,0,Occasional / Lower-Engagement Customers
C03550,12,473.25916666666666,5679.11,5,5,2.4,4.375,1,Highly Engaged / High-Value Customers
C03551,7,578.14,4046.98,2,5,1.4,3.6666666666666665,0,Occasional / Lower-Engagement Customers
C03552,9,612.6622222222222,5513.96,5,1,1.8,3.6,0,Occasional / Lower-Engagement Customers
C03553,8,609.3675000000001,4874.9400000000005,5,0,1.6,4.75,0,Occasional / Lower-Engagement Customers
C03554,4,955.5625,3822.25,3,3,1.0,3.333333333333333,0,Occasional / Lower-Engagement Customers
C03555,9,522.6866666666667,4704.18,2,4,1.8,3.4,0,Occasional / Lower-Engagement Customers
C03556,13,549.5484615384615,7144.13,8,2,2.6,4.428571428571429,1,Highly Engaged / High-Value Customers
C03557,6,632.75,3796.5,3,2,2.0,4.0,0,Occasional / Lower-Engagement Customers
C03558,8,547.76125,4382.09,3,2,1.6,3.5,0,Occasional / Lower-Engagement Customers
C03559,9,477.39,4296.51,1,0,1.8,4.285714285714286,0,Occasional / Lower-Engagement Customers
C03560,4,477.935,1911.74,1,2,1.0,3.0,0,Occasional / Lower-Engagement Customers
C03561,11,362.7854545454545,3990.64,4,4,2.2,3.7142857142857135,1,Highly Engaged / High-Value Customers
C03562,9,507.65333333333336,4568.88,3,4,2.25,3.571428571428572,1,Highly Engaged / High-Value Customers
C03563,12,585.6816666666666,7028.179999999999,6,3,2.4,3.875,1,Highly Engaged / High-Value Customers
C03564,3,1190.8066666666666,3572.42,1,0,1.0,4.0,0,Occasional / Lower-Engagement Customers
C03565,6,630.0816666666667,3780.49,4,1,3.0,3.6666666666666665,0,Occasional / Lower-Engagement Customers
C03566,9,677.0522222222221,6093.469999999999,5,1,1.8,4.25,0,Occasional / Lower-Engagement Customers
C03567,11,826.5227272727273,9091.75,5,0,2.2,4.625,1,Highly Engaged / High-Value Customers
C03568,14,568.7492857142857,7962.49,9,5,2.333333333333333,4.166666666666667,1,Highly Engaged / High-Value Customers
C03569,10,440.163,4401.63,5,3,2.5,3.6666666666666665,1,Highly Engaged / High-Value Customers
C03570,5,510.954,2554.77,3,3,1.6666666666666667,3.0,0,Occasional / Lower-Engagement Customers
C03571,8,305.66125,2445.29,4,0,1.6,3.0,0,Occasional / Lower-Engagement Customers
C03572,14,573.7307142857143,8032.23,4,6,2.333333333333333,3.272727272727273,1,Highly Engaged / High-Value Customers
C03573,10,573.321,5733.21,4,4,1.6666666666666667,4.6,1,Highly Engaged / High-Value Customers
C03574,8,462.80625,3702.45,2,2,1.3333333333333333,3.0,0,Occasional / Lower-Engagement Customers
C03575,8,610.9087499999999,4887.27,4,4,1.6,4.0,0,Occasional / Lower-Engagement Customers
C03576,10,630.987,6309.87,2,1,2.0,3.571428571428572,0,Occasional / Lower-Engagement Customers
C03577,15,500.748,7511.22,2,0,3.0,4.6,1,Highly Engaged / High-Value Customers
C03578,8,730.62875,5845.03,4,4,1.6,4.0,1,Highly Engaged / High-Value Customers
C03579,11,583.9909090909091,6423.9,3,3,2.2,3.4444444444444446,1,Highly Engaged / High-Value Customers
C03580,6,512.1683333333334,3073.01,2,2,2.0,3.5,0,Occasional / Lower-Engagement Customers
C03581,6,432.4683333333333,2594.81,2,1,1.5,2.5,0,Occasional / Lower-Engagement Customers
C03582,7,561.2214285714285,3928.55,2,0,1.75,3.0,0,Occasional / Lower-Engagement Customers
C03583,7,641.2857142857143,4489.0,3,0,1.4,3.4,0,Occasional / Lower-Engagement Customers
C03584,10,534.797,5347.97,8,1,2.5,4.166666666666667,1,Highly Engaged / High-Value Customers
C03585,11,750.7209090909091,8257.93,6,4,1.8333333333333333,2.5,1,Highly Engaged / High-Value Customers
C03586,7,406.54,2845.78,2,3,1.4,4.25,0,Occasional / Lower-Engagement Customers
C03587,6,471.29833333333335,2827.79,1,3,1.2,4.75,0,Occasional / Lower-Engagement Customers
C03588,8,588.94125,4711.53,1,2,2.0,4.4,0,Occasional / Lower-Engagement Customers
C03589,7,532.8314285714285,3729.82,2,2,1.4,4.0,0,Occasional / Lower-Engagement Customers
C03590,12,744.9783333333334,8939.74,3,4,2.4,3.142857142857143,1,Highly Engaged / High-Value Customers
C03591,14,507.55285714285714,7105.74,10,3,2.333333333333333,3.6666666666666665,1,Highly Engaged / High-Value Customers
C03592,7,377.4757142857143,2642.33,2,0,1.4,4.0,0,Occasional / Lower-Engagement Customers
C03593,12,352.735,4232.82,3,2,3.0,4.285714285714286,1,Highly Engaged / High-Value Customers
C03594,5,400.978,2004.89,0,1,1.25,4.333333333333333,0,Occasional / Lower-Engagement Customers
C03595,15,544.642,8169.63,3,7,3.0,3.6666666666666665,1,Highly Engaged / High-Value Customers
C03596,13,692.1946153846154,8998.53,5,4,2.6,4.0,1,Highly Engaged / High-Value Customers
C03597,8,681.3125,5450.5,2,1,2.0,2.8,0,Occasional / Lower-Engagement Customers
C03598,8,657.09625,5256.77,4,1,1.3333333333333333,3.333333333333333,0,Occasional / Lower-Engagement Customers
C03599,8,383.00375,3064.03,3,3,2.0,3.7142857142857135,0,Occasional / Lower-Engagement Customers
C03600,7,454.2042857142857,3179.43,3,1,1.75,2.6666666666666665,0,Occasional / Lower-Engagement Customers
C03601,9,345.4622222222222,3109.16,4,5,1.5,4.0,0,Occasional / Lower-Engagement Customers
C03602,16,539.593125,8633.49,9,4,3.2,4.461538461538462,1,Highly Engaged / High-Value Customers
C03603,12,771.1491666666667,9253.79,6,1,2.4,4.1,1,Highly Engaged / High-Value Customers
C03604,11,855.3909090909091,9409.3,4,4,2.2,4.222222222222222,1,Highly Engaged / High-Value Customers
C03605,4,925.2875,3701.15,0,0,1.3333333333333333,3.0,0,Occasional / Lower-Engagement Customers
C03606,9,609.6388888888889,5486.75,3,2,2.25,4.0,0,Occasional / Lower-Engagement Customers
C03607,13,568.756923076923,7393.84,6,5,2.1666666666666665,3.4444444444444446,1,Highly Engaged / High-Value Customers
C03608,7,730.7928571428571,5115.549999999999,2,1,2.333333333333333,4.25,0,Occasional / Lower-Engagement Customers
C03609,16,499.55625,7992.9,10,4,2.6666666666666665,3.333333333333333,1,Highly Engaged / High-Value Customers
C03610,12,794.4208333333332,9533.05,3,1,2.4,3.75,1,Highly Engaged / High-Value Customers
C03611,6,548.5116666666667,3291.07,3,3,1.2,3.5,0,Occasional / Lower-Engagement Customers
C03612,9,500.00888888888886,4500.08,4,5,2.25,3.8,1,Highly Engaged / High-Value Customers
C03613,16,545.478125,8727.65,8,3,3.2,4.181818181818182,1,Highly Engaged / High-Value Customers
C03614,7,440.3514285714286,3082.46,3,2,1.4,3.6,0,Occasional / Lower-Engagement Customers
C03615,7,405.7814285714285,2840.47,3,0,1.4,4.6,0,Occasional / Lower-Engagement Customers
C03616,7,476.20571428571424,3333.44,4,1,1.75,4.0,0,Occasional / Lower-Engagement Customers
C03617,10,559.287,5592.87,4,2,2.0,4.75,1,Highly Engaged / High-Value Customers
C03618,8,694.055,5552.44,6,4,2.0,4.0,1,Highly Engaged / High-Value Customers
C03619,11,664.3954545454545,7308.349999999999,5,1,2.2,3.857142857142857,1,Highly Engaged / High-Value Customers
C03620,6,397.05166666666673,2382.3100000000004,2,1,1.2,4.75,0,Occasional / Lower-Engagement Customers
C03621,8,844.3475000000001,6754.780000000001,2,1,1.6,3.6666666666666665,0,Occasional / Lower-Engagement Customers
C03622,12,400.8491666666667,4810.1900000000005,8,1,2.0,4.125,1,Highly Engaged / High-Value Customers
C03623,8,641.9549999999999,5135.639999999999,6,2,2.0,4.333333333333333,1,Highly Engaged / High-Value Customers
C03624,12,561.1633333333333,6733.96,7,4,2.4,3.4444444444444446,1,Highly Engaged / High-Value Customers
C03625,9,739.4488888888889,6655.04,5,3,1.8,4.714285714285714,1,Highly Engaged / High-Value Customers
C03626,5,826.104,4130.52,3,1,1.25,4.666666666666667,0,Occasional / Lower-Engagement Customers
C03627,10,557.912,5579.12,3,4,2.5,3.6666666666666665,1,Highly Engaged / High-Value Customers
C03628,12,661.795,7941.54,4,1,2.4,3.6,1,Highly Engaged / High-Value Customers
C03629,9,496.44888888888886,4468.04,7,1,1.8,3.571428571428572,0,Occasional / Lower-Engagement Customers
C03630,3,403.43,1210.29,0,0,1.5,3.0,0,Occasional / Lower-Engagement Customers
C03631,11,333.7472727272728,3671.22,5,3,1.8333333333333333,2.6,0,Occasional / Lower-Engagement Customers
C03632,4,190.815,763.26,1,1,1.3333333333333333,2.5,0,Occasional / Lower-Engagement Customers
C03633,9,363.3522222222222,3270.17,5,3,1.8,2.6666666666666665,0,Occasional / Lower-Engagement Customers
C03634,8,586.7737500000001,4694.1900000000005,3,2,1.6,2.833333333333333,0,Occasional / Lower-Engagement Customers
C03635,12,763.6116666666667,9163.34,1,2,2.4,3.7777777777777777,1,Highly Engaged / High-Value Customers
C03636,7,580.1557142857143,4061.09,3,1,1.4,3.6666666666666665,0,Occasional / Lower-Engagement Customers
C03637,7,681.9771428571429,4773.84,2,2,1.75,3.75,0,Occasional / Lower-Engagement Customers
C03638,10,527.537,5275.37,2,0,1.6666666666666667,2.571428571428572,0,Occasional / Lower-Engagement Customers
C03639,14,721.4192857142858,10099.87,4,3,2.333333333333333,3.5,1,Highly Engaged / High-Value Customers
C03640,13,342.7292307692308,4455.4800000000005,7,3,2.1666666666666665,3.7,1,Highly Engaged / High-Value Customers
C03641,6,390.4883333333333,2342.93,3,2,1.5,3.333333333333333,0,Occasional / Lower-Engagement Customers
C03642,14,504.7714285714286,7066.8,6,3,2.333333333333333,3.4,1,Highly Engaged / High-Value Customers
C03643,8,579.075,4632.6,0,1,1.6,3.5,0,Occasional / Lower-Engagement Customers
C03644,7,509.8542857142857,3568.98,2,2,1.4,3.75,0,Occasional / Lower-Engagement Customers
C03645,8,425.5725,3404.58,3,3,1.6,3.5,0,Occasional / Lower-Engagement Customers
C03646,8,734.7975,5878.38,2,3,1.6,4.0,0,Occasional / Lower-Engagement Customers
C03647,8,420.41125,3363.29,4,2,2.0,2.5,0,Occasional / Lower-Engagement Customers
C03648,5,606.01,3030.05,2,2,2.5,4.0,0,Occasional / Lower-Engagement Customers
C03649,12,379.3008333333333,4551.61,3,3,2.4,4.2,1,Highly Engaged / High-Value Customers
C03650,13,556.2715384615384,7231.53,6,3,2.6,3.857142857142857,1,Highly Engaged / High-Value Customers
C03651,11,504.82272727272726,5553.05,6,0,1.8333333333333333,4.25,1,Highly Engaged / High-Value Customers
C03652,10,637.963,6379.63,5,5,2.0,3.4285714285714284,1,Highly Engaged / High-Value Customers
C03653,5,966.068,4830.34,1,1,1.6666666666666667,3.0,0,Occasional / Lower-Engagement Customers
C03654,7,777.6057142857143,5443.24,2,0,1.4,4.0,0,Occasional / Lower-Engagement Customers
C03655,9,453.03,4077.27,6,3,2.25,4.125,1,Highly Engaged / High-Value Customers
C03656,14,531.2771428571428,7437.88,4,5,2.8,4.571428571428571,1,Highly Engaged / High-Value Customers
C03657,8,556.115,4448.92,1,2,2.6666666666666665,4.0,0,Occasional / Lower-Engagement Customers
C03658,14,432.45714285714286,6054.4,8,4,2.333333333333333,3.909090909090909,1,Highly Engaged / High-Value Customers
C03659,11,671.6218181818182,7387.84,8,3,2.2,3.7777777777777777,1,Highly Engaged / High-Value Customers
C03660,12,609.4,7312.8,3,6,2.4,3.75,1,Highly Engaged / High-Value Customers
C03661,6,880.9966666666666,5285.98,3,2,2.0,3.8,0,Occasional / Lower-Engagement Customers
C03662,4,271.13,1084.52,2,2,1.3333333333333333,3.0,0,Occasional / Lower-Engagement Customers
C03663,9,382.3511111111111,3441.16,4,3,1.5,3.8,0,Occasional / Lower-Engagement Customers
C03664,11,442.3463636363636,4865.81,4,3,1.8333333333333333,3.125,1,Highly Engaged / High-Value Customers
C03665,11,804.1290909090909,8845.42,3,1,2.2,3.857142857142857,1,Highly Engaged / High-Value Customers
C03666,13,432.286923076923,5619.73,5,1,2.6,4.3,1,Highly Engaged / High-Value Customers
C03667,7,359.17857142857144,2514.25,3,2,1.75,4.0,0,Occasional / Lower-Engagement Customers
C03668,10,778.961,7789.610000000001,4,0,2.5,3.7777777777777777,1,Highly Engaged / High-Value Customers
C03669,13,554.0553846153846,7202.72,6,4,2.6,3.111111111111111,1,Highly Engaged / High-Value Customers
C03670,12,577.335,6928.02,4,2,2.4,4.75,1,Highly Engaged / High-Value Customers
C03671,9,545.3855555555556,4908.47,5,3,1.5,3.333333333333333,0,Occasional / Lower-Engagement Customers
C03672,7,586.72,4107.04,3,4,1.4,4.333333333333333,0,Occasional / Lower-Engagement Customers
C03673,12,675.7433333333333,8108.92,8,2,2.0,4.2,1,Highly Engaged / High-Value Customers
C03674,8,456.5925,3652.74,2,3,2.0,3.8,0,Occasional / Lower-Engagement Customers
C03675,20,641.5485,12830.97,10,5,3.333333333333333,3.909090909090909,1,Highly Engaged / High-Value Customers
C03676,8,515.7725,4126.18,3,2,2.0,3.1666666666666665,0,Occasional / Lower-Engagement Customers
C03677,8,726.49,5811.92,5,2,1.6,4.166666666666667,0,Occasional / Lower-Engagement Customers
C03678,9,604.4044444444445,5439.64,2,1,1.8,3.333333333333333,0,Occasional / Lower-Engagement Customers
C03679,13,684.9084615384616,8903.81,6,5,2.6,3.142857142857143,1,Highly Engaged / High-Value Customers
C03680,11,315.72545454545457,3472.98,6,3,2.2,4.166666666666667,1,Highly Engaged / High-Value Customers
C03681,5,552.774,2763.87,2,3,1.6666666666666667,3.6666666666666665,0,Occasional / Lower-Engagement Customers
C03682,9,513.4133333333334,4620.72,3,1,2.25,3.625,0,Occasional / Lower-Engagement Customers
C03683,8,762.85,6102.8,1,3,1.3333333333333333,4.166666666666667,0,Occasional / Lower-Engagement Customers
C03684,10,704.2940000000001,7042.9400000000005,3,2,1.6666666666666667,4.125,1,Highly Engaged / High-Value Customers
C03685,8,723.2725,5786.18,3,3,1.3333333333333333,4.0,0,Occasional / Lower-Engagement Customers
C03686,7,589.0371428571428,4123.26,2,2,1.4,4.0,0,Occasional / Lower-Engagement Customers
C03687,12,805.0316666666668,9660.38,3,1,2.4,4.111111111111111,1,Highly Engaged / High-Value Customers
C03688,14,508.6957142857143,7121.74,8,0,2.333333333333333,4.0,1,Highly Engaged / High-Value Customers
C03689,7,732.6185714285714,5128.33,2,3,1.75,3.8,0,Occasional / Lower-Engagement Customers
C03690,11,399.1963636363636,4391.16,3,2,1.8333333333333333,4.222222222222222,0,Occasional / Lower-Engagement Customers
C03691,11,495.5254545454545,5450.78,5,3,2.2,3.4,1,Highly Engaged / High-Value Customers
C03692,7,477.2114285714286,3340.48,1,2,1.75,4.571428571428571,0,Occasional / Lower-Engagement Customers
C03693,13,501.79307692307697,6523.31,7,1,2.1666666666666665,3.333333333333333,1,Highly Engaged / High-Value Customers
C03694,9,346.7633333333333,3120.87,3,0,2.25,3.0,0,Occasional / Lower-Engagement Customers
C03695,12,531.9441666666667,6383.33,3,3,3.0,4.0,1,Highly Engaged / High-Value Customers
C03696,8,552.05375,4416.43,3,4,1.3333333333333333,4.0,0,Occasional / Lower-Engagement Customers
C03697,4,688.8325,2755.33,0,1,1.3333333333333333,4.5,0,Occasional / Lower-Engagement Customers
C03698,7,661.1257142857143,4627.88,5,0,1.4,4.333333333333333,0,Occasional / Lower-Engagement Customers
C03699,3,622.74,1868.22,1,1,1.5,4.0,0,Occasional / Lower-Engagement Customers
C03700,7,371.64142857142855,2601.49,2,1,2.333333333333333,4.6,0,Occasional / Lower-Engagement Customers
C03701,7,823.8199999999999,5766.74,3,2,1.75,3.6666666666666665,0,Occasional / Lower-Engagement Customers
C03702,11,723.4136363636363,7957.55,5,4,2.75,3.857142857142857,1,Highly Engaged / High-Value Customers
C03703,6,444.84833333333336,2669.09,3,0,2.0,4.0,0,Occasional / Lower-Engagement Customers
C03704,8,711.00375,5688.03,4,0,1.6,3.25,0,Occasional / Lower-Engagement Customers
C03705,12,546.8008333333333,6561.61,4,3,2.4,4.1,1,Highly Engaged / High-Value Customers
C03706,10,547.7560000000001,5477.56,5,0,2.0,4.333333333333333,0,Occasional / Lower-Engagement Customers
C03707,12,496.0966666666666,5953.16,4,2,2.0,4.125,1,Highly Engaged / High-Value Customers
C03708,6,515.4533333333333,3092.72,2,3,1.5,4.0,0,Occasional / Lower-Engagement Customers
C03709,5,542.986,2714.93,1,1,1.25,3.75,0,Occasional / Lower-Engagement Customers
C03710,9,874.6466666666666,7871.82,4,0,2.25,3.142857142857143,1,Highly Engaged / High-Value Customers
C03711,8,404.585,3236.68,5,1,2.0,4.166666666666667,0,Occasional / Lower-Engagement Customers
C03712,6,570.885,3425.31,2,1,1.2,4.333333333333333,0,Occasional / Lower-Engagement Customers
C03713,7,690.2971428571428,4832.08,2,1,1.75,3.4,0,Occasional / Lower-Engagement Customers
C03714,9,923.0733333333332,8307.66,5,3,1.5,3.75,1,Highly Engaged / High-Value Customers
C03715,4,340.905,1363.62,1,1,2.0,4.666666666666667,0,Occasional / Lower-Engagement Customers
C03716,3,544.1533333333333,1632.46,2,2,1.5,5.0,0,Occasional / Lower-Engagement Customers
C03717,10,694.972,6949.72,7,3,2.0,2.6666666666666665,1,Highly Engaged / High-Value Customers
C03718,5,584.2860000000001,2921.4300000000003,2,0,1.6666666666666667,5.0,0,Occasional / Lower-Engagement Customers
C03719,11,427.0618181818182,4697.68,2,5,2.2,3.7142857142857135,1,Highly Engaged / High-Value Customers
C03720,9,418.7444444444444,3768.7,4,2,1.5,3.6,0,Occasional / Lower-Engagement Customers
C03721,3,674.7266666666667,2024.18,1,0,1.5,3.5,0,Occasional / Lower-Engagement Customers
C03722,9,594.5411111111111,5350.87,5,1,1.8,3.375,0,Occasional / Lower-Engagement Customers
C03723,8,532.84,4262.72,3,3,2.0,4.333333333333333,0,Occasional / Lower-Engagement Customers
C03724,12,524.9658333333333,6299.59,7,2,2.0,4.444444444444445,1,Highly Engaged / High-Value Customers
C03725,8,574.27,4594.16,3,5,1.6,3.8333333333333335,0,Occasional / Lower-Engagement Customers
C03726,8,629.475,5035.8,2,4,2.0,4.0,0,Occasional / Lower-Engagement Customers
C03727,8,573.45125,4587.61,3,0,1.6,3.8333333333333335,0,Occasional / Lower-Engagement Customers
C03728,8,519.6800000000001,4157.4400000000005,2,2,2.0,2.8,0,Occasional / Lower-Engagement Customers
C03729,13,506.3407692307693,6582.43,7,5,2.1666666666666665,3.2857142857142856,1,Highly Engaged / High-Value Customers
C03730,9,651.0166666666668,5859.150000000001,2,3,1.8,3.6666666666666665,0,Occasional / Lower-Engagement Customers
C03731,10,515.928,5159.28,3,4,2.5,3.857142857142857,1,Highly Engaged / High-Value Customers
C03732,11,420.8663636363636,4629.53,6,4,2.75,4.375,1,Highly Engaged / High-Value Customers
C03733,12,391.2525,4695.03,3,2,2.0,4.2,0,Occasional / Lower-Engagement Customers
C03734,14,536.745,7514.43,6,5,2.8,4.142857142857143,1,Highly Engaged / High-Value Customers
C03735,10,622.298,6222.9800000000005,3,1,2.0,3.857142857142857,0,Occasional / Lower-Engagement Customers
C03736,9,601.49,5413.41,6,2,1.5,3.75,0,Occasional / Lower-Engagement Customers
C03737,8,505.42,4043.36,5,2,1.6,3.8333333333333335,0,Occasional / Lower-Engagement Customers
C03738,6,693.3366666666667,4160.02,1,2,1.5,4.0,0,Occasional / Lower-Engagement Customers
C03739,8,322.61125,2580.89,5,4,2.0,2.8,0,Occasional / Lower-Engagement Customers
C03740,11,600.3445454545455,6603.79,5,2,2.2,3.625,1,Highly Engaged / High-Value Customers
C03741,8,405.39875,3243.19,1,1,1.6,3.6666666666666665,0,Occasional / Lower-Engagement Customers
C03742,7,494.1285714285714,3458.9,4,1,1.75,3.0,0,Occasional / Lower-Engagement Customers
C03743,16,575.891875,9214.27,2,3,2.6666666666666665,3.8666666666666663,1,Highly Engaged / High-Value Customers
C03744,8,491.94625,3935.57,2,1,1.6,3.6,0,Occasional / Lower-Engagement Customers
C03745,7,712.4257142857142,4986.98,3,1,1.4,4.0,0,Occasional / Lower-Engagement Customers
C03746,14,399.90857142857146,5598.72,2,0,2.8,4.2727272727272725,1,Highly Engaged / High-Value Customers
C03747,7,468.5871428571428,3280.11,4,1,1.75,4.0,0,Occasional / Lower-Engagement Customers
C03748,7,398.06,2786.42,1,0,1.4,4.75,0,Occasional / Lower-Engagement Customers
C03749,9,533.8144444444445,4804.33,2,2,2.25,3.571428571428572,0,Occasional / Lower-Engagement Customers
C03750,12,336.06416666666667,4032.77,3,2,2.4,4.111111111111111,1,Highly Engaged / High-Value Customers
C03751,8,671.3599999999999,5370.879999999999,2,3,1.3333333333333333,4.285714285714286,0,Occasional / Lower-Engagement Customers
C03752,7,612.8785714285714,4290.15,3,2,1.4,3.5,0,Occasional / Lower-Engagement Customers
C03753,13,725.1853846153846,9427.41,6,4,2.6,3.4545454545454546,1,Highly Engaged / High-Value Customers
C03754,17,605.8723529411765,10299.83,9,3,3.4,3.8,1,Highly Engaged / High-Value Customers
C03755,7,570.09,3990.63,1,2,1.75,4.5,0,Occasional / Lower-Engagement Customers
C03756,6,389.42,2336.52,0,2,1.2,4.0,0,Occasional / Lower-Engagement Customers
C03757,12,887.7283333333334,10652.74,3,2,2.4,3.5,1,Highly Engaged / High-Value Customers
C03758,10,504.209,5042.09,6,2,1.6666666666666667,4.25,1,Highly Engaged / High-Value Customers
C03759,7,239.0885714285714,1673.62,4,1,1.1666666666666667,4.0,0,Occasional / Lower-Engagement Customers
C03760,2,710.53,1421.06,0,0,1.0,4.0,0,Occasional / Lower-Engagement Customers
C03761,8,464.4825,3715.86,3,2,1.6,3.6,0,Occasional / Lower-Engagement Customers
C03762,10,565.485,5654.85,2,1,2.5,3.571428571428572,0,Occasional / Lower-Engagement Customers
C03763,10,462.718,4627.18,4,4,2.0,3.8,1,Highly Engaged / High-Value Customers
C03764,10,514.426,5144.26,2,4,2.0,4.2,1,Highly Engaged / High-Value Customers
C03765,14,388.91,5444.74,6,4,2.333333333333333,4.1,1,Highly Engaged / High-Value Customers
C03766,7,581.5557142857143,4070.89,3,1,1.4,4.4,0,Occasional / Lower-Engagement Customers
C03767,10,555.549,5555.49,2,5,1.6666666666666667,3.0,1,Highly Engaged / High-Value Customers
C03768,6,498.2950000000001,2989.7700000000004,5,3,1.5,3.8333333333333335,0,Occasional / Lower-Engagement Customers
C03769,6,668.9333333333333,4013.6,2,2,1.5,4.0,0,Occasional / Lower-Engagement Customers
C03770,14,594.3842857142856,8321.38,4,2,2.333333333333333,3.5454545454545454,1,Highly Engaged / High-Value Customers
C03771,4,701.5275,2806.11,2,2,1.3333333333333333,3.0,0,Occasional / Lower-Engagement Customers
C03772,13,379.2953846153847,4930.84,6,3,2.1666666666666665,4.375,1,Highly Engaged / High-Value Customers
C03773,9,541.2911111111111,4871.62,2,3,3.0,4.166666666666667,1,Highly Engaged / High-Value Customers
C03774,11,982.0027272727274,10802.03,5,1,1.8333333333333333,3.8333333333333335,1,Highly Engaged / High-Value Customers
C03775,8,572.74125,4581.93,4,2,2.0,3.125,0,Occasional / Lower-Engagement Customers
C03776,8,704.43125,5635.45,1,1,2.0,2.0,0,Occasional / Lower-Engagement Customers
C03777,5,491.234,2456.17,3,0,1.6666666666666667,3.2,0,Occasional / Lower-Engagement Customers
C03778,12,561.2341666666666,6734.81,5,4,2.4,4.333333333333333,1,Highly Engaged / High-Value Customers
C03779,17,513.195294117647,8724.32,6,1,2.833333333333333,4.071428571428571,1,Highly Engaged / High-Value Customers
C03780,7,572.5771428571428,4008.04,2,2,1.4,4.8,0,Occasional / Lower-Engagement Customers
C03781,2,343.73,687.46,1,0,1.0,4.5,0,Occasional / Lower-Engagement Customers
C03782,17,620.5164705882353,10548.78,9,3,2.833333333333333,4.142857142857143,1,Highly Engaged / High-Value Customers
C03783,11,428.2845454545455,4711.13,5,1,2.2,4.166666666666667,1,Highly Engaged / High-Value Customers
C03784,10,569.048,5690.48,4,5,2.5,4.166666666666667,1,Highly Engaged / High-Value Customers
C03785,10,505.697,5056.97,4,3,2.0,3.25,1,Highly Engaged / High-Value Customers
C03786,6,430.8583333333333,2585.15,2,1,1.5,3.0,0,Occasional / Lower-Engagement Customers
C03787,6,637.1816666666667,3823.09,3,2,2.0,4.2,0,Occasional / Lower-Engagement Customers
C03788,6,625.66,3753.96,1,2,1.5,3.8,0,Occasional / Lower-Engagement Customers
C03789,6,544.5833333333334,3267.5,2,2,2.0,4.2,0,Occasional / Lower-Engagement Customers
C03790,5,989.846,4949.2300000000005,3,0,1.6666666666666667,3.5,0,Occasional / Lower-Engagement Customers
C03791,8,523.40125,4187.21,3,0,1.6,3.25,0,Occasional / Lower-Engagement Customers
C03792,6,687.525,4125.15,1,0,1.2,4.0,0,Occasional / Lower-Engagement Customers
C03793,11,633.5309090909091,6968.84,5,1,2.2,4.5,1,Highly Engaged / High-Value Customers
C03794,11,426.35181818181815,4689.87,3,2,2.2,4.0,0,Occasional / Lower-Engagement Customers
C03795,13,371.2453846153846,4826.19,3,5,2.6,3.6666666666666665,1,Highly Engaged / High-Value Customers
C03796,8,669.2375,5353.9,3,2,1.6,3.8333333333333335,0,Occasional / Lower-Engagement Customers
C03797,18,749.1061111111111,13483.91,4,5,3.0,3.928571428571429,1,Highly Engaged / High-Value Customers
C03798,7,328.13142857142856,2296.92,2,2,1.75,4.25,0,Occasional / Lower-Engagement Customers
C03799,6,556.3333333333334,3338.0,3,0,2.0,3.5,0,Occasional / Lower-Engagement Customers
C03800,5,348.9,1744.5,1,2,1.0,3.75,0,Occasional / Lower-Engagement Customers
C03801,10,525.971,5259.71,2,2,2.0,4.0,0,Occasional / Lower-Engagement Customers
C03802,14,608.6528571428571,8521.14,4,5,2.333333333333333,3.555555555555556,1,Highly Engaged / High-Value Customers
C03803,6,412.7416666666666,2476.45,1,2,2.0,4.25,0,Occasional / Lower-Engagement Customers
C03804,4,486.775,1947.1,3,0,1.3333333333333333,5.0,0,Occasional / Lower-Engagement Customers
C03805,5,414.564,2072.82,3,2,1.25,3.75,0,Occasional / Lower-Engagement Customers
C03806,15,556.8766666666667,8353.15,6,4,2.5,3.7777777777777777,1,Highly Engaged / High-Value Customers
C03807,7,418.64,2930.48,3,2,1.4,4.25,0,Occasional / Lower-Engagement Customers
C03808,9,491.3833333333333,4422.45,5,6,1.8,4.142857142857143,1,Highly Engaged / High-Value Customers
C03809,12,692.5291666666667,8310.35,3,3,3.0,4.125,1,Highly Engaged / High-Value Customers
C03810,8,714.07375,5712.59,3,1,1.6,4.4,0,Occasional / Lower-Engagement Customers
C03811,13,476.6453846153846,6196.39,6,2,2.1666666666666665,3.636363636363636,1,Highly Engaged / High-Value Customers
C03812,15,511.4726666666666,7672.09,2,6,2.5,4.0,1,Highly Engaged / High-Value Customers
C03813,7,559.0971428571429,3913.68,2,2,1.4,5.0,0,Occasional / Lower-Engagement Customers
C03814,14,493.7957142857143,6913.14,5,2,2.8,4.333333333333333,1,Highly Engaged / High-Value Customers
C03815,8,709.57375,5676.59,2,0,1.6,4.25,0,Occasional / Lower-Engagement Customers
C03816,11,580.3036363636364,6383.34,3,4,2.2,3.375,1,Highly Engaged / High-Value Customers
C03817,8,820.64125,6565.13,1,1,2.0,3.1666666666666665,0,Occasional / Lower-Engagement Customers
C03818,9,471.6155555555556,4244.54,6,2,2.25,3.333333333333333,1,Highly Engaged / High-Value Customers
C03819,8,497.8475,3982.78,3,1,1.6,3.4285714285714284,0,Occasional / Lower-Engagement Customers
C03820,8,393.91625,3151.33,6,2,2.0,4.0,0,Occasional / Lower-Engagement Customers
C03821,8,659.2837499999999,5274.27,1,1,1.6,3.6,0,Occasional / Lower-Engagement Customers
C03822,8,441.3225,3530.58,2,0,2.0,3.571428571428572,0,Occasional / Lower-Engagement Customers
C03823,11,405.1490909090909,4456.64,4,3,2.2,3.2,1,Highly Engaged / High-Value Customers
C03824,5,447.674,2238.37,2,0,1.6666666666666667,4.5,0,Occasional / Lower-Engagement Customers
C03825,9,359.4755555555556,3235.28,2,3,2.25,4.25,0,Occasional / Lower-Engagement Customers
C03826,6,594.615,3567.69,3,2,2.0,4.0,0,Occasional / Lower-Engagement Customers
C03827,6,567.1750000000001,3403.05,1,2,1.2,4.5,0,Occasional / Lower-Engagement Customers
C03828,14,470.88642857142855,6592.41,3,4,2.333333333333333,4.142857142857143,1,Highly Engaged / High-Value Customers
C03829,8,492.25125,3938.01,4,2,2.6666666666666665,3.6666666666666665,0,Occasional / Lower-Engagement Customers
C03830,9,792.7622222222222,7134.860000000001,1,2,2.25,3.2,1,Highly Engaged / High-Value Customers
C03831,6,431.47,2588.82,1,1,1.5,3.333333333333333,0,Occasional / Lower-Engagement Customers
C03832,8,681.31375,5450.51,2,1,2.0,5.0,0,Occasional / Lower-Engagement Customers
C03833,11,496.3290909090909,5459.62,2,5,1.8333333333333333,4.0,1,Highly Engaged / High-Value Customers
C03834,5,464.22,2321.1,1,0,1.25,4.333333333333333,0,Occasional / Lower-Engagement Customers
C03835,13,674.1907692307692,8764.48,6,2,2.1666666666666665,3.8,1,Highly Engaged / High-Value Customers
C03836,7,982.1671428571428,6875.17,2,2,1.75,4.0,0,Occasional / Lower-Engagement Customers
C03837,13,502.8907692307693,6537.58,4,1,2.6,4.0,1,Highly Engaged / High-Value Customers
C03838,6,362.5933333333333,2175.56,0,2,1.5,4.0,0,Occasional / Lower-Engagement Customers
C03839,15,600.2153333333333,9003.23,7,7,3.0,3.6666666666666665,1,Highly Engaged / High-Value Customers
C03840,4,679.3824999999999,2717.53,2,2,1.0,3.333333333333333,0,Occasional / Lower-Engagement Customers
C03841,6,495.05,2970.3,3,3,1.5,4.0,0,Occasional / Lower-Engagement Customers
C03842,8,634.56,5076.48,2,1,1.6,2.5,0,Occasional / Lower-Engagement Customers
C03843,13,478.1269230769231,6215.650000000001,3,4,2.1666666666666665,3.625,1,Highly Engaged / High-Value Customers
C03844,9,909.38,8184.42,6,3,1.8,3.75,1,Highly Engaged / High-Value Customers
C03845,10,315.622,3156.2200000000003,2,3,1.6666666666666667,3.625,0,Occasional / Lower-Engagement Customers
C03846,11,405.5481818181818,4461.03,5,2,2.75,2.6666666666666665,1,Highly Engaged / High-Value Customers
C03847,4,349.045,1396.18,2,1,1.3333333333333333,3.6666666666666665,0,Occasional / Lower-Engagement Customers
C03848,6,494.5933333333333,2967.56,3,1,1.5,3.6,0,Occasional / Lower-Engagement Customers
C03849,10,581.479,5814.79,4,2,1.6666666666666667,2.6666666666666665,0,Occasional / Lower-Engagement Customers
C03850,9,442.57,3983.13,2,5,2.25,3.857142857142857,0,Occasional / Lower-Engagement Customers
C03851,10,546.853,5468.53,2,4,2.0,3.888888888888889,1,Highly Engaged / High-Value Customers
C03852,8,556.25,4450.0,4,1,1.6,3.0,0,Occasional / Lower-Engagement Customers
C03853,11,573.9318181818181,6313.25,4,4,2.2,4.0,1,Highly Engaged / High-Value Customers
C03854,8,601.99,4815.92,4,2,2.0,4.333333333333333,0,Occasional / Lower-Engagement Customers
C03855,8,476.81875,3814.55,5,2,1.6,3.0,0,Occasional / Lower-Engagement Customers
C03856,5,478.33,2391.65,2,2,1.25,4.666666666666667,0,Occasional / Lower-Engagement Customers
C03857,16,546.119375,8737.91,8,5,2.6666666666666665,4.444444444444445,1,Highly Engaged / High-Value Customers
C03858,5,727.934,3639.67,1,0,2.5,4.25,0,Occasional / Lower-Engagement Customers
C03859,14,635.4642857142857,8896.5,3,2,2.8,3.75,1,Highly Engaged / High-Value Customers
C03860,4,673.75,2695.0,1,1,1.0,4.0,0,Occasional / Lower-Engagement Customers
C03861,11,639.0,7029.0,3,4,1.8333333333333333,3.2222222222222223,1,Highly Engaged / High-Value Customers
C03862,4,432.3275,1729.31,2,1,1.0,3.333333333333333,0,Occasional / Lower-Engagement Customers
C03863,6,557.7733333333333,3346.64,0,1,1.5,3.6666666666666665,0,Occasional / Lower-Engagement Customers
C03864,14,666.2578571428572,9327.61,6,1,2.333333333333333,3.75,1,Highly Engaged / High-Value Customers
C03865,8,331.3625,2650.9,3,2,2.0,3.2,0,Occasional / Lower-Engagement Customers
C03866,12,526.1866666666666,6314.24,2,2,2.0,3.2,1,Highly Engaged / High-Value Customers
C03867,13,646.0792307692308,8399.03,5,3,2.6,4.222222222222222,1,Highly Engaged / High-Value Customers
C03868,10,815.699,8156.99,7,6,1.6666666666666667,4.0,1,Highly Engaged / High-Value Customers
C03869,15,533.7893333333334,8006.84,5,4,3.0,3.875,1,Highly Engaged / High-Value Customers
C03870,13,701.3776923076923,9117.91,3,2,2.1666666666666665,3.333333333333333,1,Highly Engaged / High-Value Customers
C03871,13,697.0230769230768,9061.3,3,3,2.1666666666666665,4.0,1,Highly Engaged / High-Value Customers
C03872,9,524.7377777777779,4722.64,5,1,1.5,2.833333333333333,0,Occasional / Lower-Engagement Customers
C03873,6,590.4666666666666,3542.8,4,1,1.5,4.0,0,Occasional / Lower-Engagement Customers
C03874,11,521.9372727272727,5741.31,3,5,2.2,3.111111111111111,1,Highly Engaged / High-Value Customers
C03875,10,626.141,6261.41,2,4,1.6666666666666667,4.2,1,Highly Engaged / High-Value Customers
C03876,8,655.99,5247.92,0,5,2.0,4.8,0,Occasional / Lower-Engagement Customers
C03877,9,617.8155555555555,5560.34,3,3,1.8,4.833333333333333,0,Occasional / Lower-Engagement Customers
C03878,10,619.655,6196.55,4,2,1.6666666666666667,2.7142857142857144,1,Highly Engaged / High-Value Customers
C03879,8,428.24625,3425.9700000000003,4,2,2.6666666666666665,3.333333333333333,0,Occasional / Lower-Engagement Customers
C03880,4,765.0425,3060.17,1,2,2.0,4.75,0,Occasional / Lower-Engagement Customers
C03881,11,370.44272727272727,4074.87,2,3,2.2,3.7142857142857135,0,Occasional / Lower-Engagement Customers
C03882,8,496.27375,3970.19,3,4,1.3333333333333333,3.4285714285714284,0,Occasional / Lower-Engagement Customers
C03883,3,274.6033333333333,823.81,2,0,1.0,4.0,0,Occasional / Lower-Engagement Customers
C03884,14,673.4,9427.6,5,4,2.8,4.6,1,Highly Engaged / High-Value Customers
C03885,8,320.66125,2565.29,3,1,2.0,3.8,0,Occasional / Lower-Engagement Customers
C03886,8,594.7525,4758.02,1,2,2.0,3.6,0,Occasional / Lower-Engagement Customers
C03887,4,629.2924999999999,2517.17,2,2,1.0,3.25,0,Occasional / Lower-Engagement Customers
C03888,6,514.5416666666666,3087.25,5,2,2.0,3.4,0,Occasional / Lower-Engagement Customers
C03889,8,868.115,6944.92,2,4,2.0,3.25,1,Highly Engaged / High-Value Customers
C03890,10,639.392,6393.92,3,4,2.0,4.375,1,Highly Engaged / High-Value Customers
C03891,3,652.1066666666667,1956.32,1,1,1.0,4.0,0,Occasional / Lower-Engagement Customers
C03892,7,756.2728571428571,5293.91,3,3,1.4,4.6,0,Occasional / Lower-Engagement Customers
C03893,13,474.45076923076925,6167.860000000001,5,1,2.1666666666666665,3.875,1,Highly Engaged / High-Value Customers
C03894,6,579.5166666666667,3477.1,2,3,1.5,4.5,0,Occasional / Lower-Engagement Customers
C03895,9,617.2222222222222,5555.0,4,2,1.5,4.5,0,Occasional / Lower-Engagement Customers
C03896,9,606.4066666666666,5457.66,6,2,1.5,4.5,0,Occasional / Lower-Engagement Customers
C03897,5,523.512,2617.56,2,0,1.6666666666666667,4.0,0,Occasional / Lower-Engagement Customers
C03898,7,623.3485714285714,4363.44,1,1,2.333333333333333,5.0,0,Occasional / Lower-Engagement Customers
C03899,8,337.59375,2700.75,3,2,2.6666666666666665,4.166666666666667,0,Occasional / Lower-Engagement Customers
C03900,6,391.60833333333335,2349.65,3,4,1.2,4.4,0,Occasional / Lower-Engagement Customers
C03901,6,596.8466666666667,3581.08,2,3,1.5,4.75,0,Occasional / Lower-Engagement Customers
C03902,16,521.8356249999999,8349.369999999999,7,4,2.6666666666666665,3.75,1,Highly Engaged / High-Value Customers
C03903,7,547.1971428571429,3830.38,3,1,1.75,4.0,0,Occasional / Lower-Engagement Customers
C03904,11,699.0372727272727,7689.41,6,2,1.8333333333333333,3.875,1,Highly Engaged / High-Value Customers
C03905,11,509.4227272727272,5603.65,6,2,1.8333333333333333,4.166666666666667,1,Highly Engaged / High-Value Customers
C03906,9,473.4588888888889,4261.13,2,4,1.8,3.0,0,Occasional / Lower-Engagement Customers
C03907,11,679.4372727272727,7473.809999999999,5,2,1.8333333333333333,3.7142857142857135,1,Highly Engaged / High-Value Customers
C03908,11,459.8836363636364,5058.72,1,1,2.75,3.7777777777777777,0,Occasional / Lower-Engagement Customers
C03909,7,549.9414285714286,3849.59,2,1,1.4,3.75,0,Occasional / Lower-Engagement Customers
C03910,8,435.49,3483.92,3,1,2.0,4.285714285714286,0,Occasional / Lower-Engagement Customers
C03911,10,456.927,4569.27,6,4,2.0,3.875,1,Highly Engaged / High-Value Customers
C03912,7,758.3871428571429,5308.71,1,1,1.4,3.6666666666666665,0,Occasional / Lower-Engagement Customers
C03913,7,410.4585714285714,2873.21,3,2,1.4,5.0,0,Occasional / Lower-Engagement Customers
C03914,8,598.95,4791.6,3,0,1.3333333333333333,3.8,0,Occasional / Lower-Engagement Customers
C03915,7,416.29,2914.03,1,2,2.333333333333333,3.333333333333333,0,Occasional / Lower-Engagement Customers
C03916,8,717.3512499999999,5738.81,3,2,4.0,3.5,1,Highly Engaged / High-Value Customers
C03917,8,639.16375,5113.31,5,3,1.3333333333333333,3.75,0,Occasional / Lower-Engagement Customers
C03918,9,973.4655555555556,8761.19,5,4,1.8,3.5,1,Highly Engaged / High-Value Customers
C03919,6,546.8183333333333,3280.91,2,2,1.5,4.333333333333333,0,Occasional / Lower-Engagement Customers
C03920,9,577.7888888888889,5200.1,1,2,2.25,3.75,0,Occasional / Lower-Engagement Customers
C03921,8,673.105,5384.84,4,2,2.0,4.2,0,Occasional / Lower-Engagement Customers
C03922,12,669.3275,8031.929999999999,4,4,2.0,3.875,1,Highly Engaged / High-Value Customers
C03923,7,494.26714285714286,3459.87,3,0,1.4,3.8333333333333335,0,Occasional / Lower-Engagement Customers
C03924,8,644.275,5154.2,2,1,2.0,3.0,0,Occasional / Lower-Engagement Customers
C03925,8,409.59875,3276.79,5,1,1.3333333333333333,4.428571428571429,0,Occasional / Lower-Engagement Customers
C03926,10,454.24799999999993,4542.48,3,1,2.5,4.2,0,Occasional / Lower-Engagement Customers
C03927,6,602.0316666666666,3612.19,3,1,1.5,4.5,0,Occasional / Lower-Engagement Customers
C03928,14,620.0771428571428,8681.08,8,1,2.333333333333333,3.888888888888889,1,Highly Engaged / High-Value Customers
C03929,10,677.341,6773.41,4,3,2.0,4.0,1,Highly Engaged / High-Value Customers
C03930,7,422.1571428571429,2955.1,1,3,2.333333333333333,3.8,0,Occasional / Lower-Engagement Customers
C03931,8,566.2,4529.6,5,2,1.6,3.0,0,Occasional / Lower-Engagement Customers
C03932,11,685.94,7545.34,4,1,1.8333333333333333,3.4285714285714284,1,Highly Engaged / High-Value Customers
C03933,9,643.42,5790.78,3,2,1.8,3.8,0,Occasional / Lower-Engagement Customers
C03934,9,488.2688888888889,4394.42,5,2,1.8,3.75,0,Occasional / Lower-Engagement Customers
C03935,9,759.6288888888889,6836.66,1,1,1.8,4.2,0,Occasional / Lower-Engagement Customers
C03936,5,231.284,1156.42,1,1,1.25,1.75,0,Occasional / Lower-Engagement Customers
C03937,14,504.1542857142857,7058.16,5,2,2.8,3.5,1,Highly Engaged / High-Value Customers
C03938,14,491.69714285714286,6883.76,4,2,2.8,4.555555555555555,1,Highly Engaged / High-Value Customers
C03939,10,475.071,4750.71,4,2,2.5,4.25,1,Highly Engaged / High-Value Customers
C03940,12,565.7608333333334,6789.13,3,2,2.4,3.7777777777777777,1,Highly Engaged / High-Value Customers
C03941,7,416.0471428571428,2912.33,2,1,1.1666666666666667,4.5,0,Occasional / Lower-Engagement Customers
C03942,13,397.6823076923077,5169.87,6,5,2.6,3.2,1,Highly Engaged / High-Value Customers
C03943,16,783.534375,12536.55,6,4,4.0,3.909090909090909,1,Highly Engaged / High-Value Customers
C03944,6,662.0400000000001,3972.24,1,1,1.5,4.5,0,Occasional / Lower-Engagement Customers
C03945,5,675.77,3378.85,3,2,1.25,4.25,0,Occasional / Lower-Engagement Customers
C03946,10,636.153,6361.53,5,2,2.0,3.6,1,Highly Engaged / High-Value Customers
C03947,14,555.0835714285714,7771.17,4,2,2.8,3.875,1,Highly Engaged / High-Value Customers
C03948,8,546.97625,4375.81,5,1,1.6,2.857142857142857,0,Occasional / Lower-Engagement Customers
C03949,12,576.4341666666667,6917.21,4,5,2.4,4.166666666666667,1,Highly Engaged / High-Value Customers
C03950,5,480.52,2402.6,2,0,1.6666666666666667,3.8,0,Occasional / Lower-Engagement Customers
C03951,10,839.3619999999999,8393.619999999999,5,0,2.0,3.857142857142857,1,Highly Engaged / High-Value Customers
C03952,10,436.423,4364.23,7,2,2.0,4.142857142857143,1,Highly Engaged / High-Value Customers
C03953,5,410.386,2051.93,1,1,1.25,3.6666666666666665,0,Occasional / Lower-Engagement Customers
C03954,7,525.3628571428571,3677.54,5,2,2.333333333333333,4.285714285714286,0,Occasional / Lower-Engagement Customers
C03955,13,467.6023076923077,6078.83,6,3,2.1666666666666665,3.5,1,Highly Engaged / High-Value Customers
C03956,6,581.4516666666667,3488.71,4,1,1.2,3.8,0,Occasional / Lower-Engagement Customers
C03957,9,537.6755555555555,4839.08,5,3,1.8,3.0,1,Highly Engaged / High-Value Customers
C03958,7,509.51714285714286,3566.62,1,3,1.4,3.5,0,Occasional / Lower-Engagement Customers
C03959,12,488.8491666666667,5866.1900000000005,4,3,2.4,3.7,1,Highly Engaged / High-Value Customers
C03960,12,696.995,8363.94,3,3,2.0,2.833333333333333,1,Highly Engaged / High-Value Customers
C03961,13,766.5976923076923,9965.77,6,2,2.6,4.090909090909091,1,Highly Engaged / High-Value Customers
C03962,6,615.4483333333334,3692.69,2,2,2.0,4.5,0,Occasional / Lower-Engagement Customers
C03963,8,568.05125,4544.41,3,2,1.6,2.833333333333333,0,Occasional / Lower-Engagement Customers
C03964,7,564.42,3950.94,1,2,1.75,2.6666666666666665,0,Occasional / Lower-Engagement Customers
C03965,9,733.4566666666666,6601.11,1,1,1.8,4.4,0,Occasional / Lower-Engagement Customers
C03966,16,564.12125,9025.94,5,1,3.2,4.0,1,Highly Engaged / High-Value Customers
C03967,9,585.2777777777778,5267.5,2,3,2.25,3.4,0,Occasional / Lower-Engagement Customers
C03968,11,570.7354545454546,6278.09,4,1,1.8333333333333333,3.0,1,Highly Engaged / High-Value Customers
C03969,11,665.2154545454546,7317.370000000001,4,4,2.2,3.25,1,Highly Engaged / High-Value Customers
C03970,13,531.4953846153846,6909.44,5,2,2.6,3.333333333333333,1,Highly Engaged / High-Value Customers
C03971,10,442.246,4422.46,1,3,2.0,4.111111111111111,0,Occasional / Lower-Engagement Customers
C03972,6,625.5466666666666,3753.28,1,1,1.2,4.75,0,Occasional / Lower-Engagement Customers
C03973,13,503.3707692307692,6543.82,4,2,2.6,3.5454545454545454,1,Highly Engaged / High-Value Customers
C03974,13,603.3230769230769,7843.2,10,2,2.1666666666666665,3.583333333333333,1,Highly Engaged / High-Value Customers
C03975,9,958.2733333333332,8624.46,2,6,1.8,4.5,1,Highly Engaged / High-Value Customers
C03976,8,738.6637499999999,5909.31,3,2,1.6,3.6,0,Occasional / Lower-Engagement Customers
C03977,10,503.04,5030.4,5,4,2.5,3.4285714285714284,1,Highly Engaged / High-Value Customers
C03978,7,1203.821428571429,8426.75,3,2,1.75,4.5,1,Highly Engaged / High-Value Customers
C03979,14,555.5442857142857,7777.62,10,2,2.333333333333333,3.8333333333333335,1,Highly Engaged / High-Value Customers
C03980,10,561.153,5611.53,4,2,1.6666666666666667,3.6666666666666665,0,Occasional / Lower-Engagement Customers
C03981,9,710.3266666666667,6392.9400000000005,5,5,2.25,4.2,1,Highly Engaged / High-Value Customers
C03982,10,758.515,7585.15,2,4,2.0,3.375,1,Highly Engaged / High-Value Customers
C03983,9,571.5855555555556,5144.27,6,3,2.25,2.6,1,Highly Engaged / High-Value Customers
C03984,11,898.1490909090909,9879.64,4,4,2.2,4.166666666666667,1,Highly Engaged / High-Value Customers
C03985,13,477.26307692307694,6204.42,5,6,2.1666666666666665,3.7142857142857135,1,Highly Engaged / High-Value Customers
C03986,12,473.5683333333333,5682.82,3,2,2.4,3.571428571428572,1,Highly Engaged / High-Value Customers
C03987,9,621.4988888888888,5593.49,5,2,2.25,4.166666666666667,1,Highly Engaged / High-Value Customers
C03988,7,442.1742857142857,3095.22,4,1,1.75,3.5,0,Occasional / Lower-Engagement Customers
C03989,9,719.1866666666667,6472.68,6,4,1.5,3.333333333333333,1,Highly Engaged / High-Value Customers
C03990,10,514.4979999999999,5144.98,3,2,2.0,3.333333333333333,0,Occasional / Lower-Engagement Customers
C03991,13,557.1184615384616,7242.54,4,5,3.25,3.727272727272727,1,Highly Engaged / High-Value Customers
C03992,9,476.8355555555555,4291.52,3,0,1.8,3.1666666666666665,0,Occasional / Lower-Engagement Customers
C03993,10,715.262,7152.62,1,2,2.0,3.6,0,Occasional / Lower-Engagement Customers
C03994,14,564.3014285714286,7900.22,5,3,2.333333333333333,3.857142857142857,1,Highly Engaged / High-Value Customers
C03995,10,479.289,4792.89,1,1,2.5,4.4,0,Occasional / Lower-Engagement Customers
C03996,12,545.7366666666667,6548.84,5,4,2.0,4.0,1,Highly Engaged / High-Value Customers
C03997,14,725.0521428571428,10150.73,2,2,2.333333333333333,4.222222222222222,1,Highly Engaged / High-Value Customers
C03998,5,613.24,3066.2,5,2,1.25,3.0,0,Occasional / Lower-Engagement Customers
C03999,10,438.444,4384.44,5,2,2.5,3.6666666666666665,1,Highly Engaged / High-Value Customers
C04000,12,698.2441666666667,8378.93,5,4,2.0,3.875,1,Highly Engaged / High-Value Customers
C04001,5,663.796,3318.98,3,1,1.25,3.75,0,Occasional / Lower-Engagement Customers
C04002,7,682.5571428571428,4777.9,3,2,1.4,3.8,0,Occasional / Lower-Engagement Customers
C04003,8,701.4675,5611.74,6,0,1.6,3.5,0,Occasional / Lower-Engagement Customers
C04004,9,660.9533333333334,5948.58,4,3,2.25,4.5,1,Highly Engaged / High-Value Customers
C04005,6,649.3233333333334,3895.94,1,0,2.0,3.5,0,Occasional / Lower-Engagement Customers
C04006,7,398.9942857142857,2792.96,2,3,2.333333333333333,3.5,0,Occasional / Lower-Engagement Customers
C04007,5,391.996,1959.98,0,1,1.25,4.5,0,Occasional / Lower-Engagement Customers
C04008,13,618.3084615384615,8038.01,1,1,2.6,3.6666666666666665,1,Highly Engaged / High-Value Customers
C04009,9,400.4533333333333,3604.08,3,3,1.8,3.7142857142857135,0,Occasional / Lower-Engagement Customers
C04010,13,650.8515384615384,8461.07,5,1,2.1666666666666665,4.142857142857143,1,Highly Engaged / High-Value Customers
C04011,15,587.3340000000001,8810.01,6,4,3.0,3.4444444444444446,1,Highly Engaged / High-Value Customers
C04012,4,633.6824999999999,2534.73,2,1,1.3333333333333333,5.0,0,Occasional / Lower-Engagement Customers
C04013,11,532.4581818181819,5857.04,4,2,1.8333333333333333,4.0,1,Highly Engaged / High-Value Customers
C04014,5,247.986,1239.93,3,2,1.6666666666666667,4.0,0,Occasional / Lower-Engagement Customers
C04015,18,380.40777777777777,6847.34,8,0,3.0,3.8461538461538463,1,Highly Engaged / High-Value Customers
C04016,8,498.70875,3989.67,3,2,2.6666666666666665,4.142857142857143,0,Occasional / Lower-Engagement Customers
C04017,8,711.4275,5691.42,2,2,2.0,4.666666666666667,0,Occasional / Lower-Engagement Customers
C04018,10,528.4449999999999,5284.45,5,2,1.6666666666666667,4.333333333333333,0,Occasional / Lower-Engagement Customers
C04019,11,468.3036363636364,5151.34,7,1,1.8333333333333333,4.0,1,Highly Engaged / High-Value Customers
C04020,8,399.135,3193.08,2,2,2.6666666666666665,3.6666666666666665,0,Occasional / Lower-Engagement Customers
C04021,8,650.115,5200.92,5,3,1.6,3.7142857142857135,0,Occasional / Lower-Engagement Customers
C04022,8,348.40625,2787.25,4,3,1.3333333333333333,4.25,0,Occasional / Lower-Engagement Customers
C04023,8,547.8575,4382.86,2,2,2.0,3.6,0,Occasional / Lower-Engagement Customers
C04024,8,590.9875,4727.9,0,1,2.0,4.6,0,Occasional / Lower-Engagement Customers
C04025,12,705.0566666666667,8460.68,3,0,2.4,3.5,1,Highly Engaged / High-Value Customers
C04026,7,556.35,3894.45,1,1,1.4,4.5,0,Occasional / Lower-Engagement Customers
C04027,11,627.2763636363636,6900.04,4,4,2.2,3.8333333333333335,1,Highly Engaged / High-Value Customers
C04028,15,527.2233333333334,7908.35,6,4,2.5,3.75,1,Highly Engaged / High-Value Customers
C04029,7,936.6785714285714,6556.75,2,2,1.4,4.0,0,Occasional / Lower-Engagement Customers
C04030,10,539.389,5393.89,3,2,1.6666666666666667,3.857142857142857,0,Occasional / Lower-Engagement Customers
C04031,11,709.6945454545455,7806.64,6,3,2.2,2.5,1,Highly Engaged / High-Value Customers
C04032,3,854.9666666666667,2564.9,2,1,1.0,3.5,0,Occasional / Lower-Engagement Customers
C04033,7,670.8728571428571,4696.11,3,2,1.75,3.5,0,Occasional / Lower-Engagement Customers
C04034,9,573.8244444444445,5164.42,4,2,1.8,4.2,0,Occasional / Lower-Engagement Customers
C04035,7,590.5228571428571,4133.66,2,2,1.75,4.333333333333333,0,Occasional / Lower-Engagement Customers
C04036,8,423.73,3389.84,4,1,2.0,4.0,0,Occasional / Lower-Engagement Customers
C04037,12,497.5333333333333,5970.4,3,0,2.4,3.6,1,Highly Engaged / High-Value Customers
C04038,9,498.04,4482.36,4,2,1.8,4.8,0,Occasional / Lower-Engagement Customers
C04039,12,521.2716666666666,6255.26,5,4,2.4,4.25,1,Highly Engaged / High-Value Customers
C04040,4,482.0425,1928.17,1,0,2.0,4.0,0,Occasional / Lower-Engagement Customers
C04041,12,505.3158333333333,6063.79,5,4,2.0,4.222222222222222,1,Highly Engaged / High-Value Customers
C04042,11,699.7690909090909,7697.46,4,4,2.2,3.625,1,Highly Engaged / High-Value Customers
C04043,14,305.60857142857145,4278.52,6,3,2.333333333333333,4.0,1,Highly Engaged / High-Value Customers
C04044,9,484.9855555555556,4364.87,3,2,1.8,3.2,0,Occasional / Lower-Engagement Customers
C04045,18,488.5066666666667,8793.12,4,5,3.0,2.909090909090909,1,Highly Engaged / High-Value Customers
C04046,7,477.9128571428572,3345.39,1,3,1.1666666666666667,4.0,0,Occasional / Lower-Engagement Customers
C04047,6,510.13,3060.78,5,3,1.2,4.0,0,Occasional / Lower-Engagement Customers
C04048,11,546.4418181818182,6010.860000000001,4,2,2.2,3.75,1,Highly Engaged / High-Value Customers
C04049,10,760.1600000000001,7601.6,5,3,1.6666666666666667,4.2,1,Highly Engaged / High-Value Customers
C04050,9,821.5822222222222,7394.24,5,2,1.8,4.0,1,Highly Engaged / High-Value Customers
C04051,10,558.3109999999999,5583.11,6,3,2.0,3.875,1,Highly Engaged / High-Value Customers
C04052,6,437.9983333333334,2627.99,4,0,1.2,3.0,0,Occasional / Lower-Engagement Customers
C04053,12,690.2791666666667,8283.35,5,2,2.4,4.5,1,Highly Engaged / High-Value Customers
C04054,15,647.4626666666667,9711.94,5,4,2.5,3.6,1,Highly Engaged / High-Value Customers
C04055,17,808.6464705882353,13746.99,6,4,2.833333333333333,3.636363636363636,1,Highly Engaged / High-Value Customers
C04056,11,525.3672727272727,5779.04,5,6,2.2,4.0,1,Highly Engaged / High-Value Customers
C04057,7,552.1942857142857,3865.36,3,1,1.75,3.333333333333333,0,Occasional / Lower-Engagement Customers
C04058,8,734.5849999999999,5876.679999999999,2,2,1.6,3.8,0,Occasional / Lower-Engagement Customers
C04059,10,516.7729999999999,5167.73,2,2,2.0,3.625,0,Occasional / Lower-Engagement Customers
C04060,11,447.6136363636364,4923.75,2,3,2.2,4.0,1,Highly Engaged / High-Value Customers
C04061,7,689.5214285714285,4826.65,4,0,1.75,4.25,0,Occasional / Lower-Engagement Customers
C04062,10,407.523,4075.23,4,2,2.0,4.0,0,Occasional / Lower-Engagement Customers
C04063,13,771.1515384615384,10024.97,5,5,2.6,3.571428571428572,1,Highly Engaged / High-Value Customers
C04064,6,626.8016666666666,3760.81,1,3,1.5,4.2,0,Occasional / Lower-Engagement Customers
C04065,4,300.69,1202.76,4,1,2.0,4.333333333333333,0,Occasional / Lower-Engagement Customers
C04066,11,727.7709090909091,8005.48,5,4,2.75,3.125,1,Highly Engaged / High-Value Customers
C04067,5,786.532,3932.66,4,2,1.25,4.25,0,Occasional / Lower-Engagement Customers
C04068,13,716.6746153846154,9316.77,2,1,2.1666666666666665,3.25,1,Highly Engaged / High-Value Customers
C04069,12,534.1333333333333,6409.599999999999,5,4,2.4,3.7142857142857135,1,Highly Engaged / High-Value Customers
C04070,9,450.1411111111111,4051.27,2,3,2.25,2.5,0,Occasional / Lower-Engagement Customers
C04071,8,569.32375,4554.59,4,2,1.3333333333333333,3.8333333333333335,0,Occasional / Lower-Engagement Customers
C04072,12,410.64,4927.68,5,4,2.0,3.0,1,Highly Engaged / High-Value Customers
C04073,12,503.06166666666667,6036.74,6,7,3.0,3.857142857142857,1,Highly Engaged / High-Value Customers
C04074,6,633.0333333333333,3798.2,1,3,1.5,3.0,0,Occasional / Lower-Engagement Customers
C04075,5,749.052,3745.26,2,1,1.25,4.0,0,Occasional / Lower-Engagement Customers
C04076,14,635.045,8890.63,4,4,2.8,4.090909090909091,1,Highly Engaged / High-Value Customers
C04077,12,562.1441666666667,6745.7300000000005,5,6,2.4,3.857142857142857,1,Highly Engaged / High-Value Customers
C04078,8,600.6425,4805.14,2,1,1.6,3.6,0,Occasional / Lower-Engagement Customers
C04079,11,667.18,7338.98,7,4,2.75,4.333333333333333,1,Highly Engaged / High-Value Customers
C04080,9,607.25,5465.25,5,0,1.8,3.857142857142857,0,Occasional / Lower-Engagement Customers
C04081,17,575.5235294117647,9783.9,7,2,2.833333333333333,3.1,1,Highly Engaged / High-Value Customers
C04082,8,614.29125,4914.33,0,3,1.6,4.666666666666667,0,Occasional / Lower-Engagement Customers
C04083,8,378.615,3028.92,5,1,1.6,4.375,0,Occasional / Lower-Engagement Customers
C04084,5,669.95,3349.75,2,2,1.6666666666666667,4.333333333333333,0,Occasional / Lower-Engagement Customers
C04085,3,646.6366666666667,1939.91,1,3,1.0,4.5,0,Occasional / Lower-Engagement Customers
C04086,8,384.35,3074.8,5,0,1.6,4.0,0,Occasional / Lower-Engagement Customers
C04087,7,513.3771428571429,3593.64,4,1,1.4,4.666666666666667,0,Occasional / Lower-Engagement Customers
C04088,8,525.68125,4205.45,3,2,1.3333333333333333,4.166666666666667,0,Occasional / Lower-Engagement Customers
C04089,7,541.51,3790.57,3,2,1.4,4.0,0,Occasional / Lower-Engagement Customers
C04090,9,791.0244444444444,7119.219999999999,4,3,2.25,3.857142857142857,1,Highly Engaged / High-Value Customers
C04091,6,403.74500000000006,2422.4700000000003,4,0,2.0,2.25,0,Occasional / Lower-Engagement Customers
C04092,4,329.085,1316.34,1,1,1.0,3.5,0,Occasional / Lower-Engagement Customers
C04093,9,350.2366666666667,3152.13,4,2,1.8,4.5,0,Occasional / Lower-Engagement Customers
C04094,12,662.8725000000001,7954.47,7,3,2.4,3.7777777777777777,1,Highly Engaged / High-Value Customers
C04095,11,678.4463636363636,7462.91,3,4,2.75,3.571428571428572,1,Highly Engaged / High-Value Customers
C04096,12,357.1033333333333,4285.24,5,2,2.0,4.222222222222222,1,Highly Engaged / High-Value Customers
C04097,12,542.3708333333333,6508.45,5,5,3.0,4.142857142857143,1,Highly Engaged / High-Value Customers
C04098,12,591.275,7095.3,4,6,3.0,3.625,1,Highly Engaged / High-Value Customers
C04099,10,572.583,5725.83,2,2,2.0,3.5,0,Occasional / Lower-Engagement Customers
C04100,8,783.1475,6265.18,1,2,2.0,3.8333333333333335,0,Occasional / Lower-Engagement Customers
C04101,7,463.48142857142864,3244.3700000000003,2,0,1.75,4.4,0,Occasional / Lower-Engagement Customers
C04102,11,493.85,5432.35,3,1,2.2,3.2,0,Occasional / Lower-Engagement Customers
C04103,11,499.6590909090909,5496.25,5,3,2.2,3.2857142857142856,1,Highly Engaged / High-Value Customers
C04104,7,404.4428571428571,2831.1,5,2,1.75,3.5,0,Occasional / Lower-Engagement Customers
C04105,12,478.4591666666667,5741.51,6,3,2.0,4.0,1,Highly Engaged / High-Value Customers
C04106,10,370.526,3705.26,3,4,2.0,4.4,0,Occasional / Lower-Engagement Customers
C04107,15,508.046,7620.69,4,3,2.5,3.7777777777777777,1,Highly Engaged / High-Value Customers
C04108,7,561.0457142857142,3927.32,2,3,2.333333333333333,4.0,0,Occasional / Lower-Engagement Customers
C04109,7,768.0428571428572,5376.3,3,2,2.333333333333333,4.4,0,Occasional / Lower-Engagement Customers
C04110,15,628.0306666666668,9420.46,7,5,2.5,3.75,1,Highly Engaged / High-Value Customers
C04111,7,883.842857142857,6186.9,2,1,1.75,5.0,0,Occasional / Lower-Engagement Customers
C04112,10,550.249,5502.49,3,4,1.6666666666666667,4.857142857142857,1,Highly Engaged / High-Value Customers
C04113,10,372.095,3720.95,1,3,1.6666666666666667,3.8333333333333335,0,Occasional / Lower-Engagement Customers
C04114,9,557.5188888888889,5017.67,2,2,1.8,4.5,0,Occasional / Lower-Engagement Customers
C04115,10,690.887,6908.87,2,2,2.0,4.0,1,Highly Engaged / High-Value Customers
C04116,8,374.825,2998.6,4,0,2.0,3.0,0,Occasional / Lower-Engagement Customers
C04117,14,518.7821428571428,7262.95,6,2,2.8,3.5454545454545454,1,Highly Engaged / High-Value Customers
C04118,9,388.3211111111111,3494.8900000000003,3,3,1.8,4.0,0,Occasional / Lower-Engagement Customers
C04119,10,1022.432,10224.32,4,3,2.0,4.142857142857143,1,Highly Engaged / High-Value Customers
C04120,9,554.7911111111111,4993.12,2,2,1.8,4.0,0,Occasional / Lower-Engagement Customers
C04121,14,694.7892857142857,9727.05,7,3,2.333333333333333,2.875,1,Highly Engaged / High-Value Customers
C04122,8,709.165,5673.32,3,1,2.0,3.6666666666666665,0,Occasional / Lower-Engagement Customers
C04123,10,353.315,3533.15,5,3,2.0,3.7142857142857135,0,Occasional / Lower-Engagement Customers
C04124,13,546.2615384615384,7101.4,4,2,2.1666666666666665,4.555555555555555,1,Highly Engaged / High-Value Customers
C04125,6,615.4716666666667,3692.83,2,0,1.5,3.5,0,Occasional / Lower-Engagement Customers
C04126,15,671.8539999999999,10077.81,7,3,2.5,4.181818181818182,1,Highly Engaged / High-Value Customers
C04127,3,676.1533333333333,2028.46,2,1,1.0,4.0,0,Occasional / Lower-Engagement Customers
C04128,6,484.855,2909.13,3,0,1.5,4.0,0,Occasional / Lower-Engagement Customers
C04129,7,733.5814285714285,5135.07,1,3,1.75,4.0,0,Occasional / Lower-Engagement Customers
C04130,5,929.1699999999998,4645.849999999999,1,1,1.6666666666666667,3.75,0,Occasional / Lower-Engagement Customers
C04131,10,391.378,3913.78,7,2,1.6666666666666667,2.5,0,Occasional / Lower-Engagement Customers
C04132,11,572.320909090909,6295.53,6,2,1.8333333333333333,4.333333333333333,1,Highly Engaged / High-Value Customers
C04133,16,561.090625,8977.45,6,1,2.6666666666666665,3.333333333333333,1,Highly Engaged / High-Value Customers
C04134,13,593.296923076923,7712.86,4,4,2.1666666666666665,3.9,1,Highly Engaged / High-Value Customers
C04135,6,398.6166666666666,2391.7,1,2,1.5,3.6666666666666665,0,Occasional / Lower-Engagement Customers
C04136,7,438.57,3069.99,4,2,1.1666666666666667,3.0,0,Occasional / Lower-Engagement Customers
C04137,4,412.215,1648.86,4,1,1.3333333333333333,4.5,0,Occasional / Lower-Engagement Customers
C04138,6,817.625,4905.75,4,2,2.0,4.0,0,Occasional / Lower-Engagement Customers
C04139,9,648.2711111111112,5834.4400000000005,4,1,1.8,4.333333333333333,0,Occasional / Lower-Engagement Customers
C04140,8,371.27375,2970.19,2,2,1.6,4.0,0,Occasional / Lower-Engagement Customers
C04141,9,336.74888888888887,3030.74,5,3,1.8,4.142857142857143,0,Occasional / Lower-Engagement Customers
C04142,8,467.275,3738.2,3,1,1.6,3.75,0,Occasional / Lower-Engagement Customers
C04143,10,858.881,8588.81,5,2,2.0,4.0,1,Highly Engaged / High-Value Customers
C04144,7,810.7557142857142,5675.29,3,2,1.75,4.0,0,Occasional / Lower-Engagement Customers
C04145,9,776.5388888888889,6988.85,2,4,1.8,3.625,1,Highly Engaged / High-Value Customers
C04146,9,479.99888888888887,4319.99,4,4,1.5,3.857142857142857,0,Occasional / Lower-Engagement Customers
C04147,7,692.9342857142857,4850.54,2,2,2.333333333333333,3.8,0,Occasional / Lower-Engagement Customers
C04148,9,526.7477777777777,4740.73,2,2,1.8,4.5,0,Occasional / Lower-Engagement Customers
C04149,12,723.355,8680.26,5,1,3.0,3.6666666666666665,1,Highly Engaged / High-Value Customers
C04150,8,696.7225,5573.78,4,1,1.6,4.166666666666667,0,Occasional / Lower-Engagement Customers
C04151,9,612.3677777777777,5511.31,4,2,2.25,4.666666666666667,1,Highly Engaged / High-Value Customers
C04152,8,683.625,5469.0,4,2,2.0,3.6,0,Occasional / Lower-Engagement Customers
C04153,14,623.9278571428571,8734.99,3,6,2.333333333333333,2.5,1,Highly Engaged / High-Value Customers
C04154,10,404.497,4044.97,5,3,1.6666666666666667,3.7142857142857135,0,Occasional / Lower-Engagement Customers
C04155,5,572.88,2864.4,1,1,1.25,5.0,0,Occasional / Lower-Engagement Customers
C04156,3,394.32,1182.96,2,1,1.0,3.0,0,Occasional / Lower-Engagement Customers
C04157,6,501.00666666666666,3006.04,1,1,1.5,4.666666666666667,0,Occasional / Lower-Engagement Customers
C04158,5,250.762,1253.81,4,2,1.6666666666666667,5.0,0,Occasional / Lower-Engagement Customers
C04159,10,405.436,4054.36,3,2,2.0,4.0,0,Occasional / Lower-Engagement Customers
C04160,8,677.5225,5420.18,6,2,2.0,4.0,1,Highly Engaged / High-Value Customers
C04161,6,535.9350000000001,3215.61,3,0,1.5,4.333333333333333,0,Occasional / Lower-Engagement Customers
C04162,10,692.222,6922.22,5,4,2.5,4.285714285714286,1,Highly Engaged / High-Value Customers
C04163,7,375.5257142857143,2628.68,2,3,1.4,3.5,0,Occasional / Lower-Engagement Customers
C04164,6,235.51,1413.06,2,0,1.2,4.0,0,Occasional / Lower-Engagement Customers
C04165,10,595.1,5951.0,5,2,2.5,4.0,1,Highly Engaged / High-Value Customers
C04166,6,534.9133333333333,3209.48,4,1,2.0,4.5,0,Occasional / Lower-Engagement Customers
C04167,12,677.0949999999999,8125.139999999999,3,2,3.0,4.142857142857143,1,Highly Engaged / High-Value Customers
C04168,11,620.3081818181819,6823.39,3,3,2.2,4.125,1,Highly Engaged / High-Value Customers
C04169,4,439.26,1757.04,0,1,2.0,4.5,0,Occasional / Lower-Engagement Customers
C04170,9,491.9588888888889,4427.63,6,0,2.25,4.0,0,Occasional / Lower-Engagement Customers
C04171,7,572.9257142857143,4010.48,1,1,2.333333333333333,4.25,0,Occasional / Lower-Engagement Customers
C04172,9,701.5322222222222,6313.79,4,0,2.25,3.875,1,Highly Engaged / High-Value Customers
C04173,8,582.16625,4657.33,2,1,2.0,4.0,0,Occasional / Lower-Engagement Customers
C04174,10,689.4159999999999,6894.16,3,1,2.0,4.0,1,Highly Engaged / High-Value Customers
C04175,15,381.424,5721.360000000001,1,6,3.0,3.6666666666666665,1,Highly Engaged / High-Value Customers
C04176,6,546.2066666666666,3277.24,4,1,1.5,3.6,0,Occasional / Lower-Engagement Customers
C04177,10,337.329,3373.29,6,6,2.0,4.375,1,Highly Engaged / High-Value Customers
C04178,14,399.7421428571429,5596.39,3,2,2.333333333333333,3.375,1,Highly Engaged / High-Value Customers
C04179,13,577.3515384615386,7505.570000000001,6,1,2.1666666666666665,3.571428571428572,1,Highly Engaged / High-Value Customers
C04180,12,501.41916666666674,6017.030000000001,2,4,2.0,4.25,1,Highly Engaged / High-Value Customers
C04181,9,580.9055555555556,5228.15,2,2,1.8,3.0,0,Occasional / Lower-Engagement Customers
C04182,9,677.8855555555556,6100.97,3,1,2.25,3.75,0,Occasional / Lower-Engagement Customers
C04183,9,504.8088888888889,4543.28,3,4,1.8,3.142857142857143,0,Occasional / Lower-Engagement Customers
C04184,15,373.26866666666666,5599.03,5,4,3.0,3.727272727272727,1,Highly Engaged / High-Value Customers
C04185,5,587.318,2936.59,2,1,1.25,2.0,0,Occasional / Lower-Engagement Customers
C04186,5,793.4680000000001,3967.34,1,1,1.6666666666666667,3.5,0,Occasional / Lower-Engagement Customers
C04187,8,406.68125,3253.4500000000003,4,1,2.0,3.4,0,Occasional / Lower-Engagement Customers
C04188,9,684.2444444444444,6158.2,2,3,2.25,3.6666666666666665,1,Highly Engaged / High-Value Customers
C04189,9,558.0522222222222,5022.47,3,4,1.5,4.285714285714286,0,Occasional / Lower-Engagement Customers
C04190,11,752.5927272727273,8278.52,7,3,2.2,3.555555555555556,1,Highly Engaged / High-Value Customers
C04191,9,409.4555555555555,3685.1,5,3,1.8,4.25,0,Occasional / Lower-Engagement Customers
C04192,13,839.4430769230769,10912.76,8,2,3.25,3.0,1,Highly Engaged / High-Value Customers
C04193,8,534.26125,4274.09,3,2,1.6,3.6,0,Occasional / Lower-Engagement Customers
C04194,11,403.0245454545455,4433.27,5,1,2.2,4.0,1,Highly Engaged / High-Value Customers
C04195,15,567.0886666666667,8506.33,6,3,2.5,4.285714285714286,1,Highly Engaged / High-Value Customers
C04196,6,572.0266666666666,3432.16,3,1,1.5,3.1666666666666665,0,Occasional / Lower-Engagement Customers
C04197,11,730.6109090909091,8036.72,5,1,2.2,4.125,1,Highly Engaged / High-Value Customers
C04198,13,661.9553846153847,8605.42,6,1,2.6,3.75,1,Highly Engaged / High-Value Customers
C04199,6,551.9833333333333,3311.9,3,0,1.5,3.75,0,Occasional / Lower-Engagement Customers
C04200,5,465.668,2328.34,3,2,1.0,4.666666666666667,0,Occasional / Lower-Engagement Customers
C04201,13,582.496923076923,7572.46,4,3,3.25,3.8,1,Highly Engaged / High-Value Customers
C04202,7,644.3314285714285,4510.32,3,3,1.4,4.5,0,Occasional / Lower-Engagement Customers
C04203,7,497.44714285714286,3482.13,2,1,1.75,3.25,0,Occasional / Lower-Engagement Customers
C04204,11,616.0618181818182,6776.68,5,4,2.2,4.0,1,Highly Engaged / High-Value Customers
C04205,10,576.862,5768.62,4,0,2.5,4.142857142857143,1,Highly Engaged / High-Value Customers
C04206,8,733.02625,5864.21,4,1,2.0,3.4285714285714284,0,Occasional / Lower-Engagement Customers
C04207,15,617.7266666666667,9265.9,3,6,2.5,3.75,1,Highly Engaged / High-Value Customers
C04208,6,783.7983333333333,4702.79,2,0,1.2,4.25,0,Occasional / Lower-Engagement Customers
C04209,8,721.765,5774.12,4,4,1.6,2.857142857142857,1,Highly Engaged / High-Value Customers
C04210,9,322.9577777777778,2906.62,5,1,1.8,4.0,0,Occasional / Lower-Engagement Customers
C04211,13,432.3853846153846,5621.01,9,4,2.1666666666666665,4.111111111111111,1,Highly Engaged / High-Value Customers
C04212,8,469.685,3757.48,3,2,2.0,4.0,0,Occasional / Lower-Engagement Customers
C04213,7,539.5600000000001,3776.92,1,1,2.333333333333333,3.8,0,Occasional / Lower-Engagement Customers
C04214,8,507.72375,4061.79,2,3,2.6666666666666665,4.0,0,Occasional / Lower-Engagement Customers
C04215,17,551.3864705882353,9373.57,6,5,2.833333333333333,3.6666666666666665,1,Highly Engaged / High-Value Customers
C04216,8,813.4825,6507.86,0,3,2.0,4.0,0,Occasional / Lower-Engagement Customers
C04217,12,719.0591666666668,8628.710000000001,6,2,3.0,4.0,1,Highly Engaged / High-Value Customers
C04218,8,854.11875,6832.95,2,2,1.6,4.0,0,Occasional / Lower-Engagement Customers
C04219,8,608.37125,4866.97,5,4,1.6,4.25,0,Occasional / Lower-Engagement Customers
C04220,3,423.01,1269.03,1,1,1.0,4.0,0,Occasional / Lower-Engagement Customers
C04221,13,593.1923076923077,7711.5,6,5,2.1666666666666665,4.25,1,Highly Engaged / High-Value Customers
C04222,11,506.18545454545455,5568.04,3,4,2.2,3.857142857142857,1,Highly Engaged / High-Value Customers
C04223,10,517.677,5176.77,8,3,2.0,3.75,1,Highly Engaged / High-Value Customers
C04224,10,661.2389999999999,6612.389999999999,5,4,1.6666666666666667,3.625,1,Highly Engaged / High-Value Customers
C04225,10,479.279,4792.79,2,3,2.0,3.7142857142857135,0,Occasional / Lower-Engagement Customers
C04226,10,532.961,5329.610000000001,5,1,1.6666666666666667,4.5,0,Occasional / Lower-Engagement Customers
C04227,12,561.4308333333333,6737.17,6,3,2.0,3.857142857142857,1,Highly Engaged / High-Value Customers
C04228,12,642.1725,7706.070000000001,2,2,2.4,4.0,1,Highly Engaged / High-Value Customers
C04229,8,401.705,3213.64,6,2,1.6,3.7142857142857135,0,Occasional / Lower-Engagement Customers
C04230,9,485.4844444444445,4369.360000000001,4,2,2.25,4.0,0,Occasional / Lower-Engagement Customers
C04231,7,703.0685714285715,4921.4800000000005,5,0,1.75,3.5,0,Occasional / Lower-Engagement Customers
C04232,9,607.4422222222222,5466.98,5,3,2.25,5.0,1,Highly Engaged / High-Value Customers
C04233,3,1026.5833333333333,3079.75,1,0,1.5,5.0,0,Occasional / Lower-Engagement Customers
C04234,11,532.6118181818182,5858.73,5,1,1.8333333333333333,3.6,1,Highly Engaged / High-Value Customers
C04235,7,503.4757142857143,3524.33,3,0,1.1666666666666667,3.5,0,Occasional / Lower-Engagement Customers
C04236,6,726.1850000000001,4357.110000000001,1,2,2.0,2.5,0,Occasional / Lower-Engagement Customers
C04237,14,629.0514285714286,8806.72,4,7,2.8,3.625,1,Highly Engaged / High-Value Customers
C04238,13,445.5353846153846,5791.96,6,3,3.25,4.111111111111111,1,Highly Engaged / High-Value Customers
C04239,10,468.074,4680.74,5,3,2.0,3.625,1,Highly Engaged / High-Value Customers
C04240,6,445.6666666666667,2674.0,3,0,1.5,4.0,0,Occasional / Lower-Engagement Customers
C04241,4,325.5375,1302.15,3,2,1.3333333333333333,3.0,0,Occasional / Lower-Engagement Customers
C04242,9,592.6266666666667,5333.64,5,3,1.8,4.0,1,Highly Engaged / High-Value Customers
C04243,13,495.24,6438.12,4,4,2.6,3.75,1,Highly Engaged / High-Value Customers
C04244,7,556.5014285714286,3895.51,1,0,2.333333333333333,3.0,0,Occasional / Lower-Engagement Customers
C04245,8,617.27625,4938.21,3,2,1.3333333333333333,4.142857142857143,0,Occasional / Lower-Engagement Customers
C04246,7,687.6000000000001,4813.200000000001,5,1,1.4,3.6,0,Occasional / Lower-Engagement Customers
C04247,11,599.3281818181817,6592.61,4,1,1.8333333333333333,3.333333333333333,1,Highly Engaged / High-Value Customers
C04248,17,342.3017647058824,5819.13,7,6,3.4,3.727272727272727,1,Highly Engaged / High-Value Customers
C04249,5,950.052,4750.26,3,0,1.6666666666666667,2.5,0,Occasional / Lower-Engagement Customers
C04250,11,722.4890909090909,7947.38,3,4,2.75,3.875,1,Highly Engaged / High-Value Customers
C04251,12,584.7333333333333,7016.8,0,3,2.4,3.2,1,Highly Engaged / High-Value Customers
C04252,8,705.985,5647.88,4,4,1.6,4.666666666666667,1,Highly Engaged / High-Value Customers
C04253,7,475.13714285714286,3325.96,5,3,1.75,4.4,0,Occasional / Lower-Engagement Customers
C04254,12,470.225,5642.7,3,2,2.0,3.2,1,Highly Engaged / High-Value Customers
C04255,8,474.9725,3799.78,2,3,1.6,3.75,0,Occasional / Lower-Engagement Customers
C04256,10,412.073,4120.73,4,0,2.0,3.6,0,Occasional / Lower-Engagement Customers
C04257,11,494.89818181818185,5443.88,5,4,2.2,4.0,1,Highly Engaged / High-Value Customers
C04258,13,500.0015384615385,6500.02,6,3,3.25,3.5,1,Highly Engaged / High-Value Customers
C04259,7,480.57571428571424,3364.03,2,2,1.4,4.5,0,Occasional / Lower-Engagement Customers
C04260,14,568.9157142857142,7964.82,4,6,2.8,3.888888888888889,1,Highly Engaged / High-Value Customers
C04261,7,457.9057142857143,3205.34,1,1,1.4,4.25,0,Occasional / Lower-Engagement Customers
C04262,14,616.4485714285714,8630.28,4,3,2.333333333333333,4.0,1,Highly Engaged / High-Value Customers
C04263,11,739.0036363636364,8129.04,6,1,2.2,4.0,1,Highly Engaged / High-Value Customers
C04264,11,732.3236363636363,8055.559999999999,3,3,2.2,4.25,1,Highly Engaged / High-Value Customers
C04265,5,306.82,1534.1,2,1,2.5,2.6666666666666665,0,Occasional / Lower-Engagement Customers
C04266,9,408.1655555555556,3673.49,4,2,2.25,4.2,0,Occasional / Lower-Engagement Customers
C04267,12,640.27,7683.24,3,3,2.0,3.5,1,Highly Engaged / High-Value Customers
C04268,8,373.07875,2984.63,4,2,1.6,4.2,0,Occasional / Lower-Engagement Customers
C04269,9,427.93666666666667,3851.43,3,3,2.25,4.0,0,Occasional / Lower-Engagement Customers
C04270,12,491.915,5902.98,5,4,2.0,3.555555555555556,1,Highly Engaged / High-Value Customers
C04271,14,525.7678571428571,7360.75,2,4,2.333333333333333,3.0,1,Highly Engaged / High-Value Customers
C04272,12,586.0708333333333,7032.85,5,4,2.4,3.555555555555556,1,Highly Engaged / High-Value Customers
C04273,13,657.8161538461538,8551.61,6,4,2.1666666666666665,3.625,1,Highly Engaged / High-Value Customers
C04274,8,528.65625,4229.25,1,2,1.6,4.166666666666667,0,Occasional / Lower-Engagement Customers
C04275,10,480.307,4803.07,4,2,2.5,3.625,1,Highly Engaged / High-Value Customers
C04276,10,509.257,5092.57,5,2,2.5,4.25,1,Highly Engaged / High-Value Customers
C04277,7,544.0328571428571,3808.23,4,0,1.75,3.75,0,Occasional / Lower-Engagement Customers
C04278,10,597.9770000000001,5979.77,4,2,2.0,3.8333333333333335,1,Highly Engaged / High-Value Customers
C04279,12,590.8825,7090.59,5,2,2.4,4.111111111111111,1,Highly Engaged / High-Value Customers
C04280,14,536.0828571428572,7505.16,4,4,2.333333333333333,3.555555555555556,1,Highly Engaged / High-Value Customers
C04281,4,667.49,2669.96,2,1,1.0,3.0,0,Occasional / Lower-Engagement Customers
C04282,8,555.4275,4443.42,2,1,1.3333333333333333,3.875,0,Occasional / Lower-Engagement Customers
C04283,11,534.5954545454546,5880.55,5,4,2.75,4.2,1,Highly Engaged / High-Value Customers
C04284,7,597.0457142857142,4179.32,2,2,1.75,3.75,0,Occasional / Lower-Engagement Customers
C04285,5,332.902,1664.51,1,1,1.25,3.75,0,Occasional / Lower-Engagement Customers
C04286,6,347.205,2083.23,2,3,1.5,4.0,0,Occasional / Lower-Engagement Customers
C04287,9,691.4233333333334,6222.81,3,4,1.8,3.7777777777777777,1,Highly Engaged / High-Value Customers
C04288,6,777.3299999999999,4663.98,0,0,2.0,4.4,0,Occasional / Lower-Engagement Customers
C04289,13,581.3546153846154,7557.610000000001,7,4,2.6,3.727272727272727,1,Highly Engaged / High-Value Customers
C04290,6,683.245,4099.47,1,1,1.5,4.833333333333333,0,Occasional / Lower-Engagement Customers
C04291,5,904.844,4524.22,0,1,1.0,4.333333333333333,0,Occasional / Lower-Engagement Customers
C04292,8,504.57125,4036.57,2,1,2.0,4.6,0,Occasional / Lower-Engagement Customers
C04293,7,610.1828571428571,4271.28,4,1,2.333333333333333,3.571428571428572,0,Occasional / Lower-Engagement Customers
C04294,6,651.795,3910.77,1,2,1.2,4.0,0,Occasional / Lower-Engagement Customers
C04295,15,716.8453333333333,10752.68,6,4,2.5,4.4,1,Highly Engaged / High-Value Customers
C04296,8,647.895,5183.16,3,2,1.6,3.875,0,Occasional / Lower-Engagement Customers
C04297,10,459.976,4599.76,1,2,1.6666666666666667,3.4285714285714284,0,Occasional / Lower-Engagement Customers
C04298,5,278.756,1393.78,2,0,1.25,4.666666666666667,0,Occasional / Lower-Engagement Customers
C04299,8,727.7625,5822.1,3,3,1.6,4.0,0,Occasional / Lower-Engagement Customers
C04300,6,544.9416666666667,3269.65,2,3,1.2,3.6666666666666665,0,Occasional / Lower-Engagement Customers
C04301,8,531.5975,4252.78,0,2,1.6,3.5,0,Occasional / Lower-Engagement Customers
C04302,9,559.9755555555555,5039.78,3,0,1.8,4.166666666666667,0,Occasional / Lower-Engagement Customers
C04303,16,450.368125,7205.89,8,4,5.333333333333333,3.5,1,Highly Engaged / High-Value Customers
C04304,9,775.19,6976.71,5,2,1.8,3.2,1,Highly Engaged / High-Value Customers
C04305,9,861.8766666666666,7756.889999999999,3,2,3.0,2.75,1,Highly Engaged / High-Value Customers
C04306,10,598.023,5980.2300000000005,7,3,2.5,3.0,1,Highly Engaged / High-Value Customers
C04307,7,565.8157142857143,3960.71,5,1,1.75,5.0,0,Occasional / Lower-Engagement Customers
C04308,11,831.5945454545454,9147.54,3,1,1.8333333333333333,3.9,1,Highly Engaged / High-Value Customers
C04309,3,757.1866666666666,2271.56,2,1,1.0,2.333333333333333,0,Occasional / Lower-Engagement Customers
C04310,19,657.1194736842106,12485.27,10,3,3.1666666666666665,4.0,1,Highly Engaged / High-Value Customers
C04311,10,507.87700000000007,5078.77,4,4,1.6666666666666667,3.6666666666666665,1,Highly Engaged / High-Value Customers
C04312,5,607.4799999999999,3037.4,1,0,2.5,4.25,0,Occasional / Lower-Engagement Customers
C04313,14,409.81142857142856,5737.36,5,2,2.8,4.1,1,Highly Engaged / High-Value Customers
C04314,10,434.302,4343.02,2,2,1.6666666666666667,3.6666666666666665,0,Occasional / Lower-Engagement Customers
C04315,12,619.9683333333334,7439.62,2,3,2.4,3.25,1,Highly Engaged / High-Value Customers
C04316,10,796.827,7968.27,4,1,1.6666666666666667,3.75,1,Highly Engaged / High-Value Customers
C04317,10,594.182,5941.82,6,2,1.6666666666666667,3.2857142857142856,1,Highly Engaged / High-Value Customers
C04318,9,575.5955555555555,5180.36,3,0,1.8,4.5,0,Occasional / Lower-Engagement Customers
C04319,6,434.4166666666667,2606.5,4,1,1.5,3.0,0,Occasional / Lower-Engagement Customers
C04320,13,580.5076923076923,7546.599999999999,3,3,2.1666666666666665,4.714285714285714,1,Highly Engaged / High-Value Customers
C04321,12,480.6991666666666,5768.389999999999,4,1,2.0,4.0,1,Highly Engaged / High-Value Customers
C04322,13,474.6492307692308,6170.4400000000005,7,4,2.6,3.7142857142857135,1,Highly Engaged / High-Value Customers
C04323,6,803.6133333333333,4821.68,0,2,1.5,4.25,0,Occasional / Lower-Engagement Customers
C04324,15,606.0413333333333,9090.62,7,3,3.0,3.5384615384615383,1,Highly Engaged / High-Value Customers
C04325,10,534.059,5340.59,6,5,2.0,3.5,1,Highly Engaged / High-Value Customers
C04326,14,513.9207142857143,7194.89,9,3,2.333333333333333,3.8181818181818175,1,Highly Engaged / High-Value Customers
C04327,9,910.6033333333334,8195.43,3,2,2.25,3.4,1,Highly Engaged / High-Value Customers
C04328,11,737.4836363636364,8112.32,5,3,1.8333333333333333,4.4,1,Highly Engaged / High-Value Customers
C04329,10,496.199,4961.99,5,2,1.6666666666666667,4.0,0,Occasional / Lower-Engagement Customers
C04330,8,369.1625,2953.3,2,0,1.3333333333333333,4.5,0,Occasional / Lower-Engagement Customers
C04331,10,677.199,6771.99,6,2,2.0,4.571428571428571,1,Highly Engaged / High-Value Customers
C04332,9,656.1166666666667,5905.05,3,1,1.8,3.5,0,Occasional / Lower-Engagement Customers
C04333,9,593.1133333333333,5338.02,3,2,3.0,4.0,1,Highly Engaged / High-Value Customers
C04334,8,403.0875,3224.7,2,2,1.3333333333333333,3.6666666666666665,0,Occasional / Lower-Engagement Customers
C04335,7,570.1428571428571,3991.0,3,1,2.333333333333333,4.0,0,Occasional / Lower-Engagement Customers
C04336,13,487.44307692307694,6336.76,4,4,2.6,3.6666666666666665,1,Highly Engaged / High-Value Customers
C04337,5,625.812,3129.06,2,1,1.25,4.333333333333333,0,Occasional / Lower-Engagement Customers
C04338,8,939.385,7515.08,4,2,1.6,3.333333333333333,1,Highly Engaged / High-Value Customers
C04339,9,706.2988888888889,6356.69,4,2,2.25,3.5,1,Highly Engaged / High-Value Customers
C04340,16,711.740625,11387.85,8,6,3.2,4.2,1,Highly Engaged / High-Value Customers
C04341,11,315.4372727272727,3469.81,3,3,2.2,3.142857142857143,0,Occasional / Lower-Engagement Customers
C04342,12,517.4225,6209.07,8,4,2.4,3.4285714285714284,1,Highly Engaged / High-Value Customers
C04343,7,804.7628571428571,5633.34,1,0,1.75,4.8,0,Occasional / Lower-Engagement Customers
C04344,10,702.217,7022.17,5,4,2.5,4.333333333333333,1,Highly Engaged / High-Value Customers
C04345,15,513.1519999999999,7697.28,6,4,3.0,4.090909090909091,1,Highly Engaged / High-Value Customers
C04346,9,411.8955555555556,3707.06,5,2,1.8,4.5,0,Occasional / Lower-Engagement Customers
C04347,7,793.1842857142857,5552.29,2,2,1.75,2.4,0,Occasional / Lower-Engagement Customers
C04348,7,531.7385714285714,3722.17,3,2,2.333333333333333,3.75,0,Occasional / Lower-Engagement Customers
C04349,6,446.215,2677.29,2,0,2.0,4.0,0,Occasional / Lower-Engagement Customers
C04350,8,443.57375,3548.59,3,3,2.0,4.4,0,Occasional / Lower-Engagement Customers
C04351,10,592.5930000000001,5925.93,4,5,2.5,4.125,1,Highly Engaged / High-Value Customers
C04352,11,542.0090909090909,5962.1,6,3,2.75,4.4,1,Highly Engaged / High-Value Customers
C04353,7,369.94428571428574,2589.61,4,2,1.1666666666666667,3.25,0,Occasional / Lower-Engagement Customers
C04354,13,437.5561538461538,5688.23,5,5,3.25,3.090909090909091,1,Highly Engaged / High-Value Customers
C04355,7,480.4728571428572,3363.3100000000004,3,1,2.333333333333333,3.8333333333333335,0,Occasional / Lower-Engagement Customers
C04356,6,714.4683333333334,4286.81,1,1,1.5,4.0,0,Occasional / Lower-Engagement Customers
C04357,9,444.9177777777778,4004.26,5,2,2.25,3.0,0,Occasional / Lower-Engagement Customers
C04358,7,360.3414285714286,2522.3900000000003,3,1,1.75,4.6,0,Occasional / Lower-Engagement Customers
C04359,10,485.014,4850.139999999999,3,3,2.0,3.75,0,Occasional / Lower-Engagement Customers
C04360,8,786.5125,6292.1,5,2,2.0,3.2,1,Highly Engaged / High-Value Customers
C04361,12,459.4391666666667,5513.27,1,3,2.0,4.3,0,Occasional / Lower-Engagement Customers
C04362,8,585.58375,4684.67,6,1,2.0,2.8,0,Occasional / Lower-Engagement Customers
C04363,14,632.3028571428571,8852.24,4,2,2.333333333333333,4.0,1,Highly Engaged / High-Value Customers
C04364,4,412.31,1649.24,0,1,2.0,4.666666666666667,0,Occasional / Lower-Engagement Customers
C04365,7,520.9714285714286,3646.8,1,3,1.75,4.0,0,Occasional / Lower-Engagement Customers
C04366,7,459.53428571428566,3216.74,2,2,1.4,3.857142857142857,0,Occasional / Lower-Engagement Customers
C04367,5,335.586,1677.93,1,0,1.25,3.333333333333333,0,Occasional / Lower-Engagement Customers
C04368,12,602.4591666666666,7229.51,2,3,2.4,3.888888888888889,1,Highly Engaged / High-Value Customers
C04369,6,619.12,3714.72,2,2,2.0,4.0,0,Occasional / Lower-Engagement Customers
C04370,8,438.68125,3509.45,2,2,1.3333333333333333,3.75,0,Occasional / Lower-Engagement Customers
C04371,10,681.8199999999999,6818.2,4,2,2.0,4.0,1,Highly Engaged / High-Value Customers
C04372,4,677.0975,2708.39,2,1,1.3333333333333333,0.0,0,Occasional / Lower-Engagement Customers
C04373,15,695.568,10433.52,10,0,3.0,4.454545454545454,1,Highly Engaged / High-Value Customers
C04374,14,615.9435714285713,8623.21,7,2,2.8,3.909090909090909,1,Highly Engaged / High-Value Customers
C04375,10,808.399,8083.99,3,2,2.0,5.0,1,Highly Engaged / High-Value Customers
C04376,11,615.6718181818181,6772.389999999999,7,2,2.2,4.285714285714286,1,Highly Engaged / High-Value Customers
C04377,11,590.0581818181819,6490.64,6,3,1.8333333333333333,3.5,1,Highly Engaged / High-Value Customers
C04378,11,532.429090909091,5856.72,6,1,2.75,4.0,1,Highly Engaged / High-Value Customers
C04379,9,445.42333333333335,4008.81,4,3,2.25,4.428571428571429,0,Occasional / Lower-Engagement Customers
C04380,13,587.4261538461539,7636.54,3,6,2.1666666666666665,3.9,1,Highly Engaged / High-Value Customers
C04381,12,538.6841666666667,6464.21,5,1,2.0,4.6,1,Highly Engaged / High-Value Customers
C04382,6,621.7933333333334,3730.76,3,1,1.5,3.2,0,Occasional / Lower-Engagement Customers
C04383,7,586.0357142857143,4102.25,0,3,1.4,3.6,0,Occasional / Lower-Engagement Customers
C04384,14,443.6385714285714,6210.94,2,4,2.8,4.428571428571429,1,Highly Engaged / High-Value Customers
C04385,8,592.565,4740.52,2,1,2.0,4.666666666666667,0,Occasional / Lower-Engagement Customers
C04386,7,316.45,2215.15,3,2,2.333333333333333,4.0,0,Occasional / Lower-Engagement Customers
C04387,7,739.5728571428572,5177.01,3,1,1.75,3.25,0,Occasional / Lower-Engagement Customers
C04388,11,492.9863636363636,5422.849999999999,4,2,1.8333333333333333,3.7142857142857135,1,Highly Engaged / High-Value Customers
C04389,11,668.9654545454546,7358.62,3,2,2.2,3.6666666666666665,1,Highly Engaged / High-Value Customers
C04390,13,648.4569230769231,8429.94,5,2,3.25,4.0,1,Highly Engaged / High-Value Customers
C04391,6,495.5133333333333,2973.08,2,1,2.0,3.75,0,Occasional / Lower-Engagement Customers
C04392,9,337.06666666666666,3033.6,2,3,1.5,4.4,0,Occasional / Lower-Engagement Customers
C04393,6,507.3533333333333,3044.12,3,1,2.0,5.0,0,Occasional / Lower-Engagement Customers
C04394,8,640.295,5122.36,0,1,2.0,4.571428571428571,0,Occasional / Lower-Engagement Customers
C04395,5,481.3639999999999,2406.82,3,2,1.0,3.5,0,Occasional / Lower-Engagement Customers
C04396,7,907.17,6350.1900000000005,3,1,1.4,3.0,0,Occasional / Lower-Engagement Customers
C04397,15,703.4406666666667,10551.61,4,1,3.75,4.222222222222222,1,Highly Engaged / High-Value Customers
C04398,16,588.71875,9419.5,8,2,2.6666666666666665,3.7777777777777777,1,Highly Engaged / High-Value Customers
C04399,10,465.90199999999993,4659.02,5,3,2.0,4.0,1,Highly Engaged / High-Value Customers
C04400,15,696.586,10448.79,6,5,2.5,3.4166666666666665,1,Highly Engaged / High-Value Customers
C04401,12,655.1325,7861.59,5,5,2.4,4.0,1,Highly Engaged / High-Value Customers
C04402,6,776.2666666666668,4657.6,1,1,1.2,4.0,0,Occasional / Lower-Engagement Customers
C04403,3,824.7466666666666,2474.24,1,0,1.0,3.5,0,Occasional / Lower-Engagement Customers
C04404,9,488.6966666666667,4398.27,4,3,1.8,5.0,0,Occasional / Lower-Engagement Customers
C04405,8,549.33875,4394.71,4,1,2.0,3.6,0,Occasional / Lower-Engagement Customers
C04406,6,762.4266666666667,4574.56,4,1,1.5,4.0,0,Occasional / Lower-Engagement Customers
C04407,12,627.0033333333333,7524.04,6,2,2.4,4.0,1,Highly Engaged / High-Value Customers
C04408,9,458.0588888888889,4122.53,1,1,3.0,4.0,0,Occasional / Lower-Engagement Customers
C04409,7,590.6814285714285,4134.77,0,1,1.4,3.0,0,Occasional / Lower-Engagement Customers
C04410,13,441.1076923076923,5734.4,3,2,2.1666666666666665,3.9,1,Highly Engaged / High-Value Customers
C04411,8,511.19125,4089.53,1,1,1.3333333333333333,3.5,0,Occasional / Lower-Engagement Customers
C04412,3,732.4766666666666,2197.43,1,1,1.5,3.0,0,Occasional / Lower-Engagement Customers
C04413,7,750.7585714285714,5255.31,3,0,1.75,3.4,0,Occasional / Lower-Engagement Customers
C04414,8,458.51625,3668.13,2,5,2.0,4.333333333333333,0,Occasional / Lower-Engagement Customers
C04415,14,567.73,7948.22,4,3,2.333333333333333,4.2,1,Highly Engaged / High-Value Customers
C04416,12,482.64166666666665,5791.7,3,5,3.0,4.0,1,Highly Engaged / High-Value Customers
C04417,9,673.2711111111112,6059.4400000000005,3,0,2.25,3.8333333333333335,0,Occasional / Lower-Engagement Customers
C04418,8,475.63875,3805.11,6,1,2.0,3.8333333333333335,0,Occasional / Lower-Engagement Customers
C04419,9,485.5266666666666,4369.74,5,3,1.8,3.6666666666666665,0,Occasional / Lower-Engagement Customers
C04420,8,377.94375,3023.55,4,1,1.3333333333333333,3.4285714285714284,0,Occasional / Lower-Engagement Customers
C04421,7,839.2657142857144,5874.860000000001,4,0,1.75,3.5,0,Occasional / Lower-Engagement Customers
C04422,7,499.0728571428572,3493.51,2,2,1.75,4.5,0,Occasional / Lower-Engagement Customers
C04423,8,621.3175,4970.54,1,1,1.6,3.333333333333333,0,Occasional / Lower-Engagement Customers
C04424,6,525.9566666666667,3155.74,2,0,1.5,3.75,0,Occasional / Lower-Engagement Customers
C04425,17,494.7741176470588,8411.16,5,5,2.833333333333333,3.75,1,Highly Engaged / High-Value Customers
C04426,7,367.14142857142855,2569.99,3,1,1.1666666666666667,4.333333333333333,0,Occasional / Lower-Engagement Customers
C04427,12,627.5,7530.0,4,2,2.0,3.625,1,Highly Engaged / High-Value Customers
C04428,7,1354.017142857143,9478.12,1,1,1.4,3.5,0,Occasional / Lower-Engagement Customers
C04429,8,682.3824999999999,5459.06,5,2,2.0,4.0,1,Highly Engaged / High-Value Customers
C04430,8,502.87375,4022.99,3,3,2.0,3.75,0,Occasional / Lower-Engagement Customers
C04431,8,436.08,3488.6400000000003,4,2,2.0,2.6666666666666665,0,Occasional / Lower-Engagement Customers
C04432,14,419.42,5871.88,3,3,2.333333333333333,4.0,1,Highly Engaged / High-Value Customers
C04433,13,532.4130769230769,6921.37,4,3,3.25,4.375,1,Highly Engaged / High-Value Customers
C04434,8,520.3425,4162.74,2,2,2.0,3.2,0,Occasional / Lower-Engagement Customers
C04435,13,626.7584615384615,8147.86,6,3,2.6,3.75,1,Highly Engaged / High-Value Customers
C04436,8,414.0425,3312.34,4,2,1.6,3.4,0,Occasional / Lower-Engagement Customers
C04437,13,625.1707692307692,8127.22,5,6,2.6,4.0,1,Highly Engaged / High-Value Customers
C04438,10,351.046,3510.46,2,2,2.5,4.0,0,Occasional / Lower-Engagement Customers
C04439,12,661.9791666666666,7943.75,5,4,2.4,4.0,1,Highly Engaged / High-Value Customers
C04440,16,549.969375,8799.51,8,5,2.6666666666666665,3.6666666666666665,1,Highly Engaged / High-Value Customers
C04441,8,492.35125,3938.81,4,1,1.6,3.8,0,Occasional / Lower-Engagement Customers
C04442,5,563.772,2818.86,1,1,1.25,4.0,0,Occasional / Lower-Engagement Customers
C04443,11,369.73545454545456,4067.09,4,2,1.8333333333333333,4.833333333333333,0,Occasional / Lower-Engagement Customers
C04444,8,398.395,3187.16,4,4,2.0,4.0,0,Occasional / Lower-Engagement Customers
C04445,13,630.1507692307692,8191.96,7,2,2.6,4.833333333333333,1,Highly Engaged / High-Value Customers
C04446,14,598.1442857142857,8374.02,5,3,2.8,3.6666666666666665,1,Highly Engaged / High-Value Customers
C04447,10,671.7729999999999,6717.73,5,4,2.5,4.125,1,Highly Engaged / High-Value Customers
C04448,3,650.5733333333334,1951.72,1,0,1.0,3.0,0,Occasional / Lower-Engagement Customers
C04449,5,514.3979999999999,2571.99,3,1,1.6666666666666667,3.75,0,Occasional / Lower-Engagement Customers
C04450,5,592.0060000000001,2960.03,2,2,2.5,2.333333333333333,0,Occasional / Lower-Engagement Customers
C04451,11,583.33,6416.63,4,2,2.2,3.5,1,Highly Engaged / High-Value Customers
C04452,16,725.94,11615.04,6,4,3.2,3.888888888888889,1,Highly Engaged / High-Value Customers
C04453,12,593.9125,7126.95,9,2,2.0,3.75,1,Highly Engaged / High-Value Customers
C04454,10,375.24,3752.4,3,5,2.0,4.0,1,Highly Engaged / High-Value Customers
C04455,10,707.3860000000001,7073.860000000001,3,4,2.0,4.333333333333333,1,Highly Engaged / High-Value Customers
C04456,10,598.751,5987.51,4,2,2.0,3.857142857142857,1,Highly Engaged / High-Value Customers
C04457,11,540.6854545454545,5947.54,6,3,2.2,3.2857142857142856,1,Highly Engaged / High-Value Customers
C04458,11,680.7336363636364,7488.07,2,2,1.8333333333333333,3.857142857142857,1,Highly Engaged / High-Value Customers
C04459,5,503.804,2519.02,1,1,1.6666666666666667,4.0,0,Occasional / Lower-Engagement Customers
C04460,14,459.4392857142857,6432.15,6,3,2.333333333333333,3.333333333333333,1,Highly Engaged / High-Value Customers
C04461,12,703.9841666666666,8447.81,5,4,2.4,2.875,1,Highly Engaged / High-Value Customers
C04462,9,415.2,3736.8,4,2,1.5,3.625,0,Occasional / Lower-Engagement Customers
C04463,13,532.7761538461539,6926.09,3,2,2.6,4.0,1,Highly Engaged / High-Value Customers
C04464,12,696.3591666666666,8356.31,7,7,2.0,3.6,1,Highly Engaged / High-Value Customers
C04465,13,682.6992307692308,8875.09,5,3,2.1666666666666665,3.5,1,Highly Engaged / High-Value Customers
C04466,9,531.2944444444445,4781.650000000001,3,1,1.8,4.0,0,Occasional / Lower-Engagement Customers
C04467,8,427.41,3419.28,4,1,1.6,4.0,0,Occasional / Lower-Engagement Customers
C04468,5,308.844,1544.22,1,1,1.6666666666666667,4.2,0,Occasional / Lower-Engagement Customers
C04469,9,530.8111111111111,4777.3,4,2,1.8,3.857142857142857,0,Occasional / Lower-Engagement Customers
C04470,8,624.795,4998.36,2,4,1.6,3.8333333333333335,0,Occasional / Lower-Engagement Customers
C04471,8,876.25375,7010.03,1,3,2.0,4.25,0,Occasional / Lower-Engagement Customers
C04472,9,868.3377777777778,7815.04,2,3,2.25,4.166666666666667,1,Highly Engaged / High-Value Customers
C04473,10,661.606,6616.06,3,1,2.0,4.5,1,Highly Engaged / High-Value Customers
C04474,11,532.4090909090909,5856.5,7,1,2.75,4.0,1,Highly Engaged / High-Value Customers
C04475,9,582.2744444444445,5240.47,4,3,3.0,4.285714285714286,1,Highly Engaged / High-Value Customers
C04476,5,562.578,2812.89,1,2,1.6666666666666667,3.5,0,Occasional / Lower-Engagement Customers
C04477,7,658.4942857142858,4609.46,2,1,1.75,3.6666666666666665,0,Occasional / Lower-Engagement Customers
C04478,10,614.4159999999999,6144.16,4,3,2.5,4.428571428571429,1,Highly Engaged / High-Value Customers
C04479,3,1149.9533333333331,3449.86,0,1,1.5,4.5,0,Occasional / Lower-Engagement Customers
C04480,12,557.5191666666666,6690.23,7,3,2.4,3.4444444444444446,1,Highly Engaged / High-Value Customers
C04481,12,593.7283333333334,7124.74,5,3,2.0,4.0,1,Highly Engaged / High-Value Customers
C04482,9,602.9855555555555,5426.87,4,4,1.5,4.142857142857143,0,Occasional / Lower-Engagement Customers
C04483,19,543.1231578947369,10319.34,8,7,3.8,3.571428571428572,1,Highly Engaged / High-Value Customers
C04484,11,630.4427272727272,6934.87,4,0,2.2,4.0,1,Highly Engaged / High-Value Customers
C04485,8,744.67625,5957.41,2,2,1.3333333333333333,3.5,0,Occasional / Lower-Engagement Customers
C04486,7,382.26142857142855,2675.83,3,1,1.4,3.8333333333333335,0,Occasional / Lower-Engagement Customers
C04487,5,706.77,3533.85,2,1,1.6666666666666667,4.0,0,Occasional / Lower-Engagement Customers
C04488,11,683.4954545454545,7518.45,2,4,1.8333333333333333,3.4,1,Highly Engaged / High-Value Customers
C04489,8,589.05625,4712.45,2,3,2.0,3.8,0,Occasional / Lower-Engagement Customers
C04490,13,539.7269230769231,7016.45,4,3,2.6,4.222222222222222,1,Highly Engaged / High-Value Customers
C04491,10,655.62,6556.2,4,0,1.6666666666666667,4.0,0,Occasional / Lower-Engagement Customers
C04492,8,839.9725000000001,6719.780000000001,5,3,2.0,2.6,1,Highly Engaged / High-Value Customers
C04493,9,624.2033333333334,5617.83,6,2,1.8,4.2,1,Highly Engaged / High-Value Customers
C04494,10,704.6610000000001,7046.610000000001,2,1,2.5,4.6,1,Highly Engaged / High-Value Customers
C04495,15,621.6586666666667,9324.88,6,3,2.5,4.166666666666667,1,Highly Engaged / High-Value Customers
C04496,7,614.9385714285714,4304.57,3,2,1.75,3.75,0,Occasional / Lower-Engagement Customers
C04497,14,590.5014285714286,8267.02,7,4,2.333333333333333,3.6666666666666665,1,Highly Engaged / High-Value Customers
C04498,11,520.9736363636364,5730.71,3,4,2.2,3.5,1,Highly Engaged / High-Value Customers
C04499,7,395.0271428571429,2765.19,2,2,1.75,3.1666666666666665,0,Occasional / Lower-Engagement Customers
C04500,5,634.4739999999999,3172.37,3,1,1.25,3.0,0,Occasional / Lower-Engagement Customers
C04501,11,403.12545454545455,4434.38,6,1,2.2,3.1666666666666665,1,Highly Engaged / High-Value Customers
C04502,17,589.9776470588235,10029.62,3,3,2.833333333333333,4.0,1,Highly Engaged / High-Value Customers
C04503,14,578.8221428571429,8103.51,8,2,2.333333333333333,3.636363636363636,1,Highly Engaged / High-Value Customers
C04504,8,413.95875,3311.67,1,4,2.0,2.25,0,Occasional / Lower-Engagement Customers
C04505,9,656.0555555555555,5904.5,2,1,2.25,4.333333333333333,0,Occasional / Lower-Engagement Customers
C04506,8,587.01125,4696.09,4,1,2.6666666666666665,4.0,0,Occasional / Lower-Engagement Customers
C04507,6,583.1983333333334,3499.19,2,2,1.5,4.8,0,Occasional / Lower-Engagement Customers
C04508,12,501.1408333333333,6013.69,4,4,2.0,4.285714285714286,1,Highly Engaged / High-Value Customers
C04509,9,553.8622222222223,4984.76,6,2,1.8,4.125,1,Highly Engaged / High-Value Customers
C04510,9,595.0788888888889,5355.71,3,2,2.25,3.1666666666666665,0,Occasional / Lower-Engagement Customers
C04511,3,321.13666666666666,963.41,2,1,1.0,3.5,0,Occasional / Lower-Engagement Customers
C04512,7,440.11285714285714,3080.79,1,2,1.75,3.75,0,Occasional / Lower-Engagement Customers
C04513,14,488.23,6835.22,5,3,2.333333333333333,3.7,1,Highly Engaged / High-Value Customers
C04514,8,670.04125,5360.33,1,2,2.6666666666666665,4.166666666666667,0,Occasional / Lower-Engagement Customers
C04515,12,370.5466666666666,4446.56,3,3,2.0,3.25,1,Highly Engaged / High-Value Customers
C04516,9,561.5233333333333,5053.71,3,3,2.25,4.285714285714286,1,Highly Engaged / High-Value Customers
C04517,7,426.80285714285714,2987.62,3,4,1.4,4.5,0,Occasional / Lower-Engagement Customers
C04518,10,849.891,8498.91,2,2,1.6666666666666667,3.2857142857142856,1,Highly Engaged / High-Value Customers
C04519,7,332.8442857142857,2329.91,2,2,2.333333333333333,3.0,0,Occasional / Lower-Engagement Customers
C04520,6,338.90166666666664,2033.41,2,3,1.2,4.4,0,Occasional / Lower-Engagement Customers
C04521,7,582.2357142857143,4075.65,5,1,1.75,3.8333333333333335,0,Occasional / Lower-Engagement Customers
C04522,13,414.2884615384616,5385.75,7,2,2.6,3.5,1,Highly Engaged / High-Value Customers
C04523,3,842.0766666666667,2526.23,1,2,1.0,1.0,0,Occasional / Lower-Engagement Customers
C04524,13,604.6092307692307,7859.92,6,5,2.6,4.0,1,Highly Engaged / High-Value Customers
C04525,7,484.74285714285713,3393.2,4,0,1.4,4.333333333333333,0,Occasional / Lower-Engagement Customers
C04526,11,406.63000000000005,4472.93,4,3,2.75,4.5,1,Highly Engaged / High-Value Customers
C04527,11,502.99545454545455,5532.95,6,4,2.2,4.222222222222222,1,Highly Engaged / High-Value Customers
C04528,11,546.5945454545455,6012.54,8,5,2.2,3.6666666666666665,1,Highly Engaged / High-Value Customers
C04529,8,662.7975,5302.38,2,3,1.6,4.285714285714286,0,Occasional / Lower-Engagement Customers
C04530,7,543.6542857142857,3805.58,4,3,1.75,4.0,0,Occasional / Lower-Engagement Customers
C04531,8,631.36625,5050.93,2,2,1.6,4.5,0,Occasional / Lower-Engagement Customers
C04532,9,527.9366666666667,4751.43,2,2,1.8,4.4,0,Occasional / Lower-Engagement Customers
C04533,10,558.533,5585.33,2,4,2.5,3.625,1,Highly Engaged / High-Value Customers
C04534,10,769.0029999999999,7690.03,6,6,2.0,3.8,1,Highly Engaged / High-Value Customers
C04535,10,514.368,5143.68,4,2,2.5,4.0,1,Highly Engaged / High-Value Customers
C04536,6,558.1333333333333,3348.8,3,1,1.2,3.75,0,Occasional / Lower-Engagement Customers
C04537,6,520.5016666666667,3123.01,3,0,2.0,3.2,0,Occasional / Lower-Engagement Customers
C04538,8,556.1675,4449.34,1,4,2.0,3.0,0,Occasional / Lower-Engagement Customers
C04539,9,467.0477777777778,4203.43,6,0,3.0,3.8,1,Highly Engaged / High-Value Customers
C04540,5,700.038,3500.19,3,0,1.25,3.0,0,Occasional / Lower-Engagement Customers
C04541,10,653.184,6531.84,8,2,2.0,4.0,1,Highly Engaged / High-Value Customers
C04542,7,372.5928571428572,2608.15,3,1,1.4,3.0,0,Occasional / Lower-Engagement Customers
C04543,9,368.7788888888889,3319.01,3,3,1.8,3.625,0,Occasional / Lower-Engagement Customers
C04544,5,405.736,2028.68,0,1,2.5,4.25,0,Occasional / Lower-Engagement Customers
C04545,8,593.44875,4747.59,5,2,2.6666666666666665,3.1666666666666665,1,Highly Engaged / High-Value Customers
C04546,12,501.9158333333333,6022.99,7,3,3.0,3.7,1,Highly Engaged / High-Value Customers
C04547,8,394.23875,3153.91,5,3,1.6,4.2,0,Occasional / Lower-Engagement Customers
C04548,11,810.3127272727273,8913.44,4,1,2.75,3.75,1,Highly Engaged / High-Value Customers
C04549,5,531.152,2655.76,1,2,1.6666666666666667,3.5,0,Occasional / Lower-Engagement Customers
C04550,2,944.735,1889.47,1,1,1.0,3.0,0,Occasional / Lower-Engagement Customers
C04551,5,432.03,2160.15,2,2,1.25,4.5,0,Occasional / Lower-Engagement Customers
C04552,6,677.365,4064.19,3,2,2.0,4.5,0,Occasional / Lower-Engagement Customers
C04553,9,664.11,5976.99,3,3,2.25,4.0,1,Highly Engaged / High-Value Customers
C04554,12,391.99166666666673,4703.900000000001,3,5,2.4,4.0,1,Highly Engaged / High-Value Customers
C04555,12,432.715,5192.58,3,2,2.4,3.375,1,Highly Engaged / High-Value Customers
C04556,11,550.9245454545454,6060.17,6,3,2.2,4.25,1,Highly Engaged / High-Value Customers
C04557,4,373.3575,1493.4299999999998,1,0,1.3333333333333333,4.0,0,Occasional / Lower-Engagement Customers
C04558,13,561.4961538461538,7299.45,4,6,2.1666666666666665,4.25,1,Highly Engaged / High-Value Customers
C04559,7,580.6685714285715,4064.68,3,2,1.4,4.285714285714286,0,Occasional / Lower-Engagement Customers
C04560,5,538.9480000000001,2694.74,0,2,1.0,3.6666666666666665,0,Occasional / Lower-Engagement Customers
C04561,5,753.72,3768.6,1,0,1.25,3.2,0,Occasional / Lower-Engagement Customers
C04562,15,561.9486666666667,8429.23,5,6,2.5,3.7,1,Highly Engaged / High-Value Customers
C04563,10,495.465,4954.65,2,3,2.5,4.571428571428571,1,Highly Engaged / High-Value Customers
C04564,9,634.1244444444444,5707.12,6,3,2.25,3.4285714285714284,1,Highly Engaged / High-Value Customers
C04565,11,452.61727272727273,4978.79,3,3,1.8333333333333333,3.333333333333333,0,Occasional / Lower-Engagement Customers
C04566,6,502.0966666666666,3012.58,1,2,1.5,4.666666666666667,0,Occasional / Lower-Engagement Customers
C04567,11,766.8927272727273,8435.82,3,3,2.2,3.888888888888889,1,Highly Engaged / High-Value Customers
C04568,9,571.4444444444445,5143.0,3,1,1.8,4.125,0,Occasional / Lower-Engagement Customers
C04569,7,644.4985714285714,4511.49,2,2,3.5,4.75,1,Highly Engaged / High-Value Customers
C04570,6,643.6216666666667,3861.73,4,0,2.0,4.0,0,Occasional / Lower-Engagement Customers
C04571,17,593.8352941176471,10095.2,6,3,2.833333333333333,4.333333333333333,1,Highly Engaged / High-Value Customers
C04572,12,649.6374999999999,7795.65,7,6,3.0,4.125,1,Highly Engaged / High-Value Customers
C04573,9,702.9422222222222,6326.48,2,3,2.25,3.142857142857143,1,Highly Engaged / High-Value Customers
C04574,9,525.2122222222222,4726.91,2,0,1.5,4.25,0,Occasional / Lower-Engagement Customers
C04575,10,781.217,7812.17,4,5,2.0,4.2,1,Highly Engaged / High-Value Customers
C04576,9,477.90777777777777,4301.17,2,3,2.25,4.285714285714286,0,Occasional / Lower-Engagement Customers
C04577,8,552.98,4423.84,2,4,1.3333333333333333,4.6,0,Occasional / Lower-Engagement Customers
C04578,9,411.9322222222222,3707.39,6,1,2.25,3.0,0,Occasional / Lower-Engagement Customers
C04579,7,808.0571428571428,5656.4,2,2,1.75,4.5,0,Occasional / Lower-Engagement Customers
C04580,6,699.4549999999999,4196.73,2,3,2.0,4.0,0,Occasional / Lower-Engagement Customers
C04581,9,873.7944444444445,7864.150000000001,3,2,2.25,4.6,1,Highly Engaged / High-Value Customers
C04582,9,410.8011111111112,3697.21,1,3,2.25,4.0,0,Occasional / Lower-Engagement Customers
C04583,13,788.0276923076924,10244.36,4,3,2.1666666666666665,4.285714285714286,1,Highly Engaged / High-Value Customers
C04584,11,436.8009090909091,4804.81,1,2,1.8333333333333333,3.7142857142857135,0,Occasional / Lower-Engagement Customers
C04585,6,602.9933333333333,3617.96,2,0,1.2,5.0,0,Occasional / Lower-Engagement Customers
C04586,11,482.26181818181817,5304.88,4,1,2.2,4.571428571428571,1,Highly Engaged / High-Value Customers
C04587,6,604.4283333333333,3626.57,0,2,2.0,4.6,0,Occasional / Lower-Engagement Customers
C04588,10,552.3779999999999,5523.78,2,4,2.5,3.7142857142857135,1,Highly Engaged / High-Value Customers
C04589,2,748.1949999999999,1496.39,2,1,1.0,3.5,0,Occasional / Lower-Engagement Customers
C04590,8,653.21125,5225.69,5,3,1.6,4.0,0,Occasional / Lower-Engagement Customers
C04591,8,474.57625,3796.61,5,4,2.6666666666666665,4.5,1,Highly Engaged / High-Value Customers
C04592,6,535.9333333333333,3215.6,1,1,1.5,3.8,0,Occasional / Lower-Engagement Customers
C04593,10,472.62,4726.2,6,2,2.0,4.25,1,Highly Engaged / High-Value Customers
C04594,7,437.41857142857145,3061.9300000000003,4,3,1.4,2.5,0,Occasional / Lower-Engagement Customers
C04595,7,577.1228571428571,4039.86,2,1,1.1666666666666667,3.5,0,Occasional / Lower-Engagement Customers
C04596,13,496.41769230769233,6453.43,7,2,2.6,4.0,1,Highly Engaged / High-Value Customers
C04597,6,807.7883333333333,4846.73,2,1,2.0,4.0,0,Occasional / Lower-Engagement Customers
C04598,10,543.9069999999999,5439.07,2,2,1.6666666666666667,4.222222222222222,0,Occasional / Lower-Engagement Customers
C04599,7,631.91,4423.37,2,1,1.4,4.666666666666667,0,Occasional / Lower-Engagement Customers
C04600,10,646.262,6462.62,3,2,2.0,4.2,1,Highly Engaged / High-Value Customers
C04601,13,721.4784615384615,9379.22,3,2,2.6,3.9,1,Highly Engaged / High-Value Customers
C04602,11,356.2709090909091,3918.98,4,4,2.2,3.75,1,Highly Engaged / High-Value Customers
C04603,12,792.7266666666666,9512.72,4,5,2.4,3.6,1,Highly Engaged / High-Value Customers
C04604,12,719.0225,8628.27,5,4,2.0,3.571428571428572,1,Highly Engaged / High-Value Customers
C04605,8,552.8675,4422.94,3,2,2.0,4.6,0,Occasional / Lower-Engagement Customers
C04606,11,524.5254545454545,5769.78,1,2,2.2,3.625,0,Occasional / Lower-Engagement Customers
C04607,8,757.605,6060.84,1,1,2.0,5.0,0,Occasional / Lower-Engagement Customers
C04608,12,794.2608333333333,9531.13,3,4,2.0,4.25,1,Highly Engaged / High-Value Customers
C04609,8,473.85125,3790.81,5,1,2.6666666666666665,4.2,0,Occasional / Lower-Engagement Customers
C04610,9,776.7533333333333,6990.78,4,2,1.8,4.571428571428571,1,Highly Engaged / High-Value Customers
C04611,6,408.79333333333335,2452.76,3,1,2.0,3.8,0,Occasional / Lower-Engagement Customers
C04612,8,669.97,5359.76,2,1,2.0,4.75,0,Occasional / Lower-Engagement Customers
C04613,15,603.2886666666667,9049.33,4,2,2.5,3.333333333333333,1,Highly Engaged / High-Value Customers
C04614,11,497.4963636363637,5472.46,6,0,2.75,3.625,1,Highly Engaged / High-Value Customers
C04615,11,451.53363636363633,4966.87,2,3,2.75,3.8333333333333335,1,Highly Engaged / High-Value Customers
C04616,4,739.2075,2956.83,1,1,1.3333333333333333,4.666666666666667,0,Occasional / Lower-Engagement Customers
C04617,12,510.92,6131.04,3,1,2.4,4.111111111111111,1,Highly Engaged / High-Value Customers
C04618,13,608.6538461538462,7912.5,3,3,2.6,3.6666666666666665,1,Highly Engaged / High-Value Customers
C04619,11,521.9381818181818,5741.32,6,5,2.2,3.0,1,Highly Engaged / High-Value Customers
C04620,12,468.64,5623.68,2,3,2.4,4.222222222222222,1,Highly Engaged / High-Value Customers
C04621,12,364.1258333333333,4369.51,4,2,2.0,4.0,1,Highly Engaged / High-Value Customers
C04622,10,478.757,4787.57,3,2,2.0,4.2,0,Occasional / Lower-Engagement Customers
C04623,4,377.7175,1510.87,1,1,1.0,4.25,0,Occasional / Lower-Engagement Customers
C04624,6,744.9316666666667,4469.59,2,1,1.5,4.25,0,Occasional / Lower-Engagement Customers
C04625,6,748.8000000000001,4492.8,0,2,1.2,4.0,0,Occasional / Lower-Engagement Customers
C04626,13,450.08,5851.04,1,2,2.1666666666666665,4.2,1,Highly Engaged / High-Value Customers
C04627,8,447.48375,3579.87,4,3,1.3333333333333333,4.0,0,Occasional / Lower-Engagement Customers
C04628,10,730.714,7307.14,2,2,2.0,3.75,1,Highly Engaged / High-Value Customers
C04629,8,597.20125,4777.61,4,5,2.0,4.333333333333333,1,Highly Engaged / High-Value Customers
C04630,13,566.2423076923077,7361.15,3,2,2.1666666666666665,3.5,1,Highly Engaged / High-Value Customers
C04631,10,485.8,4858.0,9,3,2.0,4.1,1,Highly Engaged / High-Value Customers
C04632,9,443.68,3993.12,2,2,1.8,3.2857142857142856,0,Occasional / Lower-Engagement Customers
C04633,10,613.55,6135.5,4,1,1.6666666666666667,4.111111111111111,0,Occasional / Lower-Engagement Customers
C04634,10,432.831,4328.31,3,3,2.0,3.8333333333333335,0,Occasional / Lower-Engagement Customers
C04635,9,537.5177777777777,4837.66,4,0,2.25,4.5,0,Occasional / Lower-Engagement Customers
C04636,4,1209.13,4836.52,2,0,1.3333333333333333,4.0,0,Occasional / Lower-Engagement Customers
C04637,14,697.3014285714286,9762.22,6,4,2.8,3.142857142857143,1,Highly Engaged / High-Value Customers
C04638,13,405.7069230769231,5274.1900000000005,2,3,2.6,4.125,1,Highly Engaged / High-Value Customers
C04639,9,622.0333333333333,5598.3,3,3,2.25,4.0,1,Highly Engaged / High-Value Customers
C04640,4,531.765,2127.06,2,2,2.0,3.25,0,Occasional / Lower-Engagement Customers
C04641,11,607.9254545454546,6687.18,3,1,2.2,3.4,1,Highly Engaged / High-Value Customers
C04642,6,497.7416666666666,2986.45,2,0,1.5,2.75,0,Occasional / Lower-Engagement Customers
C04643,13,475.6330769230769,6183.23,3,0,2.1666666666666665,4.333333333333333,1,Highly Engaged / High-Value Customers
C04644,12,534.2533333333333,6411.04,5,2,2.0,3.571428571428572,1,Highly Engaged / High-Value Customers
C04645,14,401.11500000000007,5615.610000000001,6,4,2.8,3.8,1,Highly Engaged / High-Value Customers
C04646,11,509.7872727272727,5607.66,4,5,3.6666666666666665,4.0,1,Highly Engaged / High-Value Customers
C04647,7,370.1514285714285,2591.06,2,5,1.75,3.5,0,Occasional / Lower-Engagement Customers
C04648,9,585.911111111111,5273.2,3,3,2.25,3.7142857142857135,1,Highly Engaged / High-Value Customers
C04649,6,406.69,2440.14,2,2,2.0,4.25,0,Occasional / Lower-Engagement Customers
C04650,14,596.345,8348.83,10,6,2.333333333333333,3.375,1,Highly Engaged / High-Value Customers
C04651,12,629.3100000000001,7551.72,5,1,2.4,4.666666666666667,1,Highly Engaged / High-Value Customers
C04652,12,382.8966666666667,4594.76,6,3,2.4,4.2,1,Highly Engaged / High-Value Customers
C04653,11,603.6363636363636,6640.0,5,3,1.8333333333333333,3.7142857142857135,1,Highly Engaged / High-Value Customers
C04654,8,539.22375,4313.79,1,0,2.0,4.0,0,Occasional / Lower-Engagement Customers
C04655,7,808.8785714285714,5662.15,4,1,2.333333333333333,2.4,0,Occasional / Lower-Engagement Customers
C04656,8,428.58,3428.64,4,2,2.0,4.2,0,Occasional / Lower-Engagement Customers
C04657,10,530.3100000000001,5303.1,5,4,2.0,4.0,1,Highly Engaged / High-Value Customers
C04658,5,597.062,2985.31,1,1,1.6666666666666667,4.0,0,Occasional / Lower-Engagement Customers
C04659,10,391.401,3914.01,4,2,2.0,3.6666666666666665,0,Occasional / Lower-Engagement Customers
C04660,11,582.0181818181818,6402.2,4,3,1.8333333333333333,3.0,1,Highly Engaged / High-Value Customers
C04661,8,466.96375,3735.71,3,1,2.6666666666666665,4.2,0,Occasional / Lower-Engagement Customers
C04662,13,894.483076923077,11628.28,3,5,2.1666666666666665,3.888888888888889,1,Highly Engaged / High-Value Customers
C04663,9,472.4,4251.6,6,3,1.8,3.0,1,Highly Engaged / High-Value Customers
C04664,7,458.80285714285714,3211.62,2,3,1.1666666666666667,3.0,0,Occasional / Lower-Engagement Customers
C04665,10,357.974,3579.74,4,0,2.0,3.7142857142857135,0,Occasional / Lower-Engagement Customers
C04666,6,613.005,3678.03,1,1,1.5,4.0,0,Occasional / Lower-Engagement Customers
C04667,7,606.4442857142858,4245.110000000001,2,2,2.333333333333333,3.8,0,Occasional / Lower-Engagement Customers
C04668,9,725.6088888888888,6530.48,1,3,2.25,4.166666666666667,1,Highly Engaged / High-Value Customers
C04669,7,417.8557142857143,2924.99,3,4,1.1666666666666667,3.8333333333333335,0,Occasional / Lower-Engagement Customers
C04670,6,363.9866666666667,2183.92,3,1,1.5,3.333333333333333,0,Occasional / Lower-Engagement Customers
C04671,9,462.9588888888889,4166.63,2,3,2.25,4.166666666666667,0,Occasional / Lower-Engagement Customers
C04672,11,602.1063636363637,6623.17,3,2,2.2,4.222222222222222,1,Highly Engaged / High-Value Customers
C04673,9,556.4266666666667,5007.84,4,4,1.8,3.75,1,Highly Engaged / High-Value Customers
C04674,8,579.9200000000001,4639.360000000001,3,2,2.0,4.166666666666667,0,Occasional / Lower-Engagement Customers
C04675,13,729.5376923076923,9483.99,5,1,2.6,4.222222222222222,1,Highly Engaged / High-Value Customers
C04676,4,773.0225,3092.09,1,3,1.3333333333333333,4.666666666666667,0,Occasional / Lower-Engagement Customers
C04677,18,496.15222222222224,8930.74,8,5,3.0,3.923076923076923,1,Highly Engaged / High-Value Customers
C04678,12,607.4316666666667,7289.18,6,1,2.4,4.4,1,Highly Engaged / High-Value Customers
C04679,8,362.4525,2899.62,2,3,1.6,3.4,0,Occasional / Lower-Engagement Customers
C04680,9,529.9100000000001,4769.1900000000005,3,2,3.0,3.1666666666666665,1,Highly Engaged / High-Value Customers
C04681,13,594.7361538461539,7731.570000000001,6,0,2.1666666666666665,3.333333333333333,1,Highly Engaged / High-Value Customers
C04682,11,399.1872727272727,4391.06,3,1,2.2,3.4444444444444446,0,Occasional / Lower-Engagement Customers
C04683,8,509.18875,4073.51,4,2,1.3333333333333333,3.857142857142857,0,Occasional / Lower-Engagement Customers
C04684,13,559.7730769230769,7277.05,4,3,2.6,3.7,1,Highly Engaged / High-Value Customers
C04685,4,656.3975,2625.59,2,0,1.3333333333333333,2.0,0,Occasional / Lower-Engagement Customers
C04686,4,795.835,3183.34,3,0,1.3333333333333333,5.0,0,Occasional / Lower-Engagement Customers
C04687,8,752.0999999999999,6016.799999999999,0,2,1.3333333333333333,4.2,0,Occasional / Lower-Engagement Customers
C04688,8,578.85375,4630.83,3,4,2.0,3.4,0,Occasional / Lower-Engagement Customers
C04689,15,551.366,8270.49,7,4,2.5,4.545454545454546,1,Highly Engaged / High-Value Customers
C04690,8,359.465,2875.72,2,2,1.6,3.4,0,Occasional / Lower-Engagement Customers
C04691,14,598.7571428571429,8382.6,4,2,2.8,4.125,1,Highly Engaged / High-Value Customers
C04692,6,476.3883333333333,2858.33,2,0,2.0,4.0,0,Occasional / Lower-Engagement Customers
C04693,8,559.705,4477.64,5,3,1.6,3.571428571428572,0,Occasional / Lower-Engagement Customers
C04694,8,430.8775,3447.02,2,0,1.3333333333333333,4.0,0,Occasional / Lower-Engagement Customers
C04695,10,654.453,6544.53,4,2,2.0,3.8333333333333335,1,Highly Engaged / High-Value Customers
C04696,10,682.125,6821.25,5,2,2.0,4.2,1,Highly Engaged / High-Value Customers
C04697,9,713.571111111111,6422.139999999999,1,1,1.5,3.875,0,Occasional / Lower-Engagement Customers
C04698,11,530.6118181818182,5836.7300000000005,2,0,1.8333333333333333,4.0,0,Occasional / Lower-Engagement Customers
C04699,8,591.78125,4734.25,5,2,1.6,3.75,0,Occasional / Lower-Engagement Customers
C04700,10,605.6360000000001,6056.360000000001,4,1,1.6666666666666667,4.4,0,Occasional / Lower-Engagement Customers
C04701,3,600.2233333333334,1800.67,1,0,1.5,4.333333333333333,0,Occasional / Lower-Engagement Customers
C04702,10,530.773,5307.7300000000005,4,4,2.5,3.7777777777777777,1,Highly Engaged / High-Value Customers
C04703,12,391.4383333333333,4697.26,3,1,2.0,4.166666666666667,0,Occasional / Lower-Engagement Customers
C04704,10,548.635,5486.35,4,2,2.0,4.285714285714286,1,Highly Engaged / High-Value Customers
C04705,7,640.2299999999999,4481.61,7,1,1.4,3.6,0,Occasional / Lower-Engagement Customers
C04706,16,568.928125,9102.85,6,8,3.2,3.636363636363636,1,Highly Engaged / High-Value Customers
C04707,7,732.9342857142857,5130.54,3,2,1.75,4.0,0,Occasional / Lower-Engagement Customers
C04708,7,494.3014285714285,3460.11,1,1,1.4,4.5,0,Occasional / Lower-Engagement Customers
C04709,6,645.8316666666667,3874.99,3,3,1.5,4.0,0,Occasional / Lower-Engagement Customers
C04710,16,546.759375,8748.15,8,4,2.6666666666666665,4.2727272727272725,1,Highly Engaged / High-Value Customers
C04711,9,523.72,4713.4800000000005,2,3,2.25,4.0,0,Occasional / Lower-Engagement Customers
C04712,10,414.705,4147.05,2,2,1.6666666666666667,4.142857142857143,0,Occasional / Lower-Engagement Customers
C04713,11,709.8409090909091,7808.25,1,2,1.8333333333333333,4.4,1,Highly Engaged / High-Value Customers
C04714,16,555.296875,8884.75,3,4,2.6666666666666665,3.6666666666666665,1,Highly Engaged / High-Value Customers
C04715,12,523.18,6278.16,5,4,2.4,4.444444444444445,1,Highly Engaged / High-Value Customers
C04716,11,645.1827272727273,7097.01,6,2,1.8333333333333333,3.2857142857142856,1,Highly Engaged / High-Value Customers
C04717,12,356.6483333333333,4279.78,4,2,2.4,3.3,1,Highly Engaged / High-Value Customers
C04718,9,554.63,4991.67,2,4,1.8,4.666666666666667,0,Occasional / Lower-Engagement Customers
C04719,8,641.4925000000001,5131.9400000000005,5,2,2.0,4.0,0,Occasional / Lower-Engagement Customers
C04720,14,339.59357142857147,4754.31,5,2,2.8,4.0,1,Highly Engaged / High-Value Customers
C04721,10,547.9770000000001,5479.77,2,4,2.5,4.5,1,Highly Engaged / High-Value Customers
C04722,7,439.66,3077.62,1,1,1.4,4.25,0,Occasional / Lower-Engagement Customers
C04723,12,786.5766666666667,9438.92,2,3,2.0,2.6666666666666665,1,Highly Engaged / High-Value Customers
C04724,9,528.7555555555556,4758.8,1,4,1.5,4.166666666666667,0,Occasional / Lower-Engagement Customers
C04725,11,599.8627272727273,6598.49,2,2,2.75,3.875,1,Highly Engaged / High-Value Customers
C04726,8,447.23625,3577.89,3,2,2.6666666666666665,3.7142857142857135,0,Occasional / Lower-Engagement Customers
C04727,13,462.4607692307692,6011.99,6,5,2.1666666666666665,3.0,1,Highly Engaged / High-Value Customers
C04728,8,530.47625,4243.81,2,0,2.0,4.5,0,Occasional / Lower-Engagement Customers
C04729,14,473.64,6630.96,8,4,2.8,4.285714285714286,1,Highly Engaged / High-Value Customers
C04730,6,642.3966666666666,3854.38,3,0,2.0,3.75,0,Occasional / Lower-Engagement Customers
C04731,9,547.8311111111111,4930.48,6,1,2.25,3.0,1,Highly Engaged / High-Value Customers
C04732,8,352.7,2821.6,1,1,1.6,3.4,0,Occasional / Lower-Engagement Customers
C04733,12,484.7225,5816.67,7,6,2.0,4.222222222222222,1,Highly Engaged / High-Value Customers
C04734,8,582.285,4658.28,3,3,1.6,4.0,0,Occasional / Lower-Engagement Customers
C04735,13,779.6676923076923,10135.68,5,3,2.6,4.111111111111111,1,Highly Engaged / High-Value Customers
C04736,6,985.3683333333332,5912.21,3,0,1.5,3.6666666666666665,0,Occasional / Lower-Engagement Customers
C04737,11,702.6272727272727,7728.9,2,3,2.75,4.2,1,Highly Engaged / High-Value Customers
C04738,8,392.31875,3138.55,5,0,2.0,3.8,0,Occasional / Lower-Engagement Customers
C04739,13,463.6730769230769,6027.75,7,2,2.6,3.571428571428572,1,Highly Engaged / High-Value Customers
C04740,7,459.7757142857144,3218.4300000000003,3,2,1.75,3.25,0,Occasional / Lower-Engagement Customers
C04741,6,672.785,4036.71,5,2,1.2,4.666666666666667,0,Occasional / Lower-Engagement Customers
C04742,13,572.6407692307693,7444.33,5,4,2.6,3.2222222222222223,1,Highly Engaged / High-Value Customers
C04743,12,558.3275,6699.93,4,1,2.0,3.4,1,Highly Engaged / High-Value Customers
C04744,8,663.12875,5305.03,3,2,2.0,3.7142857142857135,0,Occasional / Lower-Engagement Customers
C04745,12,970.7841666666668,11649.41,3,3,2.4,4.25,1,Highly Engaged / High-Value Customers
C04746,2,747.745,1495.49,2,1,1.0,3.0,0,Occasional / Lower-Engagement Customers
C04747,5,715.344,3576.7200000000003,2,1,1.6666666666666667,4.0,0,Occasional / Lower-Engagement Customers
C04748,12,704.7533333333334,8457.04,2,2,2.0,3.5,1,Highly Engaged / High-Value Customers
C04749,10,491.078,4910.78,4,2,2.5,3.8,1,Highly Engaged / High-Value Customers
C04750,11,638.6790909090909,7025.469999999999,1,2,1.8333333333333333,3.555555555555556,0,Occasional / Lower-Engagement Customers
C04751,4,666.735,2666.94,1,2,2.0,4.0,0,Occasional / Lower-Engagement Customers
C04752,9,699.7155555555556,6297.4400000000005,0,4,1.5,3.857142857142857,0,Occasional / Lower-Engagement Customers
C04753,9,755.7277777777778,6801.55,5,0,2.25,4.0,1,Highly Engaged / High-Value Customers
C04754,10,723.6769999999999,7236.769999999999,5,2,2.0,3.571428571428572,1,Highly Engaged / High-Value Customers
C04755,11,627.8409090909091,6906.25,4,2,2.2,3.555555555555556,1,Highly Engaged / High-Value Customers
C04756,11,503.9072727272728,5542.9800000000005,4,1,2.2,3.75,1,Highly Engaged / High-Value Customers
C04757,11,500.0272727272728,5500.3,4,3,1.8333333333333333,4.6,1,Highly Engaged / High-Value Customers
C04758,9,570.8511111111111,5137.66,6,3,1.5,3.8,1,Highly Engaged / High-Value Customers
C04759,5,604.7439999999999,3023.72,2,0,1.25,3.333333333333333,0,Occasional / Lower-Engagement Customers
C04760,6,639.7916666666666,3838.75,2,2,1.2,4.25,0,Occasional / Lower-Engagement Customers
C04761,14,585.7735714285715,8200.83,4,1,2.333333333333333,3.3,1,Highly Engaged / High-Value Customers
C04762,10,494.24300000000005,4942.43,6,2,2.0,4.2,1,Highly Engaged / High-Value Customers
C04763,8,635.1625,5081.3,4,0,1.3333333333333333,4.142857142857143,0,Occasional / Lower-Engagement Customers
C04764,3,351.3733333333333,1054.12,2,0,1.0,4.0,0,Occasional / Lower-Engagement Customers
C04765,9,487.12888888888887,4384.16,4,1,1.5,3.333333333333333,0,Occasional / Lower-Engagement Customers
C04766,7,527.0171428571429,3689.12,4,2,1.75,2.0,0,Occasional / Lower-Engagement Customers
C04767,13,522.6776923076924,6794.81,5,2,2.1666666666666665,3.4545454545454546,1,Highly Engaged / High-Value Customers
C04768,7,338.6,2370.2,3,2,1.75,4.6,0,Occasional / Lower-Engagement Customers
C04769,11,501.4018181818182,5515.42,7,1,1.8333333333333333,3.9,1,Highly Engaged / High-Value Customers
C04770,10,545.787,5457.87,2,3,2.0,3.875,0,Occasional / Lower-Engagement Customers
C04771,8,433.31375,3466.51,1,2,2.0,4.333333333333333,0,Occasional / Lower-Engagement Customers
C04772,10,548.001,5480.01,2,2,1.6666666666666667,3.571428571428572,0,Occasional / Lower-Engagement Customers
C04773,9,497.0266666666666,4473.24,2,1,1.5,4.0,0,Occasional / Lower-Engagement Customers
C04774,9,520.79,4687.11,2,1,1.8,3.4285714285714284,0,Occasional / Lower-Engagement Customers
C04775,12,437.5733333333333,5250.88,5,0,3.0,3.4285714285714284,1,Highly Engaged / High-Value Customers
C04776,8,433.3775,3467.02,0,1,2.6666666666666665,3.6666666666666665,0,Occasional / Lower-Engagement Customers
C04777,14,501.1535714285714,7016.15,7,3,2.333333333333333,4.222222222222222,1,Highly Engaged / High-Value Customers
C04778,8,400.3825000000001,3203.0600000000004,5,3,2.0,3.5,0,Occasional / Lower-Engagement Customers
C04779,13,627.6661538461539,8159.66,7,3,2.1666666666666665,3.625,1,Highly Engaged / High-Value Customers
C04780,5,646.138,3230.69,4,0,1.25,4.0,0,Occasional / Lower-Engagement Customers
C04781,13,587.4415384615385,7636.74,6,2,2.6,4.0,1,Highly Engaged / High-Value Customers
C04782,14,520.9992857142857,7293.990000000001,3,6,4.666666666666667,3.7,1,Highly Engaged / High-Value Customers
C04783,9,447.24555555555554,4025.21,1,4,1.8,3.7777777777777777,0,Occasional / Lower-Engagement Customers
C04784,9,394.87888888888887,3553.91,2,1,1.8,4.0,0,Occasional / Lower-Engagement Customers
C04785,5,586.332,2931.66,3,1,1.0,3.6,0,Occasional / Lower-Engagement Customers
C04786,8,715.0912500000001,5720.7300000000005,0,2,1.6,4.285714285714286,0,Occasional / Lower-Engagement Customers
C04787,11,375.32454545454544,4128.57,4,4,2.2,3.0,1,Highly Engaged / High-Value Customers
C04788,7,355.4142857142857,2487.9,4,3,1.75,4.25,0,Occasional / Lower-Engagement Customers
C04789,6,736.2866666666667,4417.72,2,0,1.5,3.8,0,Occasional / Lower-Engagement Customers
C04790,8,324.4875,2595.9,1,1,1.6,4.0,0,Occasional / Lower-Engagement Customers
C04791,6,332.435,1994.61,2,0,1.5,4.4,0,Occasional / Lower-Engagement Customers
C04792,9,626.26,5636.34,4,3,1.8,3.6666666666666665,1,Highly Engaged / High-Value Customers
C04793,7,663.1714285714287,4642.200000000001,4,3,1.75,5.0,0,Occasional / Lower-Engagement Customers
C04794,5,768.624,3843.12,3,0,1.0,4.2,0,Occasional / Lower-Engagement Customers
C04795,6,609.74,3658.44,2,1,1.5,4.0,0,Occasional / Lower-Engagement Customers
C04796,7,401.5028571428571,2810.52,2,2,2.333333333333333,2.6666666666666665,0,Occasional / Lower-Engagement Customers
C04797,13,633.7246153846154,8238.42,6,3,2.6,3.857142857142857,1,Highly Engaged / High-Value Customers
C04798,6,545.8633333333333,3275.18,3,3,2.0,3.333333333333333,0,Occasional / Lower-Engagement Customers
C04799,6,454.91333333333336,2729.48,3,1,1.5,4.5,0,Occasional / Lower-Engagement Customers
C04800,10,610.804,6108.04,1,1,2.5,4.142857142857143,0,Occasional / Lower-Engagement Customers
C04801,7,605.2342857142858,4236.64,2,2,1.75,4.0,0,Occasional / Lower-Engagement Customers
C04802,7,545.0699999999999,3815.49,1,2,1.75,3.6666666666666665,0,Occasional / Lower-Engagement Customers
C04803,12,639.1366666666667,7669.64,4,1,2.4,4.333333333333333,1,Highly Engaged / High-Value Customers
C04804,5,307.178,1535.89,1,2,1.25,4.5,0,Occasional / Lower-Engagement Customers
C04805,9,716.9822222222223,6452.84,6,1,3.0,3.8333333333333335,1,Highly Engaged / High-Value Customers
C04806,12,332.955,3995.46,4,2,2.4,4.0,1,Highly Engaged / High-Value Customers
C04807,10,480.979,4809.79,5,3,1.6666666666666667,3.625,1,Highly Engaged / High-Value Customers
C04808,7,673.7342857142858,4716.14,2,1,1.4,4.0,0,Occasional / Lower-Engagement Customers
C04809,10,332.194,3321.94,3,2,2.0,4.0,0,Occasional / Lower-Engagement Customers
C04810,9,549.5933333333334,4946.34,3,1,1.5,3.8,0,Occasional / Lower-Engagement Customers
C04811,7,455.2271428571429,3186.59,4,2,1.4,4.4,0,Occasional / Lower-Engagement Customers
C04812,10,692.2189999999999,6922.19,3,1,1.6666666666666667,3.1666666666666665,0,Occasional / Lower-Engagement Customers
C04813,7,523.2771428571428,3662.94,2,2,2.333333333333333,3.2,0,Occasional / Lower-Engagement Customers
C04814,5,787.2760000000001,3936.38,2,1,1.25,4.4,0,Occasional / Lower-Engagement Customers
C04815,16,471.686875,7546.99,9,3,3.2,4.125,1,Highly Engaged / High-Value Customers
C04816,6,692.4833333333332,4154.9,4,2,1.5,3.6666666666666665,0,Occasional / Lower-Engagement Customers
C04817,12,558.3425,6700.11,5,4,2.0,4.25,1,Highly Engaged / High-Value Customers
C04818,5,597.8399999999999,2989.2,1,1,1.25,4.666666666666667,0,Occasional / Lower-Engagement Customers
C04819,10,533.821,5338.21,6,4,1.6666666666666667,4.285714285714286,1,Highly Engaged / High-Value Customers
C04820,12,784.2583333333333,9411.1,4,5,2.0,3.5,1,Highly Engaged / High-Value Customers
C04821,9,661.4377777777777,5952.94,4,2,1.8,4.125,0,Occasional / Lower-Engagement Customers
C04822,12,551.16,6613.92,6,2,2.4,4.222222222222222,1,Highly Engaged / High-Value Customers
C04823,17,527.2035294117646,8962.46,7,4,2.833333333333333,3.583333333333333,1,Highly Engaged / High-Value Customers
C04824,11,808.3863636363636,8892.25,4,0,2.2,4.222222222222222,1,Highly Engaged / High-Value Customers
C04825,7,418.5342857142858,2929.74,2,1,1.75,3.333333333333333,0,Occasional / Lower-Engagement Customers
C04826,8,890.45625,7123.65,5,1,2.0,3.5,1,Highly Engaged / High-Value Customers
C04827,9,447.86777777777775,4030.81,2,2,1.5,4.0,0,Occasional / Lower-Engagement Customers
C04828,9,651.3255555555556,5861.93,3,2,2.25,4.6,1,Highly Engaged / High-Value Customers
C04829,7,435.32,3047.24,3,0,2.333333333333333,4.0,0,Occasional / Lower-Engagement Customers
C04830,4,566.225,2264.9,2,0,1.0,1.0,0,Occasional / Lower-Engagement Customers
C04831,5,762.196,3810.98,0,1,1.6666666666666667,3.5,0,Occasional / Lower-Engagement Customers
C04832,7,491.3757142857143,3439.63,2,2,2.333333333333333,4.0,0,Occasional / Lower-Engagement Customers
C04833,14,435.7228571428572,6100.12,4,1,3.5,3.363636363636364,1,Highly Engaged / High-Value Customers
C04834,9,510.0899999999999,4590.81,5,0,1.8,3.857142857142857,0,Occasional / Lower-Engagement Customers
C04835,10,575.266,5752.66,5,2,2.0,3.7777777777777777,1,Highly Engaged / High-Value Customers
C04836,10,551.507,5515.07,2,2,2.0,4.125,0,Occasional / Lower-Engagement Customers
C04837,9,636.8511111111111,5731.66,4,1,2.25,4.0,1,Highly Engaged / High-Value Customers
C04838,13,518.7792307692308,6744.13,7,4,2.6,3.75,1,Highly Engaged / High-Value Customers
C04839,9,617.0577777777777,5553.52,4,1,1.8,3.75,0,Occasional / Lower-Engagement Customers
C04840,21,477.4766666666667,10027.01,8,2,3.5,4.142857142857143,1,Highly Engaged / High-Value Customers
C04841,10,396.313,3963.13,1,2,2.0,3.857142857142857,0,Occasional / Lower-Engagement Customers
C04842,11,632.4054545454545,6956.46,7,0,2.2,4.5,1,Highly Engaged / High-Value Customers
C04843,6,573.1566666666666,3438.94,5,0,2.0,3.6,0,Occasional / Lower-Engagement Customers
C04844,7,498.2728571428571,3487.91,3,1,2.333333333333333,3.2,0,Occasional / Lower-Engagement Customers
C04845,7,464.0271428571429,3248.19,3,4,1.4,3.0,0,Occasional / Lower-Engagement Customers
C04846,13,713.5130769230769,9275.67,5,0,2.1666666666666665,3.4166666666666665,1,Highly Engaged / High-Value Customers
C04847,11,665.2627272727273,7317.89,2,1,2.2,3.2,1,Highly Engaged / High-Value Customers
C04848,6,583.8733333333333,3503.24,1,2,2.0,4.6,0,Occasional / Lower-Engagement Customers
C04849,6,661.3783333333333,3968.27,1,0,1.2,3.8,0,Occasional / Lower-Engagement Customers
C04850,6,782.7216666666667,4696.33,2,2,1.2,4.75,0,Occasional / Lower-Engagement Customers
C04851,10,498.915,4989.15,2,6,2.5,4.428571428571429,1,Highly Engaged / High-Value Customers
C04852,5,414.63,2073.15,0,0,1.6666666666666667,4.0,0,Occasional / Lower-Engagement Customers
C04853,18,548.2855555555556,9869.14,5,2,3.0,4.166666666666667,1,Highly Engaged / High-Value Customers
C04854,12,370.9458333333334,4451.35,4,3,2.4,3.875,1,Highly Engaged / High-Value Customers
C04855,8,665.6325,5325.06,2,5,2.0,3.333333333333333,1,Highly Engaged / High-Value Customers
C04856,10,609.403,6094.03,4,4,1.6666666666666667,4.142857142857143,1,Highly Engaged / High-Value Customers
C04857,9,540.4455555555555,4864.01,5,3,1.8,4.125,1,Highly Engaged / High-Value Customers
C04858,12,384.475,4613.7,4,2,2.4,3.6666666666666665,1,Highly Engaged / High-Value Customers
C04859,13,477.8161538461539,6211.610000000001,7,5,2.1666666666666665,2.6666666666666665,1,Highly Engaged / High-Value Customers
C04860,4,518.785,2075.14,3,1,1.3333333333333333,5.0,0,Occasional / Lower-Engagement Customers
C04861,18,641.9694444444444,11555.45,10,5,3.0,4.3,1,Highly Engaged / High-Value Customers
C04862,12,729.3891666666667,8752.67,3,5,3.0,3.6666666666666665,1,Highly Engaged / High-Value Customers
C04863,13,630.2246153846154,8192.92,7,2,2.1666666666666665,3.7777777777777777,1,Highly Engaged / High-Value Customers
C04864,6,540.525,3243.15,1,3,1.5,4.5,0,Occasional / Lower-Engagement Customers
C04865,8,424.065,3392.5199999999995,5,2,2.0,3.2857142857142856,0,Occasional / Lower-Engagement Customers
C04866,11,738.2363636363636,8120.6,4,3,1.8333333333333333,3.8333333333333335,1,Highly Engaged / High-Value Customers
C04867,12,419.60083333333336,5035.21,4,3,2.4,4.285714285714286,1,Highly Engaged / High-Value Customers
C04868,9,447.9088888888889,4031.18,5,4,1.5,4.25,0,Occasional / Lower-Engagement Customers
C04869,12,524.3791666666667,6292.55,4,4,2.4,3.888888888888889,1,Highly Engaged / High-Value Customers
C04870,11,623.9854545454546,6863.84,4,3,2.2,3.875,1,Highly Engaged / High-Value Customers
C04871,8,675.9125,5407.3,2,1,1.3333333333333333,3.4,0,Occasional / Lower-Engagement Customers
C04872,10,418.835,4188.35,2,2,2.0,2.857142857142857,0,Occasional / Lower-Engagement Customers
C04873,11,518.4072727272728,5702.4800000000005,5,3,2.75,4.428571428571429,1,Highly Engaged / High-Value Customers
C04874,10,574.5440000000001,5745.4400000000005,3,3,2.0,3.7142857142857135,1,Highly Engaged / High-Value Customers
C04875,9,582.1255555555556,5239.13,4,2,2.25,4.166666666666667,1,Highly Engaged / High-Value Customers
C04876,8,531.18125,4249.45,6,1,1.6,3.1666666666666665,0,Occasional / Lower-Engagement Customers
C04877,9,459.53222222222223,4135.79,3,4,1.8,4.333333333333333,0,Occasional / Lower-Engagement Customers
C04878,11,519.3336363636364,5712.67,5,3,1.8333333333333333,3.75,1,Highly Engaged / High-Value Customers
C04879,4,346.8975,1387.59,0,2,1.3333333333333333,4.0,0,Occasional / Lower-Engagement Customers
C04880,10,491.29,4912.9,2,3,2.5,4.2,1,Highly Engaged / High-Value Customers
C04881,13,419.1276923076923,5448.66,5,1,2.1666666666666665,4.416666666666667,1,Highly Engaged / High-Value Customers
C04882,8,464.0725,3712.58,2,2,2.6666666666666665,4.25,0,Occasional / Lower-Engagement Customers
C04883,14,649.5585714285714,9093.82,7,7,2.8,4.5,1,Highly Engaged / High-Value Customers
C04884,4,422.5325,1690.13,0,0,1.0,4.0,0,Occasional / Lower-Engagement Customers
C04885,6,382.465,2294.79,2,2,1.5,3.25,0,Occasional / Lower-Engagement Customers
C04886,11,432.1545454545454,4753.7,2,1,2.2,3.7142857142857135,0,Occasional / Lower-Engagement Customers
C04887,8,618.0862500000001,4944.6900000000005,3,4,2.0,4.166666666666667,0,Occasional / Lower-Engagement Customers
C04888,10,611.924,6119.24,5,7,2.5,4.0,1,Highly Engaged / High-Value Customers
C04889,10,611.421,6114.21,4,2,2.0,4.5,1,Highly Engaged / High-Value Customers
C04890,9,688.4355555555555,6195.92,3,1,2.25,4.2,0,Occasional / Lower-Engagement Customers
C04891,11,595.2745454545454,6548.02,5,1,2.2,3.2857142857142856,1,Highly Engaged / High-Value Customers
C04892,10,356.184,3561.84,5,1,2.5,3.75,0,Occasional / Lower-Engagement Customers
C04893,10,615.494,6154.9400000000005,4,4,2.5,4.125,1,Highly Engaged / High-Value Customers
C04894,10,473.332,4733.32,4,2,2.5,4.0,1,Highly Engaged / High-Value Customers
C04895,11,490.10636363636365,5391.17,6,4,2.2,3.333333333333333,1,Highly Engaged / High-Value Customers
C04896,11,445.74545454545455,4903.2,3,1,2.2,3.6666666666666665,0,Occasional / Lower-Engagement Customers
C04897,11,603.5827272727273,6639.41,4,3,1.8333333333333333,4.125,1,Highly Engaged / High-Value Customers
C04898,7,313.7728571428571,2196.41,2,0,1.75,2.5,0,Occasional / Lower-Engagement Customers
C04899,5,529.134,2645.67,0,2,1.6666666666666667,3.6666666666666665,0,Occasional / Lower-Engagement Customers
C04900,6,448.3666666666666,2690.2,2,3,2.0,3.0,0,Occasional / Lower-Engagement Customers
C04901,8,510.89625,4087.17,4,1,2.0,4.142857142857143,0,Occasional / Lower-Engagement Customers
C04902,8,238.90375,1911.23,3,3,1.6,4.166666666666667,0,Occasional / Lower-Engagement Customers
C04903,8,531.55625,4252.45,3,1,1.6,3.857142857142857,0,Occasional / Lower-Engagement Customers
C04904,6,677.09,4062.54,2,1,1.5,2.5,0,Occasional / Lower-Engagement Customers
C04905,12,485.1641666666667,5821.97,5,3,2.0,3.4285714285714284,1,Highly Engaged / High-Value Customers
C04906,8,570.87875,4567.03,3,1,1.3333333333333333,3.2857142857142856,0,Occasional / Lower-Engagement Customers
C04907,9,599.6966666666667,5397.27,1,1,1.5,4.5,0,Occasional / Lower-Engagement Customers
C04908,7,495.3914285714286,3467.74,1,4,1.75,3.0,0,Occasional / Lower-Engagement Customers
C04909,9,552.8011111111111,4975.21,3,3,2.25,3.5,1,Highly Engaged / High-Value Customers
C04910,8,604.46375,4835.71,2,5,1.3333333333333333,4.0,0,Occasional / Lower-Engagement Customers
C04911,7,367.9371428571429,2575.56,5,4,1.75,4.6,0,Occasional / Lower-Engagement Customers
C04912,11,684.6672727272727,7531.34,3,2,1.8333333333333333,4.666666666666667,1,Highly Engaged / High-Value Customers
C04913,5,495.968,2479.84,1,2,1.6666666666666667,4.0,0,Occasional / Lower-Engagement Customers
C04914,7,496.9028571428571,3478.32,2,1,2.333333333333333,3.333333333333333,0,Occasional / Lower-Engagement Customers
C04915,10,530.568,5305.68,8,4,2.0,3.375,1,Highly Engaged / High-Value Customers
C04916,11,736.710909090909,8103.82,4,2,2.2,4.125,1,Highly Engaged / High-Value Customers
C04917,7,709.1285714285714,4963.9,6,2,1.75,3.8,0,Occasional / Lower-Engagement Customers
C04918,7,330.1457142857143,2311.02,1,2,2.333333333333333,3.0,0,Occasional / Lower-Engagement Customers
C04919,9,549.8022222222221,4948.219999999999,4,1,1.5,3.1666666666666665,0,Occasional / Lower-Engagement Customers
C04920,10,466.54,4665.4,3,3,1.6666666666666667,2.6666666666666665,0,Occasional / Lower-Engagement Customers
C04921,7,442.94,3100.58,2,2,1.75,3.75,0,Occasional / Lower-Engagement Customers
C04922,13,778.6861538461538,10122.92,6,5,2.6,3.8333333333333335,1,Highly Engaged / High-Value Customers
C04923,4,430.325,1721.3,3,1,1.3333333333333333,4.5,0,Occasional / Lower-Engagement Customers
C04924,14,527.3385714285714,7382.74,4,3,2.333333333333333,4.333333333333333,1,Highly Engaged / High-Value Customers
C04925,9,387.2766666666667,3485.49,4,5,1.8,2.333333333333333,0,Occasional / Lower-Engagement Customers
C04926,10,649.7969999999999,6497.969999999999,4,2,2.0,3.875,1,Highly Engaged / High-Value Customers
C04927,15,612.4293333333334,9186.44,6,5,2.5,3.3,1,Highly Engaged / High-Value Customers
C04928,7,573.2585714285714,4012.81,2,2,1.75,3.4,0,Occasional / Lower-Engagement Customers
C04929,12,508.6508333333333,6103.81,4,3,2.4,2.75,1,Highly Engaged / High-Value Customers
C04930,6,499.17,2995.02,2,3,2.0,4.0,0,Occasional / Lower-Engagement Customers
C04931,11,557.0945454545455,6128.04,6,5,2.2,4.142857142857143,1,Highly Engaged / High-Value Customers
C04932,10,723.984,7239.84,3,3,1.6666666666666667,4.4,1,Highly Engaged / High-Value Customers
C04933,9,583.2777777777778,5249.5,5,4,3.0,3.8,1,Highly Engaged / High-Value Customers
C04934,5,397.268,1986.34,2,0,1.25,3.5,0,Occasional / Lower-Engagement Customers
C04935,11,491.3609090909091,5404.97,2,1,2.2,3.5,0,Occasional / Lower-Engagement Customers
C04936,12,489.1325,5869.59,5,3,2.0,3.875,1,Highly Engaged / High-Value Customers
C04937,14,598.6235714285714,8380.73,3,2,2.333333333333333,4.0,1,Highly Engaged / High-Value Customers
C04938,14,493.36285714285714,6907.08,5,3,2.8,4.111111111111111,1,Highly Engaged / High-Value Customers
C04939,6,793.1416666666668,4758.85,4,1,1.5,4.75,0,Occasional / Lower-Engagement Customers
C04940,5,630.846,3154.23,2,3,1.6666666666666667,4.333333333333333,0,Occasional / Lower-Engagement Customers
C04941,4,508.6,2034.4,2,1,2.0,4.25,0,Occasional / Lower-Engagement Customers
C04942,8,544.2775,4354.22,4,2,1.3333333333333333,3.4285714285714284,0,Occasional / Lower-Engagement Customers
C04943,9,565.0744444444445,5085.67,5,2,1.8,4.333333333333333,0,Occasional / Lower-Engagement Customers
C04944,13,494.7523076923077,6431.78,5,5,2.6,3.727272727272727,1,Highly Engaged / High-Value Customers
C04945,14,520.5085714285714,7287.12,5,2,3.5,4.25,1,Highly Engaged / High-Value Customers
C04946,10,360.165,3601.65,3,7,1.6666666666666667,3.142857142857143,1,Highly Engaged / High-Value Customers
C04947,12,660.7541666666667,7929.05,5,4,2.4,4.666666666666667,1,Highly Engaged / High-Value Customers
C04948,9,435.8122222222222,3922.31,2,3,2.25,4.4,0,Occasional / Lower-Engagement Customers
C04949,5,485.212,2426.06,3,3,1.6666666666666667,3.333333333333333,0,Occasional / Lower-Engagement Customers
C04950,6,560.1616666666667,3360.9700000000003,4,3,2.0,3.6666666666666665,0,Occasional / Lower-Engagement Customers
C04951,12,480.4116666666666,5764.94,4,1,2.4,3.142857142857143,1,Highly Engaged / High-Value Customers
C04952,6,441.65,2649.9,1,1,1.5,2.6666666666666665,0,Occasional / Lower-Engagement Customers
C04953,2,551.58,1103.16,1,1,1.0,3.0,0,Occasional / Lower-Engagement Customers
C04954,11,572.4527272727273,6296.9800000000005,5,3,2.2,4.333333333333333,1,Highly Engaged / High-Value Customers
C04955,6,414.31166666666667,2485.87,2,1,1.2,4.0,0,Occasional / Lower-Engagement Customers
C04956,8,374.80875,2998.4700000000003,2,1,2.0,2.8,0,Occasional / Lower-Engagement Customers
C04957,10,547.376,5473.76,3,2,2.0,3.75,0,Occasional / Lower-Engagement Customers
C04958,11,638.0163636363636,7018.18,3,4,2.2,3.5,1,Highly Engaged / High-Value Customers
C04959,8,441.5925,3532.74,2,1,2.0,4.0,0,Occasional / Lower-Engagement Customers
C04960,9,945.9522222222222,8513.57,3,3,1.5,3.75,1,Highly Engaged / High-Value Customers
C04961,5,505.686,2528.4300000000003,3,1,1.25,3.8,0,Occasional / Lower-Engagement Customers
C04962,6,660.3066666666667,3961.84,1,1,2.0,4.5,0,Occasional / Lower-Engagement Customers
C04963,4,889.815,3559.26,1,1,1.3333333333333333,3.0,0,Occasional / Lower-Engagement Customers
C04964,16,576.651875,9226.43,6,6,2.6666666666666665,3.625,1,Highly Engaged / High-Value Customers
C04965,14,586.8478571428572,8215.87,7,4,2.333333333333333,3.25,1,Highly Engaged / High-Value Customers
C04966,11,526.2609090909091,5788.87,3,2,2.2,3.6666666666666665,1,Highly Engaged / High-Value Customers
C04967,11,604.9727272727273,6654.7,4,2,1.8333333333333333,4.125,1,Highly Engaged / High-Value Customers
C04968,9,625.8455555555555,5632.61,5,4,2.25,3.0,1,Highly Engaged / High-Value Customers
C04969,11,551.5454545454545,6067.0,6,4,2.75,3.4,1,Highly Engaged / High-Value Customers
C04970,7,414.1757142857143,2899.23,1,0,1.4,4.714285714285714,0,Occasional / Lower-Engagement Customers
C04971,7,787.2928571428572,5511.05,3,2,1.75,4.2,0,Occasional / Lower-Engagement Customers
C04972,8,623.6675,4989.34,3,2,1.6,4.0,0,Occasional / Lower-Engagement Customers
C04973,14,589.1528571428571,8248.14,1,4,2.333333333333333,4.222222222222222,1,Highly Engaged / High-Value Customers
C04974,9,670.9344444444445,6038.41,4,2,3.0,2.875,1,Highly Engaged / High-Value Customers
C04975,11,533.2618181818182,5865.88,7,0,1.8333333333333333,4.857142857142857,1,Highly Engaged / High-Value Customers
C04976,5,906.4,4532.0,3,2,1.6666666666666667,4.0,0,Occasional / Lower-Engagement Customers
C04977,10,597.441,5974.41,2,2,2.0,3.6666666666666665,0,Occasional / Lower-Engagement Customers
C04978,9,573.5544444444445,5161.99,3,1,1.8,3.8,0,Occasional / Lower-Engagement Customers
C04979,13,629.5061538461539,8183.58,5,3,2.6,3.3076923076923075,1,Highly Engaged / High-Value Customers
C04980,10,447.138,4471.38,1,2,1.6666666666666667,4.0,0,Occasional / Lower-Engagement Customers
C04981,7,606.1528571428571,4243.07,2,1,2.333333333333333,3.25,0,Occasional / Lower-Engagement Customers
C04982,8,498.53875,3988.31,3,2,2.0,3.6,0,Occasional / Lower-Engagement Customers
C04983,9,909.3788888888888,8184.41,4,5,1.5,4.0,1,Highly Engaged / High-Value Customers
C04984,9,489.00111111111113,4401.01,5,1,1.8,4.0,0,Occasional / Lower-Engagement Customers
C04985,9,369.0944444444444,3321.85,3,3,1.8,4.2,0,Occasional / Lower-Engagement Customers
C04986,8,668.62625,5349.01,4,4,2.0,4.428571428571429,1,Highly Engaged / High-Value Customers
C04987,7,516.6114285714285,3616.28,4,2,1.4,3.6666666666666665,0,Occasional / Lower-Engagement Customers
C04988,12,692.2191666666666,8306.63,5,2,3.0,4.333333333333333,1,Highly Engaged / High-Value Customers
C04989,6,840.0233333333334,5040.14,2,1,2.0,3.333333333333333,0,Occasional / Lower-Engagement Customers
C04990,11,708.7445454545455,7796.19,6,2,2.2,2.6666666666666665,1,Highly Engaged / High-Value Customers
C04991,5,538.134,2690.67,0,1,1.6666666666666667,3.75,0,Occasional / Lower-Engagement Customers
C04992,12,407.8258333333333,4893.91,6,4,3.0,3.6666666666666665,1,Highly Engaged / High-Value Customers
C04993,4,286.3225,1145.29,3,0,2.0,4.0,0,Occasional / Lower-Engagement Customers
C04994,16,580.484375,9287.75,6,6,2.6666666666666665,3.692307692307693,1,Highly Engaged / High-Value Customers
C04995,12,511.1875,6134.25,3,5,2.0,2.6666666666666665,1,Highly Engaged / High-Value Customers
C04996,11,549.6736363636363,6046.41,4,3,2.2,3.4444444444444446,1,Highly Engaged / High-Value Customers
C04997,10,380.162,3801.62,3,5,2.0,4.0,1,Highly Engaged / High-Value Customers
C04998,3,1186.51,3559.53,0,1,1.0,2.0,0,Occasional / Lower-Engagement Customers
C04999,7,620.3714285714286,4342.6,3,0,1.75,4.0,0,Occasional / Lower-Engagement Customers
C05000,10,436.034,4360.34,5,2,1.6666666666666667,4.571428571428571,0,Occasional / Lower-Engagement Customers
