delivery_distance_km,preparation_time_min,order_amount,num_items,weather,traffic_condition,restaurant_category,restaurant_rating,avg_prep_time,hour,day_of_week,is_weekend,actual_delivery_time,predicted_delivery_time
0.8,28,1194.01,5,Clear,Medium,Indian,4.0,27,15,0,0,44.8,44.768542932992126
2.01,21,151.79,1,Cloudy,Low,Cafe,4.4,25,17,6,1,33.2,34.78970882571647
3.18,18,804.7,3,Clear,Medium,Bakery,4.4,20,13,6,1,42.4,42.60131629247147
14.29,9,196.35,1,Clear,High,Desserts,4.5,10,21,2,0,80.5,85.08584085605668
2.03,20,618.51,3,Cloudy,Low,Cafe,4.1,22,9,4,0,28.2,32.048793031407655
2.74,21,1120.21,4,Clear,Low,Indian,3.8,25,19,6,1,34.7,35.8595538492513
7.47,16,217.08,2,Cloudy,High,Cafe,3.3,21,20,5,1,69.2,70.22289808536411
2.81,16,132.66,1,Cloudy,Medium,South Indian,4.0,17,13,1,0,41.0,41.24218752529903
2.41,29,1704.56,6,Clear,Medium,Chinese,4.5,26,22,5,1,51.0,53.056082413617005
5.0,21,461.23,2,Rain,Low,Healthy,3.9,16,18,2,0,55.0,51.43443878842718
2.51,43,216.64,1,Storm,High,Indian,3.8,40,21,5,1,89.5,93.04210982547676
9.29,13,944.75,4,Storm,Medium,Fast Food,4.2,14,13,2,0,72.7,73.88506962566476
2.81,13,1083.36,5,Cloudy,High,Desserts,3.6,16,21,4,0,45.0,51.00909128723785
2.04,13,1168.76,6,Cloudy,Medium,Bakery,3.7,11,1,4,0,32.9,32.8501526535352
3.12,22,1028.77,4,Clear,Low,Healthy,4.7,26,23,5,1,30.7,39.03021273237091
7.03,37,338.37,1,Clear,Medium,Biryani,4.3,38,20,5,1,73.1,76.95280422881494
4.98,16,489.56,2,Cloudy,Low,Healthy,3.9,16,14,0,0,37.0,39.46022455493801
5.35,18,210.0,2,Clear,Low,Chinese,4.2,21,23,4,0,34.1,42.8448862594789
7.39,23,409.47,4,Cloudy,Medium,Chinese,3.9,23,8,0,0,68.8,63.19951337956326
1.9,16,246.39,1,Clear,High,Bakery,4.2,14,22,3,0,42.8,48.96039966561653
2.4,41,140.48,1,Cloudy,High,Biryani,4.3,38,18,5,1,79.1,77.02948347681836
6.04,21,669.08,2,Cloudy,Medium,Cafe,4.3,24,10,6,1,47.6,57.053290745973456
0.95,25,140.81,1,Clear,High,Healthy,4.4,22,13,5,1,60.1,52.66750709238709
4.11,37,139.67,1,Cloudy,Low,Indian,4.0,40,7,4,0,61.2,55.8630253845865
2.52,22,437.41,3,Clear,Low,Fast Food,4.7,24,2,2,0,25.7,31.88264652283929
4.51,35,290.52,1,Rain,Low,Indian,4.4,32,5,1,0,55.7,60.65662543460907
0.86,31,1098.06,4,Cloudy,Medium,Pizza,4.0,35,19,3,0,50.5,50.94712644123044
3.95,19,665.36,3,Cloudy,Low,South Indian,4.1,17,7,1,0,40.1,37.13196795077465
11.47,16,328.74,1,Clear,Medium,Fast Food,4.3,16,19,2,0,67.7,70.90097562991596
0.96,19,80.86,1,Rain,Low,Cafe,4.9,14,20,4,0,37.7,35.646909834734004
2.15,8,429.22,4,Storm,Low,Bakery,4.7,11,18,0,0,34.1,35.229204203087434
1.1,41,325.07,2,Clear,High,Biryani,5.0,42,20,0,0,71.6,70.83763099727541
8.73,39,566.39,2,Rain,Medium,Indian,4.3,36,6,1,0,83.6,89.41496590973621
6.34,13,837.21,4,Rain,High,Cafe,4.9,14,18,1,0,72.3,68.51580164837242
10.47,21,283.59,1,Cloudy,High,Pizza,4.8,24,22,6,1,88.8,85.9652689507965
8.22,8,883.58,3,Clear,High,Desserts,4.6,10,6,2,0,56.1,59.39549173962313
1.8,24,683.07,4,Cloudy,Medium,Indian,4.2,29,19,5,1,50.2,47.162086441386194
7.41,8,1033.44,3,Clear,Low,Bakery,4.2,13,9,3,0,43.2,36.78177268205255
2.13,28,1544.7,5,Rain,Low,Indian,3.4,31,15,3,0,44.6,47.799981420230495
8.15,19,140.99,1,Rain,Medium,Chinese,4.3,23,14,0,0,71.3,69.18363579933997
4.01,27,1166.1,5,Cloudy,Low,Chinese,4.1,27,8,4,0,51.3,45.733683841438605
0.5,17,510.13,2,Rain,Medium,Desserts,3.6,16,7,6,1,34.3,38.88350602520385
5.31,35,809.73,4,Rain,Medium,Indian,4.2,32,18,2,0,83.3,76.18452152779128
7.48,12,426.55,2,Clear,High,Cafe,4.0,13,20,4,0,66.8,64.20137427617368
3.22,38,467.39,2,Clear,Medium,Biryani,3.9,39,14,5,1,65.0,63.27998793044047
11.7,31,609.49,2,Clear,Low,Pizza,3.2,29,23,6,1,74.5,78.2438491792451
5.14,13,294.09,1,Clear,Low,South Indian,3.7,18,9,5,1,32.9,33.89219144382287
5.62,20,363.75,2,Cloudy,Medium,Chinese,3.6,21,14,5,1,62.3,55.495213520304375
8.7,25,94.38,1,Clear,Low,Pizza,4.1,26,17,5,1,58.0,60.196812578221724
5.05,15,164.52,2,Clear,Low,Bakery,3.9,17,7,6,1,43.2,35.07460972555832
3.36,18,140.06,1,Rain,Medium,Healthy,4.0,16,19,4,0,56.6,52.64937530224384
0.5,33,1552.68,5,Clear,High,Healthy,4.0,29,12,0,0,59.2,58.92817430457323
6.44,31,1017.99,3,Clear,High,Chinese,4.6,34,19,1,0,73.9,79.26337540428155
3.03,26,1861.39,6,Cloudy,Medium,Pizza,4.0,24,23,4,0,59.3,54.46846061738651
3.03,14,449.54,5,Cloudy,High,Cafe,3.5,10,5,5,1,51.1,49.131402734324034
3.15,11,661.54,2,Clear,Low,Cafe,4.4,14,4,0,0,23.5,23.75932522691207
4.61,35,1004.69,3,Cloudy,High,Indian,4.3,37,11,1,0,68.9,76.99576608073167
15.43,43,346.16,1,Clear,Low,Biryani,3.5,45,10,1,0,102.2,100.45009265835736
6.64,45,608.52,2,Cloudy,Low,Biryani,3.9,42,17,6,1,71.9,75.22718081342194
11.32,38,219.41,1,Cloudy,Low,Biryani,5.0,42,6,0,0,85.0,81.87600907172207
4.08,38,1545.36,6,Clear,Low,Chinese,4.4,33,7,0,0,59.3,54.71653658146261
1.11,8,347.73,3,Cloudy,Medium,Bakery,3.2,11,18,5,1,28.4,28.536361638902747
2.75,20,504.62,2,Rain,Low,Cafe,4.6,20,13,6,1,44.4,41.393434361018194
0.62,13,276.76,1,Clear,Low,Cafe,4.4,11,20,5,1,24.3,20.593131687101703
11.2,41,469.02,2,Clear,Low,Indian,4.6,37,1,2,0,78.2,81.2424807787962
2.53,33,470.55,2,Rain,Medium,Pizza,3.8,32,1,1,0,54.6,60.60157272397037
8.54,16,667.28,2,Cloudy,Low,South Indian,4.4,20,3,6,1,47.0,49.33314082781834
1.36,32,690.49,2,Cloudy,High,South Indian,4.0,30,23,5,1,60.3,65.36415693829207
1.74,25,429.47,2,Clear,Medium,Cafe,4.1,22,23,3,0,44.2,46.98410506961393
1.97,21,530.44,2,Cloudy,High,Indian,4.7,23,20,6,1,63.6,55.74606283959128
3.59,43,300.52,3,Rain,Low,Biryani,3.5,45,6,3,0,61.4,65.97969947835259
0.93,24,417.58,3,Rain,Low,Pizza,3.2,29,15,6,1,42.2,39.58318251952207
7.11,24,82.59,1,Rain,Low,Pizza,4.6,29,14,2,0,63.6,60.79156638513734
3.04,46,292.51,3,Cloudy,High,Biryani,3.8,44,20,2,0,84.9,84.765810619586
1.7,22,205.65,1,Cloudy,Medium,Fast Food,3.9,17,7,0,0,46.4,41.91271378047186
6.69,16,348.36,1,Clear,Low,Desserts,4.4,12,18,1,0,50.4,44.275131996579134
1.33,27,360.09,3,Rain,Low,Pizza,4.3,32,23,1,0,37.3,45.62975389423542
5.94,18,691.94,2,Cloudy,Medium,South Indian,4.2,20,22,5,1,58.8,56.31580213898243
9.62,31,337.27,1,Cloudy,Low,South Indian,3.4,26,15,3,0,69.2,70.98326596547227
3.59,26,249.34,2,Rain,High,Pizza,4.0,24,21,2,0,73.6,72.6454590478049
5.21,20,598.68,4,Clear,Medium,Fast Food,5.0,15,4,4,0,53.9,49.436456328658835
11.27,27,268.95,3,Clear,High,Fast Food,4.0,23,22,6,1,88.0,92.74195816381817
6.13,29,727.38,5,Clear,Low,Healthy,4.5,24,22,4,0,55.8,56.322505765125555
20.0,20,879.46,4,Clear,Medium,Bakery,4.3,15,18,3,0,104.8,104.61597384361164
3.37,20,346.87,2,Cloudy,Medium,Bakery,4.3,15,9,0,0,49.6,46.22592732641824
0.97,39,702.56,4,Cloudy,High,Indian,3.8,40,18,1,0,68.4,69.88035781718389
10.18,17,1494.36,5,Clear,Medium,Cafe,4.4,14,21,6,1,67.6,68.07366448322628
3.94,21,298.95,1,Rain,Low,Healthy,3.9,19,15,1,0,42.4,47.035692534213624
5.29,28,361.56,2,Rain,Medium,South Indian,3.8,24,20,6,1,74.6,69.59137381340254
9.04,19,269.83,1,Clear,Medium,Chinese,3.6,21,3,4,0,63.7,62.00551634094852
1.7,12,93.62,1,Clear,Medium,Cafe,4.7,12,14,0,0,32.2,31.618327422658602
0.76,29,289.78,1,Clear,Medium,Chinese,4.2,33,4,1,0,35.8,43.15486588055056
1.04,48,1513.15,5,Cloudy,Medium,Biryani,4.1,48,8,5,1,64.4,66.26919512325011
0.91,32,429.27,2,Clear,Medium,Indian,4.2,29,3,0,0,44.3,46.37630040712004
2.89,7,685.89,6,Clear,Medium,Fast Food,3.5,10,22,4,0,25.4,32.585512901143595
3.93,13,516.31,2,Rain,Low,Cafe,4.0,18,17,5,1,37.6,39.50173190769865
12.52,31,93.97,1,Storm,High,Pizza,4.0,29,6,4,0,108.5,112.60041923557989
0.5,20,335.71,3,Clear,High,Pizza,4.3,20,14,0,0,47.3,46.198352613982195
1.92,20,133.03,1,Clear,High,Indian,4.0,21,21,1,0,55.1,52.85291911444627
3.72,15,99.72,1,Clear,Medium,Desserts,4.5,15,20,2,0,45.1,43.04277213592327
1.93,9,382.6,2,Cloudy,Medium,Fast Food,4.2,14,3,6,1,29.2,28.816013036333864
0.94,38,164.62,2,Clear,Medium,Indian,3.8,33,13,6,1,54.3,54.880449750987815
1.49,9,116.1,1,Clear,Low,Fast Food,4.2,14,17,5,1,13.9,18.780602500619068
5.69,26,373.73,2,Clear,High,Indian,4.5,23,21,6,1,68.3,72.04868441467502
4.16,11,426.36,3,Clear,Medium,Fast Food,4.2,15,13,4,0,43.5,38.93299668696596
0.96,27,474.7,2,Cloudy,Medium,Indian,3.8,23,21,4,0,50.3,47.739390802187145
1.75,33,589.81,2,Cloudy,Medium,South Indian,4.3,30,1,0,0,52.9,51.785520241440054
13.88,33,1073.53,4,Rain,High,Chinese,4.1,35,14,6,1,117.6,114.20425695621412
3.66,5,212.12,1,Clear,High,Fast Food,4.3,10,13,6,1,49.9,41.98330395341581
4.97,24,279.63,3,Rain,High,Chinese,3.9,23,11,5,1,66.0,73.23471961862599
3.81,18,514.18,2,Clear,Low,Fast Food,4.2,23,7,5,1,34.3,33.65663047569613
1.69,22,414.74,3,Clear,Medium,Cafe,4.7,23,22,4,0,43.3,43.4998532029752
0.5,13,841.77,3,Clear,High,Bakery,3.4,16,20,2,0,40.5,40.706824468964214
3.43,13,404.1,3,Cloudy,Medium,South Indian,4.1,17,23,3,0,39.0,42.70711762521039
6.13,33,436.05,2,Clear,High,Chinese,3.6,33,13,2,0,83.6,78.91192432720312
4.75,20,327.89,2,Clear,Low,Cafe,4.2,16,1,0,0,44.9,37.67686227947829
6.42,13,1297.5,4,Cloudy,High,Bakery,3.7,11,0,4,0,62.0,58.81422712410752
1.96,24,364.86,4,Clear,Low,Cafe,3.8,19,11,3,0,35.1,34.26697285436186
6.2,28,495.41,2,Clear,Medium,Chinese,4.2,33,18,3,0,66.8,64.44425770599159
4.84,22,1254.83,5,Clear,High,Pizza,4.1,23,21,2,0,63.4,65.10788383677342
7.29,26,385.95,3,Clear,Medium,Pizza,4.1,22,9,5,1,56.5,64.11603240561222
4.56,29,563.66,2,Clear,Medium,Healthy,4.5,25,20,1,0,61.4,60.090066599583835
3.13,19,597.41,2,Clear,Low,South Indian,4.0,17,13,6,1,37.9,33.747173704423545
0.8,17,132.6,1,Clear,Low,Cafe,4.4,21,4,2,0,20.0,21.55534719784376
3.34,31,670.27,3,Clear,Medium,Indian,4.1,29,21,3,0,59.3,58.07174812332712
3.58,19,261.0,3,Clear,Low,Pizza,3.9,21,8,5,1,33.1,34.186827901590796
2.97,12,1147.71,5,Clear,Low,Bakery,3.4,16,8,6,1,28.6,25.106609282591833
2.14,15,633.8,4,Cloudy,Medium,Cafe,4.0,18,18,2,0,36.9,39.169476014092915
4.43,30,740.71,4,Clear,High,Pizza,4.0,34,13,5,1,73.4,69.88323835052674
2.87,39,884.88,3,Clear,Low,Biryani,4.0,43,1,0,0,56.6,50.32018343093452
2.17,37,144.47,1,Cloudy,Medium,Chinese,4.0,35,23,2,0,54.0,62.44791791668443
0.66,39,571.8,3,Rain,High,Biryani,4.0,43,18,0,0,78.4,74.90020692506911
2.22,29,769.66,3,Clear,High,Pizza,4.1,26,20,3,0,54.5,62.72399218126341
5.44,20,419.5,3,Clear,High,South Indian,4.2,20,20,1,0,70.2,64.86283429069543
0.79,22,450.61,2,Rain,Medium,Healthy,4.2,18,23,1,0,46.9,48.50833375543772
1.55,7,343.9,2,Clear,Medium,Fast Food,4.4,12,21,2,0,23.4,27.57414797929621
5.75,29,749.28,3,Clear,Medium,Indian,4.6,28,11,4,0,67.4,62.173590199588176
3.7,12,710.62,3,Storm,High,Fast Food,3.5,13,18,6,1,57.8,65.37923944709352
1.45,31,1874.8,6,Cloudy,High,Indian,3.8,29,18,6,1,66.1,63.63789005068805
4.62,28,303.35,3,Clear,Medium,South Indian,3.8,27,21,6,1,59.4,59.53217142370684
1.09,28,1077.46,5,Clear,Medium,Pizza,4.3,29,22,5,1,51.5,47.400216208028745
0.53,19,524.66,6,Clear,High,Pizza,4.3,20,12,3,0,49.4,44.846128923848404
3.09,29,1086.09,4,Clear,Medium,South Indian,3.4,26,18,2,0,55.7,54.54610723132701
2.81,38,183.85,1,Cloudy,Low,Biryani,4.8,37,6,3,0,55.8,52.12193003493161
11.71,10,273.15,1,Clear,High,Desserts,4.8,10,22,5,1,76.6,77.2679995918798
2.48,21,561.71,3,Cloudy,High,Cafe,4.0,18,19,4,0,61.8,57.4338491177789
5.88,14,678.68,2,Clear,Medium,Fast Food,4.4,11,18,0,0,55.2,49.045422169196414
3.62,29,1093.73,4,Cloudy,High,Healthy,4.5,25,21,1,0,65.2,69.80193902558955
2.03,34,694.38,4,Clear,Medium,Pizza,4.0,29,19,4,0,56.2,56.03716419941057
2.31,13,507.5,5,Rain,Low,Fast Food,4.2,14,2,1,0,30.4,30.058430189100974
6.18,22,204.81,1,Clear,Medium,South Indian,3.6,27,11,0,0,64.2,56.69630921850558
1.42,13,636.65,2,Clear,Medium,Desserts,4.4,18,17,5,1,27.5,32.37126585870697
6.27,26,504.51,2,Clear,Medium,South Indian,4.6,22,19,3,0,64.9,62.74840594836316
2.17,19,270.25,2,Cloudy,Low,Chinese,3.6,21,5,6,1,31.1,30.63621545782809
4.51,25,473.53,4,Clear,High,Cafe,3.6,20,11,0,0,72.8,64.71431815588846
2.66,26,964.33,3,Clear,Medium,Indian,4.1,28,22,5,1,52.9,50.94899726243456
2.3,13,288.17,1,Clear,Low,Desserts,4.4,18,14,1,0,31.1,24.999415829966026
6.23,32,873.29,3,Cloudy,High,Pizza,4.6,29,20,0,0,83.8,81.64357355668072
1.46,35,436.67,3,Cloudy,Medium,South Indian,4.3,30,22,4,0,62.7,57.609630128021564
3.26,30,183.98,1,Cloudy,High,South Indian,4.5,26,10,2,0,61.6,66.91513296186574
3.41,35,337.81,2,Rain,Medium,Chinese,4.3,31,13,1,0,77.3,68.3893911114571
8.51,21,313.26,2,Clear,Medium,Chinese,4.2,21,9,3,0,58.0,63.415812984890366
7.66,23,276.47,1,Clear,High,Pizza,3.7,20,18,6,1,80.9,75.36839428688002
4.31,28,368.05,2,Clear,High,Pizza,3.4,25,19,4,0,78.7,68.90168533855248
2.62,27,306.61,1,Clear,Low,Pizza,3.8,32,8,3,0,37.9,38.91098444830877
2.95,28,315.19,3,Clear,Low,Pizza,4.0,32,3,3,0,39.9,39.85527448815458
2.84,20,1511.48,5,Clear,High,Desserts,3.6,17,21,1,0,52.5,56.142611795417785
9.62,17,637.59,2,Clear,Medium,Pizza,4.1,22,21,6,1,65.3,66.08588508187107
1.4,22,511.21,3,Clear,Medium,Indian,4.0,21,21,6,1,38.4,42.27229561748212
11.43,14,341.54,1,Rain,High,Desserts,4.5,15,14,6,1,84.4,86.45641576982032
1.21,23,148.15,1,Clear,Low,South Indian,3.4,26,9,3,0,37.3,30.17339044687581
3.19,13,1241.44,4,Cloudy,Medium,Cafe,4.3,18,14,6,1,46.9,39.97996481746658
5.5,32,137.95,1,Clear,Medium,Indian,3.3,35,20,1,0,69.1,66.4953608186695
7.12,22,660.82,2,Clear,High,Pizza,3.7,25,20,6,1,66.2,72.96648718426599
4.14,38,311.99,1,Storm,High,Indian,4.3,39,20,5,1,101.9,93.4628218406227
4.23,25,459.43,2,Clear,Medium,Cafe,4.4,25,12,1,0,57.8,53.127432662380706
4.34,16,83.64,1,Clear,Low,South Indian,4.2,15,17,1,0,29.6,35.79462438502139
5.03,20,625.15,2,Clear,Low,Fast Food,4.2,15,9,6,1,41.7,40.38429581258432
1.88,17,221.92,1,Clear,Low,Indian,4.0,21,2,3,0,22.8,24.87252068839488
2.44,15,898.12,5,Rain,Low,Fast Food,4.4,12,6,5,1,32.2,33.467197640794836
12.93,28,1735.7,6,Clear,Medium,Healthy,4.7,26,17,6,1,82.3,87.76634610954648
4.55,21,639.58,2,Clear,Low,Fast Food,4.2,23,4,3,0,37.3,38.56438284108126
5.23,15,253.95,3,Clear,High,Bakery,3.2,11,17,0,0,57.0,58.512399460762225
4.48,17,204.54,1,Rain,High,Cafe,4.1,22,4,6,1,64.8,62.97771795264777
2.26,14,1045.88,4,Clear,Medium,Bakery,3.6,10,22,5,1,41.4,37.498825746636825
9.11,20,131.85,1,Clear,Low,Cafe,4.2,16,0,0,0,46.9,52.72029131059642
4.57,22,1100.3,5,Clear,High,Pizza,3.4,25,19,2,0,57.6,63.78782906746102
3.04,14,370.08,3,Clear,Medium,Healthy,3.3,15,21,6,1,40.5,40.134335001941494
2.31,15,1268.27,4,Clear,High,Cafe,3.8,19,8,6,1,38.9,46.42895267361204
2.99,20,681.34,3,Clear,Low,Pizza,3.7,20,13,6,1,36.1,34.34015931818116
9.45,15,440.93,2,Rain,Low,Fast Food,3.9,17,15,2,0,49.4,60.16206287392645
1.61,25,130.14,1,Rain,Medium,Indian,5.0,26,12,3,0,52.3,51.744628628354555
5.43,26,143.24,1,Rain,Low,South Indian,3.8,28,20,1,0,65.9,58.32633559569195
5.94,25,642.58,4,Clear,Low,Indian,4.2,26,4,0,0,51.9,47.47188242635681
5.75,31,185.0,2,Storm,Low,Biryani,4.6,33,4,5,1,65.7,67.98828941150504
2.35,41,548.95,2,Cloudy,Low,Biryani,4.5,45,11,1,0,48.6,54.70490487570031
3.93,20,1489.71,6,Rain,High,South Indian,3.8,24,22,6,1,62.5,68.10937260532572
1.48,22,862.46,5,Cloudy,High,Indian,5.0,26,14,5,1,52.6,53.57996257338936
0.87,19,427.05,4,Clear,Low,Healthy,4.0,17,15,0,0,17.9,26.273768573368606
7.69,38,597.04,3,Clear,Low,Chinese,4.4,33,9,1,0,71.0,67.81048067126756
0.5,24,707.36,3,Clear,High,Healthy,4.4,21,13,3,0,57.1,50.09125901047664
1.89,29,272.07,2,Rain,High,Biryani,4.6,33,21,4,0,71.2,69.8391638756661
7.48,25,465.59,3,Clear,Medium,Indian,3.8,25,3,1,0,64.9,62.423681399833
7.89,28,324.48,3,Clear,Medium,Chinese,4.2,33,18,5,1,70.9,70.33462087647375
1.62,27,653.12,2,Clear,Low,Pizza,4.4,23,8,0,0,32.4,35.265966548515664
7.83,16,672.18,2,Rain,Medium,Bakery,4.0,18,20,1,0,68.1,66.42194284053039
1.29,30,1016.16,4,Clear,High,Chinese,3.5,33,22,2,0,52.5,61.04844418973401
14.53,29,86.55,1,Cloudy,Low,Biryani,3.5,33,11,5,1,92.8,85.46886120527304
7.93,16,629.64,2,Rain,Medium,South Indian,3.7,18,23,0,0,63.0,67.47801041511592
2.64,31,1047.7,3,Clear,Medium,Indian,5.0,26,19,1,0,55.3,55.03806269630552
10.94,11,91.15,1,Rain,High,Healthy,4.3,16,6,4,0,83.7,79.9772233726984
3.74,18,1259.87,6,Clear,Low,Healthy,4.0,17,1,6,1,43.8,32.21363075203824
2.53,11,313.16,2,Cloudy,High,Desserts,4.4,12,3,3,0,45.2,43.763393269725924
3.41,31,255.11,3,Clear,Low,Pizza,4.6,29,3,1,0,41.4,44.342894761723954
4.77,25,303.87,2,Cloudy,Low,Indian,4.6,25,1,4,0,39.7,44.666986378501214
8.3,13,994.31,5,Clear,Medium,Fast Food,4.1,11,22,1,0,62.4,57.45928473241438
3.02,25,275.75,3,Clear,Medium,Pizza,4.0,24,21,0,0,48.1,50.8723704189496
1.61,34,763.76,5,Rain,Medium,Pizza,4.1,30,11,4,0,63.4,60.63611825615893
1.67,24,651.32,3,Clear,High,Pizza,4.0,24,21,4,0,53.9,56.0387949432718
2.62,19,180.9,2,Clear,Medium,Desserts,4.9,16,11,5,1,41.9,41.08597858887082
1.87,25,760.72,3,Clear,High,Indian,3.9,26,16,6,1,54.2,56.625663781083254
2.57,47,1354.08,5,Clear,Medium,Biryani,5.0,42,3,2,0,68.2,67.34361513323131
1.04,41,730.24,3,Rain,Medium,Biryani,4.0,38,11,0,0,67.8,65.8198055490569
14.35,29,689.81,5,Clear,Low,Indian,4.2,32,23,0,0,78.9,85.28532655957122
3.24,20,507.75,5,Cloudy,High,Desserts,4.4,16,22,5,1,62.5,59.5808014699615
1.78,13,144.82,1,Clear,Medium,South Indian,3.8,16,5,4,0,23.1,30.90334247502473
4.11,48,207.68,2,Clear,Medium,Biryani,4.3,43,5,3,0,75.1,74.26453736028773
7.33,37,212.87,1,Clear,Medium,Biryani,4.3,38,8,0,0,73.8,75.19094682128247
2.2,18,646.6,3,Cloudy,Medium,South Indian,3.9,20,22,2,0,48.8,43.21133779342742
4.79,23,661.28,2,Clear,Low,Indian,4.1,28,4,2,0,40.4,41.535589734688664
1.43,19,644.79,3,Clear,Medium,South Indian,4.0,20,11,3,0,40.2,37.028223327529005
1.38,24,414.35,5,Clear,Low,Pizza,4.4,23,2,4,0,29.3,30.029336431272625
2.24,31,293.05,2,Cloudy,High,Pizza,3.9,32,18,6,1,62.9,66.34732000239438
6.63,43,894.06,3,Cloudy,Low,Biryani,3.8,48,7,2,0,69.4,70.90263235394522
13.04,22,156.24,1,Rain,Low,Healthy,3.9,19,2,3,0,77.1,76.94273202457538
4.1,22,347.25,2,Clear,Low,Chinese,4.1,27,16,5,1,38.0,40.898337024413394
4.82,17,237.96,1,Rain,High,Cafe,4.6,20,20,0,0,67.4,67.70242801121479
1.31,26,489.27,2,Clear,High,Fast Food,4.3,24,8,3,0,54.0,53.632927453098155
2.68,38,882.16,3,Cloudy,Low,Pizza,4.0,35,0,2,0,53.4,50.23024964249981
5.91,24,1473.18,5,Clear,Medium,Pizza,4.3,20,15,6,1,56.9,58.69531770889601
2.21,35,784.34,4,Rain,Low,Chinese,4.2,33,11,0,0,57.0,54.01216075112321
4.24,29,822.73,5,Rain,Low,Biryani,4.3,31,8,0,0,66.0,54.527450266127346
2.21,23,886.55,3,Clear,Low,Healthy,3.9,19,5,3,0,32.0,32.79715484198028
8.56,35,471.54,2,Clear,Medium,Chinese,4.2,35,20,1,0,77.3,80.14162629480754
2.97,13,960.54,4,Clear,Medium,Desserts,4.5,10,18,6,1,34.1,37.99157756462168
3.07,12,205.4,1,Clear,Medium,Bakery,4.2,13,23,1,0,30.6,38.44911275259754
9.8,9,88.97,1,Rain,Medium,Cafe,4.0,13,17,4,0,56.0,65.75493899805844
0.54,18,441.84,3,Cloudy,Low,Bakery,5.0,18,23,6,1,21.1,27.7781373376909
1.66,31,162.43,1,Clear,High,South Indian,3.4,26,12,3,0,64.8,60.958984584750915
1.46,30,311.9,3,Rain,Low,Biryani,5.0,32,3,6,1,44.5,44.61858978201913
3.35,16,97.46,1,Clear,Low,Chinese,3.6,21,23,6,1,25.3,33.93497468971151
1.02,12,1146.5,5,Clear,Medium,Desserts,4.4,12,21,3,0,26.7,30.845139202028857
4.45,18,910.72,4,Rain,High,Healthy,3.3,15,12,2,0,69.6,65.72920811834467
2.29,23,393.34,2,Clear,Medium,Desserts,3.5,18,13,4,0,51.1,44.60268328647933
7.28,12,1535.41,6,Clear,Low,Healthy,3.9,16,15,3,0,30.2,41.834790211849786
12.74,25,268.51,1,Clear,High,Fast Food,4.0,25,18,2,0,96.0,94.98450805170735
0.97,37,546.27,2,Clear,Medium,Chinese,3.5,33,12,5,1,61.3,53.851184676586136
7.2,27,386.94,2,Rain,Medium,Pizza,4.3,29,20,2,0,79.8,75.24676669375205
5.5,12,1109.25,5,Clear,Medium,Cafe,3.5,14,20,6,1,44.3,46.538215735497445
1.38,35,319.85,2,Cloudy,Low,Chinese,3.5,33,20,5,1,48.5,47.348116008254635
1.19,12,313.87,1,Clear,High,Cafe,3.5,14,8,6,1,39.7,39.50585528598236
2.45,14,199.42,2,Clear,Low,South Indian,4.0,17,23,1,0,20.6,28.574249182487243
6.0,43,628.96,3,Rain,Medium,Biryani,4.2,46,15,3,0,76.1,86.14460596145089
1.59,42,534.66,2,Rain,Medium,Indian,4.4,39,11,0,0,74.1,68.53438495020843
3.33,21,298.86,1,Rain,Medium,Bakery,3.9,17,14,1,0,56.3,54.28225653064638
9.07,27,288.64,1,Clear,Low,Pizza,3.2,29,2,6,1,67.0,60.21174254872983
1.47,30,244.55,2,Cloudy,Medium,Biryani,3.9,33,18,0,0,54.2,51.94549587598776
4.23,32,885.6,5,Clear,High,Indian,3.8,29,20,5,1,75.4,72.78575487402689
1.3,22,799.23,5,Rain,High,Fast Food,4.2,21,7,2,0,50.1,57.25188524558696
6.62,23,765.55,3,Clear,Medium,Pizza,4.0,27,1,2,0,60.5,56.978148540167076
0.91,35,919.48,3,Clear,High,Biryani,4.3,38,22,5,1,62.7,64.79116899426913
3.62,31,532.6,2,Storm,High,Indian,4.2,29,14,4,0,89.2,83.25407017863559
6.76,11,1216.94,4,Cloudy,Medium,Bakery,3.6,10,7,4,0,41.2,48.81018990698881
2.23,28,662.1,2,Clear,High,Indian,4.4,32,22,3,0,56.4,62.207482000661074
1.97,20,337.4,1,Rain,Low,Bakery,4.0,18,20,1,0,41.1,40.16886725237224
1.98,18,1514.08,6,Cloudy,High,Pizza,3.9,22,13,2,0,44.9,51.24947498432572
3.7,17,323.99,1,Cloudy,Medium,Fast Food,3.5,13,23,1,0,38.6,47.64944288594155
6.02,24,824.43,4,Clear,High,Pizza,3.9,22,18,2,0,70.3,70.55736314834012
1.92,11,582.71,2,Storm,High,Fast Food,5.0,15,18,6,1,58.0,57.96712414094289
5.8,37,1077.41,4,Rain,Medium,Chinese,3.5,33,18,2,0,81.7,80.05492146238754
3.97,15,516.81,4,Clear,Low,Desserts,4.5,15,21,2,0,40.5,34.404051462126844
2.31,28,227.59,2,Clear,Medium,Indian,3.4,31,1,1,0,44.0,46.92956238427284
9.4,7,537.14,2,Cloudy,High,Bakery,3.2,11,21,4,0,78.2,68.10525366490205
1.61,16,1066.83,4,Cloudy,Low,Fast Food,3.5,13,5,5,1,24.0,25.524010502838372
3.15,38,352.38,2,Storm,Medium,Indian,4.2,36,19,6,1,84.2,78.96479555175083
0.51,25,1432.35,6,Clear,Low,Pizza,3.2,29,7,4,0,33.7,29.372551094681
1.84,11,284.71,2,Rain,High,Healthy,3.9,16,21,1,0,49.7,51.54991940897638
2.73,24,261.32,1,Cloudy,Medium,Healthy,4.4,24,13,1,0,52.2,49.046687325890616
3.16,26,943.22,4,Clear,Low,South Indian,3.4,26,0,6,1,45.1,37.96898996722742
0.5,18,241.35,2,Clear,Low,South Indian,4.0,20,15,4,0,18.0,23.968199713234128
1.73,39,626.69,3,Cloudy,Medium,Biryani,4.0,43,17,3,0,60.8,61.703637283471814
1.46,16,634.04,2,Clear,Low,Desserts,4.3,19,15,1,0,25.8,25.31250057542485
6.04,40,269.2,2,Clear,Low,Chinese,4.2,35,4,5,1,58.9,62.94517216040463
11.71,42,824.02,3,Cloudy,Low,Indian,4.3,37,22,5,1,96.5,90.87947412607194
2.73,22,97.42,1,Rain,Medium,South Indian,3.4,26,1,2,0,52.1,50.29108140279029
1.85,14,557.7,3,Clear,Medium,Fast Food,4.4,13,20,4,0,27.1,35.42551105463765
3.31,23,185.89,1,Clear,Low,Cafe,3.9,22,3,4,0,38.2,36.217587420390196
6.61,13,1219.99,4,Cloudy,High,Desserts,4.0,14,18,5,1,62.8,63.59447407727099
1.83,33,279.92,2,Cloudy,High,Indian,4.1,28,14,6,1,72.7,65.950500693883
7.23,18,427.29,5,Cloudy,Medium,Chinese,3.9,23,22,6,1,66.4,60.89691589097142
4.57,25,534.43,3,Clear,Low,Fast Food,4.2,23,0,6,1,42.2,41.70853157378028
3.55,7,491.66,4,Clear,Medium,Cafe,4.7,12,20,2,0,39.4,34.4784698721717
5.16,20,353.94,2,Clear,Low,Desserts,4.4,18,3,5,1,37.7,39.514026138892994
7.4,22,217.12,2,Clear,Low,Chinese,3.9,23,23,5,1,54.2,54.061344293607526
4.89,32,122.39,1,Clear,Medium,Pizza,4.3,32,14,3,0,68.0,62.87467224188298
5.2,25,1736.33,6,Cloudy,High,Cafe,4.6,20,18,6,1,79.7,70.70728804831153
9.49,26,362.52,3,Clear,Medium,South Indian,3.8,28,13,3,0,70.0,72.74200702393102
5.3,29,315.21,1,Clear,Medium,Fast Food,4.7,24,3,6,1,62.3,58.63147840047876
2.99,14,844.42,4,Clear,Medium,Desserts,3.8,15,4,5,1,34.7,35.93476595962903
11.12,16,215.29,1,Clear,Low,Cafe,4.4,21,10,1,0,59.9,58.06656230417907
2.06,18,294.14,1,Cloudy,Medium,Cafe,3.5,14,12,3,0,38.6,40.60910917828102
3.84,38,300.82,1,Clear,Low,Biryani,4.2,35,0,5,1,51.6,52.47484131413866
9.49,26,705.49,3,Clear,Medium,Pizza,3.2,29,21,1,0,71.7,74.70428989979992
5.47,21,169.05,1,Rain,Medium,Cafe,4.2,22,8,2,0,51.2,60.50656380038239
4.98,11,276.03,2,Clear,High,South Indian,4.6,15,20,4,0,56.2,54.2368280361345
1.5,47,215.01,2,Cloudy,Medium,Biryani,4.1,48,17,6,1,67.8,68.90579335885829
1.16,18,381.12,2,Cloudy,High,Cafe,4.2,16,21,0,0,42.8,50.18251491632051
2.42,14,543.37,2,Rain,Low,Fast Food,3.8,15,22,4,0,36.5,36.19083725517227
1.82,10,561.29,2,Rain,High,Fast Food,4.1,11,19,5,1,49.0,49.86569337954675
6.94,6,316.55,2,Clear,Low,Desserts,4.5,10,3,5,1,33.3,31.707665204962257
12.98,41,1810.53,6,Rain,Low,Biryani,4.7,38,14,0,0,107.1,98.54761409632499
8.19,13,345.72,2,Clear,Medium,Desserts,4.4,18,19,1,0,61.2,56.47885693572475
2.61,21,514.41,3,Clear,Low,Healthy,4.4,20,0,6,1,24.0,30.97985198673389
11.23,19,659.06,2,Clear,Medium,South Indian,4.4,20,21,3,0,74.5,73.61205530695884
1.51,25,287.74,1,Clear,Medium,Indian,4.2,26,20,6,1,48.4,45.439341993081484
3.64,12,232.85,1,Clear,Medium,Fast Food,4.4,13,8,4,0,35.3,36.95564670384488
1.59,28,234.59,1,Clear,Medium,Chinese,3.9,23,21,1,0,50.8,48.95892060466852
9.26,24,441.61,2,Rain,Medium,Pizza,4.2,24,7,0,0,70.9,76.45274839808741
6.01,25,483.18,3,Rain,Medium,Fast Food,4.7,24,16,5,1,64.4,67.98655226513537
4.39,21,600.51,3,Clear,Medium,Desserts,4.9,16,11,4,0,54.7,49.30938118422761
4.21,26,2048.03,6,Cloudy,Low,Cafe,4.1,22,17,1,0,48.0,47.536018746431665
2.4,35,483.81,2,Clear,High,Indian,4.3,39,22,0,0,71.3,69.77840952383279
13.59,26,1322.19,5,Clear,Medium,Fast Food,4.2,21,8,2,0,76.6,85.83810514711777
5.51,16,157.94,1,Clear,Medium,Cafe,4.3,12,17,4,0,50.7,49.765097033131035
3.64,18,1006.1,5,Cloudy,High,Cafe,4.2,22,19,6,1,59.8,58.489992066253365
6.6,39,270.48,1,Cloudy,Low,Indian,3.9,40,2,1,0,62.4,65.41679258756719
3.86,12,693.82,2,Rain,High,Fast Food,4.4,14,19,0,0,53.9,58.94211886977551
4.17,29,872.09,3,Cloudy,Medium,Indian,4.2,29,22,2,0,58.6,61.16416281938793
3.37,19,182.33,2,Clear,High,Desserts,4.4,16,13,3,0,57.0,55.032236591412946
7.8,13,461.08,2,Cloudy,Medium,Desserts,3.8,15,8,2,0,50.5,54.64937528110813
2.55,10,633.41,5,Clear,High,Cafe,4.0,15,22,3,0,45.6,45.3446070929572
2.85,16,496.04,3,Clear,High,Healthy,3.9,19,20,6,1,50.2,51.988767573460464
7.38,30,307.59,2,Rain,Low,Biryani,5.0,32,12,5,1,73.3,67.41985535705729
11.12,25,177.75,1,Clear,Medium,Pizza,4.1,25,2,6,1,80.4,74.97194312662567
5.11,16,379.61,3,Clear,Medium,Desserts,4.6,12,20,4,0,51.7,48.90138255675207
2.78,37,1192.99,4,Cloudy,Medium,Indian,4.3,39,22,4,0,71.5,64.35301902267325
2.41,31,525.39,2,Cloudy,Medium,Indian,4.1,28,7,5,1,49.6,53.581431749999936
8.14,21,186.51,2,Clear,High,Desserts,3.8,20,22,0,0,74.0,75.84809475454259
4.3,31,679.28,2,Clear,High,Indian,4.6,28,11,6,1,73.5,69.91757646680699
2.77,19,807.82,4,Storm,Medium,Healthy,4.4,21,13,3,0,60.1,57.22282791875795
15.12,16,98.72,1,Cloudy,High,Healthy,3.9,19,21,5,1,94.7,97.14715714216734
1.1,22,895.17,3,Clear,Medium,Cafe,4.2,22,13,6,1,39.3,39.47943284793078
2.2,28,601.42,2,Clear,Medium,Pizza,3.2,29,21,5,1,57.2,51.21926074569932
8.02,22,208.12,1,Cloudy,Low,Indian,4.0,27,3,3,0,52.0,53.58980712853918
0.5,37,889.86,3,Clear,High,Biryani,4.4,34,21,6,1,67.6,65.11105913344774
4.58,39,1039.35,4,Rain,Low,Biryani,4.3,38,17,0,0,60.5,67.8418284893384
0.6,28,824.97,3,Cloudy,High,South Indian,3.8,28,11,6,1,60.2,55.97790563977706
7.92,14,193.06,2,Clear,High,Desserts,4.4,12,6,3,0,64.3,64.3510229383861
5.22,21,572.96,2,Clear,Medium,Healthy,4.4,22,4,2,0,50.9,50.75362478910987
1.17,22,236.32,1,Clear,Low,Healthy,4.7,26,2,0,0,27.0,27.327013511912384
0.78,9,135.59,1,Rain,High,Desserts,4.8,10,3,1,0,31.1,41.51254267466685
1.76,38,256.26,2,Clear,Medium,Chinese,4.1,35,1,4,0,49.6,55.00854726562472
1.5,19,913.13,4,Cloudy,Low,Cafe,3.8,19,23,5,1,23.9,32.42800791866124
1.95,17,193.06,1,Cloudy,Low,Indian,4.0,21,18,5,1,24.5,30.75557411030161
4.72,19,258.84,1,Cloudy,High,Healthy,3.9,19,18,1,0,62.0,63.01344132627361
2.01,17,81.87,1,Cloudy,Medium,Desserts,4.5,15,14,3,0,37.2,39.65726293301424
3.65,12,537.52,2,Cloudy,Medium,Cafe,4.3,17,0,4,0,35.9,37.35081732253386
0.85,11,298.1,2,Cloudy,Medium,Cafe,4.0,15,23,1,0,38.2,31.784453606515562
14.31,38,135.47,1,Cloudy,Low,Biryani,5.0,42,19,3,0,94.3,95.36503835312527
4.21,18,396.37,3,Rain,High,Cafe,4.1,22,11,5,1,68.8,64.5986587246298
3.25,44,638.69,3,Clear,Medium,Biryani,3.8,48,18,5,1,70.3,70.33942667532027
4.78,15,1541.24,5,Rain,Low,Bakery,4.2,13,17,2,0,43.3,44.31994394422691
5.26,18,632.86,5,Clear,Low,Cafe,4.9,14,11,1,0,47.9,39.64002546045959
6.25,41,875.78,5,Clear,Medium,Indian,4.6,37,21,2,0,80.2,78.18688347577856
9.75,11,246.72,1,Clear,High,Bakery,3.9,10,11,5,1,70.4,68.963770995393
4.8,18,1571.56,6,Clear,Medium,Fast Food,3.8,18,13,5,1,49.5,48.2658134278477
2.41,30,321.42,1,Rain,Medium,Chinese,4.1,30,19,0,0,54.3,61.29000226308998
1.11,31,503.47,6,Clear,High,Pizza,4.6,29,13,3,0,65.1,59.09410354999808
3.73,36,744.86,3,Clear,Low,Indian,4.3,37,19,5,1,60.3,54.27236650918717
1.54,27,664.66,3,Rain,Medium,Indian,4.4,32,20,2,0,58.9,55.42295651718621
4.11,34,326.53,2,Clear,Low,Pizza,4.6,29,23,3,0,55.3,54.43444114651932
3.87,9,587.0,2,Rain,Low,Desserts,4.6,12,23,0,0,30.5,36.434160171503976
5.16,18,513.17,2,Cloudy,Medium,Healthy,3.9,16,23,4,0,48.6,53.93451305958105
6.89,39,506.77,6,Cloudy,Medium,Biryani,3.8,42,11,0,0,76.1,78.30765619608957
2.96,24,949.12,3,Clear,High,Pizza,3.2,29,11,3,0,59.8,58.39585953526076
3.84,18,100.4,1,Cloudy,High,South Indian,4.0,17,19,6,1,63.2,59.074929361505276
2.74,20,312.76,1,Cloudy,Low,Cafe,3.8,19,16,6,1,32.7,36.188285203182105
3.97,37,202.19,2,Clear,High,Indian,4.2,32,15,3,0,73.2,75.68051716985156
1.94,11,460.81,2,Clear,Low,Bakery,3.6,13,10,0,0,15.0,20.856679442728492
8.48,20,312.72,1,Cloudy,Medium,South Indian,4.6,22,1,4,0,56.6,62.347381192294534
5.1,41,672.11,2,Clear,Low,Biryani,4.2,46,0,6,1,64.5,59.951769380291616
8.89,33,764.51,3,Clear,High,Pizza,4.0,35,21,2,0,84.7,90.34084778145855
2.25,34,652.14,3,Clear,Low,Healthy,4.0,29,23,1,0,39.3,48.032726244661724
4.95,26,1307.75,5,Rain,Low,Pizza,4.1,23,0,3,0,60.5,52.102074141106876
2.75,27,377.23,2,Rain,Low,Indian,3.4,31,19,0,0,53.8,49.80287999539332
2.51,12,340.71,1,Cloudy,Medium,Bakery,3.4,16,22,4,0,39.9,38.394545571333055
1.1,21,120.83,1,Rain,Medium,South Indian,3.8,16,18,6,1,56.2,47.43173086794587
12.02,13,120.75,1,Cloudy,High,Bakery,4.7,11,21,3,0,87.0,83.05468319854016
7.04,28,350.24,2,Rain,High,Pizza,4.3,32,16,3,0,83.7,85.59363080606362
3.04,30,1191.06,6,Clear,Medium,Pizza,3.4,25,11,0,0,60.8,53.74932934734125
7.12,21,292.89,1,Cloudy,Low,Chinese,3.6,21,11,2,0,55.3,51.33333904139435
5.28,16,355.92,2,Clear,High,Desserts,4.9,16,12,5,1,55.9,58.449611069135806
1.38,34,314.73,2,Clear,High,Biryani,3.9,33,18,5,1,63.6,64.52255182650143
3.32,30,496.42,2,Clear,Medium,Pizza,4.0,35,9,6,1,58.5,54.31306124491367
4.85,24,236.95,1,Cloudy,Medium,Chinese,3.6,21,22,5,1,63.4,58.64048443765086
4.18,19,1366.43,6,Clear,Medium,South Indian,4.1,17,19,3,0,45.1,48.47292399203327
2.88,19,301.65,2,Clear,Medium,Cafe,4.4,19,11,2,0,48.8,42.15208280339772
3.13,31,493.26,2,Cloudy,High,South Indian,4.5,26,14,3,0,65.9,68.3982717060005
6.24,13,706.89,4,Cloudy,High,Fast Food,3.8,18,11,6,1,66.2,60.60004584513638
1.94,41,83.96,1,Rain,Medium,Indian,3.8,40,13,4,0,71.0,69.33995998985964
3.23,6,448.08,5,Clear,High,Desserts,4.5,10,19,5,1,43.1,42.856553986242545
3.71,20,437.75,2,Clear,Low,Cafe,4.0,19,1,3,0,36.3,34.12457191840304
2.05,33,508.57,2,Rain,Medium,South Indian,3.9,30,20,5,1,61.8,63.24857112290486
5.07,16,509.48,6,Clear,Medium,South Indian,4.2,21,18,2,0,48.0,48.27317201119111
7.2,13,1111.19,6,Rain,Low,Fast Food,4.2,15,3,6,1,51.6,47.50007123425283
4.64,16,296.61,1,Cloudy,High,Cafe,4.3,18,21,6,1,61.5,60.44270905670604
9.01,7,655.81,2,Cloudy,Medium,Bakery,3.6,10,13,1,0,54.2,54.0135597802408
2.43,27,450.36,5,Rain,High,Indian,4.2,32,19,0,0,72.4,69.05119279619545
10.25,28,172.88,2,Cloudy,High,South Indian,3.4,26,22,4,0,84.0,92.29827180530961
2.65,34,169.21,2,Clear,Medium,Indian,4.2,32,3,2,0,55.8,54.48705725519626
5.03,24,247.35,3,Clear,High,South Indian,4.4,20,21,5,1,71.1,67.65028941995557
1.57,13,227.16,1,Cloudy,Low,Fast Food,4.2,14,2,6,1,20.2,21.611521638004398
4.45,16,132.26,1,Clear,Low,Desserts,3.8,19,17,0,0,26.1,36.26905015272071
3.72,24,554.48,4,Cloudy,High,Indian,4.6,28,22,0,0,60.4,65.25973543317312
3.46,31,230.27,1,Clear,Medium,Pizza,3.2,29,12,0,0,61.4,56.50522683489027
4.18,27,416.24,4,Rain,Low,Pizza,3.9,32,9,6,1,53.4,52.48894375740389
5.45,25,1238.84,4,Cloudy,Medium,Pizza,3.2,29,20,2,0,58.7,61.33337411300436
4.5,38,935.89,3,Cloudy,Low,Indian,3.8,40,15,5,1,52.9,60.10921909732325
2.62,41,355.4,2,Cloudy,Medium,Indian,4.6,37,17,3,0,63.5,66.552257353978
1.93,22,223.3,1,Cloudy,Medium,South Indian,4.5,26,1,5,1,39.6,41.41771001679045
3.12,19,638.39,4,Clear,Low,Cafe,3.5,14,15,1,0,27.8,34.2635314368706
1.03,12,133.63,1,Clear,Medium,Desserts,4.4,12,19,1,0,27.6,30.384004172236324
7.7,15,349.77,1,Storm,Medium,Desserts,3.8,19,1,3,0,62.3,67.76070862565544
5.66,37,497.73,3,Clear,Medium,Biryani,3.1,36,3,5,1,62.4,68.37982884452077
4.12,7,625.4,3,Clear,Low,Fast Food,4.0,12,4,6,1,18.8,23.049764538437167
4.38,10,586.53,2,Clear,High,Desserts,4.1,11,20,0,0,47.5,51.188702814901106
8.03,31,447.51,2,Clear,High,Indian,5.0,26,1,5,1,79.5,80.59492244380185
1.88,28,434.4,3,Storm,High,South Indian,3.4,26,18,3,0,75.6,75.08351198095517
2.43,6,492.06,2,Rain,High,Bakery,3.7,11,18,3,0,49.9,47.88501320083588
3.76,21,440.51,2,Rain,Medium,Pizza,4.4,23,21,0,0,57.1,57.37127710714387
3.12,15,1117.08,4,Clear,Low,Desserts,4.4,18,10,6,1,29.6,29.016473705671718
7.79,46,975.39,3,Clear,High,Biryani,4.4,46,22,1,0,99.6,99.8674832909908
8.59,9,566.81,3,Cloudy,Low,Cafe,4.0,13,17,5,1,46.9,45.82914786816237
1.74,39,577.49,3,Rain,Medium,Pizza,4.0,35,22,6,1,63.5,68.67209256259092
1.56,18,1154.92,4,Storm,High,Pizza,4.4,23,14,2,0,68.3,62.98324670422852
8.87,23,323.92,2,Clear,Medium,South Indian,4.5,22,17,1,0,61.8,68.36416655464814
6.07,37,290.99,2,Rain,Medium,Biryani,4.8,37,12,4,0,86.2,79.60029468990888
0.89,39,646.24,3,Clear,Low,Biryani,4.3,35,1,2,0,50.0,43.32834378495886
6.06,32,187.5,2,Rain,Medium,Indian,3.8,36,23,6,1,72.1,77.04544277365576
7.28,27,622.7,2,Cloudy,High,Pizza,4.4,23,11,6,1,80.2,78.32772104900849
1.45,22,964.66,3,Cloudy,Medium,Pizza,3.9,21,13,1,0,45.0,42.58370506674624
2.71,24,123.87,1,Clear,Medium,Pizza,3.9,21,20,2,0,52.0,48.61651478227722
12.85,46,162.48,2,Clear,Medium,Biryani,4.2,43,11,6,1,110.0,104.2801719981914
6.28,16,957.83,4,Cloudy,Low,Desserts,3.6,13,4,3,0,43.4,41.725318279592514
3.15,35,542.75,3,Clear,Medium,Indian,3.8,40,16,6,1,54.7,60.34575201543043
9.91,9,323.79,1,Clear,Medium,Fast Food,4.2,14,4,6,1,53.1,55.041861186884816
1.41,18,926.36,5,Clear,Medium,Cafe,4.1,22,21,0,0,38.7,38.31049698138118
2.01,23,176.79,1,Clear,Medium,South Indian,3.9,20,1,3,0,37.2,40.77827289559302
1.86,32,817.73,3,Clear,Low,South Indian,4.7,29,18,5,1,45.6,43.37756572482442
7.0,22,574.21,2,Cloudy,High,Pizza,3.9,21,16,4,0,73.4,73.54186127662456
5.94,16,194.26,1,Clear,Low,Bakery,3.4,16,7,6,1,42.7,39.27510371196847
4.11,28,1713.35,5,Clear,Medium,Healthy,4.0,29,18,3,0,66.6,57.203639831267395
3.13,21,347.35,2,Cloudy,Medium,South Indian,4.5,26,19,3,0,49.6,48.73170348908423
2.45,25,266.29,2,Rain,High,Healthy,4.4,21,20,4,0,70.0,67.44894198405012
2.22,15,574.86,4,Clear,High,Desserts,4.5,15,22,4,0,50.1,49.061466685147145
2.25,22,284.72,3,Clear,Medium,Healthy,4.0,17,12,6,1,46.8,43.21131487198552
5.76,37,674.88,2,Rain,Medium,Biryani,4.0,38,0,0,0,79.0,75.84465422128959
2.49,34,132.9,1,Clear,Medium,Chinese,4.3,31,20,6,1,60.4,57.897818077348845
16.05,19,284.6,1,Clear,High,Desserts,3.7,14,12,1,0,104.7,99.29425195003327
10.99,19,370.39,2,Storm,Low,Cafe,4.1,22,17,5,1,74.3,77.28102853716086
4.94,30,890.12,5,Clear,Low,Chinese,4.5,26,1,0,0,45.8,48.28101221864263
3.48,36,99.12,1,Clear,High,Biryani,3.1,36,22,5,1,80.5,74.90882779916211
7.79,13,122.2,1,Storm,Low,Desserts,4.5,15,0,0,0,60.6,55.95884287873047
5.55,20,916.59,5,Clear,Medium,Bakery,4.4,17,12,3,0,56.0,52.61038116861158
4.84,23,348.11,2,Clear,Medium,Fast Food,4.2,21,21,2,0,57.3,55.14987483718888
8.03,21,365.35,2,Storm,High,Healthy,3.9,19,20,6,1,84.5,90.13183161973181
6.73,22,1443.1,5,Clear,Low,Chinese,3.6,21,17,6,1,47.2,50.43252028009347
3.51,28,587.67,4,Clear,Low,Chinese,3.9,23,8,2,0,47.0,42.96864322480401
6.79,28,572.96,2,Cloudy,Medium,Chinese,3.6,32,1,6,1,64.3,64.68135043402201
1.93,16,410.21,2,Cloudy,High,Cafe,4.2,16,19,5,1,40.6,50.47436218333772
3.8,28,493.05,2,Clear,High,Chinese,4.5,26,12,4,0,69.2,65.41764947211225
2.62,30,525.55,4,Rain,Low,Indian,3.8,25,6,3,0,47.8,49.31160343894936
0.9,12,1191.02,4,Clear,Low,South Indian,3.8,16,11,1,0,23.0,18.46374557719733
3.03,14,315.7,2,Cloudy,Medium,South Indian,4.2,15,20,5,1,49.4,41.616970953243595
3.88,35,140.01,1,Clear,Low,Indian,3.8,40,4,3,0,53.1,50.41528767436766
12.92,22,345.96,3,Cloudy,Low,South Indian,4.3,22,2,6,1,71.5,70.41433167206247
8.21,39,181.76,1,Clear,Low,Biryani,3.9,42,13,1,0,78.3,71.77634822008761
6.85,20,146.81,1,Clear,Low,Desserts,4.5,15,21,5,1,51.4,49.538064064465566
3.87,35,732.52,3,Clear,High,Chinese,4.1,30,22,3,0,70.9,75.00521449429418
4.0,28,281.66,2,Clear,Medium,Pizza,3.2,29,13,2,0,62.7,55.64049794521616
2.85,23,238.62,1,Clear,Low,Indian,3.7,22,3,6,1,33.1,34.56229325919888
3.21,30,707.72,4,Cloudy,Medium,South Indian,3.8,28,19,4,0,58.0,58.11336199276214
1.18,12,451.24,2,Rain,Low,Fast Food,4.3,16,3,3,0,26.9,25.408737191519535
3.71,37,944.18,4,Clear,High,Indian,3.8,33,19,6,1,73.0,75.78765906220977
2.47,18,438.11,3,Clear,Medium,Healthy,4.0,17,17,1,0,28.6,41.091665955737255
9.32,39,159.83,1,Clear,High,Indian,4.6,37,19,5,1,89.9,97.3219803352619
9.79,13,1383.87,5,Rain,High,Bakery,3.8,15,20,0,0,80.5,81.09230567844232
6.67,17,377.67,2,Rain,Medium,Desserts,4.5,15,19,1,0,60.7,63.061342664623844
6.65,24,927.15,4,Cloudy,Medium,Desserts,4.3,19,12,0,0,63.6,62.45624788347653
2.08,21,819.25,3,Clear,Low,Healthy,4.3,16,21,2,0,36.5,33.92770120875367
14.65,43,565.32,3,Clear,High,Biryani,3.7,46,19,2,0,120.5,120.27560956247846
1.81,17,1264.66,4,Clear,Medium,Cafe,4.2,22,22,2,0,41.4,39.00671253846809
7.94,34,449.15,3,Clear,Medium,Pizza,3.2,29,18,5,1,74.5,76.59982323782523
3.89,12,584.9,3,Rain,Medium,Cafe,4.0,15,1,2,0,47.2,44.36842879213972
10.49,15,1223.48,4,Clear,Medium,Fast Food,4.4,11,1,4,0,55.9,62.3597011185888
9.95,15,559.16,2,Cloudy,Medium,Cafe,4.4,11,21,5,1,69.9,67.1883296640482
3.26,35,233.33,1,Clear,Low,Pizza,4.0,35,9,5,1,46.5,49.36415229619534
3.52,29,1589.34,6,Storm,High,South Indian,4.0,30,20,6,1,89.8,82.28294759556593
3.04,19,1387.84,6,Cloudy,Medium,Cafe,4.2,22,17,5,1,42.7,46.12572633970899
2.29,13,892.4,3,Clear,Low,Fast Food,3.5,13,15,2,0,20.2,25.216417155837853
4.54,27,663.53,2,Clear,Medium,Chinese,3.6,32,21,0,0,57.1,58.36295564952641
7.14,20,516.69,2,Clear,Medium,Fast Food,3.8,22,18,4,0,56.6,59.6173229320856
2.29,26,236.24,1,Clear,High,South Indian,4.2,21,13,5,1,64.8,58.287839206579406
7.73,16,1075.15,4,Rain,High,Desserts,4.3,19,11,1,0,74.3,74.80270918654367
0.77,17,89.05,1,Rain,High,Desserts,3.7,14,14,0,0,56.1,52.13464627479877
3.56,24,852.91,4,Clear,High,Pizza,4.0,25,8,3,0,59.8,59.66395602026669
3.68,15,1492.37,5,Cloudy,High,South Indian,4.0,17,15,6,1,48.3,54.639207083912176
9.3,10,318.98,1,Cloudy,Medium,Fast Food,4.4,14,12,5,1,62.7,57.664271310203226
5.27,24,683.14,2,Clear,Medium,Healthy,4.5,25,11,3,0,54.4,55.554479913694976
5.23,49,179.47,1,Rain,Low,Biryani,4.3,49,9,2,0,79.1,78.33449256666566
5.03,44,231.88,2,Clear,Medium,Biryani,4.1,48,6,6,1,70.3,73.78302217754234
12.22,20,751.52,3,Clear,Medium,Fast Food,4.2,21,13,2,0,83.0,76.17811104848013
1.77,12,191.65,1,Rain,Medium,Fast Food,4.3,16,12,1,0,44.1,39.22612156329976
2.84,17,411.32,4,Clear,Medium,Cafe,4.4,21,8,6,1,35.7,39.337119616012316
11.55,49,642.75,2,Rain,Low,Biryani,4.1,47,9,0,0,101.7,100.47829482470901
0.51,14,1439.09,5,Clear,High,Bakery,4.2,14,12,5,1,37.2,39.83021519088047
0.5,33,314.75,1,Clear,Medium,Indian,4.2,32,19,1,0,52.6,49.64325231237609
3.94,20,212.4,2,Clear,Medium,Desserts,3.8,15,19,2,0,60.8,48.66324484696976
3.96,16,151.17,1,Cloudy,High,Indian,4.0,21,21,5,1,53.4,58.00192569255412
6.09,14,127.73,1,Cloudy,High,Desserts,3.5,18,12,2,0,60.3,61.42003717518816
0.87,33,2092.06,6,Clear,High,Indian,4.3,37,20,6,1,62.5,62.08016631022846
4.36,17,433.71,5,Clear,High,Bakery,4.4,20,0,3,0,52.8,53.4634482680196
3.71,20,300.71,1,Cloudy,Medium,South Indian,4.6,22,14,2,0,57.0,48.59138833020593
2.07,20,197.37,1,Rain,Medium,South Indian,3.8,16,14,4,0,53.0,48.91246183009426
7.02,19,341.83,2,Clear,High,Cafe,4.2,22,18,2,0,69.9,69.09832935878809
7.11,10,250.24,1,Rain,Medium,Fast Food,4.0,12,22,5,1,63.8,58.28706213640438
0.5,20,201.52,1,Cloudy,High,Healthy,4.3,16,11,6,1,46.6,47.61261278448841
7.12,30,650.31,6,Clear,High,Indian,3.8,25,23,6,1,69.1,81.55619643928188
2.93,21,1754.66,6,Clear,High,Pizza,4.2,24,18,4,0,51.9,56.774533303233646
1.31,9,1090.87,4,Rain,Low,Cafe,4.4,14,7,3,0,27.0,23.972456791837587
0.97,37,823.38,3,Clear,Medium,Indian,4.1,39,13,6,1,50.2,54.00470360862853
3.33,18,379.14,2,Clear,Medium,Cafe,4.4,21,18,3,0,46.8,44.361451888941204
1.63,31,513.29,2,Clear,Medium,Indian,3.6,31,16,3,0,47.2,51.01453742379316
3.51,19,255.11,3,Clear,High,Chinese,3.6,21,18,2,0,54.0,56.80883412597541
2.23,21,154.96,1,Clear,Medium,Pizza,4.3,20,2,4,0,41.5,39.78668089464845
3.31,22,642.0,2,Storm,High,Indian,4.0,21,18,6,1,74.3,74.10168360627087
6.87,29,277.3,1,Clear,Medium,Chinese,4.3,31,22,4,0,64.1,68.70351387522342
1.66,26,632.19,3,Cloudy,Medium,Fast Food,4.7,24,19,3,0,53.3,48.48470736140029
3.37,34,239.47,2,Clear,Medium,Biryani,3.9,39,14,4,0,54.7,59.795011062633684
1.19,36,179.89,1,Clear,Medium,Indian,3.4,31,14,3,0,58.3,54.03077139683408
5.32,26,301.09,1,Storm,Medium,Fast Food,4.0,23,3,5,1,76.1,70.76743729652875
4.04,40,577.95,2,Clear,High,Biryani,4.3,38,21,0,0,80.5,80.4624246179549
5.66,29,492.72,2,Storm,Medium,Chinese,3.6,24,21,0,0,73.2,79.23678109654156
2.93,34,211.37,2,Clear,High,Indian,3.4,31,19,2,0,72.0,70.04199532697685
7.35,16,323.75,1,Cloudy,Low,Healthy,3.9,19,3,1,0,43.9,45.269387441604934
1.55,16,1215.67,5,Cloudy,Low,Fast Food,4.9,13,15,6,1,22.1,27.433023604862342
6.08,23,333.96,1,Cloudy,High,Desserts,4.6,19,3,0,0,60.4,68.169035255464
1.54,10,348.22,2,Clear,High,Desserts,4.0,14,11,1,0,44.9,39.196465221870355
5.83,30,138.88,1,Storm,High,Indian,4.0,27,13,6,1,91.8,89.77610768897722
1.05,33,529.01,2,Clear,Low,Pizza,4.3,32,3,0,0,38.3,38.15511757129329
2.73,32,274.87,2,Clear,Medium,Chinese,4.3,31,12,0,0,54.7,54.83178750693003
3.95,17,287.62,1,Cloudy,Medium,Fast Food,4.4,13,13,0,0,51.1,46.098110432104534
3.24,19,1487.98,5,Clear,Low,Healthy,4.0,16,17,0,0,32.4,35.101123829665006
11.42,28,107.96,1,Clear,Low,Fast Food,4.3,24,23,1,0,73.6,73.91367719778503
4.53,20,335.49,1,Cloudy,High,Desserts,3.8,20,19,5,1,64.2,63.56701811882252
4.11,28,642.22,3,Clear,Low,Cafe,4.3,24,5,5,1,50.8,44.42304041219339
7.0,26,131.55,1,Clear,Medium,Fast Food,4.2,23,4,4,0,61.2,61.8542931010012
4.64,36,345.62,1,Clear,Medium,Indian,4.2,32,22,1,0,74.5,67.8322309358999
4.92,23,1687.37,5,Cloudy,Low,Indian,3.8,25,12,1,0,51.7,45.83384250505835
6.77,20,317.06,1,Clear,High,Chinese,3.6,21,21,4,0,75.0,69.98838711398083
2.89,27,501.07,4,Clear,High,Pizza,4.1,26,20,2,0,58.6,63.0130120417579
2.97,12,349.88,1,Clear,Low,Bakery,3.2,11,2,0,0,21.2,23.684913140187334
11.66,34,220.46,2,Clear,Low,Pizza,4.0,34,5,3,0,73.5,76.83541311550249
7.9,16,502.11,2,Clear,Low,Cafe,4.4,21,16,3,0,45.3,48.19936400331888
1.17,37,696.2,2,Rain,Medium,Indian,4.4,39,23,1,0,61.7,64.84442494537365
6.15,24,181.99,1,Rain,Medium,Healthy,4.4,22,2,6,1,63.3,64.50070136884175
3.63,19,111.79,1,Rain,High,Cafe,4.1,22,16,4,0,51.2,64.73703401042773
4.86,26,817.37,3,Cloudy,Medium,Biryani,3.7,31,13,2,0,59.6,58.75103744349098
5.31,12,1194.89,4,Clear,High,Desserts,4.5,15,13,3,0,52.7,54.859748529090744
3.55,12,246.28,2,Clear,Medium,Fast Food,4.4,13,22,2,0,35.6,39.80166809334452
7.99,29,653.08,2,Clear,Medium,Chinese,4.2,33,12,4,0,74.4,70.36594901767641
3.8,34,394.08,2,Rain,Medium,Indian,3.8,29,18,2,0,66.5,69.94164286379365
0.51,7,531.0,2,Clear,Low,Cafe,3.5,10,23,3,0,15.1,15.005885941628165
1.34,19,611.03,2,Clear,High,Desserts,4.3,19,21,6,1,48.3,49.83816576631045
4.4,22,580.83,3,Clear,Low,South Indian,4.3,22,22,3,0,44.2,43.19351153094381
19.56,25,705.19,4,Cloudy,Medium,Cafe,3.9,22,18,2,0,124.5,110.20893361050972
1.75,21,1163.57,4,Rain,Low,Bakery,4.4,17,8,2,0,35.2,37.61853934804987
3.08,24,404.87,2,Clear,Medium,Healthy,4.0,29,14,5,1,44.7,48.63296468271105
0.95,34,1672.45,6,Cloudy,High,Biryani,3.9,33,22,0,0,64.0,65.88699639020268
9.53,46,289.76,2,Clear,Medium,Biryani,4.5,45,18,5,1,98.3,94.22181163878425
1.65,22,666.57,2,Clear,Medium,Cafe,4.7,23,3,5,1,42.1,39.037218195790516
0.5,17,321.18,3,Clear,Low,Cafe,4.4,19,13,0,0,29.8,22.508030099338058
1.41,32,934.48,4,Cloudy,Medium,Pizza,4.0,29,13,2,0,60.4,52.448047000230005
4.27,25,685.63,2,Clear,High,Pizza,4.0,22,2,6,1,59.3,61.81089489101487
3.28,28,393.53,2,Cloudy,Medium,Chinese,4.2,24,13,1,0,53.3,54.96823259041899
2.19,12,349.97,3,Rain,Medium,Desserts,4.0,14,12,5,1,39.6,40.84254641869258
3.43,24,232.37,1,Cloudy,Medium,Cafe,4.1,22,14,0,0,51.3,51.76442295519947
3.1,13,221.64,1,Cloudy,Low,Desserts,4.4,16,1,2,0,23.7,26.789143981349916
16.4,23,411.97,2,Rain,Medium,South Indian,4.5,23,0,6,1,98.6,98.82773504491944
1.5,18,205.43,2,Clear,Medium,Chinese,4.2,23,15,2,0,34.2,37.224108004271145
8.18,18,735.19,3,Clear,High,Desserts,4.0,14,11,6,1,72.7,70.51366503093826
1.18,35,187.25,2,Clear,Medium,Biryani,5.0,32,22,6,1,53.2,54.794297303868674
4.11,22,1497.82,5,Rain,High,Indian,4.0,27,22,1,0,73.1,70.73809751251689
3.6,27,289.09,1,Clear,Medium,Cafe,4.3,24,20,2,0,56.2,54.78400116473159
9.32,36,257.88,2,Cloudy,Low,Indian,4.2,36,8,0,0,72.3,73.2307629960568
1.2,48,87.2,1,Clear,High,Biryani,4.3,43,9,2,0,69.4,75.78729040682447
2.22,31,497.56,2,Clear,High,Chinese,4.1,29,16,6,1,56.7,63.86915945705692
4.51,7,932.32,3,Clear,High,Fast Food,4.1,11,12,0,0,55.4,46.7169404051687
3.44,33,200.12,1,Clear,High,Biryani,5.0,32,18,2,0,70.7,70.58054672897066
5.61,11,331.64,3,Clear,Low,Bakery,4.2,14,22,6,1,37.8,36.42103449844849
6.22,17,171.73,1,Rain,Low,Cafe,4.0,19,1,5,1,50.8,47.84637337462219
2.04,19,439.31,3,Clear,Low,Bakery,3.9,17,0,6,1,30.8,26.931057951983703
0.9,27,627.05,2,Rain,Medium,Pizza,4.0,32,7,1,0,42.5,50.25753994227007
2.93,24,1031.8,4,Clear,High,Cafe,4.1,22,20,2,0,55.9,60.26438282457583
1.94,20,489.12,2,Clear,Low,Healthy,3.7,23,6,5,1,26.3,29.112914957803703
7.03,21,865.71,6,Clear,Low,Indian,4.6,25,0,0,0,42.5,46.2975815253465
2.75,9,633.33,2,Clear,High,Cafe,4.7,12,12,1,0,48.0,42.682061393497946
3.79,28,1266.67,6,Cloudy,High,Pizza,4.0,29,10,0,0,69.7,66.85851971447539
1.46,10,130.15,1,Clear,Medium,Healthy,4.1,15,14,0,0,32.7,28.847102896436105
2.97,13,699.71,2,Clear,Low,South Indian,4.2,15,3,3,0,25.5,24.85075577274364
0.83,27,1387.82,4,Cloudy,Low,Pizza,4.0,27,8,5,1,26.5,34.60521686137974
2.57,11,948.66,3,Cloudy,Low,Desserts,3.7,14,23,1,0,17.2,28.069045668229336
3.22,38,520.25,3,Clear,Medium,Chinese,4.2,35,3,5,1,62.8,60.561854272259154
0.69,18,498.63,3,Clear,Low,Desserts,4.2,14,1,4,0,21.3,21.414237042630702
5.53,15,948.98,3,Clear,Medium,South Indian,4.0,20,11,2,0,45.1,47.39991128320284
0.69,42,589.09,4,Clear,Low,Indian,4.3,37,19,5,1,47.0,49.59074290915232
5.33,28,1042.05,6,Rain,High,Indian,3.6,31,22,6,1,87.6,81.0661468702967
2.57,24,347.39,4,Storm,High,Cafe,4.4,19,12,2,0,77.1,72.0552332092215
3.48,24,307.64,2,Clear,Medium,Pizza,4.6,29,22,2,0,48.4,51.704666722396524
4.68,19,873.23,5,Storm,Low,South Indian,4.1,17,4,5,1,54.0,52.0428932372934
1.78,21,326.28,2,Clear,High,Healthy,4.4,20,12,4,0,56.1,51.34382583594456
0.61,30,562.97,2,Clear,Low,Pizza,4.0,32,9,6,1,33.0,35.09752600162865
17.25,23,585.08,2,Rain,High,Chinese,4.1,27,11,6,1,120.9,115.29143539102473
1.06,40,1484.46,5,Cloudy,Medium,Chinese,4.1,35,18,6,1,59.9,60.4728119577268
7.09,11,610.84,2,Clear,Medium,Bakery,3.6,10,18,6,1,52.5,50.51524815087217
5.41,20,266.93,1,Rain,Medium,Cafe,4.4,21,14,5,1,66.9,60.67242129527
2.51,12,1955.32,6,Clear,High,Bakery,4.3,12,15,4,0,41.7,45.53639594833185
4.32,21,1042.86,4,Clear,Low,Cafe,5.0,21,23,5,1,35.7,42.20062358499324
2.02,28,648.58,3,Clear,High,South Indian,3.9,30,15,4,0,57.0,59.87437790884175
2.82,28,438.48,2,Rain,Medium,Pizza,3.8,29,13,0,0,63.3,59.34156607235236
1.71,20,410.08,2,Clear,High,Desserts,3.5,18,18,0,0,52.3,51.46325024691136
0.83,29,176.18,2,Rain,Low,Biryani,4.4,34,14,5,1,51.7,44.01206295564013
7.79,52,347.51,2,Clear,Medium,Biryani,4.3,49,15,2,0,91.0,93.46228536336349
3.1,47,564.49,2,Clear,Low,Biryani,3.9,42,11,5,1,69.6,61.468616061381056
3.14,36,212.82,2,Rain,Medium,Chinese,4.6,34,18,6,1,68.3,69.60111058266065
3.35,43,1386.04,4,Storm,High,Indian,3.8,40,2,1,0,89.0,91.63390930445921
2.22,10,466.1,3,Clear,Low,Desserts,4.2,14,15,1,0,12.0,21.936927527703524
2.43,20,256.59,1,Clear,High,Fast Food,4.4,19,14,6,1,51.4,52.923082486250166
1.72,18,1670.27,5,Clear,High,Fast Food,5.0,15,13,5,1,53.7,48.14437917620731
4.07,31,287.44,3,Rain,Medium,Pizza,4.0,34,11,6,1,61.1,66.2838706054982
2.76,25,279.9,1,Clear,Medium,Fast Food,3.8,22,2,4,0,43.5,45.60770919508496
2.65,31,232.96,1,Clear,Medium,Indian,3.8,29,17,2,0,54.5,54.764172154887284
1.09,20,597.23,5,Cloudy,Medium,Chinese,3.6,24,22,6,1,40.8,41.44967784512286
6.61,36,1326.86,4,Clear,Medium,Chinese,4.6,34,18,6,1,81.4,73.88323795722621
3.87,26,276.8,3,Rain,Medium,Indian,4.1,28,20,6,1,63.4,62.61073794111254
1.04,12,466.33,2,Clear,Medium,Desserts,4.0,14,19,3,0,35.1,30.5161166943681
3.3,15,589.6,2,Clear,Low,Fast Food,4.5,17,7,6,1,27.6,28.83308506052406
4.36,28,533.23,3,Storm,High,Pizza,3.7,25,13,2,0,89.2,82.62138519247901
20.0,7,586.78,2,Clear,High,Desserts,4.4,12,11,4,0,101.5,100.85484386278108
1.63,27,442.59,5,Clear,High,Chinese,4.2,23,14,5,1,56.8,57.232464793783606
8.32,15,245.29,1,Rain,Low,Cafe,4.2,16,18,1,0,60.8,57.03315994677126
1.92,32,307.74,1,Rain,High,Chinese,3.5,31,21,0,0,70.2,72.91437525830293
3.33,13,632.83,5,Clear,Medium,Fast Food,4.4,11,0,6,1,33.8,34.990136149444204
3.46,37,327.14,1,Clear,Medium,Indian,4.0,40,13,2,0,65.9,62.70262619930414
16.16,19,368.67,2,Clear,Medium,South Indian,3.8,16,11,6,1,90.0,88.64537404047968
6.08,25,579.54,3,Clear,Low,Cafe,4.2,22,14,5,1,61.6,50.38706304382532
7.07,14,641.75,2,Clear,High,Cafe,4.7,12,16,6,1,58.4,63.778910887776306
4.39,14,189.7,1,Clear,Low,Fast Food,4.4,13,23,0,0,27.2,35.23784357154395
15.75,41,89.81,1,Clear,Low,Biryani,3.1,36,8,1,0,99.1,99.11140705229394
3.06,51,259.63,1,Rain,Medium,Biryani,3.8,48,5,1,0,73.1,81.59050783763368
3.62,13,427.67,2,Cloudy,Medium,Desserts,4.6,12,18,0,0,40.8,42.156281118348225
2.88,6,451.05,2,Clear,Medium,Desserts,4.6,10,14,3,0,29.6,29.72270061538108
7.61,14,264.87,2,Cloudy,Low,Desserts,4.6,10,0,0,0,44.5,43.262530456272515
3.35,21,165.46,1,Rain,Medium,Pizza,4.8,24,3,2,0,50.5,51.78615184274845
3.29,11,216.01,1,Cloudy,High,Cafe,4.9,14,22,3,0,47.4,50.82569746085642
1.6,6,545.43,2,Clear,High,Fast Food,4.3,10,20,2,0,35.0,37.34632792442835
4.02,25,1124.54,4,Clear,High,Fast Food,4.2,23,22,3,0,62.3,65.35846253549764
1.55,19,1027.46,4,Rain,Low,Bakery,4.3,15,13,2,0,40.1,36.059103217669076
4.13,20,163.23,1,Cloudy,Medium,Desserts,3.6,17,23,5,1,46.5,52.2812201273544
7.63,34,1064.77,5,Clear,Low,Pizza,4.6,29,6,0,0,53.2,62.824911668498615
6.49,7,258.66,1,Cloudy,High,Bakery,3.2,11,14,0,0,56.6,56.24565302241542
2.75,23,598.48,4,Cloudy,Medium,South Indian,3.8,24,13,5,1,48.4,48.09679544254905
3.98,16,1152.97,4,Clear,Low,Desserts,3.7,14,9,3,0,32.6,32.85776499034418
2.46,17,722.52,6,Clear,Medium,Bakery,4.0,12,9,3,0,35.8,38.09928083516316
2.57,20,1149.55,4,Clear,Medium,South Indian,4.0,20,20,1,0,41.5,44.078057071681364
7.78,22,366.38,2,Rain,Medium,Cafe,4.3,24,21,5,1,76.1,72.58896131156459
4.09,20,324.05,1,Clear,Medium,Fast Food,4.3,16,21,6,1,53.1,49.54747374336549
3.27,23,91.26,1,Cloudy,Medium,Healthy,4.2,18,20,4,0,49.0,51.57776572913504
8.39,7,957.83,3,Clear,Medium,Desserts,4.8,10,20,4,0,53.4,51.4081891421834
8.02,5,657.5,2,Cloudy,Low,Bakery,4.5,10,17,5,1,41.3,39.66345482208244
5.4,40,570.9,5,Clear,Medium,Indian,4.2,36,19,6,1,76.6,73.80948044797114
5.42,30,354.26,2,Clear,High,Chinese,3.5,31,20,0,0,74.1,75.00023524243558
2.05,36,321.15,2,Clear,Low,Chinese,3.5,33,7,5,1,45.2,45.74814707843994
7.87,25,290.57,1,Clear,Low,Pizza,4.1,22,23,5,1,62.2,58.66871890652371
0.55,26,259.33,1,Clear,High,Indian,3.8,29,21,6,1,54.5,54.16836777409362
7.74,22,889.93,4,Clear,Medium,South Indian,3.4,26,11,1,0,73.4,62.19663410824637
4.04,30,1149.93,5,Clear,High,Pizza,3.7,25,22,2,0,71.6,70.5829873881317
8.08,24,198.81,2,Cloudy,Low,Healthy,4.1,27,1,6,1,51.6,55.3871318677429
3.75,8,414.74,2,Cloudy,Medium,Bakery,3.9,10,18,5,1,41.5,37.71397765160969
9.16,20,1568.22,6,Clear,Medium,Fast Food,3.8,15,8,1,0,58.4,64.34238018683631
0.5,18,707.98,6,Clear,Medium,South Indian,4.2,21,13,5,1,36.6,33.15948683306986
4.49,24,246.12,2,Rain,High,Cafe,4.4,21,21,0,0,75.8,73.78439186132138
6.96,20,649.83,3,Rain,High,Pizza,4.0,24,12,5,1,78.9,76.4220090510199
5.91,7,172.17,1,Cloudy,Low,Fast Food,4.1,11,17,3,0,28.0,34.228221679995684
2.48,36,101.52,1,Rain,Medium,Indian,4.1,39,0,4,0,59.5,63.211349293279724
5.03,10,824.06,3,Rain,Medium,Desserts,4.6,12,19,2,0,48.8,50.329624038627706
0.67,15,691.08,4,Clear,Medium,Healthy,3.9,19,11,1,0,27.8,30.434651083611218
1.4,20,488.63,2,Cloudy,Medium,Cafe,3.8,23,14,1,0,48.1,40.715146921697766
1.69,19,650.62,2,Rain,Medium,Healthy,4.0,16,20,4,0,53.4,48.053969006997015
3.5,10,974.35,3,Clear,High,Fast Food,5.0,15,0,2,0,44.3,43.35844482622664
2.04,12,1119.96,5,Clear,High,South Indian,4.2,15,22,1,0,42.7,45.419305552767796
4.74,10,935.88,6,Rain,High,Healthy,4.1,15,22,5,1,56.9,60.91920497411377
13.54,36,203.78,2,Rain,High,Chinese,4.3,31,19,0,0,124.6,117.01849529190137
7.17,22,915.33,3,Clear,High,Fast Food,4.2,21,4,0,0,65.6,69.21526471014693
3.23,23,222.28,1,Cloudy,Medium,South Indian,3.8,28,12,1,0,53.1,49.55364547272771
0.86,14,288.77,2,Cloudy,Low,Bakery,3.6,13,7,6,1,13.4,21.40237753379322
6.0,13,248.68,3,Cloudy,Medium,Bakery,4.2,14,19,6,1,53.0,50.777490924624786
4.52,17,927.26,3,Clear,High,Healthy,3.9,16,12,5,1,51.1,57.01551612553066
1.51,6,587.88,2,Clear,Medium,Bakery,3.2,11,12,4,0,29.1,24.64534237526351
1.11,17,582.65,2,Rain,Medium,Pizza,4.3,20,20,6,1,41.9,43.942403408642136
7.21,50,930.35,3,Rain,Medium,Biryani,4.5,45,11,1,0,104.0,96.41794303038978
1.64,13,1305.98,4,Clear,Medium,Bakery,4.2,14,3,5,1,34.2,29.930532221353698
4.56,14,1382.42,4,Clear,High,Fast Food,4.2,15,14,6,1,50.3,54.434192121895435
3.25,12,634.55,2,Clear,High,Fast Food,4.4,12,18,5,1,47.3,48.68782159448431
2.25,27,288.51,1,Clear,Medium,Pizza,4.8,24,18,6,1,44.4,49.49025095661845
10.14,37,857.5,4,Clear,Low,Chinese,4.1,35,10,1,0,73.4,75.6687863037223
6.8,18,355.62,3,Clear,Medium,South Indian,4.2,21,13,1,0,55.1,55.216929501327456
3.17,21,303.9,3,Clear,Medium,Bakery,4.4,20,11,4,0,50.8,45.05740315233003
2.06,16,866.71,3,Cloudy,High,Desserts,3.9,18,19,0,0,58.7,50.853191871405684
5.06,28,281.3,1,Clear,Medium,South Indian,3.8,24,19,1,0,68.4,60.591618665172575
5.9,21,573.51,2,Rain,High,Indian,4.2,26,22,5,1,75.2,75.99354868988847
3.05,7,304.59,1,Clear,Low,Desserts,4.1,11,15,1,0,21.5,21.872955522203583
10.87,23,211.37,2,Clear,Medium,South Indian,4.3,27,20,3,0,76.2,76.11925904896023
2.5,38,236.89,1,Cloudy,Low,Indian,3.9,40,18,2,0,51.4,53.73775913887482
6.22,25,430.34,3,Clear,Medium,Cafe,4.6,20,8,1,0,54.2,59.11439333511151
7.44,15,426.44,2,Cloudy,Low,South Indian,4.0,20,16,5,1,38.6,47.47730480451125
2.52,15,521.45,2,Rain,High,Desserts,4.4,18,11,2,0,61.1,55.546556485145345
4.51,24,376.74,2,Clear,Medium,Indian,4.5,23,13,3,0,50.6,53.259127823828024
10.7,25,329.87,1,Cloudy,Medium,Pizza,4.0,24,19,2,0,79.3,79.35117736934318
6.27,17,476.64,4,Clear,Low,Desserts,3.8,15,8,5,1,41.8,41.5866113864039
13.36,21,505.32,2,Clear,Medium,Healthy,4.0,17,13,6,1,85.6,81.38967113639949
2.87,48,837.31,3,Cloudy,High,Biryani,3.5,45,7,4,0,69.0,83.30867868217845
3.94,18,712.82,3,Rain,Low,Healthy,3.9,16,3,6,1,47.4,41.321739109125566
4.46,20,1568.24,5,Cloudy,Medium,Pizza,4.0,25,18,0,0,54.5,52.2706584243342
2.79,12,375.66,2,Clear,Low,Desserts,4.5,15,2,1,0,21.6,22.929150182989787
5.47,30,679.34,2,Clear,Low,Biryani,4.3,31,1,6,1,49.4,50.41561156227146
4.32,21,619.31,2,Clear,Medium,South Indian,4.6,22,15,0,0,49.6,49.968828340603686
3.15,45,1737.0,6,Clear,High,Biryani,5.0,42,22,6,1,82.6,82.58284703889125
6.34,31,181.46,2,Clear,Medium,Healthy,4.7,26,8,6,1,64.0,65.56764005329816
2.06,16,369.77,3,Clear,Medium,Cafe,3.6,20,9,0,0,35.0,35.8858295969585
3.21,26,464.89,2,Clear,High,South Indian,3.9,25,18,1,0,63.4,62.67275304378206
2.5,15,202.0,1,Clear,High,Bakery,3.8,16,22,2,0,49.5,50.10197832370725
5.64,46,264.13,1,Cloudy,Medium,Biryani,4.0,43,18,4,0,84.5,82.6481690073457
9.04,27,174.52,1,Clear,Medium,Chinese,4.3,31,10,3,0,71.9,71.52913715924127
7.77,34,948.3,3,Clear,Medium,Biryani,4.4,32,4,0,0,71.5,72.80596585329855
2.11,27,699.61,3,Cloudy,Low,Indian,4.5,23,8,5,1,36.1,38.96728049257129
1.54,18,102.63,1,Rain,Medium,South Indian,4.0,17,21,5,1,53.4,46.62238567274062
2.22,10,237.18,2,Clear,Medium,Bakery,3.8,15,1,5,1,37.6,28.506466558995488
1.5,20,379.44,2,Clear,Low,South Indian,4.6,15,6,6,1,30.5,27.33014752094853
0.87,31,117.85,1,Cloudy,Medium,Healthy,3.9,29,22,6,1,53.4,51.714211147063125
4.0,17,278.96,1,Cloudy,Medium,Cafe,4.1,22,12,4,0,40.3,46.36700519571486
11.88,21,201.75,2,Storm,Medium,Chinese,3.6,21,13,3,0,94.7,91.19740229879707
1.22,25,752.95,3,Rain,Medium,Cafe,4.6,20,20,2,0,56.0,52.32426632460578
3.27,28,840.78,4,Clear,Medium,Chinese,4.2,24,2,4,0,51.0,50.48862941255144
2.05,21,619.4,2,Cloudy,Medium,Bakery,4.4,20,20,0,0,45.2,45.152354177289595
3.09,23,300.41,2,Clear,High,Pizza,3.9,21,10,2,0,57.2,57.45302480786215
2.53,43,1369.59,4,Cloudy,High,Indian,4.0,40,19,1,0,79.4,79.60405105886271
3.87,14,179.62,1,Rain,Medium,Healthy,3.9,16,13,0,0,49.9,49.0182011912844
3.95,20,509.66,2,Cloudy,Low,Pizza,4.7,23,10,6,1,35.0,38.86658311604275
1.59,30,589.11,3,Clear,Low,Indian,4.2,29,3,1,0,42.3,37.04707884461976
3.39,18,494.22,2,Cloudy,High,Desserts,3.6,17,18,5,1,58.8,57.35509966547999
5.7,17,827.87,4,Cloudy,High,Fast Food,3.8,22,21,1,0,63.9,64.97399503582751
1.3,25,512.54,2,Clear,Low,Pizza,3.8,29,6,4,0,30.2,31.83240262252353
2.93,27,261.94,1,Cloudy,Medium,Chinese,4.5,26,20,6,1,48.5,54.37465303214663
0.71,23,687.52,2,Clear,Medium,Pizza,3.7,25,12,5,1,41.9,38.86787100349835
2.5,47,747.0,3,Clear,Low,Biryani,3.9,42,1,5,1,56.7,57.07065424602079
3.37,43,220.81,1,Clear,High,Biryani,4.2,46,19,5,1,78.7,80.73674304102873
9.59,12,536.05,2,Cloudy,Low,Desserts,4.1,11,22,4,0,53.7,53.391706766339475
7.17,8,1585.49,5,Clear,Medium,Fast Food,4.3,10,8,3,0,44.1,45.34486853263007
2.53,24,911.75,4,Clear,High,South Indian,3.9,25,11,1,0,58.4,56.68583024337706
12.22,27,689.8,2,Clear,Medium,Pizza,4.6,29,22,5,1,81.9,85.36768336551151
10.29,21,1024.61,3,Clear,High,Chinese,3.6,21,20,6,1,85.3,83.11453708777978
0.5,28,888.56,5,Clear,Low,Fast Food,4.7,24,1,4,0,31.3,30.60627130920211
3.12,19,503.11,2,Clear,High,Healthy,4.1,15,19,5,1,52.9,55.67053257766803
3.48,27,466.48,2,Clear,High,Indian,4.1,28,12,6,1,68.1,63.32220088526195
1.39,12,377.4,3,Clear,High,Fast Food,4.1,11,19,2,0,39.8,42.375032276471856
4.07,23,529.47,2,Clear,Medium,Healthy,4.7,26,22,2,0,53.5,52.8232735829916
4.31,38,260.49,2,Clear,Medium,Indian,3.4,33,22,0,0,62.6,68.74089727433855
5.41,25,451.9,2,Clear,Low,Chinese,4.5,26,21,4,0,50.9,49.594173339389
3.27,40,396.13,2,Storm,High,Indian,4.6,37,13,6,1,86.1,90.76711080564118
1.88,14,692.55,4,Cloudy,Low,Desserts,3.8,10,5,0,0,28.0,24.441704638193535
2.5,34,709.19,5,Cloudy,High,Biryani,4.8,37,14,4,0,71.5,69.37433735163515
0.67,41,391.01,3,Clear,High,Biryani,4.0,38,12,6,1,71.2,67.6645095098876
7.21,15,299.32,1,Rain,High,South Indian,4.1,17,18,6,1,74.8,73.6144610646962
3.49,18,186.36,1,Cloudy,High,Cafe,3.8,19,14,0,0,55.1,56.803061855663685
7.97,31,1023.59,3,Clear,Low,South Indian,4.3,27,2,6,1,60.4,60.18593032844967
9.88,28,378.41,2,Clear,Medium,Chinese,4.4,33,22,3,0,84.5,78.21348609021709
6.5,16,1018.49,3,Clear,High,Fast Food,4.4,12,13,1,0,68.3,62.90037406956459
3.28,34,663.38,4,Cloudy,Low,Biryani,4.3,38,23,5,1,40.6,53.72244403542914
2.58,18,252.75,1,Clear,High,Cafe,4.0,13,19,4,0,53.9,52.81459509491785
3.33,30,978.25,3,Clear,Low,Biryani,4.2,31,3,1,0,48.5,43.34761349875026
1.89,7,296.31,3,Clear,Medium,Bakery,3.9,10,11,1,0,32.6,26.563199472281404
6.57,21,1846.6,6,Cloudy,Low,Cafe,4.7,23,17,4,0,48.1,50.75517931396433
15.15,19,348.12,3,Cloudy,High,Healthy,4.4,20,19,6,1,97.0,99.72831722701922
2.6,10,762.93,3,Clear,Medium,Bakery,4.2,13,11,0,0,35.8,32.04620699364298
9.74,24,512.11,3,Rain,High,Chinese,4.2,24,18,6,1,90.6,91.54468933765216
2.57,15,742.87,5,Storm,Medium,Cafe,4.3,18,19,5,1,55.1,53.904495854629204
5.3,20,578.56,2,Clear,Low,South Indian,4.6,22,23,6,1,42.5,44.577225653113544
4.87,30,612.29,3,Rain,Low,Healthy,4.7,26,11,3,0,65.0,58.3110557731718
3.43,27,773.07,3,Clear,Low,Fast Food,4.7,24,8,3,0,42.2,41.48786129371984
3.7,31,933.99,6,Rain,Low,Pizza,4.0,35,15,2,0,62.8,56.148973727834296
6.61,12,1912.32,6,Cloudy,Medium,Healthy,3.3,15,14,6,1,49.2,51.0729564804062
2.03,30,474.73,3,Clear,Low,Chinese,3.5,33,17,5,1,33.3,41.96543725060461
2.37,26,1520.32,5,Cloudy,Medium,Cafe,4.4,21,18,0,0,50.1,50.958257795985006
3.5,36,1484.76,5,Clear,Medium,Chinese,4.1,35,11,1,0,68.1,61.39777716269614
0.55,27,1260.95,4,Clear,High,Pizza,3.2,29,18,3,0,48.4,54.56662193527256
8.98,20,1262.08,6,Cloudy,Medium,Fast Food,4.2,21,7,2,0,62.7,65.40591657407174
6.66,28,144.28,1,Cloudy,High,Indian,4.2,32,21,5,1,88.9,79.46643813752061
7.55,31,285.99,3,Clear,Medium,Indian,3.4,31,21,2,0,76.8,72.86553838551542
2.61,28,326.29,1,Clear,Low,Indian,4.6,28,1,6,1,28.8,38.173831142738166
1.85,49,393.94,2,Cloudy,Medium,Biryani,3.8,48,7,1,0,73.2,69.84226086535527
4.06,25,282.48,2,Cloudy,Low,Chinese,3.6,24,3,0,0,43.1,42.741468665984335
0.83,19,191.76,2,Cloudy,Medium,South Indian,4.5,22,22,1,0,39.4,39.30801171837163
1.55,23,334.72,2,Clear,Medium,Pizza,3.9,21,13,5,1,37.8,41.96882476374886
4.55,12,581.23,4,Cloudy,Medium,Cafe,4.7,12,22,3,0,45.3,45.426630866145445
1.67,38,1389.43,6,Cloudy,Medium,Chinese,4.1,35,22,2,0,62.3,61.46266173136703
10.37,37,213.98,1,Rain,High,Chinese,4.0,35,1,4,0,97.0,102.92209882760795
5.29,34,861.3,4,Cloudy,Medium,Indian,4.4,39,18,4,0,61.5,69.18566848062646
5.69,35,904.45,3,Cloudy,Low,Indian,3.4,33,20,6,1,66.8,62.4636111581463
6.77,13,299.62,1,Clear,Low,Bakery,4.5,10,1,6,1,37.0,37.65335328258244
2.06,26,353.02,3,Clear,High,Indian,3.8,29,20,5,1,56.2,59.181011074955734
3.03,19,366.24,2,Cloudy,High,Pizza,4.1,23,13,5,1,56.9,55.90543646093393
1.87,27,205.39,2,Clear,High,Indian,4.6,28,14,4,0,71.6,58.04850015078903
9.01,27,446.25,4,Cloudy,Medium,South Indian,3.9,25,23,3,0,78.8,76.28338227071998
7.91,18,1436.91,5,Clear,High,Indian,3.7,22,9,3,0,66.4,69.18587844081179
9.22,18,316.42,1,Rain,Medium,Bakery,5.0,18,12,0,0,67.6,71.30049633076604
2.28,28,735.91,4,Clear,High,Chinese,4.3,31,11,2,0,66.0,59.859710986723506
2.23,22,300.32,1,Clear,Low,Cafe,4.3,24,12,0,0,35.9,33.404589873014146
5.35,16,266.78,2,Clear,Medium,Desserts,3.7,14,12,5,1,51.1,48.032873180964806
4.99,15,325.28,3,Rain,Medium,Desserts,4.0,14,4,1,0,55.4,51.77608837275876
3.88,22,267.38,1,Cloudy,Low,Pizza,3.9,22,16,5,1,37.1,42.08067788540687
3.68,27,176.9,2,Cloudy,Low,Pizza,4.0,25,23,4,0,38.9,47.961912085536476
8.12,17,541.0,2,Clear,Medium,Fast Food,3.9,17,4,0,0,57.4,56.753572924816794
6.32,10,1034.8,4,Clear,Medium,Bakery,4.3,12,9,0,0,43.4,44.60328971005624
2.04,27,394.64,2,Clear,Medium,Healthy,4.4,24,22,1,0,54.5,49.71827042248742
0.86,30,1382.73,5,Storm,Medium,Pizza,3.8,29,8,0,0,53.9,60.419272011582066
3.61,41,566.58,5,Clear,Low,Biryani,4.0,43,9,2,0,47.5,56.70754923385747
2.51,32,276.83,1,Clear,High,South Indian,3.6,27,18,5,1,65.2,66.30492633903843
4.65,20,505.27,2,Clear,High,Desserts,4.5,15,22,4,0,58.1,62.60450744616442
7.58,25,1525.73,5,Clear,Medium,Cafe,4.6,20,20,3,0,66.2,66.71307790332213
10.87,15,824.98,5,Clear,High,Pizza,4.3,20,14,4,0,83.7,77.57941015675831
5.0,34,906.12,5,Clear,Low,Biryani,4.7,38,16,5,1,52.2,56.12482340965988
1.88,25,639.77,2,Clear,Medium,South Indian,4.7,29,13,6,1,45.7,45.04221550397729
2.49,38,311.55,1,Clear,High,Indian,3.9,40,22,2,0,76.6,73.18263436215155
1.94,27,498.33,3,Rain,High,Chinese,4.2,24,19,5,1,71.3,67.43981079922166
1.16,19,259.81,1,Clear,Medium,Fast Food,4.4,14,20,1,0,36.5,37.98089670488481
9.83,18,264.94,1,Cloudy,Low,Fast Food,4.2,14,22,6,1,64.4,60.127122608331256
11.64,7,1578.89,5,Clear,High,Desserts,3.8,10,20,2,0,82.3,73.70681787045008
5.35,22,570.19,4,Cloudy,Low,Pizza,3.7,25,1,1,0,42.7,43.7570151891726
3.84,24,549.81,4,Clear,Medium,Cafe,4.2,22,4,4,0,38.3,48.95569905284614
6.61,9,540.14,2,Cloudy,Low,Desserts,3.8,10,4,2,0,41.0,35.83539296022715
1.88,14,267.58,1,Clear,Low,South Indian,4.6,15,21,5,1,25.9,26.096639541113632
1.14,33,228.48,2,Clear,Low,Indian,4.6,37,18,1,0,46.6,41.87354390891295
1.81,30,125.87,1,Clear,High,South Indian,4.5,26,14,5,1,68.8,60.803872582633915
12.9,22,488.62,2,Clear,High,Chinese,4.2,21,19,0,0,86.9,92.85632630093757
3.45,16,1267.9,5,Clear,High,Fast Food,4.2,21,9,6,1,46.3,51.3907602262615
2.01,11,1277.9,5,Cloudy,High,Fast Food,3.5,10,18,0,0,48.1,45.36628818650684
1.27,7,360.73,2,Clear,Low,Desserts,4.6,12,8,5,1,10.0,13.993765033569098
1.78,16,595.73,3,Cloudy,Low,South Indian,3.9,20,6,1,0,29.4,26.33372510717446
1.82,34,290.8,1,Clear,High,South Indian,4.0,30,19,2,0,60.7,66.05584805876346
0.93,14,844.25,3,Cloudy,High,Cafe,4.3,12,11,0,0,40.0,43.07895522535107
10.45,47,610.25,6,Clear,Medium,Biryani,3.9,42,0,5,1,97.3,94.33254341413713
3.73,16,479.03,2,Clear,High,Fast Food,4.4,14,12,4,0,53.4,52.994317176715455
8.47,36,1099.89,6,Rain,Medium,Biryani,3.7,31,14,0,0,95.2,87.51742179786464
4.77,21,755.0,3,Clear,High,Desserts,3.9,18,22,4,0,60.2,64.11419596224489
2.16,5,588.68,2,Clear,Medium,Fast Food,3.5,10,11,6,1,17.8,25.585097634563468
9.13,23,408.85,3,Cloudy,Medium,Cafe,4.8,23,20,2,0,72.3,72.02081555892616
5.49,33,688.72,2,Clear,Medium,Indian,4.6,37,19,6,1,66.7,67.14795695559977
2.01,24,1731.24,6,Clear,Medium,South Indian,3.9,20,12,2,0,49.2,44.320124325565416
2.52,14,686.72,2,Clear,Medium,Bakery,4.5,10,3,4,0,31.3,33.95436795916865
7.9,42,484.03,4,Clear,Low,Biryani,4.2,46,20,3,0,74.4,75.26564720492439
2.98,26,792.81,3,Clear,High,South Indian,3.8,24,0,0,0,52.9,57.74392210530794
4.17,31,618.55,2,Rain,High,Chinese,4.1,27,18,0,0,79.6,79.02253072781963
7.91,7,437.64,4,Clear,Medium,Bakery,3.6,10,0,4,0,44.9,45.20037772927139
3.91,9,312.98,1,Clear,Medium,Cafe,3.5,14,20,5,1,45.0,37.966257281634924
4.32,29,371.5,3,Clear,Medium,Indian,3.8,25,16,4,0,51.2,58.3721273150131
4.76,33,1046.97,3,Clear,Medium,Chinese,4.3,31,4,4,0,66.8,61.213160196329945
5.88,20,171.73,2,Clear,Medium,Fast Food,4.3,16,22,5,1,58.1,55.997847595626
3.47,28,450.27,2,Rain,Medium,South Indian,4.3,30,22,2,0,70.7,63.60355718754119
8.53,15,494.21,2,Cloudy,Medium,Fast Food,4.2,14,9,4,0,58.3,59.30823437100956
5.2,20,502.62,4,Clear,Medium,Desserts,4.4,18,23,3,0,44.9,53.925847399265166
3.46,14,307.32,1,Clear,Low,Fast Food,4.1,11,19,5,1,31.8,31.15652202204884
6.04,21,1033.35,4,Rain,Low,Bakery,4.4,20,19,6,1,61.8,55.19978922863194
4.04,27,966.66,3,Clear,Medium,South Indian,3.8,28,18,2,0,54.1,55.8383892508092
3.09,26,550.16,2,Cloudy,Medium,Biryani,4.2,31,11,4,0,57.8,52.055206209323025
3.41,35,1001.66,6,Cloudy,Low,Chinese,3.5,31,21,4,0,57.5,54.667938603353704
0.5,35,254.11,1,Rain,Medium,Pizza,3.8,32,1,2,0,52.8,55.50749881557381
3.01,20,901.67,3,Rain,Medium,Desserts,3.8,19,19,5,1,49.7,53.40808833148626
1.73,19,967.56,4,Clear,Low,Pizza,4.1,23,12,0,0,33.5,28.596348596503645
16.42,25,274.16,2,Clear,Low,Pizza,4.0,25,8,5,1,78.6,85.17597857109159
8.97,20,127.02,1,Clear,Low,South Indian,4.7,19,0,1,0,53.7,52.0645587844768
10.06,33,842.41,6,Cloudy,Medium,Indian,4.2,32,2,2,0,76.4,81.15435904067809
1.54,20,747.3,5,Cloudy,Medium,Cafe,4.2,16,0,1,0,38.0,37.88280980872686
8.93,18,880.18,3,Rain,High,Healthy,4.1,15,19,3,0,84.1,82.95253007194458
1.5,12,326.1,2,Clear,Medium,Bakery,3.4,16,19,6,1,31.3,32.18858556797228
3.95,16,309.85,3,Clear,Medium,Bakery,3.4,16,1,5,1,39.6,40.60548720236718
3.29,24,395.98,2,Clear,High,Pizza,4.0,25,22,1,0,54.6,61.89856100355145
1.24,18,623.7,3,Cloudy,Low,Cafe,4.9,14,9,4,0,30.1,27.151960351809223
7.67,12,675.88,6,Clear,Low,Healthy,4.1,15,8,2,0,50.7,41.47735799184414
3.83,15,512.28,2,Rain,Low,Desserts,3.8,20,23,3,0,36.2,42.46150286463208
4.46,25,565.6,3,Cloudy,Medium,Pizza,4.0,29,19,4,0,56.8,57.524555776314656
3.76,29,766.82,3,Clear,Medium,Healthy,4.0,29,22,6,1,56.9,57.873536798459746
4.08,36,383.71,2,Clear,High,Chinese,4.4,33,19,1,0,69.6,75.9843216486669
8.28,49,1733.19,5,Cloudy,Medium,Biryani,3.8,48,14,5,1,96.1,94.05853731739055
4.05,18,318.02,2,Rain,Low,Fast Food,3.9,17,12,3,0,45.1,43.56565046720948
6.4,35,333.73,1,Rain,Medium,South Indian,4.3,30,4,0,0,76.9,76.71717378543191
1.51,21,1187.97,4,Clear,High,Desserts,3.6,17,21,1,0,56.4,52.47628745560479
10.22,16,422.26,3,Clear,Low,South Indian,4.0,20,7,6,1,51.4,54.17845827321796
2.54,22,1295.31,4,Rain,Medium,Fast Food,4.5,17,2,1,0,46.5,49.641382177912824
0.78,48,134.97,1,Clear,Low,Biryani,3.7,46,21,5,1,57.3,56.65803252170818
4.08,22,291.86,1,Clear,Low,Chinese,4.2,21,21,4,0,45.7,41.96459328254855
4.34,34,331.44,2,Cloudy,Medium,Chinese,3.6,33,13,6,1,65.3,64.83298674129712
1.19,20,283.93,3,Clear,Low,Desserts,3.8,15,2,3,0,29.6,25.415945448585504
2.92,23,94.0,1,Clear,Medium,Healthy,3.9,19,14,5,1,51.9,47.04440910791744
2.44,34,1007.06,5,Clear,High,Pizza,3.8,32,19,3,0,69.5,68.30421928118935
1.48,27,933.95,3,Clear,Medium,Chinese,3.5,31,20,3,0,51.4,47.47421299077111
2.95,27,190.96,2,Rain,High,Pizza,4.1,22,22,1,0,69.2,71.59339740400961
3.64,28,105.47,1,Rain,Medium,Pizza,4.1,25,6,3,0,59.8,60.59148224470204
2.94,9,246.59,3,Cloudy,Medium,Bakery,3.6,10,16,0,0,22.3,35.37213048109082
7.23,20,80.6,1,Cloudy,High,Cafe,4.1,22,23,0,0,73.8,73.92655195162759
2.45,36,381.98,2,Clear,High,Biryani,3.9,33,19,2,0,71.7,70.48347113667323
6.09,12,316.77,2,Clear,High,Desserts,4.6,12,22,6,1,64.0,59.61635040968021
6.04,28,1230.29,4,Cloudy,High,Indian,4.2,29,22,0,0,82.0,77.49770150732674
3.7,24,178.62,1,Clear,High,South Indian,4.2,20,18,5,1,61.0,62.364300248190226
12.19,18,898.1,5,Clear,High,Bakery,5.0,18,21,1,0,91.5,86.62618142308251
6.99,19,697.35,3,Storm,Medium,Cafe,4.9,14,3,1,0,70.9,69.62405225669218
12.59,29,1244.86,4,Clear,Low,Pizza,4.0,24,17,6,1,75.7,77.88033555224467
2.45,39,541.7,2,Clear,Low,Biryani,4.3,35,19,0,0,57.0,52.899663596661995
9.16,32,94.27,1,Rain,Low,Indian,4.6,37,23,5,1,76.8,78.07943051555135
4.46,35,274.64,1,Clear,Low,Biryani,4.2,35,10,5,1,48.0,53.937190711896186
5.62,27,995.36,3,Cloudy,High,Cafe,4.1,22,20,5,1,69.2,74.6885865131751
3.9,6,332.45,3,Clear,Low,Desserts,4.6,10,7,5,1,23.7,21.94640301964961
5.1,46,1630.41,6,Clear,Low,Biryani,5.0,42,10,2,0,65.0,67.09336889238756
1.53,42,737.56,4,Cloudy,High,Indian,4.6,37,18,5,1,76.9,74.76597516284313
1.23,26,500.78,6,Clear,Low,Cafe,3.8,23,2,2,0,27.9,31.617516422730116
4.06,26,326.16,2,Clear,Low,Indian,3.6,31,3,6,1,43.0,41.83081978212641
2.36,8,573.07,2,Cloudy,Medium,Desserts,4.6,10,22,6,1,34.7,33.73279288085784
5.84,20,254.4,2,Clear,Low,Chinese,4.2,24,9,5,1,49.7,43.356652527229315
5.49,25,523.64,3,Storm,Low,Fast Food,3.7,22,13,1,0,64.3,62.91462350839766
2.8,26,1100.51,5,Rain,High,Cafe,4.7,23,11,5,1,70.6,67.60558770437586
8.76,21,696.81,4,Rain,Medium,Bakery,3.9,17,7,5,1,60.1,71.70523644906832
12.51,28,212.14,1,Rain,Medium,Indian,3.5,26,19,1,0,98.7,94.6946778962227
2.61,24,830.94,4,Clear,High,Pizza,3.9,21,18,5,1,56.0,58.63294103589976
5.8,33,874.88,3,Clear,Low,Biryani,5.0,32,0,3,0,57.0,54.23020637873691
2.37,16,231.59,1,Rain,Low,Bakery,3.7,11,12,2,0,34.8,35.7570746012709
2.24,13,186.94,1,Cloudy,Medium,Fast Food,3.8,15,1,6,1,36.6,33.50040409857411
0.5,45,916.15,5,Rain,Medium,Biryani,3.8,42,22,4,0,68.8,70.52443986887833
1.83,30,491.37,3,Clear,Low,Pizza,3.8,32,10,6,1,40.5,39.59927199997537
2.65,23,419.11,2,Clear,High,Indian,4.7,23,19,6,1,60.4,57.92214644878369
10.97,35,640.11,4,Rain,Medium,Indian,3.8,33,15,0,0,90.2,95.3303636538421
7.62,19,309.59,1,Clear,Medium,Bakery,3.8,15,13,5,1,62.4,59.19361570555829
1.61,29,471.63,3,Storm,Low,South Indian,3.4,25,9,0,0,42.2,52.50736449168827
1.89,20,583.04,2,Clear,High,Pizza,4.7,23,21,1,0,50.3,52.68589051573709
2.7,27,473.16,3,Cloudy,Medium,Indian,4.6,28,14,2,0,55.3,52.09259123809619
3.83,21,530.99,2,Clear,Medium,Indian,4.5,23,20,2,0,41.8,49.48166302816547
1.54,17,477.44,4,Storm,Medium,Cafe,4.1,22,14,6,1,54.9,51.201774128712216
7.07,15,198.62,1,Clear,Low,Desserts,3.6,13,23,2,0,43.0,45.861228113662634
1.4,30,527.29,2,Cloudy,High,Pizza,4.1,26,13,0,0,58.3,61.16780438247151
7.73,14,585.65,2,Cloudy,Medium,Desserts,4.6,10,3,6,1,57.2,54.18368527335498
2.98,36,804.33,4,Rain,Medium,Indian,4.2,32,12,2,0,68.5,67.64809364792981
5.91,32,506.24,6,Clear,Low,Pizza,4.1,30,20,0,0,65.2,58.01090384905294
1.86,30,100.28,1,Cloudy,Medium,Chinese,4.1,30,5,1,0,43.3,50.1886269569124
14.47,10,538.5,4,Clear,High,South Indian,4.6,15,21,1,0,91.4,86.6411226264554
2.81,19,236.27,2,Clear,Medium,Bakery,4.4,17,13,6,1,45.6,42.26561829386195
2.21,28,358.04,3,Clear,Low,Indian,5.0,26,17,5,1,37.6,40.33049608512478
4.93,15,218.51,2,Cloudy,Medium,Pizza,4.3,20,9,1,0,43.6,46.756232162301245
2.57,31,163.6,2,Cloudy,Medium,Chinese,4.1,35,11,0,0,58.7,55.03846347185202
3.89,19,344.28,1,Clear,Medium,Healthy,3.9,19,18,1,0,53.7,47.345357279543194
2.37,33,477.95,2,Cloudy,High,Biryani,3.5,33,19,3,0,71.4,69.24491586092289
7.72,17,1799.23,6,Cloudy,High,Cafe,4.7,12,20,0,0,77.7,71.89293665089164
3.27,37,581.7,3,Rain,Medium,Biryani,3.1,36,19,0,0,67.1,71.56146293867073
1.84,20,614.3,2,Cloudy,Low,Chinese,3.6,24,10,1,0,29.0,31.61597217283802
2.2,15,884.68,3,Rain,High,Healthy,3.9,19,19,2,0,56.3,56.40841697065961
3.72,34,481.92,2,Clear,Medium,Indian,3.3,35,20,2,0,69.8,62.28556899089339
1.28,11,258.99,2,Rain,Low,Bakery,4.2,14,23,0,0,26.1,29.361114720300364
15.94,38,211.35,1,Clear,Medium,Chinese,4.0,35,13,0,0,101.0,107.39112838078304
2.47,14,560.47,3,Cloudy,Low,Fast Food,3.5,10,1,3,0,29.2,25.578845759400323
5.31,33,130.52,1,Cloudy,Low,Chinese,4.0,35,0,5,1,58.5,54.47303261459378
6.78,17,297.63,2,Clear,Low,Desserts,4.3,19,6,1,0,41.5,42.85175685276101
1.44,6,224.61,1,Rain,Medium,Desserts,4.8,10,13,4,0,34.8,32.36673720201309
9.18,26,305.73,1,Clear,Medium,Fast Food,3.7,22,22,6,1,62.0,73.69834356704116
1.02,24,952.14,3,Clear,High,Healthy,4.1,27,21,5,1,52.2,53.833364994637925
5.83,27,273.05,2,Clear,High,Pizza,3.8,29,7,6,1,63.6,70.43435802689557
4.65,13,395.34,2,Clear,Medium,Desserts,3.6,17,11,5,1,48.4,42.38714694448723
5.32,20,338.11,2,Cloudy,High,Pizza,4.0,22,21,6,1,67.2,66.78118199002587
4.93,19,773.96,3,Clear,Medium,Chinese,3.6,21,19,0,0,52.0,51.22408566524003
8.19,27,1231.44,4,Clear,Medium,Indian,4.2,29,19,5,1,70.9,70.62209829947955
5.2,19,1707.63,6,Rain,Medium,Indian,4.0,20,16,2,0,56.2,59.367169723344375
1.84,38,562.9,2,Clear,Medium,Chinese,4.4,33,12,3,0,58.6,57.77659309218231
0.96,9,391.89,2,Cloudy,Medium,Fast Food,4.4,11,14,4,0,28.5,27.898938459579412
5.52,26,260.21,1,Rain,High,Cafe,4.4,21,12,1,0,68.9,77.36386312511135
7.29,15,637.73,2,Cloudy,Medium,Fast Food,4.2,14,13,1,0,60.3,55.85056257283141
7.03,29,1241.58,5,Clear,Medium,Indian,4.4,32,21,5,1,62.0,68.9829328312249
3.81,6,178.05,1,Cloudy,High,Bakery,3.9,10,14,0,0,47.6,45.75891090123825
4.67,25,342.69,2,Cloudy,Low,Chinese,4.1,27,0,5,1,48.7,44.191543521658794
2.37,29,355.32,3,Clear,Medium,Pizza,4.2,24,19,1,0,58.2,52.132259483983184
1.67,19,167.99,1,Rain,Low,Healthy,3.7,23,9,5,1,38.6,35.774708618265265
3.14,25,522.74,3,Cloudy,High,Pizza,4.1,25,3,6,1,64.5,60.01203767139172
3.16,6,227.39,1,Rain,High,Bakery,3.6,10,19,0,0,54.9,50.6330474828861
2.47,17,294.68,1,Cloudy,Medium,South Indian,4.1,17,13,3,0,46.3,41.08184375706318
3.39,13,223.38,1,Clear,Medium,Bakery,3.9,17,12,6,1,51.4,38.152569327749575
2.97,13,245.52,3,Cloudy,Low,Fast Food,4.1,11,9,6,1,23.9,28.083819909500527
3.76,31,559.4,2,Clear,High,Healthy,3.9,29,19,1,0,67.7,69.9521129932484
5.4,29,392.4,4,Clear,Medium,South Indian,3.8,24,20,5,1,65.0,62.99714555484512
10.32,29,160.19,2,Clear,Medium,Biryani,4.4,34,20,0,0,83.9,80.36440155951564
5.98,24,337.16,1,Clear,Medium,Indian,4.1,29,22,1,0,60.4,60.5299714936342
7.02,15,217.04,2,Clear,Medium,Desserts,4.6,10,22,0,0,52.4,54.98923607337892
2.77,30,1088.0,4,Cloudy,Medium,Chinese,4.2,35,20,1,0,59.6,56.8445067989915
2.81,12,1416.66,6,Clear,Low,Desserts,4.6,12,23,5,1,26.5,27.836628254503115
5.75,8,840.66,3,Rain,High,Desserts,4.6,10,14,5,1,73.6,60.52365256353918
1.47,28,219.19,2,Clear,Low,Pizza,4.7,23,4,5,1,37.9,34.79762103389828
4.42,16,540.6,2,Cloudy,Medium,Cafe,4.4,19,18,6,1,46.5,48.17362334506496
1.06,20,605.91,3,Cloudy,Low,Cafe,4.4,19,17,0,0,27.0,30.376310032334235
4.57,24,321.39,1,Clear,Low,Indian,3.8,25,15,4,0,45.9,44.335166367937035
6.57,31,88.13,1,Rain,Low,Biryani,5.0,32,13,5,1,76.7,65.81295858615759
5.61,28,274.94,2,Clear,Medium,Pizza,4.7,23,20,3,0,70.1,62.68337436063916
5.34,30,455.23,3,Rain,Low,Pizza,3.8,29,15,5,1,61.4,60.937477603322115
6.94,23,483.85,2,Clear,High,Pizza,4.8,24,21,2,0,70.0,73.36815984996063
3.31,24,426.21,2,Clear,High,Bakery,3.9,19,22,0,0,61.7,61.90397829345918
3.89,25,428.75,2,Clear,Low,Pizza,4.1,26,4,6,1,38.0,40.39461110790793
5.61,17,223.33,1,Clear,Medium,Healthy,3.9,19,11,4,0,56.0,49.79877603093635
13.21,28,1381.03,5,Rain,High,Pizza,4.1,26,22,6,1,103.8,108.63383977821586
1.64,31,329.2,1,Clear,High,Chinese,4.4,33,18,0,0,61.6,62.21120590830124
5.45,20,669.44,4,Clear,Medium,Healthy,3.9,19,13,2,0,53.9,52.64556601100119
4.28,18,91.04,1,Clear,Low,Desserts,4.3,19,22,0,0,37.5,38.751194347796115
2.02,22,171.39,1,Clear,Low,Cafe,5.0,21,16,6,1,33.4,33.53950077985861
0.87,25,690.33,2,Clear,High,Cafe,3.6,20,18,1,0,53.4,53.644315904215404
10.12,19,117.95,1,Clear,Medium,Healthy,4.0,17,6,6,1,56.2,66.42449096838874
2.25,37,305.39,1,Rain,High,Biryani,4.6,33,14,6,1,77.9,77.52240243011275
4.76,20,169.03,2,Clear,Medium,Desserts,4.4,18,16,4,0,45.4,50.805802596895
6.59,27,346.97,1,Clear,Low,Indian,4.6,25,5,5,1,44.1,52.00668369009955
4.81,19,334.67,1,Clear,High,Pizza,3.9,21,19,4,0,64.7,61.5935222665322
2.22,32,207.03,1,Rain,Low,Healthy,3.9,29,12,1,0,55.7,51.34787550209699
10.06,14,409.23,3,Clear,Medium,Fast Food,4.1,11,14,5,1,60.9,62.8139652528109
6.83,7,563.86,2,Rain,High,Desserts,4.1,11,11,1,0,59.6,62.646753305466035
3.16,18,319.05,1,Clear,Medium,Fast Food,3.8,22,20,1,0,40.6,44.09585149332714
1.99,22,149.06,1,Clear,Low,Chinese,3.9,23,7,1,0,25.9,31.424370972609967
4.62,16,197.47,1,Cloudy,Low,Fast Food,3.8,15,2,4,0,30.7,35.33895118173146
4.47,18,333.49,1,Storm,Low,Desserts,4.0,14,17,2,0,49.7,53.33662880675958
1.7,19,181.63,1,Clear,Medium,Desserts,4.4,16,21,6,1,41.7,40.2558820512678
0.73,16,508.22,2,Clear,High,Desserts,4.5,15,21,6,1,47.9,44.65398896522341
4.54,23,789.14,5,Clear,High,Cafe,4.2,22,12,0,0,70.5,62.985781677978935
3.07,21,104.81,1,Clear,Medium,Cafe,4.7,23,0,6,1,39.2,42.308905736874976
1.36,30,628.04,3,Clear,Medium,South Indian,3.9,25,13,4,0,55.4,48.282407078674225
0.9,36,283.52,1,Clear,Low,Indian,3.4,33,1,4,0,42.0,40.34554273152542
3.28,27,523.85,4,Clear,High,Pizza,3.2,29,18,1,0,61.4,64.0343243895685
5.35,23,284.01,2,Clear,High,Pizza,3.7,20,19,2,0,63.4,67.45236727474938
6.95,14,480.63,3,Rain,Low,Healthy,3.9,16,2,3,0,50.8,47.59397943600522
1.95,7,930.74,3,Rain,High,Fast Food,4.3,10,18,1,0,47.2,47.039367287801745
6.41,29,737.36,3,Cloudy,Medium,Pizza,4.0,25,14,3,0,69.3,67.19306591834054
2.24,21,108.37,1,Clear,Medium,Cafe,4.0,18,18,0,0,38.7,43.53686719957525
3.17,22,251.93,3,Rain,High,Fast Food,4.3,24,22,4,0,62.2,67.25918591064531
2.78,28,409.73,3,Cloudy,Medium,South Indian,4.5,23,1,1,0,48.7,50.323356153636276
5.69,37,507.25,2,Cloudy,High,Chinese,3.6,33,21,1,0,85.4,85.16146361332
6.13,19,869.32,3,Rain,Medium,Pizza,3.9,21,18,5,1,69.6,63.109984387361024
5.07,22,277.86,1,Rain,Low,Cafe,3.8,19,12,0,0,57.4,51.32382088466761
2.95,19,348.34,2,Rain,Medium,Chinese,3.2,24,21,6,1,53.4,52.78598804782907
5.45,14,939.06,6,Cloudy,Low,Desserts,4.6,10,18,0,0,49.1,39.802993318784345
3.34,30,1067.7,5,Clear,Low,Pizza,3.7,25,17,6,1,48.8,46.491404139098506
3.04,15,913.79,3,Cloudy,Medium,Fast Food,4.9,13,8,1,0,32.7,39.72979679889185
13.34,22,888.15,5,Rain,Medium,Cafe,3.9,22,13,6,1,91.7,90.27250967547594
6.18,25,1375.65,4,Clear,High,Chinese,3.6,24,22,2,0,66.4,73.16284734028041
2.13,13,263.36,1,Clear,High,Bakery,3.6,10,20,3,0,50.4,46.37347799432143
2.1,16,185.04,2,Rain,High,Cafe,4.4,19,11,2,0,62.0,55.1408197678622
1.81,12,372.05,2,Cloudy,Medium,Desserts,3.6,16,22,2,0,35.7,35.90234119848088
2.84,22,1224.02,4,Clear,Low,Cafe,4.3,17,8,3,0,31.6,34.66451609779321
2.27,5,185.83,2,Cloudy,Medium,Fast Food,4.3,10,17,3,0,28.2,29.152447658246487
6.52,15,167.92,1,Clear,High,Fast Food,3.5,10,16,4,0,64.7,62.778465098441686
3.27,15,288.93,1,Clear,Low,Desserts,3.6,13,15,5,1,27.5,30.74761244696857
3.56,24,323.8,3,Clear,Low,Pizza,3.2,29,23,5,1,36.6,42.677867343566035
2.29,27,1098.72,5,Cloudy,Medium,Cafe,4.7,23,19,2,0,47.8,51.868190610616715
1.97,20,114.29,1,Clear,Low,Bakery,5.0,18,8,2,0,25.1,29.356605787081925
3.11,33,400.21,4,Rain,High,South Indian,4.0,30,13,2,0,73.3,76.07551932699513
4.29,22,478.71,2,Clear,High,South Indian,4.2,21,21,3,0,60.5,63.12207133904139
5.7,22,642.29,6,Clear,Medium,Pizza,4.4,23,11,6,1,57.7,54.948804113657154
3.88,26,231.19,2,Clear,Low,Biryani,4.3,31,15,3,0,44.9,43.99763560938382
2.89,21,178.68,2,Clear,Medium,Cafe,4.3,24,16,1,0,46.3,45.33757599788532
2.79,21,205.73,1,Clear,Medium,Chinese,4.2,21,20,4,0,42.5,45.93016409943368
2.6,30,204.37,1,Clear,Medium,Pizza,3.8,32,23,4,0,59.6,55.0048620066486
5.62,32,195.38,2,Cloudy,High,Chinese,3.5,31,11,6,1,78.8,77.65466183457973
8.62,12,261.79,3,Rain,Medium,Cafe,4.9,14,22,5,1,75.3,65.62150995367739
8.98,53,351.39,2,Clear,Low,Biryani,4.3,49,16,4,0,89.8,89.16892472762045
5.53,21,227.58,1,Clear,High,Chinese,4.5,26,20,4,0,60.8,66.30910853104373
7.23,9,524.97,3,Clear,Medium,Desserts,4.1,11,3,5,1,47.4,45.49586583971174
2.97,30,898.92,4,Clear,High,Chinese,3.6,33,19,3,0,58.4,66.23613210389107
7.46,16,268.13,1,Cloudy,High,Fast Food,4.2,14,13,2,0,70.9,68.25094011636898
9.47,23,545.16,2,Storm,High,Cafe,5.0,21,13,6,1,92.3,95.47220268266922
4.11,29,877.79,3,Clear,Low,Indian,4.1,29,22,6,1,49.1,49.317316685132724
2.17,19,711.44,3,Clear,Medium,Cafe,3.5,14,11,6,1,38.6,39.81620193240809
6.2,20,778.26,5,Clear,Low,Bakery,3.8,16,7,2,0,41.6,44.0680764326674
3.41,21,1551.92,5,Cloudy,Low,Cafe,3.6,20,5,5,1,41.5,37.05500456518346
2.43,41,340.96,1,Cloudy,Medium,Indian,4.3,37,9,2,0,58.8,64.09551083987185
4.75,29,218.27,2,Rain,Medium,South Indian,4.7,29,22,6,1,62.6,69.04675580561126
1.99,51,298.88,1,Clear,High,Biryani,4.4,46,14,6,1,92.4,82.75116543128308
2.12,15,424.36,2,Storm,Medium,Healthy,4.0,16,20,0,0,49.3,52.548927324442175
1.33,39,490.42,2,Clear,High,Indian,3.3,35,8,5,1,67.2,66.98738797392461
5.72,18,296.54,2,Clear,Medium,Healthy,4.0,16,19,1,0,52.3,52.93665045289362
1.9,34,808.28,3,Rain,Medium,Pizza,4.6,29,15,6,1,57.5,62.550620771979496
4.07,25,655.57,4,Clear,Medium,Chinese,4.1,29,22,4,0,50.7,54.890241549915814
1.85,23,163.13,1,Clear,Low,Healthy,3.9,19,13,6,1,41.0,33.36859935749229
2.69,25,403.74,2,Rain,Low,Cafe,4.4,21,7,0,0,46.5,44.761763204793965
2.39,16,265.4,1,Cloudy,Medium,Healthy,4.2,18,20,6,1,49.2,41.518838062971824
4.54,48,171.33,1,Storm,Medium,Biryani,4.4,46,20,2,0,92.2,94.20270163285751
1.65,23,246.97,1,Clear,Medium,Indian,4.0,20,13,1,0,41.2,42.2764625357585
2.39,36,544.44,2,Cloudy,Low,Pizza,4.0,34,22,0,0,54.5,52.216280216658625
1.81,11,186.42,1,Clear,Medium,Healthy,3.9,16,7,3,0,25.5,29.546408298724963
4.17,20,1891.89,6,Cloudy,Low,Chinese,4.2,24,4,0,0,33.4,38.33928928112307
1.43,25,1155.26,5,Clear,Low,Cafe,4.2,22,21,6,1,35.0,35.73125361623178
2.68,23,1178.94,4,Clear,Low,Indian,4.6,28,6,1,0,33.0,34.529924288539775
1.79,20,777.3,3,Clear,High,Healthy,4.5,24,20,4,0,53.5,52.23306154289918
0.95,16,806.74,5,Storm,Low,Fast Food,4.2,14,9,5,1,39.3,37.02797847107395
3.75,46,463.7,2,Clear,Medium,Biryani,4.2,43,23,2,0,61.6,75.15107549865623
4.55,22,1114.79,4,Cloudy,Medium,Chinese,4.1,27,19,1,0,53.9,54.83890704489339
1.79,30,245.54,2,Clear,High,Chinese,3.6,32,19,6,1,59.9,62.104358346178294
2.43,23,306.14,2,Rain,Low,South Indian,3.8,27,1,0,0,44.9,40.44053634220876
1.38,20,398.26,3,Rain,Low,Indian,3.8,23,14,2,0,42.9,36.79244915837675
8.79,33,701.49,3,Clear,Medium,Indian,3.8,29,21,1,0,83.1,79.17042476539369
1.29,23,237.37,2,Clear,High,Indian,4.5,23,19,2,0,53.1,53.13338294460482
4.94,23,502.42,5,Cloudy,Medium,Cafe,4.3,24,18,5,1,53.0,56.94542918743601
3.41,47,778.53,6,Clear,High,Biryani,4.5,45,21,5,1,83.5,85.24090052183556
8.72,10,192.24,1,Cloudy,High,Desserts,3.8,10,12,1,0,63.5,66.55637800290518
4.72,13,223.92,2,Rain,Medium,Bakery,3.2,11,23,5,1,44.1,53.29493853919578
1.29,34,444.72,3,Rain,Low,Pizza,4.1,30,7,2,0,58.3,48.861089217702634
2.42,15,636.93,2,Cloudy,Low,Desserts,4.8,10,16,1,0,23.7,29.774844969773756
3.62,8,457.31,2,Clear,Medium,Bakery,4.0,12,0,1,0,23.5,31.1278485135505
4.38,18,567.26,2,Cloudy,Medium,Fast Food,3.9,17,14,5,1,53.3,48.966467379011334
4.7,14,312.8,2,Clear,High,Fast Food,4.4,11,18,6,1,50.1,55.74906516233894
10.36,35,823.89,4,Clear,Medium,Indian,3.6,31,15,4,0,81.0,85.36072821186768
2.84,17,582.13,3,Cloudy,Low,Desserts,3.6,13,17,3,0,29.7,33.645028685994596
3.57,28,249.81,2,Rain,High,Chinese,3.5,31,21,3,0,73.1,74.71342434603814
3.61,25,502.64,2,Cloudy,Medium,Pizza,4.0,29,22,1,0,60.4,55.205528824686255
1.75,20,187.7,1,Clear,Low,Cafe,4.6,20,7,5,1,24.3,28.56605439445171
0.54,10,124.76,1,Cloudy,High,Fast Food,4.1,11,19,4,0,34.4,39.41216689146506
6.69,16,290.37,2,Clear,High,South Indian,3.7,18,21,0,0,70.6,65.5225951332135
1.52,19,661.18,2,Cloudy,Low,South Indian,3.8,16,3,1,0,24.8,27.75945100008151
0.88,11,522.26,2,Clear,Medium,Desserts,4.8,10,20,4,0,31.3,29.087624194404132
5.02,20,323.82,1,Rain,Medium,South Indian,4.0,20,10,6,1,62.0,58.3321690178723
12.75,16,690.28,5,Clear,Low,Healthy,3.3,15,13,1,0,71.1,64.52391452039343
5.48,32,112.05,1,Clear,Low,Pizza,3.2,29,14,0,0,52.9,55.307840479148524
11.94,46,93.8,1,Rain,Low,Biryani,3.5,45,5,5,1,95.8,98.0216239135828
4.59,34,284.41,2,Clear,High,Biryani,5.0,32,20,5,1,81.2,76.07485441167384
11.31,19,110.44,1,Clear,High,Chinese,4.2,23,20,1,0,85.6,84.52653525792228
8.58,18,104.05,1,Cloudy,Medium,Fast Food,4.2,14,11,5,1,59.5,62.91877213740216
2.43,38,1010.07,3,Clear,High,Chinese,4.4,33,19,5,1,76.5,72.27535735962971
0.68,27,897.57,3,Rain,Low,Indian,3.9,26,8,3,0,38.4,40.01910913357572
5.33,18,939.55,3,Storm,Medium,Healthy,4.1,15,1,2,0,57.3,62.4725095605822
8.82,28,932.1,3,Rain,Low,South Indian,3.9,25,0,5,1,69.2,67.65452770750406
5.68,38,438.01,2,Clear,High,Indian,4.2,36,14,4,0,82.5,82.48880037581426
2.78,21,562.5,3,Clear,High,Pizza,4.0,25,11,0,0,55.5,54.57109563837244
9.58,44,691.94,2,Clear,High,Biryani,3.5,45,12,1,0,110.5,101.95280717166563
2.6,13,298.21,1,Clear,High,Bakery,3.9,10,18,5,1,51.3,47.531527455165644
6.27,28,183.98,2,Rain,Low,Fast Food,4.0,23,20,4,0,68.5,63.18310480089267
3.71,28,681.8,2,Rain,Medium,Chinese,3.9,23,21,5,1,68.6,64.36565650538678
3.95,26,902.59,6,Clear,Medium,Pizza,4.4,23,21,4,0,57.9,55.12770947484293
4.27,33,186.4,1,Clear,High,Pizza,4.3,32,19,5,1,73.2,73.66371002416217
11.94,13,809.87,4,Clear,Medium,Cafe,4.9,14,12,5,1,66.9,68.05643283115043
0.5,19,1385.32,6,Clear,Medium,Desserts,3.8,19,20,3,0,32.0,35.895519131863566
3.96,5,437.68,2,Clear,Medium,Desserts,4.8,10,14,5,1,36.6,32.484616800382625
6.19,13,780.61,3,Rain,Medium,Healthy,4.0,16,1,5,1,55.3,53.442539253192365
3.8,21,310.06,2,Cloudy,Low,Cafe,4.2,22,6,4,0,45.0,38.54001321005093
2.23,34,910.02,4,Clear,High,Chinese,4.6,34,18,6,1,67.1,67.31036934681326
2.86,22,1269.02,4,Cloudy,Medium,Chinese,4.2,23,11,3,0,59.0,47.10234854491583
5.69,20,301.97,1,Cloudy,Medium,South Indian,3.7,18,18,5,1,62.8,56.56671179124862
8.2,18,609.45,4,Clear,Medium,Indian,3.8,23,19,3,0,64.6,61.63022044533506
1.79,22,812.65,3,Rain,High,Bakery,4.4,17,15,6,1,52.4,60.91101581972319
0.66,23,206.31,2,Clear,Medium,Indian,3.8,23,13,4,0,41.2,38.866337152367834
1.37,33,686.08,2,Storm,Medium,Pizza,4.0,35,20,6,1,60.5,68.01526109021796
6.71,32,519.03,3,Cloudy,High,Indian,4.6,28,11,0,0,76.3,81.22459452534572
4.81,29,322.78,1,Cloudy,Medium,Pizza,3.8,32,18,2,0,59.3,62.545549197107654
0.93,23,719.43,3,Cloudy,High,Chinese,4.2,23,19,0,0,53.8,53.90733764626637
4.31,22,260.31,2,Cloudy,Medium,Desserts,4.3,19,17,5,1,52.5,53.44044094903466
4.13,16,1205.08,6,Clear,Low,Chinese,4.2,21,3,1,0,30.2,31.949810572083305
1.47,23,174.44,2,Cloudy,Medium,Indian,3.8,23,18,6,1,44.5,44.81901402015242
8.89,22,617.61,2,Clear,Low,Desserts,3.9,18,15,1,0,52.6,57.37959121834139
11.95,16,1718.2,5,Clear,Low,Fast Food,4.2,14,21,5,1,67.9,63.388480269189515
4.93,19,164.04,1,Storm,Medium,Desserts,4.4,16,14,4,0,73.1,64.94959573376207
1.94,14,432.48,3,Clear,Low,Bakery,4.2,14,15,1,0,21.8,24.920450609459074
2.66,23,633.44,2,Clear,Medium,Healthy,3.9,19,11,4,0,55.3,45.481368827869574
5.82,14,530.51,2,Clear,Low,Fast Food,4.4,14,20,5,1,38.9,39.62196781506553
2.08,24,332.35,1,Clear,Low,Pizza,4.0,22,13,5,1,43.3,35.115043058452045
5.35,38,590.3,3,Clear,Low,Biryani,3.5,33,5,5,1,66.0,58.97842984360855
0.86,41,585.27,2,Clear,High,Indian,4.0,40,19,0,0,70.2,69.74682504411967
1.84,28,699.85,2,Clear,Low,Biryani,3.9,33,0,3,0,37.4,35.51303758989739
5.15,18,477.95,2,Clear,Low,Chinese,3.9,23,17,0,0,38.5,40.77870575380776
10.14,26,953.65,3,Clear,Low,Cafe,4.2,22,6,4,0,57.6,63.81277765329547
12.03,26,521.24,2,Cloudy,High,South Indian,3.9,25,12,5,1,101.0,94.19377478482946
6.98,27,1615.5,5,Clear,Low,Pizza,3.9,32,10,1,0,57.1,54.63048016226144
4.99,25,233.82,1,Cloudy,Medium,Healthy,4.4,21,19,0,0,63.4,59.30954916471192
7.22,15,398.98,2,Cloudy,Medium,Fast Food,5.0,15,9,6,1,57.1,54.61828391849553
6.27,26,309.65,3,Cloudy,Medium,Pizza,3.8,31,11,1,0,65.1,62.9955923207856
12.45,12,466.23,3,Clear,Low,Fast Food,3.5,13,1,3,0,57.1,56.56771812515601
3.48,20,508.61,2,Cloudy,Medium,South Indian,4.7,19,11,0,0,54.2,47.04341384989792
3.28,11,745.33,3,Clear,High,Healthy,4.0,16,22,0,0,47.9,48.887352508198674
1.71,14,217.31,2,Clear,High,Fast Food,3.8,18,21,1,0,53.7,46.00790440816611
4.59,24,214.63,2,Clear,Medium,Pizza,4.3,20,22,0,0,56.4,55.562429703466776
3.36,17,455.47,3,Clear,Medium,Healthy,4.4,20,9,5,1,36.6,41.37079208939256
1.94,21,452.4,2,Clear,High,Cafe,3.9,22,19,4,0,55.1,53.613694313664865
0.96,28,170.94,1,Cloudy,Medium,Chinese,4.5,26,1,2,0,41.3,44.07548514582908
6.11,13,748.56,4,Rain,Low,Cafe,3.5,10,17,1,0,48.5,47.118257014453185
2.92,41,966.26,3,Cloudy,Low,Biryani,3.8,42,6,5,1,59.7,55.68727364802493
8.0,14,433.74,3,Clear,High,Cafe,3.5,14,18,6,1,68.4,67.61869701728568
5.94,47,505.93,2,Rain,Low,Biryani,3.7,46,10,3,0,82.5,79.14127586496255
4.57,19,762.04,3,Clear,High,Chinese,3.6,24,12,3,0,59.5,59.214688261320894
3.94,19,538.3,2,Cloudy,Low,Bakery,4.0,18,2,5,1,34.1,36.01408164584104
6.1,34,196.72,1,Cloudy,Low,Indian,3.4,33,17,0,0,59.0,62.125112089094515
7.19,14,785.83,3,Rain,High,Desserts,3.7,14,19,4,0,73.7,72.84562811063532
8.02,23,1243.59,5,Clear,High,Cafe,4.0,19,20,6,1,76.4,77.12792790985748
3.22,21,859.36,4,Clear,High,Healthy,4.5,24,18,5,1,61.6,57.76123656876846
1.26,36,257.37,2,Clear,Medium,Biryani,4.6,33,22,1,0,55.9,56.08486586743738
7.65,11,947.7,4,Clear,High,Desserts,4.0,14,20,0,0,63.4,63.655489892267966
0.5,33,591.49,2,Cloudy,Medium,Indian,4.1,29,22,0,0,53.2,52.2889900885031
3.58,18,263.42,1,Clear,Low,Cafe,3.8,23,23,1,0,33.4,36.728166710945345
4.38,15,268.17,1,Clear,Low,South Indian,3.8,16,22,3,0,38.9,36.1819401754112
1.42,33,449.0,2,Rain,Low,Biryani,4.2,35,1,6,1,47.4,47.164881436706025
4.75,27,1169.35,4,Clear,High,Pizza,3.2,29,15,4,0,61.1,68.59510546211587
3.67,33,835.21,6,Cloudy,Low,Chinese,4.4,33,23,6,1,46.6,53.91980626898711
7.79,30,214.85,1,Rain,Low,Chinese,4.2,33,19,4,0,81.3,70.45935844851797
3.94,51,551.04,2,Clear,High,Biryani,4.1,47,21,5,1,98.8,91.21469358741
4.66,24,355.65,2,Cloudy,Medium,Fast Food,4.3,24,0,2,0,49.2,52.66903483601182
2.55,42,1134.87,5,Clear,Low,Indian,4.4,39,22,1,0,58.6,56.77810088152377
0.83,33,609.75,2,Cloudy,High,Indian,3.6,31,12,6,1,69.1,62.09332639997955
6.97,45,220.33,1,Clear,Low,Indian,3.9,40,23,5,1,73.0,75.59093186394114
8.49,19,1272.41,4,Clear,Medium,Fast Food,3.8,22,20,2,0,59.9,63.80016542211006
1.56,24,108.41,1,Clear,High,Fast Food,4.4,19,9,2,0,47.2,52.68023786603745
0.78,33,164.71,2,Cloudy,Medium,Indian,3.8,33,6,1,0,50.5,49.63195477081773
3.83,23,270.81,1,Clear,Low,Desserts,4.4,18,10,2,0,35.0,39.45173533905141
1.51,29,466.03,2,Rain,Low,Pizza,4.6,29,3,1,0,43.9,43.65460865075818
0.58,25,302.26,2,Cloudy,Medium,Indian,4.0,27,20,3,0,37.3,44.137913490781834
3.28,9,1573.76,6,Clear,Medium,Cafe,3.5,14,10,4,0,23.4,33.48546986322744
9.67,20,874.25,3,Clear,Medium,Cafe,4.7,23,13,4,0,68.6,67.42471094522894
3.23,32,115.73,1,Rain,Low,Indian,3.4,31,14,2,0,53.8,55.36332571996207
2.46,22,916.25,3,Clear,High,Cafe,4.2,22,11,0,0,63.3,54.52294271648898
3.91,25,437.25,4,Clear,High,South Indian,3.8,28,13,5,1,63.9,62.99518439825766
14.23,23,660.58,5,Clear,High,Healthy,4.4,20,11,3,0,102.2,96.6713969193872
5.95,34,108.77,1,Rain,Low,Biryani,4.3,38,13,5,1,66.6,66.75382854012283
1.69,24,489.14,2,Storm,Low,Cafe,4.4,19,23,6,1,43.5,51.06049691328903
3.18,21,577.74,3,Rain,Low,Healthy,3.9,19,1,1,0,40.2,41.14879552111417
5.99,26,283.52,3,Clear,Medium,Pizza,4.1,23,8,4,0,55.3,59.33691730821838
0.5,36,1090.78,4,Rain,Medium,Chinese,3.6,32,18,0,0,56.3,60.448530005213705
2.75,23,534.1,2,Clear,Medium,South Indian,3.8,24,12,3,0,57.0,45.929419458083004
5.37,15,1722.61,5,Clear,High,Cafe,4.4,19,21,5,1,57.6,60.05310870791925
2.23,20,316.23,1,Rain,Medium,Pizza,3.9,21,20,4,0,54.1,50.90992027212618
2.25,27,862.91,3,Clear,Medium,Indian,4.2,29,3,3,0,44.0,46.13247169446279
1.71,21,1000.1,3,Clear,High,Pizza,4.7,23,1,2,0,53.0,48.50120716725529
7.31,25,432.96,2,Clear,Medium,South Indian,4.3,27,21,3,0,67.8,65.89926760093343
3.24,37,105.6,1,Clear,Low,Biryani,5.0,32,8,1,0,55.6,51.04117458320326
1.66,20,205.55,1,Clear,High,Cafe,4.3,18,18,0,0,46.7,51.27796991001608
5.8,18,621.68,2,Rain,High,South Indian,4.3,22,12,5,1,69.1,70.2846197604275
4.54,15,254.73,1,Rain,High,South Indian,4.0,17,14,5,1,59.2,63.34077808078259
3.04,17,1173.75,4,Cloudy,High,Cafe,4.4,21,10,5,1,47.9,53.315959610263555
3.44,32,947.28,4,Clear,Medium,Biryani,4.2,35,13,4,0,60.8,57.78032361126081
0.68,13,385.39,2,Clear,Medium,Healthy,4.3,16,1,0,0,22.9,26.114130548547358
2.66,30,1445.68,5,Clear,Low,Pizza,4.3,32,10,2,0,38.7,42.4484234343595
2.47,24,550.38,2,Cloudy,High,Healthy,4.7,26,12,3,0,58.4,58.71215699991126
5.31,16,205.47,1,Clear,Medium,Fast Food,4.4,19,21,4,0,52.2,49.80195034005254
8.82,24,335.61,1,Storm,Low,Cafe,3.3,21,10,1,0,75.9,73.1563364049707
6.64,38,219.0,1,Clear,Low,Biryani,4.4,34,0,0,0,60.5,62.19407038441639
4.39,13,782.13,5,Clear,Medium,Healthy,3.9,16,18,3,0,44.5,43.07543814289919
2.64,47,565.45,4,Rain,Medium,Biryani,4.3,43,6,6,1,72.9,76.28529694957237
12.27,13,1324.24,5,Cloudy,Medium,Desserts,4.4,12,10,1,0,64.7,70.6752000643115
5.92,30,655.99,2,Rain,High,Indian,3.8,33,12,0,0,85.4,82.80125133118693
4.78,40,650.85,2,Cloudy,Medium,Biryani,3.5,45,17,5,1,70.5,73.4850836999073
4.09,14,752.99,3,Clear,Low,Cafe,4.2,16,19,4,0,33.3,33.56937088472268
1.77,6,261.2,2,Cloudy,Low,Cafe,3.5,10,3,4,0,23.1,15.791380989839993
9.99,24,700.51,4,Rain,Medium,Healthy,3.9,19,20,4,0,79.2,82.1090964689317
6.54,22,697.07,5,Cloudy,High,Healthy,4.1,27,14,4,0,75.4,71.47406019093503
8.32,24,453.7,2,Clear,Medium,Pizza,4.1,25,18,4,0,62.7,67.83164296687762
3.75,11,408.9,2,Clear,High,Bakery,3.9,10,21,4,0,61.1,50.24548931995808
3.29,29,246.6,1,Clear,High,Indian,3.8,25,11,6,1,63.3,64.45642145131289
2.79,16,396.44,3,Clear,Low,Fast Food,3.5,13,18,5,1,31.6,30.632698187197818
2.39,16,969.07,3,Cloudy,Medium,Desserts,4.5,15,4,6,1,37.0,37.753936295193924
4.67,27,568.09,3,Clear,High,Indian,3.8,23,18,1,0,69.5,68.8252678328103
4.84,13,375.55,2,Clear,Medium,Cafe,4.4,14,20,4,0,51.8,45.09993784125596
2.84,24,1112.86,4,Cloudy,Medium,Desserts,3.8,20,22,0,0,45.9,51.489456895370935
0.5,18,327.49,4,Clear,Low,South Indian,4.6,22,1,0,0,15.4,20.596441768642066
4.78,33,893.08,6,Clear,Low,Indian,4.2,36,9,6,1,49.3,52.63529963061034
2.63,18,231.77,2,Cloudy,Low,Bakery,4.2,13,15,4,0,25.2,33.34553992833064
2.96,21,247.49,1,Clear,Low,Bakery,3.9,19,4,4,0,34.5,33.09342602954792
4.56,39,380.72,2,Cloudy,Low,Biryani,4.0,43,5,5,1,60.4,59.14891457889157
3.62,21,958.84,4,Clear,High,Healthy,4.0,17,5,5,1,53.4,56.23111506148769
4.25,29,288.15,1,Cloudy,Low,Indian,3.9,26,16,1,0,49.0,50.35186656399899
2.12,25,494.77,4,Clear,High,Cafe,3.8,23,11,6,1,60.8,56.395656476762724
7.12,25,603.0,4,Cloudy,Low,Cafe,4.1,22,20,6,1,62.2,57.38080903758287
7.92,26,934.98,3,Clear,Low,South Indian,3.4,25,4,5,1,50.6,55.55762541595059
1.25,6,2091.52,6,Clear,Medium,Bakery,3.2,11,18,2,0,30.4,25.131318832071827
2.89,40,809.86,3,Rain,Medium,Indian,3.9,40,19,3,0,78.9,73.03817343535229
6.95,15,638.35,2,Clear,Medium,Healthy,3.9,19,7,5,1,45.1,51.582797214677775
2.18,30,121.64,1,Cloudy,High,Chinese,4.1,35,6,5,1,59.7,62.3960382411037
4.01,16,1307.47,6,Clear,High,South Indian,4.0,17,12,0,0,51.8,54.0395453372602
4.49,27,774.01,4,Cloudy,Medium,Indian,4.6,28,13,5,1,64.8,58.159569629192355
2.07,10,263.78,1,Clear,Medium,Healthy,4.1,15,21,3,0,32.7,32.644142602316506
6.37,18,86.17,1,Clear,High,Fast Food,4.4,14,18,6,1,64.4,65.60743802402163
4.69,23,928.23,3,Clear,Medium,Desserts,3.8,20,21,0,0,61.1,54.77742878072165
8.35,18,707.28,3,Clear,Medium,Fast Food,4.0,23,19,6,1,62.2,62.06521168101271
12.15,16,551.2,3,Clear,High,Desserts,4.0,14,20,1,0,85.0,84.41471448342892
2.17,17,209.86,1,Clear,High,Pizza,3.9,22,19,6,1,50.8,50.34701392816771
4.35,32,1160.42,5,Cloudy,Medium,Indian,3.3,35,7,1,0,59.0,61.46250891457937
2.28,43,277.62,1,Clear,Medium,Biryani,3.7,46,1,3,0,58.5,62.05352428926355
2.71,31,427.49,4,Cloudy,High,South Indian,4.3,30,22,1,0,62.6,68.7258925753813
1.34,27,628.36,2,Clear,Medium,Cafe,4.1,22,4,6,1,41.5,43.26525415425537
1.05,13,217.57,1,Clear,Medium,Cafe,4.4,11,10,1,0,27.7,29.485523008180582
5.16,40,266.53,2,Cloudy,Medium,Biryani,4.8,37,17,5,1,61.1,74.5869649053581
1.82,21,201.1,2,Rain,High,Pizza,4.0,25,22,2,0,68.0,61.67619424715375
1.61,14,1011.89,3,Clear,Low,Desserts,3.7,14,8,1,0,20.3,22.306817138614633
0.58,22,114.0,1,Rain,Low,Bakery,3.9,19,3,2,0,34.1,33.41480396566375
2.71,10,298.33,2,Cloudy,Medium,Healthy,4.1,15,12,4,0,42.7,34.78623767494635
2.8,22,92.21,1,Clear,Medium,Pizza,3.9,22,11,6,1,45.4,44.90547212401176
3.62,21,1212.71,5,Clear,High,South Indian,3.8,24,21,1,0,59.2,59.81216035126285
12.56,12,639.45,3,Clear,Medium,Desserts,4.0,14,19,1,0,79.3,70.82741192977427
4.93,37,423.46,3,Clear,Low,Indian,4.2,36,1,0,0,52.5,55.27930789880383
6.62,25,908.78,3,Cloudy,Medium,Pizza,4.1,26,20,3,0,71.1,65.31034065740731
3.91,9,827.75,3,Cloudy,Medium,Desserts,4.5,10,0,5,1,41.0,35.11779033100397
4.13,11,941.33,5,Clear,Medium,Healthy,3.9,16,7,0,0,35.7,37.61301193613262
0.82,11,174.68,1,Cloudy,Medium,Fast Food,4.2,14,23,0,0,27.8,31.44958001560436
8.07,8,690.37,2,Clear,High,Fast Food,4.4,12,18,6,1,53.8,61.58916497365471
4.9,6,633.75,4,Clear,High,Desserts,4.5,10,22,0,0,51.0,49.37840155981674
8.19,18,766.4,3,Rain,Medium,Chinese,3.6,21,0,0,0,62.5,65.21248443063268
0.79,12,818.95,4,Clear,Medium,Desserts,3.6,13,22,6,1,37.8,30.388431741019993
1.04,24,1398.79,4,Clear,High,Pizza,3.7,25,22,6,1,49.8,54.155020163852555
0.84,29,973.13,4,Clear,Medium,Indian,5.0,26,18,3,0,49.9,46.508448605566365
2.38,23,503.31,4,Clear,Medium,Chinese,4.2,24,19,4,0,53.0,46.240875643567186
6.42,24,1278.19,4,Clear,Low,Indian,4.6,25,0,2,0,42.3,47.26561048079947
3.55,28,961.14,3,Clear,Medium,Fast Food,4.3,24,2,5,1,52.9,51.32665309119836
9.44,46,298.98,1,Cloudy,Medium,Biryani,3.8,48,11,5,1,100.8,94.38949651835085
9.74,24,130.03,1,Cloudy,Medium,Indian,5.0,26,6,4,0,68.7,71.89606571287663
2.05,51,470.97,2,Clear,Medium,Biryani,4.3,49,21,6,1,78.8,73.78174465404877
1.09,17,1214.59,4,Clear,High,Cafe,4.1,22,19,3,0,47.7,46.62328649371888
4.67,40,342.66,1,Clear,Low,Indian,4.6,37,4,3,0,59.2,58.08461087013994
1.5,33,181.72,1,Rain,Medium,Pizza,3.8,29,20,6,1,61.4,61.38527508323283
0.52,16,152.15,1,Clear,Low,Cafe,4.2,16,7,6,1,22.9,20.308961599118604
8.11,26,163.39,1,Clear,Low,Indian,4.7,23,6,4,0,55.3,56.5323433706506
2.39,13,347.48,1,Clear,Medium,Fast Food,4.2,14,21,0,0,32.7,36.53801304009119
2.18,20,333.35,2,Clear,Low,Pizza,3.9,21,6,5,1,25.5,29.851131554045253
3.53,23,230.05,1,Clear,Medium,South Indian,4.3,22,4,5,1,46.6,46.75545806066404
3.39,18,271.26,2,Clear,Low,Desserts,4.3,19,0,0,0,36.1,30.58636257830602
6.34,39,617.05,5,Clear,Medium,Biryani,4.3,35,4,5,1,75.2,72.80195135486869
2.34,12,353.21,2,Rain,Low,Cafe,3.6,14,0,1,0,33.9,29.024157185523627
1.09,38,272.23,1,Cloudy,High,Indian,3.3,35,19,4,0,73.7,69.64441890696025
1.23,28,441.56,2,Clear,Low,Chinese,3.5,31,16,6,1,37.1,36.9598141405302
13.59,27,245.01,1,Clear,Low,Cafe,4.8,23,14,4,0,81.7,78.63351723792948
2.03,16,1130.76,5,Rain,High,Cafe,4.0,15,5,3,0,54.7,53.595129464899884
8.34,14,715.49,4,Cloudy,Medium,Desserts,3.9,18,16,2,0,55.8,59.35394778430723
3.63,25,189.04,2,Clear,Low,Indian,4.2,29,16,5,1,38.6,42.19421397977604
6.21,18,618.47,6,Clear,High,Cafe,3.9,22,14,2,0,62.8,64.32788643834033
2.06,19,395.67,3,Cloudy,High,Healthy,4.4,20,7,3,0,47.3,51.11605702864398
1.77,13,288.61,1,Clear,Medium,Healthy,4.0,17,10,1,0,31.7,32.06339116732883
2.33,12,331.56,1,Clear,Medium,South Indian,4.0,17,9,6,1,30.1,32.74684938034778
3.15,26,130.56,1,Clear,Medium,Indian,4.5,23,11,5,1,50.6,50.04199142464732
8.24,19,335.49,1,Clear,Medium,South Indian,4.0,17,12,3,0,60.7,61.1104285358916
1.44,28,107.89,1,Clear,High,South Indian,4.5,23,11,0,0,58.5,56.758264371421156
3.26,19,176.41,1,Cloudy,Medium,Fast Food,3.9,17,4,1,0,40.8,43.7014048907177
7.52,34,1242.59,6,Rain,Medium,Healthy,4.0,29,4,6,1,78.6,79.82302079254569
5.21,22,572.55,2,Clear,High,Cafe,4.4,25,15,4,0,56.8,65.104786818811
1.37,17,199.66,1,Cloudy,High,South Indian,4.1,17,11,0,0,55.2,47.52087178889125
3.82,23,808.5,4,Clear,High,Desserts,3.9,18,11,0,0,63.4,60.19043447616312
1.12,17,1325.84,5,Rain,Medium,Bakery,3.4,16,15,3,0,43.3,42.87264427813318
6.43,10,188.38,1,Clear,High,Desserts,4.0,14,20,0,0,62.3,58.37695533033051
8.28,8,164.08,2,Clear,High,Fast Food,4.3,10,10,3,0,60.8,60.4300237062821
2.63,17,395.72,2,Cloudy,Medium,Healthy,4.0,16,3,5,1,38.4,39.45746025255356
5.75,23,491.1,3,Rain,Medium,Bakery,5.0,18,19,1,0,67.9,65.74140396977678
14.55,17,892.54,6,Clear,Low,Cafe,4.0,19,16,1,0,74.0,72.45850592314234
0.94,27,999.99,3,Cloudy,Medium,Indian,3.5,26,20,6,1,50.0,47.52110300900244
3.66,26,257.98,1,Clear,Low,Cafe,3.9,22,9,6,1,45.3,41.83071265300189
7.65,19,509.37,2,Cloudy,High,South Indian,4.2,21,21,0,0,64.9,73.81468469077384
4.65,23,325.16,1,Rain,Low,Cafe,3.9,22,23,3,0,44.2,53.420218113242576
3.48,12,228.94,1,Clear,High,Fast Food,4.3,10,21,6,1,53.2,50.186714214877334
0.76,53,441.18,2,Rain,Medium,Biryani,4.3,49,12,6,1,79.7,77.12484867973045
2.72,13,241.04,2,Cloudy,Low,Desserts,3.9,12,16,0,0,26.5,28.900234263570333
8.27,32,571.92,2,Cloudy,Medium,Pizza,3.2,29,21,1,0,86.6,78.40454674598625
17.0,24,295.02,2,Clear,High,Chinese,4.2,21,20,5,1,114.2,109.4781406538089
5.91,18,331.94,2,Cloudy,Low,Indian,4.0,20,22,4,0,51.7,46.53836823224422
4.95,14,1249.23,4,Clear,High,Desserts,3.9,12,12,4,0,65.3,55.456025351263136
4.68,23,573.13,2,Rain,High,Healthy,4.3,27,22,3,0,77.6,73.763257795056
0.78,28,226.52,1,Clear,Medium,Chinese,4.3,31,15,5,1,41.1,44.75748600864973
2.0,20,1207.86,4,Cloudy,High,Healthy,4.4,20,22,0,0,51.3,55.350567879021014
6.09,11,165.94,1,Clear,Low,Bakery,4.2,13,9,1,0,38.5,35.093228640898076
1.49,22,268.77,2,Cloudy,High,Fast Food,4.4,19,18,3,0,55.4,54.473650695465196
3.75,20,1272.26,4,Clear,Low,Indian,4.0,21,8,3,0,35.4,35.82775393041988
4.6,30,306.92,2,Cloudy,Medium,Pizza,3.8,32,5,4,0,56.7,59.83784276881399
3.44,12,313.87,2,Storm,High,South Indian,4.2,15,18,2,0,69.0,64.40418830357757
2.75,33,387.58,3,Clear,Low,South Indian,4.7,29,9,6,1,51.8,45.40857274912044
3.44,30,443.54,2,Clear,Medium,Pizza,3.7,25,17,3,0,58.5,56.546146853375625
2.85,31,215.15,2,Clear,Medium,Biryani,4.2,31,21,0,0,55.5,56.45180102130864
3.21,27,676.58,3,Storm,Medium,Indian,4.1,29,19,5,1,79.3,68.15981979699528
14.8,9,330.6,2,Clear,High,Bakery,3.6,10,22,4,0,88.1,87.20696365825378
2.75,33,403.44,2,Rain,Medium,Pizza,4.0,32,22,6,1,64.9,66.20530079822183
0.88,20,402.73,4,Rain,High,South Indian,4.0,20,12,4,0,57.2,55.03478218227984
4.05,17,631.98,2,Clear,Low,South Indian,4.3,22,10,5,1,35.0,34.248528424914426
1.13,18,1358.14,5,Cloudy,Medium,Bakery,4.4,17,2,5,1,32.2,34.84906168621224
1.78,14,418.63,2,Cloudy,Medium,Bakery,4.2,14,1,1,0,28.2,32.85527521721123
5.07,16,178.42,1,Clear,Low,South Indian,3.8,16,0,5,1,43.3,34.55322829297209
2.78,22,1050.76,5,Cloudy,Low,Fast Food,4.0,23,19,6,1,39.5,38.79287456631195
2.07,46,384.78,3,Cloudy,Medium,Biryani,3.8,42,14,5,1,75.8,69.21276760413626
3.66,20,455.43,2,Cloudy,High,South Indian,3.8,16,12,1,0,59.6,58.821937601163356
1.71,20,843.56,3,Rain,Medium,Healthy,3.9,19,20,3,0,51.4,49.129045118811
3.95,29,445.18,2,Rain,Low,Indian,4.2,29,13,5,1,60.1,54.57572308284797
2.07,27,714.68,3,Cloudy,Medium,Cafe,4.2,22,20,0,0,49.1,51.36520124606582
6.83,22,401.99,2,Cloudy,Low,Chinese,3.6,24,17,2,0,55.6,52.692812164655734
0.63,50,1604.39,5,Clear,Low,Biryani,3.7,46,7,0,0,52.2,54.919701785099505
9.97,35,175.45,2,Clear,High,Pizza,3.8,31,11,2,0,94.0,93.81129071813001
1.1,49,887.41,6,Clear,Low,Biryani,3.8,48,7,6,1,62.6,55.543324915968476
2.73,32,1087.4,5,Storm,Medium,Biryani,4.6,33,12,1,0,72.6,69.94782419905937
6.45,34,235.89,1,Rain,High,Biryani,4.2,35,18,4,0,87.3,90.19582145092737
4.62,24,206.67,1,Cloudy,Medium,Cafe,3.6,20,21,2,0,62.4,57.62199973700202
3.89,14,86.6,1,Rain,Low,Desserts,3.8,15,5,4,0,44.7,37.525979001189825
3.74,11,315.38,1,Cloudy,Low,Desserts,4.0,14,17,2,0,29.7,30.752081166916444
3.53,20,713.45,6,Clear,Low,Cafe,4.6,20,4,5,1,34.1,34.05827320769282
5.69,13,737.5,3,Clear,Medium,Desserts,4.6,10,22,6,1,48.2,48.42232108288525
1.39,38,343.42,3,Storm,High,Indian,3.9,40,13,0,0,83.8,82.1943644358272
8.18,26,517.54,4,Rain,Low,Pizza,3.8,31,6,0,0,69.3,64.76323494845983
2.6,14,689.12,6,Clear,Medium,Healthy,4.0,16,12,4,0,39.5,36.404561293593346
5.53,20,541.75,3,Clear,Medium,Fast Food,4.3,16,22,5,1,59.2,54.78420572695293
5.0,37,329.09,1,Clear,Medium,Indian,3.8,33,13,6,1,70.6,68.13392317651528
3.41,23,493.83,4,Cloudy,Low,Healthy,4.5,24,6,2,0,43.9,39.06600329552715
3.25,20,437.48,3,Cloudy,High,Cafe,5.0,21,13,6,1,58.2,57.631759573459995
3.84,22,1316.77,4,Clear,Medium,Desserts,3.9,18,14,0,0,57.9,49.189937164917126
7.62,16,331.84,2,Rain,Low,Cafe,4.3,17,7,1,0,55.5,53.03767108610394
9.57,9,585.21,2,Cloudy,High,Desserts,4.5,10,11,1,0,72.5,68.22782632634916
0.97,13,219.93,1,Cloudy,High,Fast Food,3.8,15,13,5,1,42.7,42.59422469296117
13.17,19,180.78,1,Rain,High,South Indian,3.8,24,12,5,1,95.0,97.1491488358889
7.41,13,721.34,5,Rain,High,Fast Food,5.0,15,12,5,1,72.2,70.68915676345244
1.18,18,202.99,1,Cloudy,Medium,Healthy,4.1,15,11,0,0,43.0,37.14920197042815
1.91,50,540.19,4,Rain,Medium,Biryani,4.1,47,13,0,0,75.7,78.30473272048522
4.03,23,195.06,1,Cloudy,High,Chinese,3.9,23,22,0,0,57.9,65.48524049919035
1.54,21,281.74,1,Clear,High,South Indian,3.4,25,20,1,0,51.8,52.352442589961875
4.38,18,811.85,3,Clear,High,Pizza,3.9,22,22,3,0,62.1,59.765723426468355
1.76,8,223.35,1,Clear,High,Cafe,4.3,12,13,1,0,43.9,38.480486263227064
3.43,31,737.66,3,Clear,Medium,Indian,3.4,33,11,3,0,59.3,56.20457649632496
3.11,29,1723.67,6,Cloudy,Low,South Indian,4.3,30,1,2,0,47.2,42.87771237506899
3.87,20,169.37,1,Clear,High,Cafe,4.7,23,20,3,0,55.5,59.48304547393751
2.77,28,322.41,1,Clear,High,Indian,3.4,31,18,0,0,61.8,63.25377687301538
2.28,33,797.19,4,Cloudy,Medium,Chinese,4.4,33,11,5,1,53.8,56.04235182757736
6.55,26,510.71,3,Clear,Medium,Pizza,4.0,27,19,2,0,65.2,63.836741648517474
1.88,23,322.68,1,Rain,Low,Cafe,4.2,22,7,6,1,38.9,40.03303937846239
4.26,10,591.69,2,Rain,Medium,Cafe,4.4,14,10,0,0,42.3,45.66374882693184
0.69,45,472.08,3,Clear,Medium,Biryani,3.8,44,11,2,0,67.5,60.71944985365553
2.09,32,226.74,2,Rain,Medium,Biryani,5.0,32,1,0,0,53.8,58.03307125706517
1.59,13,498.82,3,Rain,Medium,Healthy,4.3,16,21,0,0,44.0,41.8034311153754
6.01,13,172.7,2,Cloudy,Low,Cafe,4.7,12,4,3,0,42.7,37.69762617609262
1.84,32,659.12,2,Clear,Low,Pizza,4.0,29,23,2,0,42.7,44.57649562957962
8.37,12,346.18,3,Clear,Medium,Desserts,4.6,10,21,2,0,63.0,56.50954963527436
3.2,27,532.64,3,Clear,High,South Indian,3.8,27,5,5,1,63.9,60.69884302699898
2.4,28,99.68,1,Clear,Medium,Indian,4.0,27,21,5,1,48.7,51.783116913530606
1.11,26,212.87,2,Cloudy,Low,Cafe,4.4,25,2,3,0,34.0,33.16203637974883
4.0,33,766.67,4,Cloudy,High,Pizza,4.1,30,19,3,0,68.9,74.68741568835404
2.9,23,236.9,1,Cloudy,Low,Fast Food,4.2,23,19,6,1,48.2,40.19617197908431
8.2,37,174.7,2,Clear,Low,Pizza,3.8,32,23,5,1,66.9,71.86483660539501
0.63,34,124.75,1,Cloudy,High,Chinese,3.6,33,13,4,0,64.5,62.63795673507007
5.22,21,196.09,1,Clear,Low,Chinese,4.2,24,9,4,0,37.9,42.20836851732683
2.93,27,366.6,2,Clear,High,Pizza,4.0,32,20,5,1,65.5,63.2359006273937
0.8,14,590.78,2,Cloudy,Medium,Fast Food,4.2,15,19,5,1,37.8,33.53201934921153
3.97,38,124.56,1,Storm,Low,Indian,3.4,33,9,4,0,66.9,69.91125579383841
4.54,27,1782.67,6,Clear,Medium,Indian,4.7,23,1,5,1,53.8,53.63502365947353
5.27,28,1037.79,5,Rain,Medium,Indian,3.4,31,7,0,0,71.7,66.59467650163968
4.88,15,179.58,1,Clear,Medium,Desserts,4.8,10,23,6,1,39.6,47.77990365792401
2.78,49,606.26,4,Clear,High,Biryani,4.3,49,19,6,1,85.4,84.65480771384122
1.27,12,642.28,5,Clear,High,Desserts,4.5,15,11,5,1,44.7,40.19073114427305
1.28,26,291.78,2,Storm,Low,South Indian,4.3,27,7,6,1,43.5,47.85400668378003
2.22,25,173.38,1,Clear,Medium,Cafe,3.8,23,20,0,0,50.6,47.97306301546826
6.23,26,361.12,2,Cloudy,Medium,Pizza,3.9,21,19,3,0,56.5,64.69615025743583
1.78,29,293.18,1,Clear,Low,Indian,4.1,28,14,0,0,43.4,39.24342112669633
4.42,17,198.1,2,Rain,Medium,Desserts,4.4,12,19,5,1,59.9,55.204243546632554
1.61,6,1620.5,5,Clear,Medium,Cafe,3.5,10,22,2,0,30.3,27.369126008936462
3.76,11,306.83,2,Clear,Medium,Desserts,4.6,12,5,5,1,38.0,35.74089339159688
6.08,16,370.31,2,Clear,Low,Fast Food,3.9,17,9,1,0,41.4,40.035569444562846
2.08,13,315.24,2,Clear,High,Desserts,3.6,16,19,2,0,41.8,45.99152323236882
5.91,31,994.45,3,Cloudy,High,Healthy,4.1,27,14,4,0,71.4,78.3310943211295
8.14,6,217.88,2,Clear,Medium,Fast Food,4.1,11,19,1,0,45.5,49.20530564320675
3.07,22,783.28,3,Rain,Low,Cafe,4.9,22,15,0,0,44.2,44.879050073721594
2.31,30,620.72,3,Cloudy,Medium,Indian,5.0,26,22,3,0,48.2,55.528959823517944
3.34,26,901.46,3,Rain,Medium,Pizza,4.8,24,21,5,1,62.8,60.92148756683571
1.84,26,440.44,4,Cloudy,Medium,Chinese,4.1,29,20,2,0,51.2,49.53938882420976
7.27,25,859.11,3,Storm,Medium,Fast Food,4.3,24,10,1,0,74.0,78.13908047757548
2.8,27,386.41,2,Clear,High,Pizza,3.2,29,14,1,0,53.7,61.464156796817804
4.55,13,1088.34,5,Clear,High,Bakery,4.3,12,14,5,1,56.3,53.38780226633408
5.39,19,1569.62,5,Cloudy,Low,Cafe,4.4,19,0,6,1,42.4,40.75301949025214
3.08,12,538.8,2,Clear,Medium,Fast Food,4.0,12,18,0,0,44.1,37.28270536265642
2.24,10,391.09,2,Clear,High,Desserts,3.7,14,18,6,1,45.3,43.34595701071084
2.64,13,1476.46,6,Clear,Low,Cafe,4.3,18,7,0,0,21.1,24.67809588249321
3.73,7,316.8,1,Storm,Low,Bakery,4.7,11,4,6,1,39.9,36.668852681289266
3.54,15,1167.54,5,Clear,Low,Fast Food,4.2,14,23,6,1,29.0,33.36049236969165
3.7,42,550.66,4,Cloudy,High,Indian,4.3,37,0,4,0,78.0,78.27040137096172
3.9,19,235.08,2,Clear,High,Healthy,4.1,15,18,3,0,58.5,58.143511467687176
2.38,32,1585.06,5,Cloudy,Low,Indian,4.6,28,18,1,0,48.1,47.20947892777235
6.84,20,213.81,2,Cloudy,Medium,Pizza,4.0,25,21,4,0,57.0,61.29526421938093
7.41,30,217.91,1,Cloudy,Low,Pizza,3.2,29,19,5,1,69.5,63.239763636480774
7.49,12,447.95,2,Cloudy,High,Cafe,3.5,10,14,6,1,64.9,64.88948888750713
6.35,25,208.55,1,Clear,High,Healthy,4.4,21,13,3,0,81.1,71.57571969537057
8.08,34,747.22,5,Cloudy,Low,Indian,3.8,36,15,1,0,72.1,68.54241628535532
5.3,21,1461.17,5,Rain,High,Fast Food,4.3,16,19,1,0,72.3,73.02453294616998
7.3,21,589.05,2,Clear,Medium,South Indian,3.9,25,10,1,0,57.8,59.37226582704929
5.37,37,543.45,4,Storm,Medium,Indian,4.4,32,2,2,0,80.5,81.74397297266026
4.28,40,201.48,2,Storm,Medium,Indian,4.2,36,14,6,1,83.8,83.76251885237772
7.45,24,670.38,3,Cloudy,High,Pizza,4.8,24,1,0,0,75.5,73.50178297629823
4.73,39,1664.78,5,Clear,Medium,Biryani,4.7,38,6,5,1,61.4,67.67115979265715
1.47,28,668.22,2,Clear,High,Pizza,4.0,24,18,0,0,63.4,58.611900421990065
5.44,20,299.04,1,Clear,Medium,Desserts,3.5,18,1,6,1,47.3,49.902456203612196
0.5,24,378.46,3,Clear,High,Pizza,4.6,29,13,4,0,63.5,50.02307707721807
5.2,10,205.72,1,Clear,Low,Cafe,3.6,14,2,6,1,30.3,29.629990128730483
6.66,23,446.71,4,Clear,Low,Pizza,4.8,24,2,0,0,43.0,47.43666238244256
4.93,13,836.58,5,Cloudy,Medium,Healthy,4.0,16,20,2,0,59.0,47.368217185247715
2.16,21,532.87,3,Clear,Medium,Pizza,4.7,23,11,5,1,39.1,41.547779517260565
4.67,19,268.86,1,Clear,Medium,Chinese,3.9,23,14,4,0,57.2,49.19048542306345
4.15,25,111.7,1,Cloudy,High,Indian,4.1,28,20,6,1,64.5,67.45843620617735
2.8,27,211.66,1,Cloudy,High,Indian,3.5,26,16,2,0,58.7,63.85649493017711
4.61,42,291.57,2,Clear,Low,Biryani,4.1,47,16,6,1,53.3,62.88687916798905
6.84,18,683.2,2,Cloudy,Medium,Chinese,3.6,21,14,6,1,61.5,57.810865467664605
5.57,38,621.09,3,Clear,Medium,Biryani,4.4,34,18,5,1,72.3,72.33878754277498
12.27,13,690.03,3,Clear,Medium,Desserts,4.4,16,6,5,1,60.7,67.82660694817801
4.16,14,1264.76,5,Clear,Low,Cafe,4.2,16,3,3,0,27.7,30.13622761562837
4.07,15,1003.11,4,Clear,Low,Healthy,3.9,16,12,4,0,36.8,32.91263436410769
3.85,21,640.26,4,Clear,Low,Indian,3.9,26,10,1,0,28.8,37.582059785163175
4.32,24,1396.1,5,Clear,High,Chinese,4.2,24,22,5,1,61.6,65.57423423217078
8.97,11,200.86,1,Rain,Low,Fast Food,4.0,12,9,0,0,53.4,53.04586696997886
1.04,33,321.09,1,Clear,High,Chinese,4.6,34,21,5,1,58.5,62.82463730118517
2.62,22,1661.89,6,Clear,High,Pizza,4.0,27,21,5,1,55.9,57.39602466282196
0.77,44,626.53,2,Clear,Medium,Biryani,4.4,46,7,3,0,50.2,59.06016680739884
2.28,29,863.29,3,Rain,High,Pizza,4.1,25,14,1,0,69.2,69.46104230269916
3.77,33,1494.39,6,Clear,High,South Indian,3.9,30,18,4,0,73.3,71.70339704302519
2.67,30,896.82,4,Clear,Medium,South Indian,3.9,25,4,0,0,55.4,50.75132557168128
2.27,36,172.82,1,Clear,Low,Indian,4.2,32,12,6,1,45.9,47.55514676798238
5.14,36,497.11,2,Cloudy,Medium,Indian,3.4,31,13,6,1,76.8,69.63006735055211
2.13,29,285.04,3,Clear,Low,Pizza,4.2,24,1,3,0,31.8,37.468727465039805
5.4,41,194.42,1,Cloudy,Low,Biryani,4.4,46,22,5,1,70.1,67.9499282929146
4.94,6,163.08,1,Clear,High,Bakery,3.6,10,12,5,1,50.4,47.3800190773629
6.46,24,955.1,6,Clear,High,Pizza,3.2,29,12,4,0,77.6,70.83850951815812
2.1,33,320.12,1,Clear,High,Biryani,4.7,38,12,6,1,57.7,64.61771560692225
4.57,27,182.84,1,Clear,Medium,Pizza,4.1,30,20,1,0,54.4,58.12533626873952
2.96,41,362.24,3,Cloudy,Medium,Biryani,3.9,39,6,6,1,60.4,65.4865102413501
6.02,38,315.01,1,Clear,Medium,Chinese,3.6,33,15,4,0,68.0,73.22042015537885
1.48,30,590.67,2,Storm,Low,Healthy,4.5,25,5,5,1,49.2,52.17649944577532
3.01,7,228.45,1,Storm,Medium,Fast Food,4.4,11,23,2,0,47.0,48.146464890307215
3.39,8,1502.71,6,Cloudy,High,Fast Food,4.0,12,16,0,0,40.2,46.68332589695029
4.17,16,297.08,1,Clear,Medium,Indian,4.0,21,11,2,0,44.1,43.66780964904263
4.78,13,529.24,2,Clear,Low,Healthy,4.3,16,23,1,0,32.2,35.824150826674554
0.96,14,153.96,1,Clear,Medium,Cafe,4.3,18,19,0,0,41.4,32.2500498941622
2.02,25,685.96,2,Clear,High,South Indian,3.9,20,22,3,0,59.1,58.45386501939597
0.77,12,482.56,3,Clear,Medium,Desserts,4.6,10,13,4,0,24.3,28.099906070653724
4.08,24,401.38,3,Clear,Low,Bakery,3.9,19,1,5,1,38.0,39.292494191197775
10.8,14,96.22,1,Clear,Low,South Indian,4.2,15,9,5,1,51.4,54.62247816383229
8.3,33,644.42,2,Clear,Medium,Pizza,3.9,32,13,2,0,74.6,75.65009176682287
3.26,20,601.99,4,Rain,Low,Indian,3.7,22,6,3,0,37.5,41.56465800143129
3.0,30,568.21,2,Clear,Medium,Chinese,4.5,26,18,5,1,58.0,55.186366447046154
2.88,20,332.9,2,Clear,Medium,Indian,4.0,21,16,5,1,35.9,44.29950590956051
6.29,45,129.94,1,Rain,High,Biryani,4.2,43,13,5,1,106.5,99.49642233591754
5.92,51,559.74,2,Clear,Medium,Biryani,4.4,46,19,4,0,82.8,86.85504358011835
8.54,7,504.52,5,Rain,Medium,Desserts,4.5,10,3,0,0,56.6,55.86416836590888
1.26,15,232.05,1,Rain,Low,Bakery,3.2,11,23,5,1,33.5,33.47740723807639
4.36,22,956.68,4,Storm,Medium,Cafe,3.3,21,22,2,0,67.9,68.01663596665082
7.59,30,190.49,1,Cloudy,Low,Indian,4.1,29,7,1,0,68.2,60.961804324248035
6.24,31,215.8,2,Clear,High,Pizza,3.8,32,13,1,0,85.3,77.1995511224167
2.7,32,497.02,2,Clear,Medium,Indian,4.2,32,13,5,1,59.5,55.00463323051924
8.03,30,498.22,2,Cloudy,Low,Indian,3.4,31,7,6,1,66.8,62.65760705844598
1.78,21,539.37,3,Clear,Low,Healthy,4.4,24,1,4,0,25.8,28.311853703146653
7.22,39,452.52,3,Clear,High,Indian,3.8,36,21,2,0,91.1,90.49031330737922
6.19,14,601.97,2,Storm,Low,Bakery,4.7,11,17,4,0,51.6,55.26146433430937
3.61,22,1131.66,5,Cloudy,Low,Bakery,3.9,19,20,0,0,47.6,41.94157319421655
1.22,20,80.09,1,Rain,Medium,Cafe,4.3,17,14,2,0,54.3,45.95998485950628
0.8,19,200.3,1,Cloudy,Medium,Chinese,4.2,24,22,4,0,37.3,39.3955953946618
2.05,19,555.58,2,Clear,High,Cafe,4.3,17,18,5,1,54.0,51.70168826819938
1.19,24,794.69,6,Clear,Medium,South Indian,4.6,22,20,4,0,47.6,43.147046190555955
2.74,24,176.37,2,Clear,High,Indian,4.0,21,21,3,0,54.5,59.73720800810053
6.95,41,459.23,2,Clear,Low,Indian,4.3,39,3,3,0,72.3,66.8760949520271
6.3,8,122.29,1,Rain,High,Fast Food,4.3,10,14,0,0,66.7,62.31186589770566
3.51,41,181.82,2,Cloudy,Low,Biryani,4.0,38,23,0,0,62.3,61.512585450421724
4.45,48,365.95,3,Cloudy,Medium,Biryani,4.5,45,19,4,0,83.8,80.62046649272348
9.5,34,991.55,4,Storm,High,Pizza,4.0,29,21,2,0,111.7,108.45019215017462
3.92,15,159.01,1,Clear,Low,Fast Food,3.8,15,2,6,1,22.9,29.92452072586098
6.03,10,290.32,1,Rain,Low,Desserts,3.9,12,2,2,0,45.5,40.29880094257592
1.75,24,119.9,1,Clear,Low,Pizza,4.2,24,23,0,0,43.6,36.1637819705401
1.96,22,723.93,3,Clear,Medium,Bakery,4.0,18,22,1,0,47.0,44.37815684973452
14.35,37,438.52,2,Rain,Medium,Chinese,4.1,35,14,5,1,108.3,109.01683653087089
1.37,24,607.01,4,Clear,Low,Cafe,4.3,24,20,1,0,42.4,34.20782365262465
5.04,24,238.64,1,Clear,High,Pizza,4.7,23,11,4,0,65.8,65.4588843338354
5.84,31,533.03,3,Storm,Medium,Chinese,3.5,33,0,5,1,78.3,77.13049471934704
9.08,16,732.81,5,Clear,High,Fast Food,4.2,21,20,0,0,68.5,73.51836195303521
5.19,25,495.72,3,Rain,High,Chinese,4.1,27,19,2,0,77.4,76.82449612296594
1.28,47,524.93,2,Clear,High,Biryani,4.3,49,18,2,0,82.3,77.16959264268642
5.14,26,601.98,2,Cloudy,Low,South Indian,3.9,30,2,2,0,41.5,47.251447407371884
5.28,45,426.4,2,Clear,High,Biryani,3.7,46,21,5,1,83.4,89.94663410197845
1.49,29,546.97,4,Cloudy,High,South Indian,3.8,24,11,4,0,55.4,60.03063054212753
3.44,29,274.91,2,Clear,High,Chinese,3.6,24,20,3,0,62.9,67.06652080053242
2.76,7,416.58,2,Rain,Medium,Bakery,4.7,11,13,5,1,43.6,37.96207343109673
5.52,19,280.53,1,Clear,High,South Indian,4.7,19,23,2,0,54.9,64.80544007162432
4.81,10,1021.03,3,Rain,Medium,Cafe,4.3,12,6,0,0,36.2,46.696317604118136
5.01,17,412.91,3,Clear,High,Indian,4.0,20,13,1,0,59.5,58.82251508283383
3.57,10,368.86,4,Cloudy,High,Cafe,4.0,15,13,2,0,45.3,48.80190510418936
1.75,33,467.61,2,Cloudy,Medium,South Indian,4.3,30,14,6,1,52.1,54.820624511760656
4.97,17,1598.11,6,Storm,High,Fast Food,3.8,22,17,5,1,66.3,74.5911138173419
2.23,22,103.21,1,Clear,Medium,Cafe,4.2,22,2,1,0,41.0,40.83577518001262
5.2,39,247.2,1,Cloudy,Low,Indian,4.6,37,8,3,0,65.0,61.8158407930153
3.72,27,721.57,3,Clear,Low,Pizza,4.6,29,7,6,1,40.9,42.437582566991935
1.39,30,680.58,4,Rain,Low,Pizza,3.8,32,1,2,0,42.0,43.88295545343681
1.12,26,124.88,1,Clear,Low,Chinese,4.1,29,13,1,0,31.5,33.74463079508623
1.44,17,197.09,2,Clear,Low,Cafe,4.6,20,10,1,0,25.4,25.113876087749546
1.25,17,443.32,2,Clear,Low,Bakery,3.8,15,8,6,1,21.2,24.02510391285503
12.28,39,243.45,3,Clear,High,Chinese,4.1,35,4,3,0,98.8,104.30635861232247
0.54,34,350.68,2,Clear,Low,Pizza,4.1,30,15,5,1,41.5,40.173956432288314
4.61,17,794.32,3,Cloudy,Low,Bakery,4.0,18,0,4,0,37.7,35.91329842689671
4.74,22,152.51,1,Clear,Medium,Chinese,3.6,21,21,3,0,54.2,54.04678055816283
5.0,32,128.19,1,Cloudy,Medium,Indian,3.6,31,11,0,0,65.6,64.57886252170708
2.7,11,583.27,2,Cloudy,Medium,Cafe,4.3,12,6,0,0,37.0,34.32710974124747
3.98,25,950.5,3,Clear,Low,South Indian,3.9,30,19,6,1,47.6,44.16643871687961
7.57,45,916.29,3,Clear,Medium,Indian,3.8,40,14,2,0,94.3,85.36126332375821
2.09,17,727.62,6,Rain,Medium,Indian,4.0,20,11,2,0,49.9,45.24454198445614
6.77,24,197.41,1,Rain,High,Healthy,4.3,27,20,1,0,76.1,81.58199887702222
2.93,17,221.17,2,Cloudy,High,South Indian,4.6,15,19,4,0,65.1,54.78788492879012
5.01,37,620.54,6,Rain,Medium,Indian,4.3,37,4,3,0,72.8,73.88666267823014
2.4,28,230.09,2,Clear,Low,Healthy,4.3,27,9,6,1,30.7,39.33825911532428
4.54,30,665.47,3,Clear,Medium,South Indian,3.8,28,16,1,0,65.9,60.089425278548795
0.99,24,544.94,3,Clear,High,Pizza,3.8,29,12,6,1,52.0,51.63414407668798
5.15,27,344.07,3,Clear,High,Chinese,4.2,24,20,3,0,82.3,70.96427221742071
2.5,25,81.73,1,Clear,Medium,Indian,4.1,29,19,1,0,56.0,48.63207012265005
8.1,20,712.37,4,Clear,Medium,Fast Food,3.9,17,16,6,1,59.4,62.47427929876375
11.44,11,155.16,1,Clear,Medium,Fast Food,4.1,11,1,1,0,61.5,61.64944382554697
0.87,20,1551.58,6,Clear,Low,Cafe,4.3,24,6,3,0,25.7,25.31968269620721
10.02,39,305.96,1,Cloudy,Medium,Pizza,4.0,34,21,1,0,98.4,91.44234676025089
4.5,15,1133.0,4,Cloudy,Medium,Pizza,4.3,20,10,5,1,42.8,45.55477060295386
4.0,40,347.86,4,Clear,Low,Pizza,4.0,35,5,5,1,53.2,55.98780731182793
2.96,21,604.67,6,Clear,Low,Cafe,4.0,18,3,6,1,35.0,32.908623848287455
5.89,25,488.73,2,Clear,High,Pizza,4.3,29,0,1,0,66.4,66.9435589447296
4.49,16,191.91,1,Clear,Medium,Bakery,3.8,16,19,1,0,41.5,46.56522374753661
7.73,25,1578.67,5,Cloudy,Medium,South Indian,3.9,30,18,0,0,77.4,68.70575234735514
10.73,34,579.36,2,Clear,Medium,Indian,4.3,36,22,6,1,86.6,87.21310259163953
3.45,28,706.64,3,Clear,Low,Pizza,4.1,30,22,6,1,47.7,45.997353260058766
2.1,31,979.86,6,Clear,Medium,Chinese,4.6,34,23,1,0,54.4,54.115085348173494
3.75,12,944.88,5,Clear,Low,Desserts,3.6,17,17,3,0,25.4,29.872525311676284
2.61,20,559.26,4,Cloudy,Low,Chinese,3.9,23,3,2,0,27.8,32.635874413071804
3.67,12,166.05,2,Clear,High,Bakery,4.4,17,13,3,0,47.0,49.054601974700454
0.5,21,349.47,1,Clear,High,Healthy,4.4,21,20,5,1,51.1,48.71185019286065
6.35,29,332.85,1,Clear,High,Indian,5.0,26,19,0,0,77.7,76.79751585272189
14.01,32,1360.28,6,Cloudy,Medium,Biryani,5.0,32,17,1,0,92.5,97.5198477280826
6.57,22,355.84,2,Rain,High,Cafe,3.8,23,19,3,0,81.9,78.74935529512464
6.19,20,1039.01,5,Rain,Low,Pizza,4.7,23,15,5,1,53.3,53.79044009280764
2.17,46,279.93,1,Storm,High,Biryani,4.3,43,0,0,0,79.3,90.10287632986157
8.62,13,1332.81,4,Clear,Medium,Fast Food,4.5,17,15,6,1,49.3,57.04396197659932
0.5,16,337.31,1,Cloudy,High,Cafe,4.0,13,20,5,1,46.2,45.724579999669615
1.16,12,1370.08,4,Clear,Medium,Cafe,4.3,12,22,0,0,22.7,31.663723521879884
5.39,46,684.98,2,Clear,Low,Biryani,4.3,49,1,4,0,64.0,66.18767015965125
1.63,24,259.16,1,Clear,Medium,South Indian,4.0,20,6,6,1,39.5,41.60871884957824
4.07,11,397.13,2,Rain,Medium,South Indian,4.2,15,10,5,1,45.9,45.93578526639817
7.31,51,396.34,3,Clear,Medium,Biryani,4.3,49,17,3,0,87.3,91.2390519958133
13.53,26,252.76,3,Cloudy,High,Fast Food,4.0,25,11,2,0,98.2,99.07116028532242
1.76,13,657.8,2,Clear,Medium,Desserts,4.5,15,21,6,1,34.5,34.4724003111958
4.28,31,1202.38,4,Clear,High,Chinese,4.0,35,20,4,0,72.1,72.049259656675
1.35,36,127.52,1,Cloudy,High,Indian,4.4,32,4,6,1,63.2,64.95783322300218
8.57,7,420.67,2,Clear,Low,Cafe,4.4,11,10,6,1,34.7,40.15215200100823
12.66,20,1645.51,6,Clear,Low,Cafe,3.6,20,20,3,0,72.5,69.9055415186331
4.68,19,537.24,2,Clear,Low,South Indian,4.3,22,9,6,1,36.7,38.231784505854364
0.5,15,790.88,3,Clear,Low,Bakery,4.3,15,3,4,0,13.6,18.19184801189636
1.0,16,639.29,2,Clear,Medium,Fast Food,4.7,14,21,0,0,36.5,34.60986880816761
1.73,22,266.24,1,Clear,High,Bakery,4.4,17,14,5,1,61.6,52.5220293158024
1.8,21,424.59,2,Clear,High,Cafe,3.8,19,19,6,1,54.3,53.12990166220862
1.74,22,597.14,2,Cloudy,Medium,Indian,4.5,23,0,5,1,45.1,40.569587791857316
7.38,17,677.22,4,Clear,Low,Fast Food,3.8,22,23,5,1,48.7,48.850504014319235
3.06,25,489.17,3,Clear,Medium,Cafe,4.6,20,20,4,0,52.5,50.847781066012296
5.11,16,770.59,3,Clear,Low,South Indian,4.0,20,1,5,1,34.4,34.921909397804
3.71,12,283.64,1,Storm,Low,Fast Food,4.1,11,13,3,0,57.9,43.64276869315711
2.73,19,209.56,2,Clear,Medium,Desserts,3.9,18,12,4,0,45.2,41.847692650904676
3.61,24,1313.29,4,Clear,Low,Pizza,4.8,24,2,6,1,37.4,37.89507827805443
1.83,20,877.88,3,Clear,Low,Indian,3.8,23,8,0,0,27.2,29.07761848220737
0.81,25,181.31,2,Clear,Medium,Healthy,4.7,26,2,0,0,33.9,38.76075456904957
2.64,17,298.63,1,Storm,Low,Fast Food,4.5,17,10,3,0,43.4,44.176593457374835
9.97,21,714.63,3,Storm,High,Pizza,4.1,26,20,0,0,98.0,96.81319334187535
0.81,35,270.69,1,Clear,Medium,Indian,3.8,33,7,5,1,40.4,50.06467628356975
1.91,14,147.87,1,Cloudy,Low,Bakery,4.0,12,5,3,0,25.1,24.552662188712127
3.27,19,218.87,2,Clear,High,Healthy,3.9,19,7,5,1,45.3,53.459843381350915
1.86,25,388.89,4,Clear,Low,Cafe,5.0,21,10,1,0,34.7,34.51139699076387
11.96,31,929.97,3,Cloudy,Medium,Chinese,4.2,33,21,6,1,91.5,90.30906237911455
2.25,27,1572.81,5,Clear,Low,Chinese,4.2,24,0,3,0,32.6,35.766868007852736
0.63,11,583.25,3,Cloudy,Medium,Bakery,3.4,16,6,6,1,27.1,27.130034522460832
2.54,38,231.24,1,Cloudy,High,Biryani,5.0,42,20,0,0,77.1,74.85941319384048
2.62,25,214.13,1,Clear,High,Indian,3.8,29,13,6,1,62.0,58.58030448897288
0.9,38,681.96,4,Rain,Low,Indian,4.3,37,5,1,0,48.3,51.01713334925931
3.89,45,406.71,2,Cloudy,Medium,Biryani,3.9,42,12,4,0,66.3,74.14592358827414
11.87,20,659.59,2,Clear,Medium,Fast Food,4.3,16,1,5,1,71.4,72.20421277481175
1.89,13,222.29,1,Cloudy,High,Healthy,3.9,16,3,4,0,48.4,43.695619678169045
3.34,13,852.05,4,Cloudy,High,Fast Food,4.3,16,11,3,0,51.8,50.363494091808036
0.5,13,249.36,2,Rain,Medium,Desserts,3.8,10,18,5,1,40.3,37.32236949313079
2.46,41,348.24,2,Cloudy,Low,Biryani,4.3,38,16,5,1,54.8,56.25670896467865
6.41,11,427.19,2,Cloudy,Medium,Bakery,4.7,11,12,3,0,49.1,48.548415885644374
10.48,35,466.82,2,Clear,High,Indian,3.8,33,20,6,1,100.6,97.72599855269922
8.68,20,240.55,2,Clear,Medium,Cafe,4.1,22,22,0,0,63.6,66.00086045112423
15.22,16,704.4,3,Clear,Medium,South Indian,4.0,20,22,5,1,81.9,84.85801133416001
3.98,20,547.23,2,Clear,Medium,Fast Food,5.0,15,10,0,0,46.3,46.48046224281348
2.61,16,991.22,5,Clear,Medium,Cafe,4.3,12,12,5,1,41.0,38.44640941292971
1.79,28,291.31,1,Clear,Medium,Chinese,3.9,23,4,3,0,35.0,45.796556537579235
5.12,38,83.71,1,Clear,Low,Indian,4.3,36,10,3,0,62.9,59.04955224122367
7.48,34,343.04,3,Clear,Low,Indian,3.6,31,23,5,1,62.7,66.35838516694983
5.17,19,1997.55,6,Clear,High,Fast Food,4.4,19,19,6,1,59.8,62.71695932717144
5.4,48,349.14,1,Clear,Medium,Biryani,4.2,46,21,3,0,88.9,82.50586018440677
1.08,27,302.66,3,Clear,High,Indian,3.6,31,7,6,1,54.3,53.81147149584864
8.51,17,167.51,1,Clear,Medium,Desserts,4.0,14,11,5,1,60.7,59.842948645914916
2.61,34,335.78,2,Cloudy,Low,Chinese,4.4,33,11,2,0,52.4,48.45669683619749
3.09,13,95.9,1,Clear,High,Healthy,3.9,16,13,6,1,52.5,48.220104846718904
2.24,38,526.53,2,Clear,Medium,Biryani,4.3,38,14,1,0,64.0,59.761874492710874
3.12,27,1129.57,4,Clear,Medium,Pizza,4.6,29,19,5,1,57.9,52.8078465655587
4.64,30,257.02,1,Clear,High,South Indian,3.9,25,12,2,0,66.9,70.32117503875912
8.94,12,436.97,2,Clear,Medium,Fast Food,4.4,15,1,2,0,53.0,53.88782217131366
7.87,5,401.74,5,Clear,Medium,Fast Food,4.3,10,18,6,1,44.4,47.00820795089747
2.69,17,646.51,6,Clear,Low,South Indian,4.0,20,17,3,0,24.5,31.037517128256592
2.2,28,192.59,1,Rain,High,Indian,3.5,26,19,4,0,60.9,69.43182072966296
3.43,34,547.36,4,Clear,Medium,South Indian,3.9,30,20,2,0,63.0,61.096574361032246
7.18,37,673.7,5,Clear,High,Chinese,4.2,35,22,0,0,87.2,88.51213311297396
3.66,7,677.74,2,Rain,Medium,Cafe,4.7,12,19,1,0,50.9,42.602932175023625
5.79,11,274.85,3,Rain,Medium,Desserts,4.6,10,17,5,1,48.1,53.499217718310064
6.43,17,774.94,4,Cloudy,Medium,Cafe,4.1,22,16,1,0,43.1,55.73334386314222
10.65,20,637.89,2,Clear,Low,South Indian,4.7,19,7,5,1,57.0,59.61327689870771
8.51,41,342.52,2,Cloudy,Medium,Biryani,3.7,46,22,0,0,84.8,88.59466679972057
3.77,39,509.06,3,Cloudy,High,Biryani,3.8,44,21,6,1,83.3,80.60796762210101
9.67,43,798.96,3,Clear,High,Indian,4.3,39,21,1,0,99.3,103.03068978021007
4.87,34,241.16,2,Rain,High,Indian,4.3,37,18,2,0,85.9,84.44114411795042
5.09,25,476.63,3,Clear,High,South Indian,4.0,20,9,3,0,66.8,66.17447802477491
1.28,25,225.76,2,Rain,High,Cafe,3.3,21,12,5,1,69.8,61.66989854212654
9.15,29,626.34,5,Clear,High,Pizza,4.1,26,18,6,1,85.3,86.50483347889727
3.56,25,208.13,1,Storm,High,Cafe,3.6,20,18,2,0,74.8,78.0523278412395
2.07,31,864.99,3,Cloudy,Medium,South Indian,3.8,27,3,1,0,45.5,51.438303245114675
2.67,12,476.0,2,Cloudy,Medium,Bakery,4.3,12,20,3,0,37.6,38.34324453892916
2.08,30,752.35,3,Clear,High,Indian,3.5,26,13,4,0,66.3,61.71692228020462
6.42,11,399.08,2,Clear,High,Bakery,4.0,12,5,6,1,55.0,55.927810983899846
6.36,24,437.13,4,Clear,Medium,Fast Food,4.0,25,18,2,0,51.7,60.79279258429114
0.99,18,695.36,6,Clear,High,Fast Food,4.3,16,7,1,0,40.4,44.166027963936315
8.49,34,911.35,6,Rain,Medium,Chinese,3.6,33,1,5,1,80.8,82.53330358838626
4.5,28,747.47,4,Clear,Medium,Indian,4.6,25,20,5,1,63.8,58.8204446615841
1.63,24,390.14,4,Clear,High,Pizza,4.1,22,22,0,0,60.9,56.0064999615453
1.76,37,1081.75,4,Cloudy,Low,Indian,4.3,39,5,2,0,54.6,47.12433011437701
5.0,8,138.96,1,Clear,Low,Fast Food,4.3,10,8,0,0,30.1,27.935088159159356
0.97,13,776.54,5,Clear,Medium,Desserts,3.7,14,2,2,0,30.1,27.3646178983688
4.42,14,477.49,3,Rain,Low,Fast Food,4.2,14,18,1,0,51.4,42.153162284619974
2.86,7,1359.56,4,Clear,Medium,Desserts,4.6,10,0,6,1,29.9,27.50284335542286
2.57,25,698.89,4,Cloudy,High,Cafe,5.0,21,21,5,1,63.4,62.07102304688911
4.39,36,307.64,2,Clear,Low,Biryani,4.2,35,5,2,0,54.4,53.5074098543733
2.92,17,438.81,2,Cloudy,Low,Desserts,4.4,18,7,4,0,29.5,31.568635369650583
2.16,40,1037.28,3,Clear,Medium,Biryani,3.8,42,17,4,0,52.1,62.31607785124068
8.6,20,1093.25,6,Clear,Low,South Indian,3.8,16,17,6,1,57.7,54.80693166475548
6.65,32,435.88,2,Clear,Medium,Pizza,3.8,32,17,2,0,67.4,69.78352074778633
8.08,27,600.96,3,Cloudy,Medium,Pizza,4.0,25,11,2,0,71.7,70.32792595512585
4.34,21,1303.11,5,Rain,High,Chinese,4.2,24,20,2,0,66.9,70.08466593570648
7.09,18,523.09,2,Clear,Low,Healthy,3.3,15,9,2,0,46.5,45.84379787013857
2.31,34,614.65,4,Clear,Low,South Indian,3.8,30,4,5,1,48.1,43.82595063409134
8.9,31,683.11,4,Storm,High,South Indian,3.8,30,11,6,1,102.8,101.04843932914437
8.72,24,268.73,1,Clear,Medium,Cafe,3.6,20,20,6,1,71.5,69.82708165355706
3.15,20,698.55,2,Clear,High,Healthy,3.9,16,18,1,0,52.0,56.556495102457966
2.73,27,312.36,2,Clear,Medium,Pizza,4.0,22,14,6,1,46.9,50.333107559897726
2.03,26,567.19,2,Clear,Medium,Cafe,4.4,21,7,5,1,40.9,45.30746291101945
2.18,17,329.45,2,Clear,High,Desserts,3.6,13,19,3,0,49.7,50.34650203726986
2.59,19,698.11,2,Cloudy,Medium,Healthy,3.9,16,21,2,0,37.9,45.461484632518584
9.83,18,522.97,2,Clear,Low,Cafe,4.3,18,17,6,1,59.3,57.21297398708319
3.81,29,610.76,2,Clear,Low,Healthy,4.1,27,10,5,1,47.4,45.54949765768585
3.31,30,367.19,2,Clear,Low,Biryani,5.0,32,6,5,1,42.1,43.8680916460072
0.78,31,337.09,3,Clear,Low,South Indian,3.4,26,1,6,1,30.6,34.82914093915784
8.98,18,85.44,1,Rain,Low,Bakery,4.3,15,1,2,0,56.1,58.308068591985766
0.63,22,126.66,1,Rain,High,Chinese,4.2,21,22,6,1,59.5,58.552919391508084
2.8,23,229.25,1,Clear,High,Indian,3.8,23,22,3,0,63.8,59.23406802320107
6.49,11,271.73,3,Clear,High,Fast Food,4.4,11,19,2,0,67.6,59.1887094901393
1.72,32,188.11,1,Cloudy,Medium,Pizza,3.8,32,12,3,0,59.4,53.35052932633458
5.4,23,354.11,4,Clear,High,Cafe,4.8,23,13,4,0,71.4,66.19410823197528
11.45,19,457.65,4,Cloudy,Low,Fast Food,4.2,14,15,1,0,64.5,65.10207516846118
14.62,10,535.62,6,Cloudy,High,Cafe,4.7,12,11,5,1,90.8,86.93794665178638
2.66,41,715.19,3,Rain,High,Indian,4.6,37,19,6,1,87.3,83.94698509964333
4.29,27,86.99,1,Rain,Low,Chinese,3.2,24,10,1,0,50.9,53.182023166784205
3.24,19,336.55,2,Clear,Low,Bakery,3.9,19,6,3,0,36.0,32.5060561165502
2.65,34,578.92,5,Cloudy,Low,Pizza,3.8,29,17,6,1,43.6,49.998447957141664
3.98,11,410.93,2,Clear,Medium,Cafe,4.3,12,14,2,0,41.6,38.69255031120055
5.17,19,517.96,2,Cloudy,Low,South Indian,4.0,17,15,1,0,38.4,43.25879199705723
2.52,18,209.79,2,Cloudy,High,Indian,3.8,23,20,5,1,50.6,54.74689440499897
3.92,23,1010.54,5,Clear,Medium,Indian,4.0,20,2,6,1,49.1,47.74190562431407
8.96,19,313.79,2,Cloudy,High,Fast Food,4.0,23,22,3,0,80.8,78.62247216616157
2.09,14,180.49,2,Cloudy,Low,Bakery,3.9,10,10,4,0,24.6,26.333086766913297
4.87,13,470.66,2,Clear,Medium,Fast Food,4.4,13,21,0,0,45.5,45.18500872911797
5.22,32,515.9,4,Clear,Medium,Chinese,4.1,27,11,1,0,63.8,63.33107732299112
5.56,19,298.41,2,Cloudy,Medium,Desserts,4.0,14,15,3,0,43.5,54.37908328355246
3.27,12,442.85,2,Clear,High,Bakery,3.6,10,19,2,0,51.0,49.117871721615316
5.18,36,317.2,1,Rain,Medium,Biryani,4.2,35,1,5,1,69.0,73.04622587737325
3.71,29,316.88,2,Clear,Medium,South Indian,3.4,25,22,1,0,59.6,57.589478443552714
1.65,38,332.83,1,Clear,Medium,Biryani,4.2,43,1,3,0,53.4,54.77808527581826
3.81,20,241.23,3,Clear,Medium,Pizza,4.0,22,13,6,1,45.5,46.86186036298769
5.02,27,1852.59,6,Clear,Medium,Cafe,4.2,22,21,6,1,61.7,60.064232664387134
1.27,19,829.12,5,Cloudy,Medium,Cafe,3.9,22,0,1,0,34.2,36.00395754499725
5.32,29,246.67,3,Cloudy,Low,Pizza,3.9,32,8,6,1,46.7,52.295746311611275
1.08,18,1146.94,4,Rain,Low,South Indian,4.1,17,4,1,0,30.9,31.376076639229407
0.91,22,761.46,4,Cloudy,Low,Cafe,4.2,22,6,5,1,31.4,29.409111392873122
2.38,31,777.62,3,Clear,Low,Chinese,4.1,30,5,1,0,43.7,41.34240438705017
3.5,43,120.8,1,Rain,High,Biryani,3.8,42,19,0,0,87.0,89.09805767654555
0.78,8,640.02,5,Clear,High,Cafe,3.5,10,13,5,1,42.7,35.137238259225285
1.86,9,1455.88,5,Rain,Medium,Cafe,3.6,14,19,6,1,35.8,38.50593033951696
5.68,10,297.58,1,Cloudy,Medium,Bakery,4.0,12,19,0,0,37.9,46.65513142741037
2.2,42,207.3,2,Clear,High,Biryani,4.7,38,18,3,0,80.9,75.29055909871465
3.81,34,225.02,1,Clear,Low,Chinese,4.2,33,17,1,0,56.1,52.090236792435206
7.98,35,1012.35,4,Clear,Medium,Pizza,3.8,32,11,3,0,86.1,76.090166055998
8.64,26,81.84,1,Clear,Medium,Pizza,3.2,29,0,3,0,64.6,66.92845607365459
4.68,35,959.33,3,Rain,Medium,Indian,3.4,31,1,4,0,68.1,70.24332470108187
8.28,18,436.21,2,Cloudy,Medium,Cafe,4.9,22,22,6,1,62.7,64.54536469661808
8.24,20,324.68,3,Clear,High,South Indian,4.2,21,3,0,0,75.6,70.75225808032742
5.08,22,586.08,2,Cloudy,Medium,Pizza,4.7,23,1,4,0,50.6,52.480622317942455
5.72,30,607.52,3,Cloudy,Medium,Chinese,4.6,34,19,0,0,66.4,66.85517741826307
2.84,40,747.83,3,Clear,Medium,Biryani,3.1,36,22,3,0,60.2,65.87396163815137
1.08,20,220.94,1,Clear,High,Bakery,3.8,15,19,5,1,55.0,49.45914303193337
4.67,21,1012.75,4,Clear,Low,Desserts,3.6,17,15,3,0,50.0,41.659733807748786
9.4,22,261.37,1,Cloudy,Medium,Healthy,4.4,20,4,2,0,67.0,68.34485461724732
1.69,32,727.54,6,Clear,Low,South Indian,4.0,30,9,3,0,44.4,40.73908330163809
2.17,25,312.86,1,Clear,Low,Cafe,4.7,23,23,5,1,39.5,38.71204868927065
8.94,7,229.69,1,Clear,High,Bakery,3.7,11,21,2,0,63.5,64.42718637138674
1.81,18,120.44,1,Clear,Medium,Cafe,4.2,22,18,3,0,43.2,39.06486508163597
2.53,34,335.39,2,Rain,Low,Indian,4.3,37,4,6,1,53.9,52.55790990902363
7.11,19,288.68,1,Clear,Medium,Cafe,4.2,22,12,2,0,64.2,57.250764790652
9.53,18,316.5,1,Cloudy,Medium,Bakery,4.2,13,21,5,1,71.2,68.62518343882036
2.89,17,239.8,2,Clear,Low,South Indian,4.3,22,3,4,0,31.1,28.55568206155745
3.27,37,557.4,2,Clear,High,Pizza,4.0,32,22,0,0,75.8,74.84868609623207
1.38,21,299.84,1,Rain,Low,Cafe,4.3,17,0,5,1,38.6,34.63075851804928
7.69,30,818.12,5,Rain,Medium,Indian,4.0,27,13,3,0,76.2,78.37906586842
5.22,9,577.63,2,Clear,High,Bakery,4.2,13,20,5,1,61.4,53.14262540030731
1.85,15,266.83,1,Cloudy,Low,Fast Food,4.4,19,13,2,0,22.9,27.072326442860188
0.5,41,116.23,1,Cloudy,High,Biryani,4.0,43,22,1,0,69.4,71.31027693991739
3.59,44,194.88,2,Clear,Low,Indian,4.4,39,9,0,0,60.8,59.40320713349277
2.56,36,462.81,3,Clear,Low,Indian,4.2,36,8,1,0,54.9,47.602194698690354
3.6,21,430.51,2,Clear,Medium,Pizza,3.9,21,21,6,1,52.8,49.00597564725372
4.89,31,144.7,1,Clear,High,Indian,4.2,29,12,1,0,72.2,72.19130635128185
0.5,25,787.04,3,Rain,Medium,Chinese,4.1,30,2,2,0,42.1,45.734703366108725
1.61,26,399.34,2,Clear,High,Indian,3.5,26,19,6,1,63.3,57.44296081822546
4.19,30,1000.07,4,Clear,Low,Indian,3.3,35,6,6,1,49.9,47.04402859665797
5.54,36,465.6,2,Clear,Medium,Biryani,4.4,34,20,3,0,65.8,70.69284162204889
4.49,22,241.28,1,Clear,Medium,Pizza,3.7,20,23,1,0,51.8,53.5565574418224
2.73,20,671.74,2,Cloudy,High,Pizza,4.2,24,10,0,0,52.3,55.13309668964567
1.26,32,341.63,1,Clear,Medium,Chinese,4.1,27,23,6,1,47.9,52.308510506497825
0.59,10,655.89,4,Rain,High,Desserts,4.6,12,22,5,1,42.4,46.25660968716174
7.82,21,686.3,2,Clear,Low,Desserts,4.4,16,17,4,0,49.5,53.06966402034863
9.83,20,937.53,4,Clear,Low,Fast Food,3.8,22,20,6,1,66.7,59.77984364043748
6.42,22,248.26,1,Clear,Low,Cafe,4.6,20,2,5,1,43.4,45.78001191929473
1.74,30,399.57,2,Clear,High,Biryani,3.7,31,21,2,0,62.9,62.477337947744175
4.22,20,270.73,2,Clear,Low,Cafe,4.3,24,3,3,0,40.3,36.333112895101664
6.15,34,305.54,2,Clear,High,Biryani,4.3,35,21,2,0,77.7,81.84922252821414
6.44,15,939.94,4,Clear,Medium,Desserts,4.6,10,21,5,1,51.3,52.8021192093848
0.83,25,1088.95,4,Rain,High,Indian,4.7,23,14,1,0,59.7,60.2962194220259
6.12,18,695.86,2,Clear,High,Pizza,4.0,22,19,0,0,71.0,65.12444673205752
1.01,39,602.83,2,Clear,Medium,Indian,4.3,39,14,5,1,52.7,56.33372128387842
1.72,33,840.2,4,Clear,High,Chinese,4.1,29,11,3,0,65.2,62.94009078215944
1.37,15,684.24,5,Clear,Low,Fast Food,4.1,11,10,0,0,18.5,22.675719018462694
1.94,26,168.5,1,Clear,Medium,Cafe,3.3,21,19,6,1,48.0,47.88575873596874
5.81,17,277.1,2,Rain,Medium,Fast Food,4.4,14,21,2,0,66.3,60.419702152724874
1.18,20,401.84,3,Clear,Low,Pizza,3.7,20,15,6,1,17.7,28.43540504344132
12.25,21,646.36,2,Rain,Medium,Desserts,4.4,16,20,4,0,93.4,86.91611157732746
2.64,49,832.4,4,Clear,High,Biryani,3.5,45,13,6,1,85.8,82.89833369396472
2.11,10,702.67,4,Rain,Medium,Cafe,4.3,12,4,4,0,32.7,36.79340610500842
3.77,14,1666.0,5,Clear,High,Bakery,4.5,10,14,6,1,53.4,51.68788774816671
2.13,23,340.12,1,Clear,Low,Chinese,3.6,21,19,2,0,37.6,35.72874154872473
3.47,31,842.18,5,Clear,Medium,South Indian,3.8,30,20,6,1,61.0,58.29179638853411
1.5,21,247.22,1,Cloudy,Medium,Cafe,4.0,18,19,3,0,49.8,43.19689621890667
3.73,34,262.82,2,Cloudy,Medium,Indian,4.3,39,21,1,0,69.8,64.36651538296336
9.41,20,1364.2,5,Cloudy,High,Chinese,4.2,24,19,0,0,77.3,80.62648189910254
13.28,30,288.6,2,Clear,Low,Indian,3.6,31,23,3,0,82.4,82.68120246327588
1.81,27,304.33,3,Clear,Medium,Cafe,4.9,22,19,3,0,48.2,48.17752634952743
1.46,16,629.38,5,Clear,Medium,Desserts,4.5,15,13,1,0,38.5,34.474178587031226
1.92,46,223.17,1,Clear,Low,Biryani,3.8,42,5,2,0,52.8,54.942908472834105
5.08,35,268.33,2,Clear,Medium,Chinese,4.4,33,22,6,1,69.9,68.4126323708849
1.58,20,2080.65,6,Cloudy,High,Indian,4.6,25,19,0,0,56.4,53.16020922051506
1.36,17,992.14,5,Cloudy,High,Fast Food,4.5,17,19,4,0,57.6,49.246695817337745
0.84,15,201.12,2,Clear,Medium,Bakery,3.2,11,16,6,1,23.4,32.186515598483226
9.26,16,162.15,2,Clear,Low,Bakery,3.9,17,4,5,1,51.8,50.116049307302845
3.83,30,650.23,4,Cloudy,Low,Pizza,3.8,31,1,4,0,51.4,46.4906640834325
4.37,14,724.98,4,Cloudy,Medium,Desserts,3.9,12,21,6,1,48.8,46.61239219214158
9.15,17,580.35,3,Clear,High,Bakery,4.4,20,20,1,0,73.3,74.8471623801683
3.97,23,656.56,3,Cloudy,Medium,Cafe,4.2,22,18,1,0,58.6,53.57164029727871
2.41,29,101.02,1,Clear,High,Indian,3.5,26,0,5,1,57.3,58.86754316057281
6.7,40,390.26,3,Clear,Medium,Indian,3.8,40,4,3,0,67.9,74.9921991515163
8.07,11,634.88,2,Clear,Low,Desserts,4.8,10,0,6,1,42.6,39.97978938190839
2.56,16,1025.22,3,Rain,Medium,Indian,4.0,20,0,3,0,48.8,43.46934329888791
6.0,43,534.61,3,Rain,High,Biryani,4.3,43,20,5,1,96.5,98.06830611323882
0.77,25,83.77,1,Rain,Medium,Indian,4.6,28,23,2,0,46.7,51.364348847972046
3.53,19,1524.76,5,Cloudy,High,Chinese,3.2,24,21,2,0,50.4,59.66491742492366
3.14,19,167.48,1,Cloudy,High,Fast Food,3.8,15,18,5,1,54.2,57.33437263645394
5.34,17,163.62,1,Cloudy,Low,Desserts,4.5,15,1,0,0,35.3,38.58224876838435
4.03,21,126.13,1,Clear,Low,Indian,3.8,23,8,5,1,41.4,37.807641006547655
9.07,17,1151.68,4,Clear,High,Desserts,4.0,14,12,6,1,73.7,72.87631080417438
3.37,27,1059.89,5,Clear,Medium,Cafe,4.9,22,20,1,0,51.8,53.86633574009144
3.95,21,1930.25,6,Cloudy,High,Cafe,4.9,22,16,3,0,52.0,61.83571314295333
5.8,14,1029.42,3,Clear,Medium,Desserts,4.6,12,19,1,0,46.1,49.10109577456866
3.83,14,612.38,2,Cloudy,High,Bakery,3.8,15,18,5,1,50.7,54.84252905531324
4.04,35,379.33,2,Rain,High,Biryani,4.3,31,13,3,0,78.2,81.55999016465843
4.15,13,278.93,2,Clear,High,Fast Food,4.3,10,19,0,0,52.8,52.99347870519625
3.48,26,1316.46,6,Rain,Low,Chinese,4.1,27,9,4,0,47.9,49.06134473707699
1.77,29,290.53,2,Clear,Low,South Indian,3.4,25,23,1,0,39.9,41.302177237734156
3.47,18,626.05,5,Cloudy,Low,Desserts,4.4,18,5,0,0,39.7,33.9334990826416
9.38,31,546.18,2,Cloudy,High,South Indian,3.9,30,11,5,1,92.1,89.70174814309269
6.88,23,129.98,1,Cloudy,Low,Pizza,4.1,22,23,5,1,42.2,55.154136972596405
2.22,44,355.98,2,Clear,Medium,Biryani,3.7,46,20,0,0,72.0,67.14148029495946
9.51,31,1116.75,5,Rain,Medium,Healthy,4.0,29,10,4,0,77.1,85.17140600881291
3.88,26,190.22,2,Rain,Medium,Fast Food,4.0,25,13,5,1,61.4,60.92733139635556
3.09,29,164.24,2,Clear,High,Chinese,3.6,33,20,6,1,73.0,65.88314861002199
0.6,17,584.82,2,Clear,Low,Cafe,3.9,22,10,4,0,28.1,22.347356593215864
1.84,29,232.39,2,Cloudy,High,Healthy,4.4,24,22,4,0,64.8,63.81626065023452
7.43,21,157.92,1,Cloudy,High,Healthy,4.4,24,22,5,1,81.8,75.40063796511075
4.92,20,597.13,6,Rain,High,Bakery,4.4,20,18,2,0,76.8,70.45730194526243
4.47,37,532.05,2,Clear,Low,Biryani,4.4,32,17,2,0,61.4,57.521629664207644
4.26,36,381.44,3,Clear,Medium,Biryani,4.4,34,18,3,0,63.1,65.72427583299788
2.42,23,299.21,2,Rain,Medium,Pizza,3.9,21,21,6,1,48.9,54.78880038381859
1.6,36,733.2,5,Clear,Medium,Indian,4.3,39,22,3,0,58.5,57.18003433588255
4.01,20,1182.48,6,Cloudy,Low,South Indian,4.0,20,5,0,0,33.0,37.876890958833485
1.49,20,227.95,1,Clear,Low,Cafe,4.0,19,1,5,1,26.7,26.357640973741738
2.31,18,1208.91,4,Rain,Low,Cafe,4.8,23,2,4,0,31.5,35.330471210733414
7.3,28,509.1,3,Rain,High,Chinese,3.5,33,22,5,1,90.5,88.02173802344781
1.85,31,514.61,2,Cloudy,Medium,Healthy,4.1,27,14,2,0,51.6,53.2582417636672
8.19,22,470.4,4,Clear,High,Pizza,4.1,23,18,2,0,78.9,76.10458507791033
5.16,14,490.83,2,Clear,Medium,South Indian,4.6,15,0,5,1,46.5,42.489045533403356
1.34,33,525.84,2,Clear,High,Biryani,3.7,31,13,6,1,59.0,62.28850992787647
0.94,30,155.45,1,Storm,Medium,Pizza,3.4,25,20,6,1,64.4,63.52723128441726
5.36,30,660.83,2,Clear,Medium,Fast Food,4.0,25,4,6,1,52.7,60.17465744223343
3.53,23,677.05,3,Clear,Medium,Healthy,4.2,18,18,1,0,52.4,50.0303592367014
3.28,18,254.83,1,Clear,Low,Healthy,4.1,15,17,3,0,30.1,34.242238373435654
3.01,29,348.66,3,Clear,Medium,Indian,3.8,25,20,4,0,50.9,54.6992264769553
5.45,19,1343.86,6,Rain,High,Indian,4.0,20,1,2,0,67.1,67.57500128415415
0.82,37,177.47,1,Clear,High,Biryani,3.8,42,18,3,0,68.0,65.60616831008662
2.34,34,412.21,5,Cloudy,Medium,Biryani,4.4,32,7,6,1,52.5,56.421805205356584
6.05,6,1194.38,4,Cloudy,High,Cafe,3.5,10,22,5,1,58.1,55.69176194239793
1.16,17,289.06,1,Clear,High,Bakery,3.4,16,22,6,1,51.9,47.50365635124422
3.08,13,1047.25,3,Cloudy,Medium,Cafe,4.4,11,8,3,0,31.3,38.164232561168205
4.68,31,824.26,4,Rain,Medium,Pizza,3.9,32,11,4,0,75.2,68.4465930951674
5.2,29,1927.53,6,Storm,Medium,Pizza,4.3,29,16,0,0,73.6,76.41582119035331
2.68,34,548.69,3,Clear,Medium,Indian,4.2,32,21,4,0,51.9,58.7611773090852
6.91,5,461.6,2,Cloudy,High,Desserts,4.6,10,13,5,1,51.2,55.3835395922399
1.73,30,414.68,2,Clear,High,Chinese,4.6,34,14,2,0,62.1,60.60424888737178
6.67,20,150.07,1,Clear,Low,Pizza,3.4,25,19,5,1,49.1,48.63891614044008
3.6,29,331.69,2,Clear,High,Indian,3.8,29,23,5,1,58.2,68.27956191588811
2.64,27,115.31,1,Clear,Low,Indian,3.4,31,10,6,1,41.2,39.48969210219705
2.91,14,218.25,1,Clear,Medium,Fast Food,4.1,11,11,5,1,45.8,37.108492949238
2.54,27,564.17,2,Storm,High,Indian,4.1,29,21,6,1,77.7,77.09933648553667
0.93,27,296.11,2,Clear,Low,Cafe,4.2,22,10,4,0,25.1,33.43690253863058
3.78,31,1707.42,5,Clear,Medium,Chinese,4.3,31,7,6,1,56.7,56.492883898301045
2.59,34,1759.03,6,Clear,Medium,Pizza,3.9,32,13,0,0,64.5,56.63943262618541
1.44,11,99.7,1,Clear,High,Cafe,4.7,12,17,5,1,34.2,41.24946016794122
4.8,30,337.85,2,Clear,Medium,Pizza,3.7,25,6,4,0,59.2,58.79304227457418
4.92,18,872.7,3,Rain,Medium,Cafe,4.6,20,20,1,0,56.9,58.279794994468034
2.18,21,672.45,2,Rain,Medium,Pizza,4.1,26,19,5,1,55.3,51.49908525232942
13.91,16,350.28,2,Clear,Low,Cafe,3.8,19,2,0,0,71.7,66.0515494854561
9.74,41,291.62,2,Clear,Low,Biryani,3.8,44,0,4,0,70.0,76.20777449993106
1.33,20,229.79,1,Clear,Medium,Healthy,4.2,18,15,1,0,37.1,38.63947166236967
3.63,9,773.17,5,Clear,Low,Bakery,4.5,10,10,1,0,32.6,24.63129118215916
3.42,17,826.61,3,Cloudy,Medium,Desserts,3.8,19,14,1,0,48.9,44.69485673175875
1.09,27,696.27,2,Cloudy,Medium,Healthy,4.7,26,17,5,1,40.9,47.240993225829996
1.77,7,317.18,1,Clear,Medium,Bakery,3.6,10,11,0,0,35.3,26.208592487762914
2.44,17,248.78,1,Rain,High,Desserts,4.4,18,14,5,1,59.2,57.971027260260215
10.75,17,222.44,1,Clear,High,Healthy,4.0,17,20,0,0,79.9,80.58709745458384
4.29,29,189.35,2,Clear,Medium,Indian,3.9,26,22,4,0,62.0,59.637200912091714
1.34,30,203.61,2,Cloudy,Low,Indian,4.0,27,4,3,0,36.2,38.40192133435292
1.84,9,373.73,2,Cloudy,Medium,Desserts,4.1,11,13,1,0,30.3,30.848350376508467
3.11,43,485.31,4,Clear,Medium,Biryani,5.0,42,12,4,0,68.3,67.27325505987791
2.67,11,231.36,2,Rain,Low,Fast Food,4.0,12,1,3,0,34.7,29.174829995500723
0.73,16,774.59,5,Cloudy,Medium,Chinese,4.2,21,22,4,0,30.4,36.11095011554335
3.23,19,622.99,3,Rain,Low,Cafe,4.9,14,5,4,0,39.6,40.16534810530386
3.21,18,422.82,2,Rain,Medium,Fast Food,4.2,14,5,5,1,46.8,48.70519397940069
4.28,20,441.38,3,Clear,Low,Pizza,4.4,23,6,2,0,37.5,37.11638036610102
5.06,20,877.08,5,Rain,Medium,Pizza,4.8,24,14,6,1,64.3,59.314842610563126
3.85,14,1623.76,6,Clear,Medium,Cafe,4.4,19,16,6,1,34.7,41.767434184511046
1.86,34,637.21,2,Rain,Low,Indian,4.2,32,19,1,0,56.2,53.62145832872372
8.89,22,1361.71,4,Cloudy,Low,Healthy,4.4,20,3,3,0,61.5,56.659890641726605
4.09,20,135.16,1,Clear,High,Indian,3.7,22,20,0,0,50.6,60.2511762959409
2.56,39,974.36,3,Rain,High,Indian,4.4,39,11,5,1,74.8,79.8036371197145
6.56,31,215.45,1,Clear,Low,Biryani,3.9,33,15,5,1,57.2,58.46591207573823
1.69,22,651.34,2,Cloudy,Medium,Pizza,3.9,21,20,1,0,43.9,45.02177548617402
2.12,26,412.26,2,Cloudy,Medium,Chinese,4.1,27,19,1,0,51.8,50.30649058984116
4.64,30,975.83,4,Clear,High,Pizza,4.0,29,20,1,0,68.8,72.19080337135348
2.34,18,457.23,5,Clear,High,South Indian,3.8,16,18,4,0,50.5,51.59366792726888
0.69,17,1421.12,5,Clear,Medium,Cafe,3.8,19,3,6,1,21.4,30.79936588021037
3.47,31,431.95,3,Rain,Medium,South Indian,4.0,30,20,2,0,65.7,66.16166058488584
4.94,21,271.19,1,Cloudy,Medium,Desserts,3.5,18,21,3,0,57.0,55.678718121773805
5.65,17,262.97,2,Clear,Medium,Bakery,5.0,18,2,6,1,49.0,47.6187931598088
5.41,27,377.54,2,Cloudy,High,Cafe,4.1,22,18,4,0,74.6,73.46948945719481
5.98,49,884.58,5,Clear,Medium,Biryani,3.8,44,12,5,1,90.3,83.49157414910312
1.31,20,582.99,4,Clear,Medium,Pizza,4.1,23,0,6,1,38.8,35.12618421703588
2.45,31,686.8,2,Clear,High,Pizza,4.0,32,20,3,0,64.8,65.57531592848193
1.87,23,629.15,2,Clear,High,Chinese,4.5,26,22,1,0,56.4,55.919488317649375
2.62,15,462.58,2,Rain,High,South Indian,3.9,20,4,3,0,48.6,54.33900557741237
4.77,10,383.54,2,Rain,High,Fast Food,4.4,12,22,4,0,63.0,60.842753699335184
8.59,18,1666.07,6,Cloudy,Low,Cafe,4.8,23,7,0,0,49.7,52.45019810376328
5.61,27,88.06,1,Rain,Low,Pizza,4.0,29,10,5,1,51.9,57.71967190979455
5.55,11,827.54,5,Clear,Medium,Fast Food,4.4,15,13,4,0,47.9,43.77016030337013
1.78,30,330.4,1,Cloudy,Medium,Pizza,4.1,30,12,5,1,55.0,51.53407475603146
8.03,28,408.24,2,Cloudy,High,Pizza,3.8,29,18,6,1,81.8,83.63859093075024
15.54,27,569.61,4,Clear,Low,Biryani,3.7,31,7,5,1,88.4,84.07288502562956
1.88,18,703.37,4,Clear,Low,Healthy,3.9,16,17,3,0,21.2,29.34754251232463
2.58,20,1038.86,3,Rain,High,Indian,4.7,23,21,3,0,63.1,63.07621102283443
4.94,16,860.86,3,Clear,Medium,Cafe,3.6,14,23,6,1,44.1,49.26913606271466
3.18,21,2066.65,6,Cloudy,Medium,Indian,3.7,22,19,2,0,37.1,49.09547317086013
6.73,16,446.8,5,Clear,Medium,Cafe,3.6,20,22,5,1,50.2,55.23903881758116
11.87,18,218.9,1,Clear,Low,Chinese,4.2,23,3,4,0,63.4,61.12198278804367
1.52,18,970.76,4,Cloudy,Medium,Fast Food,4.5,17,13,5,1,34.6,38.63832132583505
1.78,24,1445.73,5,Cloudy,Low,Fast Food,3.7,22,7,1,0,32.6,34.55809594274103
0.93,31,299.29,1,Clear,Medium,Pizza,3.8,32,10,5,1,45.0,47.175355176210495
2.98,12,297.77,2,Clear,High,Fast Food,4.4,15,21,5,1,46.0,48.411108968859
2.1,46,185.68,1,Clear,High,Biryani,4.5,45,19,0,0,77.1,79.19226343788092
7.25,18,514.66,2,Clear,Low,Bakery,3.8,15,3,4,0,45.3,44.89190931313692
1.33,21,525.97,3,Cloudy,High,Indian,5.0,26,12,3,0,49.4,51.60073498757782
4.14,51,426.18,2,Cloudy,Medium,Biryani,4.1,47,15,3,0,77.1,81.68602499362613
2.06,22,322.42,3,Clear,Medium,Pizza,3.9,21,18,1,0,46.1,43.844631590566394
16.28,36,696.82,3,Clear,Medium,Indian,3.8,40,3,0,0,103.9,104.29753972732917
2.8,15,1697.1,6,Rain,Medium,Bakery,4.5,10,15,6,1,47.4,46.62726875121241
2.28,19,1392.17,4,Rain,Low,Fast Food,4.2,23,2,6,1,46.4,36.130032647274916
0.75,27,1230.7,6,Clear,Medium,Chinese,4.3,31,8,4,0,45.5,42.0438073815552
1.38,12,151.75,1,Clear,Medium,Fast Food,3.8,15,1,5,1,25.2,27.50482214568124
0.66,24,528.95,5,Clear,High,Cafe,3.6,20,21,6,1,51.4,52.57376804283346
4.09,28,484.71,2,Storm,High,Indian,4.1,28,13,4,0,78.2,81.67693516847665
6.51,45,515.5,2,Clear,Low,Biryani,4.3,49,6,6,1,75.4,70.24828978300965
0.8,34,415.68,2,Clear,Medium,Pizza,4.6,29,0,5,1,53.5,47.303194713923
2.8,29,643.0,2,Clear,Low,Pizza,4.0,32,0,3,0,48.2,39.69024946333445
1.54,12,1288.15,4,Storm,Low,Cafe,3.5,14,7,6,1,31.9,34.99863071005473
4.29,32,224.75,1,Storm,Medium,Chinese,4.3,31,3,6,1,66.7,73.307065380831
2.86,27,141.99,1,Rain,Low,Biryani,4.4,32,21,0,0,52.9,50.686282724135545
9.59,18,638.63,2,Rain,Low,South Indian,4.5,22,0,6,1,63.4,60.27495373943525
2.98,22,662.26,5,Cloudy,Low,Indian,4.5,23,23,1,0,34.7,40.37528088672289
5.99,18,629.98,2,Rain,Low,South Indian,4.4,20,23,2,0,55.6,52.90915731404591
5.28,19,681.31,4,Clear,Medium,Fast Food,4.2,23,21,1,0,48.9,52.672941720982784
15.14,14,89.59,1,Clear,Low,Healthy,4.0,17,23,6,1,64.7,73.18179926454931
8.05,29,771.42,3,Clear,Low,South Indian,3.9,25,13,5,1,63.9,60.99661445697476
3.09,29,205.29,1,Rain,Medium,South Indian,3.9,30,12,5,1,57.3,61.05147008887294
4.77,41,227.72,1,Cloudy,Medium,Biryani,3.7,46,19,1,0,74.5,74.83329020434542
3.7,34,1156.39,6,Cloudy,High,Indian,4.6,37,21,4,0,70.8,75.06042189612042
3.9,24,667.24,2,Cloudy,High,Pizza,4.1,26,12,6,1,62.0,63.77310280756029
0.77,28,425.63,2,Clear,High,Indian,4.1,29,12,4,0,57.8,54.8245016677606
3.51,35,416.83,2,Clear,High,Biryani,4.2,31,20,5,1,72.0,73.40374107320173
2.75,22,286.46,1,Clear,Medium,Indian,4.0,21,2,6,1,39.4,42.66488002873581
14.75,45,234.48,2,Cloudy,Medium,Biryani,4.5,45,20,5,1,112.4,113.923508385925
6.55,16,678.41,2,Cloudy,Medium,Bakery,4.4,17,18,1,0,61.9,55.464684738498164
1.25,21,1473.99,5,Clear,Low,Pizza,4.1,22,1,0,0,28.6,26.41355078490188
3.53,16,903.5,3,Clear,Low,Healthy,3.9,19,7,5,1,33.7,30.888036451137964
3.14,17,524.18,2,Cloudy,Low,Healthy,4.0,17,0,2,0,39.5,30.829399360447276
1.58,52,840.79,4,Rain,Low,Biryani,4.1,48,0,6,1,63.3,66.54320100248474
0.85,17,161.66,1,Clear,Low,Cafe,4.9,14,20,1,0,27.1,25.297488294956928
4.77,20,333.5,2,Clear,High,South Indian,3.8,24,19,3,0,61.8,62.3945966384053
7.98,29,388.34,3,Rain,Low,Cafe,4.3,24,4,3,0,68.3,66.64623051828586
4.05,36,154.98,1,Cloudy,Medium,Chinese,4.2,35,8,5,1,59.6,64.58969231981189
2.68,36,236.3,1,Rain,High,Indian,4.2,32,14,4,0,84.5,77.89857075603246
1.74,13,360.4,2,Clear,High,Cafe,4.3,17,0,5,1,32.1,40.47397674345787
2.7,18,192.06,1,Cloudy,Low,Cafe,4.4,21,10,6,1,30.4,32.59194590412743
2.54,31,249.8,1,Cloudy,Medium,Indian,4.2,32,21,1,0,58.3,57.20723564937111
4.04,29,495.81,2,Clear,High,Indian,4.0,27,12,3,0,66.4,67.27394560720893
2.38,29,413.07,3,Clear,Medium,Biryani,3.9,33,12,1,0,52.7,50.80065528583452
2.74,38,653.24,2,Cloudy,Medium,Biryani,3.9,33,11,3,0,71.6,62.86641369917085
1.21,20,165.65,1,Clear,Low,Cafe,3.6,20,8,4,0,32.2,27.040051137247715
1.37,27,129.79,1,Clear,Low,Pizza,3.2,29,1,6,1,32.7,33.00150847651176
4.75,25,147.06,1,Clear,High,South Indian,3.9,25,11,6,1,73.8,65.50468587219206
3.39,13,646.84,2,Clear,High,Bakery,4.0,18,12,0,0,49.5,48.89698237435988
7.62,28,172.68,1,Clear,Low,Cafe,3.8,23,17,2,0,60.7,59.506240649880944
12.79,10,1660.08,6,Rain,Low,Bakery,4.5,10,10,1,0,63.7,65.69576652868909
2.5,14,200.9,2,Clear,Medium,Healthy,3.9,16,12,1,0,40.6,36.060286955796215
15.28,18,176.43,2,Clear,Medium,Desserts,4.5,15,21,5,1,95.9,86.76498182323564
4.14,17,1714.35,5,Rain,Medium,Cafe,4.0,18,1,5,1,49.0,50.33219788802467
11.48,34,887.13,4,Rain,Medium,Biryani,4.2,35,11,0,0,102.1,95.34231390842662
6.03,11,267.87,1,Rain,High,Desserts,4.5,15,19,5,1,66.9,65.67014783752415
5.3,14,638.86,4,Storm,Low,Cafe,4.4,11,8,3,0,39.4,50.191752237531524
7.96,12,303.0,1,Clear,Medium,Bakery,3.9,17,11,6,1,53.1,52.93567289290385
1.87,26,340.95,2,Clear,Low,South Indian,4.2,21,9,1,0,32.9,35.33070537381202
3.08,45,128.24,1,Rain,Medium,Biryani,5.0,42,1,6,1,68.5,74.60835078721752
4.84,23,1280.63,6,Cloudy,Medium,Pizza,4.3,20,21,6,1,62.0,57.25315376640248
4.26,46,394.55,4,Clear,High,Biryani,4.4,46,22,6,1,89.5,87.4850024752087
4.14,30,1148.7,4,Clear,Medium,Chinese,3.5,33,6,6,1,58.6,56.606564657715815
5.49,31,665.66,3,Clear,High,Biryani,4.3,31,18,1,0,74.5,75.83346396600547
2.7,29,166.96,1,Clear,High,Chinese,3.2,24,21,4,0,71.1,64.78120795477102
3.0,40,422.95,2,Rain,High,Indian,4.6,37,0,5,1,72.3,79.76201335637083
3.44,29,546.63,2,Storm,Low,South Indian,3.6,27,20,3,0,68.7,61.48996629712347
1.92,36,121.39,1,Cloudy,High,Pizza,3.8,32,1,1,0,61.6,66.29548008656101
4.25,19,187.39,1,Rain,Medium,South Indian,4.7,19,22,4,0,55.4,57.27458926053109
2.4,33,849.33,3,Clear,Low,Indian,3.8,36,15,5,1,47.8,45.768399171452614
4.06,43,918.18,4,Clear,Low,Indian,3.9,40,6,5,1,57.1,59.50333290916646
2.84,17,266.01,2,Clear,High,Cafe,3.8,19,22,2,0,52.2,53.41134007891322
1.14,20,274.71,2,Cloudy,Medium,Healthy,4.5,24,19,0,0,45.1,40.808123956381266
6.41,19,1454.79,6,Rain,Medium,Desserts,4.5,15,21,4,0,61.5,64.6667886573677
4.32,13,1106.28,4,Clear,High,Fast Food,3.9,17,20,2,0,51.0,53.95531479771095
0.96,17,324.15,1,Rain,Low,Cafe,3.6,20,8,1,0,33.0,31.061905810002784
3.85,5,596.82,2,Clear,High,Desserts,4.6,10,20,4,0,43.8,44.32558396502503
10.13,22,915.28,4,Clear,High,Pizza,4.0,27,21,2,0,78.2,83.65189473616017
1.31,23,1253.1,4,Rain,Low,Fast Food,4.0,23,5,1,0,42.4,37.382865921916675
4.61,24,629.38,2,Rain,High,Pizza,3.9,21,20,4,0,76.0,74.05407049679053
5.41,36,311.44,2,Clear,Medium,Biryani,4.3,31,10,3,0,59.4,67.93431031805396
8.14,24,403.31,2,Clear,Medium,Cafe,4.4,21,5,1,0,59.7,64.19804892659043
2.3,33,1398.24,4,Clear,High,Chinese,3.6,33,22,4,0,68.5,67.63470698031722
1.34,10,413.84,2,Cloudy,Medium,Fast Food,4.2,14,11,6,1,32.1,29.586177531968602
14.06,18,1232.93,5,Cloudy,Medium,Cafe,4.2,22,14,6,1,88.3,83.05412699709481
8.15,14,444.72,2,Clear,Low,Healthy,4.2,18,1,0,0,50.3,43.58061877856833
5.82,16,215.11,1,Cloudy,High,Pizza,4.3,20,13,2,0,60.1,62.62694712812547
2.18,35,112.88,1,Clear,High,Indian,4.2,32,22,0,0,67.8,68.9845870430942
1.9,22,232.46,1,Clear,High,South Indian,4.2,21,12,5,1,47.9,52.69333573341462
2.02,48,737.4,5,Rain,Medium,Biryani,3.8,44,15,6,1,72.1,77.240051180665
6.4,15,896.21,4,Cloudy,Medium,Bakery,3.9,19,1,2,0,52.7,50.10769143836592
1.32,17,211.04,2,Clear,High,Fast Food,4.2,14,18,4,0,46.2,46.93186468099886
6.28,18,297.28,1,Cloudy,Medium,South Indian,4.6,15,6,4,0,49.9,53.76380790993212
4.87,29,267.1,1,Cloudy,Low,Chinese,3.6,32,10,3,0,49.7,51.272494108447056
8.8,11,96.8,1,Clear,Medium,Fast Food,4.1,11,21,0,0,52.9,56.968742976384604
3.18,12,885.22,3,Clear,High,Cafe,3.5,10,14,3,0,43.1,47.82566940195355
4.28,17,1151.27,4,Clear,Medium,Cafe,4.3,18,19,2,0,46.3,46.932979771077164
9.14,25,254.48,2,Clear,Medium,Pizza,4.8,24,16,6,1,70.8,71.13977564266435
4.12,18,274.59,1,Clear,Low,Cafe,4.2,22,18,2,0,40.6,37.433673532952184
1.04,31,309.23,1,Clear,High,South Indian,4.5,26,2,2,0,61.0,56.350695617832336
2.32,18,450.93,3,Cloudy,Medium,Cafe,4.0,19,9,1,0,34.8,40.72862620619634
4.26,19,1685.58,5,Clear,Low,Cafe,3.8,19,23,6,1,33.6,40.18989062521568
1.67,15,660.43,3,Clear,Medium,Desserts,3.8,15,19,5,1,36.1,35.75432753386183
4.37,28,159.24,1,Clear,Medium,Healthy,4.0,29,1,5,1,55.2,54.16826040290801
6.5,29,158.55,1,Cloudy,Medium,South Indian,3.9,25,21,1,0,76.1,69.03903972335047
2.92,25,740.84,4,Cloudy,Low,Healthy,4.5,25,7,1,0,36.9,39.58873694532328
2.58,21,106.71,1,Clear,High,Cafe,4.9,22,22,5,1,60.3,56.39498538733599
8.87,36,580.38,3,Clear,Medium,Indian,4.3,37,2,6,1,83.9,78.09704458642483
1.44,18,1252.37,5,Clear,Medium,South Indian,4.6,15,0,1,0,33.2,33.43015577387949
5.13,31,687.77,2,Clear,Medium,Indian,4.2,32,18,5,1,68.4,63.678087420117244
6.69,12,292.71,2,Storm,Low,South Indian,3.8,16,13,3,0,56.3,54.18584114206947
4.86,19,809.07,3,Clear,Medium,Cafe,4.0,15,1,6,1,42.5,46.8919010121182
2.49,13,504.2,2,Clear,High,Healthy,3.3,15,22,5,1,45.4,48.256900895460376
2.17,7,624.42,2,Rain,High,Desserts,4.4,12,2,4,0,37.1,44.27726674839802
2.54,16,447.54,3,Clear,Medium,Cafe,5.0,21,18,2,0,39.3,39.48876652986778
5.91,35,1174.41,4,Clear,High,Biryani,3.7,31,15,0,0,76.5,80.70270662618074
9.18,16,135.86,1,Cloudy,Low,Desserts,3.8,15,9,3,0,47.3,52.99758985669739
4.16,30,387.12,3,Clear,Medium,Pizza,4.3,29,19,5,1,61.4,59.443876102901164
2.71,46,1136.35,4,Rain,Low,Biryani,4.3,49,17,6,1,70.7,68.4025932363533
2.67,24,227.56,1,Cloudy,Low,Pizza,4.7,23,5,2,0,42.9,37.19613081715762
3.51,19,486.61,3,Cloudy,Medium,South Indian,4.0,20,19,0,0,52.5,48.05492095355579
1.78,18,891.48,3,Clear,Low,Cafe,4.1,22,17,3,0,30.9,29.050519874633622
1.03,25,321.89,3,Clear,High,South Indian,3.4,26,11,5,1,49.5,52.50503720472456
3.72,17,550.62,2,Clear,High,Bakery,3.6,13,18,4,0,54.4,55.512640612169434
8.36,14,692.57,2,Cloudy,Medium,Fast Food,4.4,19,17,3,0,54.3,59.540810222759276
10.48,15,691.92,2,Storm,Medium,Cafe,3.6,14,14,4,0,84.2,80.6015495072562
0.95,20,537.12,2,Cloudy,High,Cafe,4.6,20,20,2,0,57.3,51.222379259081386
2.3,37,326.78,2,Clear,High,Indian,4.4,39,22,0,0,69.3,71.40117208561799
2.38,15,570.3,2,Storm,Low,Bakery,4.2,14,17,2,0,40.5,42.96040119483826
5.82,15,228.38,1,Rain,Medium,Fast Food,3.9,17,15,3,0,55.3,57.18515265200017
4.26,17,1743.9,6,Cloudy,Low,Fast Food,4.2,14,19,0,0,41.0,38.895288915306075
4.55,17,802.97,3,Clear,Low,Desserts,4.4,12,3,3,0,30.9,34.370446534611524
5.02,29,258.91,3,Cloudy,Medium,South Indian,4.5,26,6,4,0,66.7,60.355969145312976
3.34,8,603.99,2,Clear,Low,Bakery,3.6,13,2,1,0,18.8,20.95368769634733
1.53,29,499.45,4,Clear,Low,Fast Food,4.0,25,6,4,0,36.4,36.4398055971072
3.25,18,2029.38,6,Clear,Medium,Pizza,3.9,21,21,3,0,35.8,44.81868033146761
3.25,16,426.65,2,Cloudy,Low,Chinese,4.2,21,21,0,0,41.7,34.95787699563721
6.81,21,289.0,1,Clear,High,Cafe,3.9,22,21,3,0,69.1,71.11906794578105
2.36,22,86.97,1,Clear,Low,Indian,4.0,21,8,4,0,34.4,32.93101061285577
3.63,16,934.19,4,Storm,Medium,Cafe,4.0,13,22,3,0,55.3,59.35620530769472
5.23,25,692.12,2,Clear,High,Chinese,4.2,21,14,5,1,62.8,67.91546138062408
7.07,28,227.81,2,Clear,Low,Indian,3.9,26,0,0,0,60.2,53.554397633097906
1.49,20,431.46,2,Storm,Medium,Healthy,4.4,24,12,4,0,51.7,53.54278063250521
0.89,22,758.24,3,Clear,Low,Chinese,3.2,24,17,6,1,24.8,30.02201433479648
6.49,12,159.42,1,Clear,Low,Bakery,4.7,11,17,1,0,32.4,39.25577513137929
1.65,18,1085.14,4,Cloudy,Low,Bakery,3.8,15,0,5,1,35.0,26.558809875353845
2.71,26,1663.43,5,Clear,High,Cafe,4.3,24,12,0,0,58.9,59.64563899672484
11.21,16,312.65,3,Clear,Medium,Cafe,4.4,11,12,1,0,75.1,68.49445826436133
8.45,13,230.09,1,Clear,High,Cafe,4.3,17,21,2,0,71.6,68.77582070862653
5.45,11,515.8,2,Storm,Medium,Fast Food,4.2,15,0,5,1,55.4,55.48385596774965
4.32,51,1332.88,4,Clear,Low,Biryani,4.3,49,17,6,1,63.6,71.12972103515018
9.04,18,144.67,1,Clear,Medium,South Indian,4.0,17,22,3,0,65.9,65.18844575707476
4.65,32,400.68,4,Clear,Medium,Chinese,3.6,33,22,2,0,65.3,63.946676246006845
2.9,41,966.09,5,Cloudy,High,Indian,3.8,36,21,6,1,75.1,79.36676636669961
3.45,18,466.62,5,Cloudy,Medium,Healthy,4.1,15,14,4,0,46.2,45.78934957765976
4.34,9,389.87,4,Clear,High,Fast Food,4.2,14,5,5,1,43.2,46.497431298270214
2.14,15,211.08,2,Rain,Medium,Desserts,3.9,18,18,2,0,38.4,45.05571720822157
1.3,11,87.66,1,Clear,Medium,Desserts,4.6,10,23,0,0,23.5,31.195344591643718
0.57,13,826.34,3,Rain,High,South Indian,3.7,18,20,4,0,47.0,48.87330796290906
1.37,14,274.8,1,Cloudy,High,Cafe,4.3,17,17,2,0,45.1,46.03268074449238
5.42,15,348.97,3,Cloudy,Medium,Bakery,3.8,16,18,5,1,55.1,50.5689989810479
3.28,48,559.14,2,Clear,Medium,Biryani,4.1,48,15,6,1,73.4,73.74477331699119
6.07,29,1101.85,4,Clear,Medium,Indian,4.1,29,7,3,0,50.5,62.44127494251293
0.85,29,132.7,1,Storm,High,Healthy,4.1,27,21,0,0,70.8,73.14907885128011
6.88,15,1741.93,6,Clear,High,Fast Food,4.4,14,5,0,0,56.0,61.39247271329325
3.4,21,130.93,1,Rain,Medium,Cafe,4.4,21,4,2,0,47.4,52.30731243129916
3.84,44,999.87,4,Cloudy,High,Indian,3.9,40,18,1,0,91.2,84.94340616579495
9.58,43,261.58,1,Clear,High,Biryani,4.3,38,16,0,0,93.3,101.7103515485832
5.23,20,530.95,2,Cloudy,Medium,Indian,4.0,21,23,4,0,58.8,56.126229784733624
3.19,32,734.99,3,Rain,Medium,Chinese,4.2,33,6,5,1,62.0,63.085005424263855
0.55,27,1706.19,6,Clear,High,Healthy,4.1,27,10,0,0,53.7,52.619782852860254
9.77,26,140.82,1,Clear,Medium,Cafe,3.9,22,22,1,0,67.7,75.86880240297641
4.41,19,290.29,2,Clear,Low,Fast Food,4.4,15,1,2,0,38.1,35.28839386712697
14.05,18,787.88,4,Cloudy,High,Cafe,4.2,22,19,6,1,94.7,94.9492841726088
4.93,19,174.85,1,Cloudy,Medium,South Indian,4.6,15,22,5,1,58.5,53.68449597875147
3.21,19,702.14,4,Clear,High,Desserts,3.8,19,0,6,1,46.2,51.60582231012146
3.47,15,881.07,3,Rain,High,Desserts,4.0,14,23,5,1,56.6,61.6950317704678
1.69,25,296.58,2,Clear,Medium,South Indian,3.9,20,19,0,0,42.7,45.72974694948657
3.11,10,345.22,1,Clear,High,Desserts,4.1,11,20,0,0,42.5,46.73986968180871
4.88,18,1065.92,4,Clear,High,Bakery,4.4,17,22,6,1,55.6,61.413356284272005
4.68,29,222.71,1,Clear,Low,South Indian,4.0,30,14,0,0,56.3,49.369223573232674
5.72,20,730.73,3,Cloudy,High,Cafe,4.9,22,21,3,0,74.2,68.13699701668756
4.98,27,81.54,1,Clear,Medium,Chinese,4.3,31,1,1,0,58.9,55.20917691247611
4.95,31,1063.12,4,Clear,Medium,Indian,5.0,26,3,4,0,54.7,59.485962654598936
6.44,14,1254.8,4,Cloudy,High,Bakery,3.7,11,21,3,0,66.3,64.6798473254709
1.6,21,339.15,2,Cloudy,Low,South Indian,4.5,22,9,1,0,37.2,31.3168201644395
1.75,22,278.87,3,Clear,High,Cafe,4.4,19,23,5,1,44.6,54.746621475847924
3.24,5,330.76,1,Clear,Low,Desserts,4.5,10,0,6,1,16.3,17.09778964470457
2.15,15,544.16,2,Cloudy,Medium,Desserts,4.8,10,20,2,0,40.5,39.472923716202224
0.83,14,276.04,2,Clear,Medium,Cafe,4.2,16,18,1,0,30.0,31.577018406669893
1.68,19,539.19,3,Clear,High,Chinese,3.6,21,14,0,0,46.0,49.477781371808035
8.38,20,355.78,2,Clear,Low,South Indian,4.2,21,8,4,0,50.8,51.94805873422253
1.11,9,1516.29,5,Cloudy,High,Desserts,4.4,12,13,3,0,37.4,39.12769476480385
2.09,20,120.27,1,Rain,Medium,Fast Food,3.9,17,22,0,0,46.1,50.671686297878125
5.32,10,335.63,1,Clear,Medium,Bakery,3.7,11,22,6,1,46.6,44.22010240415373
5.07,52,602.63,3,Rain,Low,Biryani,4.3,49,17,6,1,74.8,82.64012941641943
4.24,14,301.83,2,Clear,Medium,Desserts,3.8,19,9,0,0,30.0,41.41474920859095
0.5,27,405.51,2,Rain,Medium,Pizza,4.6,29,22,4,0,48.6,52.232636528497366
0.5,26,468.87,2,Clear,Medium,Cafe,4.2,22,18,4,0,41.9,42.50008856238256
1.15,25,348.48,1,Clear,Medium,Healthy,4.1,27,12,5,1,38.2,42.41012253491032
5.65,42,1316.94,4,Clear,Medium,Biryani,3.8,44,20,5,1,71.1,77.22886976621241
13.28,36,1061.71,5,Clear,Medium,Chinese,4.4,33,3,6,1,90.9,93.78394331416388
0.63,18,1682.99,5,Clear,Medium,Chinese,3.6,21,12,5,1,45.6,33.64949577378169
4.08,41,974.72,3,Cloudy,Medium,Biryani,4.4,46,11,5,1,72.9,70.55290541097055
4.26,33,338.22,1,Rain,Medium,South Indian,4.7,29,3,6,1,69.8,67.00422425096569
5.36,40,686.8,4,Clear,Low,Indian,4.3,37,3,4,0,56.5,60.29557671363374
0.53,17,484.27,2,Clear,High,South Indian,4.2,21,11,2,0,46.2,42.64802979300002
3.82,19,170.46,1,Cloudy,Low,Bakery,4.0,18,5,2,0,37.2,36.248539947544806
3.92,23,1045.36,3,Clear,High,Desserts,4.4,18,6,3,0,58.4,59.41447056453661
1.37,24,901.45,3,Cloudy,High,Cafe,5.0,21,7,6,1,47.5,53.71128273039467
5.97,29,431.05,2,Cloudy,Low,Healthy,4.3,27,23,4,0,53.3,58.02771114818782
6.17,9,852.35,3,Rain,Low,Cafe,4.7,12,2,6,1,38.7,39.821708445297034
7.56,18,914.86,4,Cloudy,Low,Healthy,4.1,15,16,6,1,44.3,50.98714738803749
4.93,49,348.39,3,Clear,Medium,Biryani,4.3,49,19,0,0,80.6,81.31421592583354
1.03,41,85.54,1,Rain,High,Biryani,4.3,43,18,0,0,77.0,78.15444583031353
6.17,43,216.16,2,Clear,Low,Biryani,3.8,48,8,5,1,68.4,67.53705518435552
5.23,29,362.01,3,Rain,Medium,Indian,4.1,29,23,5,1,66.6,71.05686165083715
4.68,25,327.88,2,Cloudy,Medium,Healthy,4.4,24,14,6,1,63.0,57.14155491168139
3.52,30,397.59,2,Clear,Low,Biryani,4.6,33,21,5,1,45.9,48.10016126457491
6.44,27,676.42,2,Clear,Medium,Indian,3.7,22,0,1,0,59.5,60.13392765060912
4.09,22,1040.76,3,Clear,High,Chinese,4.2,24,18,1,0,64.2,61.82537004732511
1.69,17,1300.17,6,Clear,High,Desserts,4.4,18,11,3,0,46.3,46.71450784619237
10.37,23,814.11,4,Cloudy,High,South Indian,3.8,24,1,5,1,84.6,82.85405374546205
4.02,32,162.58,2,Cloudy,High,Chinese,4.1,30,19,5,1,75.8,73.7864138924694
2.17,29,532.89,4,Rain,Medium,Pizza,3.2,29,18,4,0,61.7,59.31623892122494
12.37,13,1166.06,4,Clear,Medium,Desserts,4.1,11,19,6,1,65.4,71.21484460107027
2.09,25,293.31,3,Rain,Medium,Indian,3.8,25,21,0,0,58.1,55.57076926980982
3.01,26,211.77,2,Clear,High,Cafe,4.8,23,22,2,0,59.2,62.884249593867594
1.73,23,1320.83,4,Rain,Medium,Indian,3.9,26,18,6,1,49.4,51.74768584126849
3.41,15,561.44,3,Clear,Medium,Healthy,3.3,15,18,4,0,39.3,41.75244715020482
1.03,33,1974.45,6,Cloudy,Low,Chinese,4.1,29,16,0,0,41.4,43.127474144300706
7.01,22,596.19,2,Cloudy,Low,Pizza,4.4,23,23,2,0,48.4,54.5736818065625
6.15,29,261.35,3,Cloudy,High,Pizza,4.1,30,20,3,0,71.6,78.42356446193328
3.45,8,1033.05,6,Clear,Low,Bakery,3.9,10,15,2,0,19.9,24.242393973527044
8.03,14,137.46,1,Rain,Medium,South Indian,4.7,19,19,4,0,76.5,64.82214886235366
2.08,18,510.47,2,Storm,Low,Bakery,3.8,15,8,5,1,47.0,42.91683440914958
3.76,22,380.17,3,Cloudy,High,Fast Food,4.5,17,20,1,0,65.7,62.82260459501181
3.3,33,301.73,2,Cloudy,Low,South Indian,3.9,30,4,3,0,48.1,48.252948464723644
10.71,7,217.67,1,Clear,Medium,Fast Food,4.4,12,22,1,0,58.2,59.87808492892205
2.05,24,178.64,1,Cloudy,Medium,Healthy,4.1,27,18,2,0,49.4,47.86816441619786
1.65,5,199.5,1,Rain,Low,Desserts,4.5,10,18,4,0,33.9,23.56541150003401
3.15,15,342.01,1,Clear,High,South Indian,4.1,17,21,6,1,57.3,52.15952222680337
3.87,15,281.6,1,Rain,High,Fast Food,4.0,12,12,3,0,63.8,60.445089139743864
0.63,34,1158.15,5,Clear,Low,Pizza,3.8,31,3,2,0,34.4,37.769521266428725
3.78,22,949.86,4,Rain,Medium,Healthy,4.4,20,3,5,1,49.2,54.41525949642644
11.1,19,1032.56,3,Cloudy,Low,Cafe,3.5,14,1,6,1,54.9,61.07260839438405
0.6,19,264.06,1,Clear,Medium,Cafe,3.5,14,6,1,0,27.4,33.12186315535213
2.15,15,245.79,1,Clear,Medium,Desserts,4.0,14,8,0,0,34.8,34.837586688115415
5.4,23,285.42,2,Clear,High,Healthy,4.1,27,21,5,1,68.9,68.13555861190761
3.53,34,236.82,1,Clear,Medium,Chinese,4.3,31,13,6,1,57.5,59.94438220103495
2.02,31,216.32,1,Clear,Medium,Chinese,4.0,35,11,3,0,55.5,51.227916021027774
5.88,22,333.04,1,Cloudy,Low,Healthy,4.4,20,10,1,0,44.0,47.66399007796068
0.5,26,505.66,2,Clear,High,Fast Food,3.7,22,7,5,1,47.9,50.64533894137584
1.93,24,491.21,2,Rain,Medium,Chinese,3.9,23,11,6,1,50.7,51.838374805630345
8.37,41,343.08,2,Rain,Medium,Biryani,4.3,43,22,5,1,91.4,94.02834459884352
2.58,12,708.85,4,Clear,Medium,Healthy,3.9,16,3,6,1,26.7,32.33248672104399
4.01,21,164.24,1,Clear,Medium,Cafe,4.2,22,14,1,0,46.5,48.826302847977516
1.46,32,742.65,3,Clear,High,Indian,4.2,36,22,6,1,63.3,63.55757459211375
6.18,15,1213.31,4,Rain,Medium,Bakery,4.0,18,5,6,1,57.6,56.26239847771984
9.76,37,962.19,6,Clear,High,Biryani,3.9,39,22,5,1,97.1,97.78465002628519
1.67,45,332.0,1,Clear,Medium,Biryani,4.2,46,3,5,1,67.8,62.32150699286747
7.23,16,744.73,4,Clear,High,Cafe,4.0,13,18,3,0,66.5,66.83932555358165
0.93,16,479.2,2,Clear,Medium,Desserts,3.8,15,19,3,0,41.3,34.16034902428608
5.31,24,268.22,2,Clear,High,Healthy,4.3,27,13,3,0,67.5,66.95244109683077
5.97,23,222.35,1,Cloudy,Low,Healthy,3.9,19,1,6,1,47.8,47.01798956615639
5.04,38,710.22,3,Cloudy,High,Indian,4.3,37,19,4,0,81.0,83.35386300896202
3.61,33,633.04,2,Clear,High,Biryani,3.9,33,12,3,0,70.9,69.97853877393892
2.79,30,261.5,3,Cloudy,Low,Pizza,4.1,25,0,5,1,49.0,42.53741548666511
4.4,50,373.54,2,Clear,High,Biryani,3.8,48,12,1,0,84.2,89.75371172653416
3.15,24,193.25,2,Clear,Low,Indian,4.0,20,23,6,1,26.8,41.12824099036005
4.3,25,449.37,5,Rain,Medium,South Indian,4.6,22,18,1,0,66.4,62.453233924571556
4.62,15,1911.36,6,Storm,Medium,South Indian,4.7,19,21,1,0,51.5,61.41431850824305
2.67,29,533.5,2,Rain,Low,Biryani,4.4,32,7,1,0,53.7,48.839638356963384
9.7,30,684.78,3,Clear,Medium,Indian,4.6,25,19,4,0,84.6,78.82531019511087
2.43,24,661.18,3,Cloudy,Low,Cafe,3.9,22,4,3,0,30.1,36.317273143619204
1.83,13,1983.34,6,Cloudy,High,Desserts,4.5,15,1,2,0,39.3,42.90046897178128
2.01,15,244.05,3,Clear,Medium,Fast Food,4.2,14,8,6,1,27.0,34.24305095465593
3.6,14,262.78,1,Clear,Medium,Desserts,3.8,15,22,2,0,36.6,42.18593535267025
2.63,22,1151.2,6,Clear,Low,South Indian,4.7,19,23,2,0,33.8,37.13664261528318
1.7,31,437.08,2,Rain,Low,South Indian,3.6,27,16,5,1,47.4,49.408638772146624
4.8,18,688.0,3,Rain,Low,South Indian,4.6,15,0,0,0,34.2,43.38120590010823
4.78,19,316.25,1,Clear,Low,Fast Food,5.0,15,14,2,0,46.7,39.50902532507397
2.39,36,315.06,1,Clear,Medium,Biryani,4.4,34,11,5,1,66.9,57.610696243573024
2.7,33,513.18,2,Clear,High,Indian,4.2,29,19,1,0,66.7,68.1377047618885
1.79,10,421.05,4,Cloudy,Medium,Bakery,4.7,11,0,6,1,34.8,28.59802282950877
1.38,24,993.69,4,Cloudy,Medium,Pizza,3.2,29,11,2,0,51.7,43.99500610827366
1.56,22,128.64,1,Rain,Medium,South Indian,4.5,23,22,4,0,54.4,50.88739086880679
6.79,22,464.09,2,Clear,Low,Healthy,4.0,17,18,1,0,51.0,50.75186051204626
4.31,34,391.99,3,Clear,Medium,South Indian,4.3,30,18,6,1,64.3,63.71059372719151
4.21,12,690.25,2,Clear,Medium,Cafe,4.7,12,16,6,1,32.8,40.964628936106564
6.63,29,290.08,1,Rain,Low,Chinese,4.6,34,22,6,1,71.7,66.04925362498528
9.56,24,950.64,6,Clear,High,Cafe,4.4,21,22,3,0,86.5,83.8683971797669
4.81,24,630.78,4,Clear,Medium,Pizza,3.9,22,11,1,0,62.6,53.88078086900746
3.61,22,2033.94,6,Clear,Medium,South Indian,3.9,20,2,4,0,44.5,45.68743534789654
5.16,19,630.51,3,Clear,High,Cafe,4.2,22,16,0,0,54.4,62.10120256677452
0.67,20,107.18,1,Cloudy,Medium,Cafe,4.4,21,20,6,1,46.8,39.48702968942706
4.8,42,735.08,3,Cloudy,Low,Indian,3.9,40,15,2,0,60.0,65.10753329795264
2.58,30,344.6,1,Clear,High,Indian,4.2,32,19,5,1,66.7,64.76961723597685
2.44,21,281.08,3,Rain,Medium,Healthy,3.9,19,7,1,0,47.8,49.62688731316041
4.48,17,1307.63,6,Clear,Medium,Healthy,4.4,20,21,4,0,45.4,48.0668858167284
9.28,22,539.56,2,Clear,High,Fast Food,3.8,18,18,1,0,67.3,79.85809697803873
4.56,17,338.59,2,Cloudy,Low,Cafe,4.0,15,10,5,1,46.5,38.11548643345412
6.94,13,615.62,2,Cloudy,High,Bakery,3.9,10,22,6,1,63.0,65.636673973304
3.52,34,757.69,4,Clear,Medium,Biryani,4.4,32,19,1,0,58.5,61.33859806054173
6.92,18,108.95,1,Rain,High,Pizza,3.7,20,22,4,0,74.8,76.60143509597128
8.26,25,1294.32,4,Clear,High,Healthy,4.4,21,0,1,0,71.7,75.28947793488008
1.21,16,653.81,2,Cloudy,Low,Desserts,3.7,14,8,6,1,22.5,24.911044817354195
5.61,43,286.71,3,Clear,Medium,Indian,4.3,39,17,5,1,68.4,77.083527173563
4.99,29,300.46,1,Clear,High,Pizza,4.8,24,11,6,1,75.0,70.28473714067374
0.64,21,919.51,4,Rain,Medium,Cafe,4.4,25,18,5,1,43.5,45.89406194339881
4.24,46,208.57,1,Clear,Medium,Biryani,3.8,42,22,2,0,72.8,76.68404707253171
3.28,32,1493.95,6,Clear,Medium,Chinese,4.2,35,19,5,1,64.3,58.466053169885356
2.24,20,221.67,1,Rain,Low,Healthy,4.4,22,15,4,0,39.5,40.065386459167875
1.23,32,198.34,2,Rain,Medium,Indian,3.8,36,19,4,0,57.9,59.20727277110336
2.36,34,854.81,3,Clear,Low,Chinese,4.1,29,23,1,0,42.6,48.40143339879492
5.62,21,615.3,4,Rain,Medium,Fast Food,3.8,18,8,5,1,61.1,60.87497751639219
2.4,10,441.09,2,Rain,High,South Indian,4.2,15,14,2,0,49.4,50.78958532065171
2.72,35,474.2,2,Cloudy,Low,Pizza,4.0,34,6,1,0,47.0,48.712919861104254
4.53,47,595.43,2,Cloudy,Low,Biryani,4.5,45,21,1,0,74.4,70.63490381163089
3.57,53,188.49,2,Cloudy,Medium,Biryani,4.1,48,1,4,0,77.5,78.4773756837155
4.95,26,1658.71,5,Clear,Medium,Healthy,4.1,27,20,3,0,65.5,58.57995464913106
4.21,20,1148.79,5,Rain,Medium,Desserts,3.8,20,22,5,1,53.8,58.283550205790974
1.69,29,651.25,3,Rain,Medium,Indian,4.2,26,22,6,1,66.9,58.446279228581695
5.35,13,1129.69,4,Clear,High,Desserts,4.4,18,18,5,1,55.4,57.16975555917697
0.6,22,302.78,2,Clear,Low,Desserts,3.8,20,23,4,0,23.0,30.216940482922464
1.36,17,408.55,4,Clear,Low,Cafe,4.3,18,6,1,0,22.2,23.927130561188974
12.15,26,331.73,1,Cloudy,Low,Fast Food,3.7,22,8,1,0,75.9,73.08821380641633
9.26,27,218.62,2,Clear,High,Biryani,4.2,31,21,0,0,84.1,85.70494722361548
4.11,16,1794.59,6,Clear,Medium,Bakery,3.7,11,13,0,0,45.2,43.87911779715939
1.47,15,916.67,3,Clear,Medium,Pizza,4.3,20,21,3,0,37.8,35.49356948519461
6.18,9,1404.18,5,Cloudy,Low,Cafe,4.4,11,11,5,1,41.9,35.98733471227775
4.38,37,620.88,2,Storm,Low,Indian,3.8,36,0,0,0,66.9,68.20666126359473
2.86,33,590.35,2,Rain,Medium,Indian,3.8,36,0,0,0,60.2,61.534733928310146
6.78,53,126.24,1,Cloudy,Low,Biryani,3.8,48,6,2,0,77.3,81.16965727045846
6.7,24,264.1,2,Clear,Medium,Healthy,4.3,27,9,3,0,63.0,60.100625782445356
1.71,20,159.81,1,Clear,Low,Fast Food,4.5,17,7,5,1,32.4,28.231246205280982
1.75,31,815.01,5,Rain,Medium,South Indian,3.8,30,13,3,0,63.8,58.56706660970494
5.31,20,658.05,2,Cloudy,High,Desserts,3.5,18,11,3,0,70.2,64.49842316448478
3.54,31,210.64,1,Cloudy,Low,Pizza,4.1,30,0,3,0,48.2,46.21014890311462
7.79,17,601.56,2,Clear,Medium,Fast Food,3.8,18,18,4,0,57.5,58.88809706247339
2.99,17,382.38,3,Clear,Medium,Healthy,4.2,18,11,6,1,45.0,40.56092171732675
6.65,8,467.3,2,Clear,High,Bakery,3.2,11,11,3,0,58.9,55.194449747612715
4.83,16,286.84,3,Clear,High,Desserts,3.6,13,22,5,1,56.0,59.29812002264416
3.4,18,533.11,2,Clear,Medium,Cafe,4.4,14,6,3,0,39.0,41.8448732991232
3.29,25,1012.53,3,Cloudy,High,Indian,3.8,23,20,3,0,63.4,64.48528169558276
5.61,20,557.73,2,Cloudy,Low,Desserts,4.5,15,7,0,0,33.7,43.916880631811054
1.34,50,1560.57,6,Clear,Low,Biryani,4.1,47,5,0,0,50.3,56.875764285515004
9.03,44,171.03,1,Cloudy,High,Biryani,3.8,44,14,1,0,97.3,102.38368841295156
6.36,50,680.73,3,Cloudy,Low,Biryani,3.8,48,16,5,1,75.2,79.02123506696287
1.89,17,695.78,3,Clear,Medium,Fast Food,4.4,13,22,5,1,39.9,39.026872062275416
1.79,27,562.92,2,Clear,Low,Pizza,3.9,32,0,1,0,30.3,34.129908099979374
4.73,38,1056.65,4,Clear,High,Biryani,4.4,34,19,0,0,86.0,80.39590337402464
8.14,28,1670.91,5,Cloudy,Low,Indian,4.6,25,4,5,1,57.7,60.206769474088134
4.9,10,1398.86,5,Clear,High,Fast Food,4.4,13,14,0,0,42.6,51.5092542031297
4.61,28,964.91,4,Clear,Low,Chinese,4.2,24,15,1,0,49.0,48.40838467201809
7.32,45,1073.32,4,Clear,Medium,Biryani,4.2,43,13,6,1,85.2,84.4106198900307
5.66,14,546.59,4,Clear,Medium,Desserts,3.6,16,9,1,0,49.1,46.399656227016806
2.95,25,1402.72,5,Clear,High,South Indian,3.4,25,15,2,0,61.0,60.175627379171324
4.13,22,767.92,6,Clear,Low,Cafe,4.4,21,4,1,0,28.3,38.157315082018194
1.63,18,1173.26,5,Clear,High,Pizza,4.0,22,11,5,1,46.1,47.59764700526089
5.07,21,227.31,1,Rain,Low,Fast Food,4.2,21,11,2,0,48.7,49.88016968858406
0.97,39,813.21,3,Clear,Low,Biryani,3.1,36,23,3,0,43.3,48.83999947096912
10.25,14,1454.8,5,Rain,Medium,Desserts,3.5,18,19,6,1,76.3,72.82395493135044
7.86,39,193.7,1,Clear,Low,Indian,4.3,39,3,1,0,66.7,68.0309560096532
5.44,26,289.2,1,Cloudy,High,South Indian,3.8,24,21,4,0,77.4,73.19509617827036
3.04,24,431.38,3,Clear,High,Indian,4.2,26,20,0,0,57.9,60.507770416555196
3.09,17,514.96,2,Cloudy,Low,Bakery,4.2,13,15,5,1,32.4,33.97285379250879
3.26,27,867.23,6,Clear,High,South Indian,4.3,30,18,0,0,62.1,63.75348676411795
3.49,31,709.73,4,Clear,Low,Healthy,4.1,27,2,6,1,49.3,44.577825712489705
2.14,21,1220.33,5,Clear,Medium,South Indian,4.4,20,8,0,0,41.4,40.74052527162303
5.64,18,472.28,2,Clear,Medium,South Indian,4.5,22,6,4,0,46.4,49.58854383275134
6.64,11,504.65,3,Clear,Low,Fast Food,3.8,15,10,3,0,32.1,37.254611371386225
1.9,32,89.95,1,Storm,Medium,Pizza,4.0,34,19,6,1,68.9,68.6072701039589
7.7,12,465.56,2,Clear,High,Fast Food,3.5,10,9,6,1,56.1,62.319221626339214
2.88,34,1185.49,6,Cloudy,Medium,Indian,3.8,36,7,6,1,48.0,58.28538897569207
2.92,26,758.58,6,Clear,Low,South Indian,4.2,21,7,3,0,41.9,38.53564553314209
2.96,12,508.35,2,Rain,High,Bakery,3.7,11,13,3,0,60.5,54.59492783953595
10.47,17,152.94,1,Cloudy,Medium,Fast Food,4.2,15,21,0,0,65.9,70.78779101967764
3.36,20,669.84,2,Clear,Low,Cafe,4.7,23,5,3,0,31.3,33.759074957050174
1.32,27,1019.2,4,Rain,Low,Pizza,4.1,25,9,0,0,47.6,42.40943447574722
6.92,20,347.08,1,Cloudy,Medium,Desserts,4.3,19,20,6,1,60.4,61.311712763158816
4.09,20,342.38,1,Clear,Medium,Healthy,3.3,15,4,1,0,40.0,45.89976290634762
5.25,36,582.15,2,Clear,High,Indian,4.4,32,18,0,0,77.0,79.8140706883928
2.35,16,287.1,2,Rain,High,South Indian,4.0,17,19,2,0,58.7,57.77871986267206
5.58,27,956.34,3,Cloudy,Low,Pizza,3.7,25,19,5,1,56.5,53.77709128369233
2.3,32,206.26,1,Clear,High,Indian,3.4,31,19,6,1,63.7,65.89138277850624
2.31,32,608.17,3,Clear,High,Biryani,4.4,34,13,2,0,67.0,64.55702238766305
1.96,28,156.43,1,Cloudy,Low,Chinese,4.1,30,17,0,0,41.2,41.56050071425326
4.14,36,227.13,1,Clear,Medium,Indian,4.2,36,14,3,0,66.6,64.2801342253012
5.79,26,392.86,2,Clear,High,Fast Food,3.8,22,18,2,0,76.5,71.65015694430751
8.49,21,612.48,2,Cloudy,Medium,Fast Food,3.7,22,11,6,1,75.3,65.73394337174776
4.9,31,1405.7,6,Cloudy,Medium,South Indian,4.7,29,12,0,0,66.8,63.27565659938007
1.13,30,262.06,1,Clear,Low,Fast Food,4.0,25,11,2,0,38.9,37.19454074666168
7.64,20,492.9,2,Clear,Medium,Bakery,4.4,17,14,0,0,59.2,60.36725123242583
1.79,28,582.59,2,Storm,Medium,Indian,3.5,26,18,5,1,71.3,64.03624487035678
2.12,7,626.94,5,Clear,Medium,Bakery,3.7,11,21,0,0,35.9,29.66458569607092
10.35,17,1352.4,4,Cloudy,Medium,Healthy,4.4,20,18,3,0,66.3,69.93224525049278
1.35,43,626.75,2,Clear,Medium,Indian,4.3,39,12,3,0,70.2,61.06080387469045
4.62,19,634.29,2,Clear,High,Healthy,3.7,23,21,5,1,59.1,61.472990767730614
4.24,21,1181.22,6,Clear,Medium,Cafe,4.6,20,6,3,0,46.0,47.75727879533133
8.03,16,302.05,1,Cloudy,High,Bakery,4.3,12,22,3,0,72.1,72.38019113600527
3.26,19,692.33,2,Clear,Medium,Fast Food,4.2,21,14,5,1,49.0,44.06341789290413
6.75,21,318.29,2,Clear,Low,Desserts,4.4,16,0,6,1,51.8,45.39940988830355
1.36,25,657.31,2,Clear,Medium,Chinese,4.1,29,20,4,0,50.4,44.98064524637472
4.77,39,886.27,5,Clear,Medium,Biryani,3.9,39,14,2,0,65.7,69.6636957150529
4.1,27,722.99,3,Cloudy,High,South Indian,3.9,25,22,3,0,74.3,69.70458751696407
0.93,17,185.15,2,Cloudy,Low,Desserts,4.2,14,8,6,1,16.2,24.824896688824253
7.24,14,928.95,3,Cloudy,High,Bakery,4.3,15,14,5,1,61.9,65.81096936412078
4.81,22,540.62,3,Clear,High,Cafe,4.3,18,1,4,0,61.9,60.460579877477336
4.96,26,731.42,3,Clear,High,Pizza,4.7,23,21,3,0,65.6,69.45883630289337
7.04,32,1683.03,5,Cloudy,High,Chinese,4.3,31,11,0,0,87.1,82.52804777554319
5.63,20,596.11,5,Clear,Low,South Indian,4.0,17,9,0,0,43.7,42.46026661533874
3.02,20,451.73,2,Clear,Medium,Chinese,3.6,21,14,5,1,42.2,44.43095031976751
7.75,12,275.55,3,Cloudy,High,Fast Food,4.2,14,11,1,0,69.8,64.75507836695829
3.32,11,248.16,2,Clear,High,Desserts,3.6,16,18,1,0,49.1,48.08492961280816
0.7,30,333.12,3,Clear,Medium,South Indian,3.9,25,19,5,1,44.2,47.31241578659275
1.97,35,552.15,3,Clear,Low,Pizza,3.8,32,1,3,0,44.5,43.009320459692546
4.63,37,309.45,2,Clear,Low,Indian,4.2,32,20,5,1,62.0,58.631350020375436
3.59,26,995.1,3,Cloudy,High,Indian,4.6,25,22,0,0,73.4,66.85173855841272
11.93,25,316.7,2,Cloudy,Medium,Cafe,5.0,21,10,2,0,80.4,81.51326532723617
3.25,32,1003.92,5,Clear,Low,Pizza,3.8,31,23,5,1,42.6,49.53861172713921
16.68,35,194.89,2,Clear,High,Biryani,3.9,39,14,6,1,116.3,118.21454142547421
1.26,19,97.41,1,Cloudy,Medium,Cafe,4.3,24,5,5,1,29.2,37.122427136957
8.08,16,194.95,2,Cloudy,High,South Indian,4.0,20,18,1,0,68.4,71.64358743635297
2.84,20,434.36,2,Clear,Medium,Cafe,4.2,22,21,1,0,45.8,45.3371741891831
4.42,19,1379.07,5,Clear,Medium,Pizza,4.1,22,20,2,0,49.8,49.61316956654013
2.93,29,1036.64,4,Storm,High,Healthy,4.3,27,22,4,0,82.8,80.71479261784957
5.0,17,331.13,2,Clear,High,South Indian,4.0,17,18,2,0,63.5,59.906660992116514
2.99,6,427.3,2,Cloudy,Low,Desserts,3.8,10,23,6,1,23.3,24.539875402144773
1.48,13,1392.45,4,Clear,Medium,South Indian,4.0,17,19,6,1,38.0,33.09439421625257
5.02,24,403.28,2,Rain,High,Indian,4.0,20,5,2,0,73.4,71.98302804269953
3.44,19,322.32,1,Rain,Medium,Desserts,4.2,14,22,4,0,49.4,54.53123060239485
9.29,20,987.78,3,Clear,Low,South Indian,4.6,22,7,4,0,54.5,54.89235830979223
5.2,30,403.06,2,Rain,Low,Chinese,4.2,35,9,5,1,63.1,59.090828993592446
3.11,17,363.58,3,Rain,Low,Fast Food,4.2,14,23,5,1,43.6,41.73676989449892
4.84,23,1684.41,5,Clear,High,South Indian,4.7,19,21,0,0,70.8,65.97687265497677
1.36,20,196.77,1,Clear,Medium,Cafe,3.8,19,13,0,0,37.1,38.34584512097029
2.4,21,162.48,2,Rain,High,Fast Food,3.8,22,20,4,0,60.9,63.174177695259104
7.79,10,477.13,5,Clear,Medium,Healthy,4.1,15,14,3,0,45.9,51.011016468059005
2.04,18,475.97,2,Clear,High,Desserts,4.4,18,18,5,1,48.1,50.55936151595547
2.94,18,339.75,1,Clear,Medium,Cafe,4.0,18,1,4,0,39.1,39.171019394904924
1.5,22,167.21,2,Rain,Medium,Pizza,4.1,23,9,2,0,36.3,47.74966204424552
4.29,28,1128.31,4,Clear,Medium,Chinese,3.2,24,11,1,0,63.6,56.23412731466637
3.72,21,283.94,3,Clear,High,Cafe,3.9,22,8,5,1,53.3,57.28292263488271
4.17,13,397.01,2,Cloudy,Medium,Bakery,4.5,10,8,2,0,40.6,41.7909713697109
4.91,18,831.51,6,Cloudy,High,Healthy,3.9,16,21,1,0,61.9,63.30660972548312
5.83,23,721.72,6,Clear,Low,Cafe,4.3,18,16,5,1,42.4,47.8963891944679
6.24,25,661.79,3,Clear,Low,South Indian,4.3,30,3,0,0,50.6,48.27128926310539
2.58,14,627.23,2,Cloudy,Medium,Desserts,4.6,10,7,5,1,33.4,37.05299614025695
1.22,20,404.61,2,Clear,Medium,Pizza,3.4,25,12,3,0,30.5,37.66273454540534
2.39,24,330.27,3,Clear,Low,Indian,5.0,26,18,2,0,39.3,37.16761657432566
4.11,13,1399.9,4,Rain,Medium,Cafe,4.4,11,12,3,0,54.8,48.660423322835854
1.55,31,562.94,2,Cloudy,Medium,Healthy,3.9,29,14,5,1,57.9,52.26558113770126
10.32,25,140.3,1,Rain,Medium,Indian,3.8,23,20,6,1,86.2,84.25003388260804
4.29,12,292.51,1,Clear,Medium,Cafe,4.4,11,0,3,0,30.1,37.57653726133563
0.5,35,204.74,1,Clear,High,Indian,4.1,39,21,1,0,67.9,62.931299983023806
2.43,22,187.63,2,Clear,Low,Healthy,4.4,22,1,0,0,35.3,31.511525572812467
4.45,26,343.95,2,Clear,Low,Pizza,3.4,25,0,1,0,49.5,42.46777021812194
6.7,31,697.98,2,Clear,High,Indian,3.8,29,19,1,0,82.3,80.21488528419562
6.91,15,1169.34,5,Cloudy,Low,Bakery,3.6,13,3,4,0,37.0,42.68391253402751
3.83,14,170.15,1,Clear,High,Fast Food,4.1,11,21,5,1,53.8,53.42146346399027
3.29,20,671.93,2,Clear,Low,Chinese,4.2,24,4,2,0,37.3,33.29477778768395
6.06,29,717.86,3,Clear,Medium,Biryani,5.0,32,22,1,0,70.7,65.86205081637752
2.16,16,422.74,2,Rain,High,Bakery,4.2,14,4,1,0,53.3,53.63756552159407
8.15,10,88.07,1,Clear,Medium,Desserts,4.0,14,11,4,0,56.8,51.585403135256314
1.03,25,1683.08,5,Clear,Medium,Cafe,4.2,22,20,0,0,48.1,43.80134281559639
1.21,23,1194.21,5,Cloudy,Medium,Cafe,4.8,23,16,1,0,31.4,43.37952126983461
4.77,25,673.76,2,Cloudy,Medium,Indian,4.0,20,2,5,1,52.8,54.70017852187688
3.54,31,166.79,1,Rain,Medium,Indian,4.3,36,7,2,0,62.7,63.46958139150401
1.39,38,593.64,2,Rain,Medium,Biryani,3.1,36,22,0,0,69.8,66.68571994955835
6.18,24,640.99,2,Clear,High,Fast Food,4.0,25,18,3,0,75.9,71.03720516082996
5.13,17,328.25,1,Clear,Medium,South Indian,4.2,21,22,5,1,50.6,50.505001987995385
3.74,29,780.93,5,Cloudy,Medium,Pizza,4.0,27,23,1,0,51.6,59.84662944391992
5.22,22,116.5,1,Cloudy,High,Pizza,4.1,23,14,5,1,71.5,66.80215307120982
0.97,6,155.46,1,Cloudy,High,Cafe,3.5,10,22,4,0,38.1,37.878619522316846
7.55,41,190.48,2,Rain,Low,Biryani,4.8,37,3,4,0,81.0,76.9907523146389
0.56,46,285.98,1,Clear,Low,Biryani,3.5,45,19,6,1,53.4,53.47981061060281
2.66,19,1035.69,3,Clear,High,South Indian,4.4,20,13,2,0,54.7,52.56436541254205
4.88,8,94.17,1,Clear,Low,Bakery,4.2,13,9,2,0,34.8,27.864795848094296
11.07,34,1098.25,4,Clear,Low,Pizza,4.0,35,0,2,0,80.5,73.64770387551604
4.54,36,502.96,2,Rain,Medium,Biryani,4.6,33,18,5,1,73.7,74.63963413757293
13.77,34,232.3,1,Cloudy,High,Pizza,3.8,29,22,1,0,104.9,110.61104997107276
3.94,10,845.74,5,Cloudy,Low,Bakery,4.7,11,6,5,1,22.7,27.785509160852108
6.63,17,311.45,1,Cloudy,Low,South Indian,4.0,20,5,2,0,42.7,44.10712011487344
2.05,20,250.43,1,Clear,High,Healthy,4.4,20,23,1,0,43.0,53.7804398868273
2.13,44,292.72,2,Cloudy,High,Biryani,4.3,43,11,1,0,75.2,77.45300419808872
6.99,33,498.48,3,Rain,Medium,Chinese,3.5,33,22,6,1,79.5,81.14615870734562
9.32,26,476.38,2,Cloudy,Medium,Biryani,4.3,31,11,2,0,78.3,73.82525425377688
2.41,25,831.48,4,Rain,High,Pizza,4.6,29,4,2,0,58.3,63.565928184865804
4.31,20,724.1,3,Rain,Low,Indian,4.0,21,2,5,1,40.8,44.31953286274074
9.05,5,627.93,5,Storm,Low,Desserts,4.5,10,7,2,0,47.8,53.954869681274566
2.29,21,861.46,3,Clear,High,Chinese,4.2,23,22,6,1,56.1,55.47025754833472
3.96,16,447.21,5,Rain,Medium,Bakery,3.2,11,18,0,0,52.8,52.39524612697326
3.69,19,863.93,5,Clear,High,South Indian,4.4,20,17,4,0,53.2,57.063539241037304
4.17,26,89.06,1,Clear,Medium,Indian,4.0,21,20,6,1,54.9,55.74654415557099
7.48,16,395.67,2,Cloudy,Low,Desserts,4.4,18,12,0,0,45.6,47.622478594111534
8.07,22,619.85,2,Cloudy,Medium,Indian,4.0,27,14,1,0,69.5,65.99281711477315
4.41,27,658.6,4,Clear,Medium,Indian,4.1,29,19,3,0,65.6,57.340665782354876
2.48,14,650.12,3,Cloudy,High,Healthy,3.9,16,22,0,0,46.5,51.055611505328926
0.67,44,368.05,2,Clear,Low,Biryani,3.8,42,12,1,0,52.1,50.14821087818685
5.11,30,660.79,2,Cloudy,Medium,Chinese,3.5,33,13,6,1,63.2,63.572122815858805
3.85,21,519.42,3,Clear,Low,South Indian,3.9,20,5,2,0,33.8,36.395019074892005
1.79,30,343.75,1,Cloudy,Medium,Chinese,3.5,33,20,0,0,57.0,53.47649411792166
1.25,17,459.28,2,Clear,High,Desserts,4.6,19,11,0,0,48.0,45.11354677160814
1.49,17,163.0,1,Cloudy,Low,Fast Food,4.4,13,23,2,0,28.6,30.073959567543824
6.46,26,1011.68,6,Rain,Medium,Indian,3.7,22,18,3,0,65.5,71.23701562807065
6.98,29,497.55,2,Rain,High,Pizza,4.2,24,13,2,0,95.8,85.67893825624641
1.34,19,697.07,2,Cloudy,Low,Cafe,3.3,21,7,1,0,28.8,28.256429063689687
3.13,21,270.78,1,Rain,High,South Indian,4.5,22,20,2,0,66.4,65.70951380843859
6.91,20,298.34,2,Cloudy,High,Chinese,4.2,23,22,6,1,73.3,72.58802980907535
2.34,15,218.08,1,Clear,Medium,Desserts,4.4,18,22,2,0,32.7,38.70168600787352
3.99,24,433.15,2,Cloudy,Medium,Pizza,4.4,23,1,5,1,49.4,50.679796864198
3.64,16,317.59,3,Storm,Medium,Bakery,3.4,16,1,6,1,45.4,54.52931704876271
3.87,30,639.05,2,Cloudy,High,Indian,4.4,32,20,2,0,70.4,71.4414650052038
0.91,16,649.55,2,Rain,Medium,Healthy,4.3,16,18,6,1,42.9,41.83182236983652
5.7,25,839.16,4,Clear,Low,South Indian,4.5,26,3,4,0,50.8,46.39503346149452
2.88,19,367.68,3,Clear,Low,Cafe,4.2,22,10,5,1,28.2,32.24596929810993
4.29,10,298.83,1,Rain,High,Fast Food,4.4,12,12,3,0,63.5,56.866953703428166
4.4,15,535.56,3,Cloudy,High,Bakery,4.4,20,20,1,0,63.3,58.174200567628
6.13,25,310.39,1,Cloudy,Low,South Indian,4.3,30,15,4,0,44.7,52.6716317250394
3.55,8,541.25,2,Clear,High,Bakery,3.9,10,18,0,0,53.0,45.81034490951843
4.87,13,840.67,3,Rain,High,Desserts,3.8,10,12,6,1,60.4,62.10028014915031
4.24,14,577.29,2,Cloudy,Medium,Desserts,4.3,19,6,5,1,39.1,42.70286571955093
4.78,27,398.4,3,Cloudy,Medium,Chinese,4.3,23,4,0,0,51.8,57.107917450965765
2.58,6,315.49,1,Rain,Medium,Cafe,4.4,11,18,3,0,38.7,37.644970646827645
3.06,13,146.4,1,Clear,Medium,Cafe,4.9,14,20,3,0,37.4,38.78654751032967
0.95,14,1395.13,4,Clear,Medium,Bakery,4.2,13,22,6,1,40.1,32.88860363105724
0.88,9,773.38,5,Clear,Medium,Cafe,4.3,12,18,4,0,29.4,26.754323169046273
5.4,10,1202.22,4,Rain,Low,Desserts,4.6,12,17,5,1,34.0,41.480939276361944
6.59,13,649.09,4,Cloudy,Medium,Healthy,3.9,16,21,1,0,54.8,53.41301045317513
6.06,32,124.14,1,Clear,Medium,Indian,4.3,36,2,5,1,68.4,64.23879295037302
5.87,25,1542.66,5,Clear,High,South Indian,4.4,20,16,6,1,61.2,70.53282882155757
2.78,37,299.03,2,Cloudy,Medium,Biryani,4.4,34,17,3,0,61.0,63.290315793236765
5.35,24,1328.78,4,Clear,Medium,Pizza,4.8,24,7,0,0,59.5,54.7910888697683
1.42,17,602.47,4,Clear,Medium,Desserts,4.4,18,20,5,1,36.6,37.01529442533909
4.78,22,554.43,2,Rain,High,Cafe,4.4,25,2,6,1,64.0,68.55058950544512
2.25,29,580.98,2,Clear,Low,Pizza,3.8,31,2,2,0,38.4,38.22481271917562
4.75,15,652.23,2,Clear,Low,Cafe,4.3,17,4,1,0,33.4,33.39917322519602
4.19,19,306.92,3,Clear,Medium,Chinese,3.6,24,19,2,0,54.5,48.631841383183925
6.31,14,1374.98,4,Clear,Medium,South Indian,4.0,17,17,3,0,50.8,50.528866786437625
9.47,8,249.15,2,Clear,Medium,Bakery,3.6,10,13,3,0,59.7,54.65261766993578
4.69,28,611.29,2,Cloudy,Medium,South Indian,3.4,25,18,5,1,65.3,61.13232508620678
4.95,35,970.07,3,Clear,Medium,Indian,4.1,39,18,0,0,64.0,67.03763137224898
3.35,22,345.1,2,Cloudy,Medium,Cafe,4.8,23,19,0,0,52.6,50.53370147105936
3.31,29,563.32,2,Clear,Medium,Biryani,4.4,32,8,6,1,54.1,53.15616010518615
7.29,29,697.2,3,Clear,High,Indian,4.0,27,10,1,0,79.7,78.16568777041252
8.13,12,520.43,4,Clear,High,Bakery,3.2,11,22,0,0,71.4,66.8190293565744
0.75,27,430.58,2,Clear,Medium,Pizza,4.0,22,20,0,0,41.0,44.719016112457766
7.12,46,917.27,3,Clear,High,Biryani,5.0,42,22,6,1,100.5,97.47521455691793
12.21,6,181.63,2,Clear,Medium,Fast Food,4.3,10,21,1,0,60.4,63.88546136625231
3.68,15,494.13,5,Clear,High,Desserts,4.3,19,11,4,0,48.4,51.66567786374505
2.01,14,1057.35,4,Clear,Medium,South Indian,3.7,18,20,6,1,27.3,36.192818969337864
4.28,28,242.88,2,Clear,Medium,Pizza,4.0,29,18,4,0,54.8,57.69007786813471
2.05,20,818.76,4,Cloudy,High,Healthy,4.0,17,20,1,0,58.0,55.0896980412018
1.34,40,550.77,2,Clear,Medium,Biryani,4.2,43,22,4,0,57.4,60.51995522160233
1.0,36,542.28,2,Clear,High,Indian,4.4,32,22,5,1,66.6,65.89375370790103
16.86,21,306.08,2,Clear,High,Cafe,3.8,23,19,5,1,108.6,105.86228513368462
1.68,38,96.91,1,Rain,Medium,Biryani,4.0,43,7,4,0,63.9,64.20619545732958
10.94,19,537.32,4,Clear,Medium,Fast Food,4.4,19,5,5,1,67.3,68.81133663472666
1.26,36,285.59,1,Clear,Medium,Chinese,4.1,35,13,6,1,59.1,54.03767340024081
5.5,33,894.61,5,Clear,Low,Pizza,4.3,32,9,6,1,50.7,55.152936396514505
8.68,48,666.35,2,Clear,Medium,Biryani,4.3,43,11,1,0,98.2,91.65544146888095
2.14,11,584.34,2,Clear,High,Desserts,3.8,15,21,4,0,44.8,44.68419046426181
9.66,21,547.63,3,Clear,Low,Pizza,4.0,24,19,5,1,61.3,60.02391990366732
5.47,12,814.97,6,Clear,Low,Fast Food,4.2,15,0,1,0,28.1,31.750079076750072
1.12,15,438.83,2,Clear,Medium,Fast Food,4.2,14,8,0,0,23.7,31.097426725961284
5.41,10,840.63,4,Clear,Medium,Fast Food,4.7,14,12,5,1,44.6,42.021144106994754
2.77,11,565.0,4,Storm,High,Desserts,4.6,10,19,2,0,63.9,61.234435124652144
7.12,13,301.2,1,Clear,Medium,Desserts,4.4,16,14,0,0,54.1,51.57960691230669
7.54,30,621.34,2,Clear,High,Indian,4.2,32,12,1,0,84.1,80.50415352348443
5.18,34,328.55,1,Clear,Medium,Indian,3.8,33,7,3,0,60.1,64.3684018297092
0.88,9,547.97,2,Clear,High,Bakery,4.2,14,19,3,0,32.6,37.708234663835725
1.91,18,1583.76,5,Clear,High,Healthy,3.7,23,8,2,0,45.9,48.00332759391813
0.77,30,92.66,1,Clear,High,Biryani,4.4,34,22,0,0,56.5,59.192927180512626
1.08,21,250.91,2,Rain,High,Cafe,3.8,19,18,6,1,69.5,58.29130663658583
9.17,27,850.8,3,Clear,High,Pizza,4.7,23,19,0,0,92.4,84.71051533011149
2.82,21,1207.2,4,Clear,Low,South Indian,3.9,20,11,5,1,39.2,34.22396810822917
7.5,22,531.08,2,Clear,High,South Indian,4.6,22,3,3,0,68.6,70.193936057933
2.56,26,204.71,2,Clear,Medium,Cafe,3.8,23,0,0,0,50.2,45.56135275222298
3.42,21,1179.23,4,Clear,Low,Indian,4.5,23,15,5,1,34.2,37.21696230983557
6.94,19,154.38,1,Clear,High,South Indian,4.2,20,20,3,0,62.7,69.16283898203756
7.17,22,433.16,2,Clear,Medium,Bakery,4.4,17,21,3,0,64.3,62.36465193680334
3.95,23,1159.4,4,Clear,Low,Healthy,4.5,24,5,4,0,41.3,38.84909910106311
3.52,26,547.87,2,Clear,Medium,Pizza,4.4,23,8,5,1,46.5,50.68190338303303
3.78,19,844.1,4,Cloudy,High,Desserts,4.9,16,18,1,0,62.5,59.50373511700042
3.06,37,485.9,2,Clear,High,Biryani,3.1,36,14,5,1,80.1,72.6172287252583
2.43,14,359.63,2,Clear,Medium,Desserts,4.5,15,7,2,0,28.8,34.547452465174736
14.84,15,929.73,4,Cloudy,Low,Healthy,3.3,15,18,5,1,75.3,74.03265986641408
3.63,19,230.83,1,Clear,High,Healthy,4.4,24,11,0,0,49.7,55.56045340262368
6.29,27,2039.39,6,Clear,High,South Indian,4.5,22,21,3,0,70.6,75.14552608946016
9.38,20,556.3,2,Rain,High,Pizza,4.0,24,18,3,0,86.1,86.27844354109584
5.22,36,685.22,2,Cloudy,Low,Pizza,4.3,32,7,4,0,57.1,58.71445638109318
3.25,20,636.65,3,Cloudy,Low,South Indian,4.2,20,1,5,1,39.8,34.33539130767919
2.07,35,1258.34,4,Cloudy,Medium,Biryani,4.8,37,14,6,1,66.3,58.139351580670656
6.58,25,645.03,2,Rain,Low,Chinese,3.2,24,10,0,0,51.5,59.216267155282715
5.88,18,212.27,1,Rain,Low,Pizza,4.3,20,3,5,1,49.7,48.00367045914775
3.66,35,178.99,1,Clear,Medium,Indian,3.4,31,8,4,0,56.1,60.32072286033483
6.47,18,693.27,2,Rain,Low,Pizza,4.7,23,15,0,0,59.5,52.75068595394586
7.75,20,735.01,4,Rain,Medium,South Indian,4.0,17,21,4,0,68.4,70.37433063750133
1.9,43,404.8,3,Clear,Medium,Indian,4.3,39,13,0,0,70.0,63.132814840407846
3.57,30,1295.35,4,Cloudy,Low,Healthy,4.7,26,2,5,1,40.4,45.77919148723118
1.09,11,589.87,2,Clear,Medium,Desserts,3.8,15,19,3,0,35.3,29.731478090470944
3.07,32,799.67,4,Clear,Low,South Indian,3.8,28,3,0,0,52.6,44.21739264922074
1.98,42,161.93,1,Cloudy,High,Biryani,4.4,46,21,6,1,79.9,77.2772458567969
6.62,17,479.43,2,Clear,High,Cafe,4.9,14,20,5,1,72.0,66.07135684025089
4.95,10,605.93,2,Clear,High,Bakery,4.3,12,22,6,1,52.2,53.6561449400535
8.56,21,806.59,3,Cloudy,High,Pizza,4.0,22,18,4,0,80.8,78.45480784300719
7.37,25,532.54,3,Clear,Low,Fast Food,4.3,24,2,3,0,54.0,51.94255513456932
6.25,23,674.31,2,Clear,High,Fast Food,4.2,23,13,0,0,57.0,69.06214077941034
7.98,45,836.4,4,Rain,Medium,Biryani,3.5,45,15,3,0,88.0,95.1637507443459
3.53,23,190.43,2,Clear,Medium,Healthy,4.4,20,10,3,0,35.3,48.18465629325193
1.77,29,810.78,6,Clear,Low,Chinese,3.2,24,10,5,1,41.3,38.42760417947531
2.74,13,309.28,1,Clear,Medium,Cafe,4.3,12,19,2,0,42.1,37.50666674213141
5.92,19,146.21,1,Cloudy,Medium,Indian,4.5,23,2,6,1,57.2,52.66378222885739
3.37,40,326.21,2,Clear,High,Chinese,4.1,35,18,4,0,79.6,77.35257561993569
1.21,17,310.48,3,Storm,Medium,Desserts,4.4,12,22,5,1,50.1,51.706406866495605
5.45,18,372.76,4,Rain,High,South Indian,4.0,20,2,4,0,61.9,66.74536317914847
9.58,16,331.93,1,Rain,Low,Healthy,4.3,16,19,6,1,66.0,62.6979332148058
5.61,33,414.72,2,Clear,Medium,Indian,3.6,31,11,4,0,73.2,65.81294722546944
5.44,17,321.81,1,Clear,Medium,South Indian,4.6,22,0,6,1,43.5,46.51305758206375
3.21,25,226.46,1,Clear,High,Pizza,4.0,29,21,4,0,64.3,62.45219824643284
6.34,11,623.0,2,Rain,Low,Bakery,3.9,10,1,2,0,45.4,42.12505065086267
5.26,22,146.7,1,Clear,Medium,Indian,5.0,26,18,3,0,45.3,54.978138694781904
7.58,35,601.42,3,Rain,High,Biryani,3.9,33,21,0,0,97.7,95.80553759649762
2.02,48,185.02,1,Rain,High,Biryani,4.2,46,21,5,1,90.1,89.39025304865561
7.21,34,811.95,3,Rain,Medium,Pizza,4.0,35,20,2,0,85.3,82.35646139686432
13.27,40,305.43,1,Rain,High,Indian,4.0,40,18,5,1,121.4,119.95418448301444
2.07,23,1441.51,5,Cloudy,Medium,Chinese,4.2,23,12,6,1,42.9,45.58070468052032
6.63,47,225.39,1,Cloudy,Low,Biryani,4.3,49,1,5,1,82.3,73.46789433161646
1.64,27,940.36,4,Rain,Low,Chinese,4.1,27,0,0,0,42.0,41.50185014998779
2.17,35,343.17,1,Clear,Medium,Indian,3.8,36,23,5,1,49.3,58.51233347776344
7.08,26,258.24,2,Rain,Medium,Pizza,4.1,25,20,6,1,79.4,73.86357773071047
4.21,35,1021.36,3,Clear,Low,Biryani,4.4,34,7,4,0,58.2,52.37790587646195
0.93,12,617.6,2,Cloudy,High,Fast Food,3.9,17,22,6,1,39.4,43.540887443785
2.7,40,1182.79,6,Clear,High,Indian,3.8,40,3,5,1,69.4,71.5717772483717
5.83,28,290.34,1,Cloudy,Medium,Indian,4.6,28,19,0,0,69.4,65.19503963130627
2.95,35,689.53,2,Cloudy,Low,Pizza,3.8,32,3,3,0,48.7,48.89789325937019
0.86,33,1151.74,5,Clear,Low,Biryani,4.2,31,4,5,1,35.6,37.93669429062291
5.6,31,609.64,4,Clear,Medium,Biryani,4.3,35,22,4,0,66.6,66.36647559456559
1.58,24,179.7,2,Storm,High,Pizza,3.9,21,19,5,1,67.0,70.23237248651839
2.26,24,109.92,1,Clear,Medium,South Indian,4.2,21,18,0,0,54.2,46.46536935413015
6.56,29,332.36,1,Storm,High,Fast Food,4.7,24,12,0,0,98.3,90.84026896668455
3.77,12,161.69,1,Cloudy,High,Bakery,3.6,13,12,4,0,58.1,51.26571553425918
0.95,12,257.76,1,Clear,Medium,South Indian,3.8,16,18,2,0,34.5,29.9572223069081
4.45,27,672.28,4,Clear,Medium,Healthy,3.7,23,0,0,0,53.9,53.17170131440682
8.69,31,265.3,2,Clear,Low,Indian,4.1,29,3,5,1,65.9,62.95337838146576
1.31,16,601.05,2,Clear,Medium,South Indian,4.0,17,2,2,0,26.9,31.536433739805055
6.92,16,418.2,3,Clear,Low,Cafe,4.9,14,10,1,0,36.3,43.24618574099378
2.27,19,601.19,3,Rain,Medium,Cafe,4.4,21,13,4,0,53.4,48.443998674453724
4.99,24,873.79,3,Clear,Medium,Pizza,3.2,29,6,4,0,50.7,53.56483487084991
1.06,19,1757.29,6,Clear,Medium,Desserts,4.0,14,12,0,0,34.7,35.96758438944096
4.76,23,456.02,2,Clear,High,Fast Food,3.7,22,21,3,0,64.0,65.76450792681851
5.23,13,134.27,1,Clear,Low,South Indian,3.8,16,7,0,0,35.9,33.6646015356894
1.49,50,461.04,2,Rain,Medium,Biryani,3.8,48,18,4,0,80.4,78.11438167786267
10.79,21,938.89,3,Cloudy,High,Fast Food,3.7,22,18,3,0,86.4,86.18369791632564
4.86,10,445.86,2,Cloudy,Medium,Desserts,3.6,13,18,1,0,43.3,43.648937305192
2.88,21,977.56,4,Clear,High,Healthy,4.0,16,11,4,0,60.6,55.02163857279973
12.74,15,282.1,2,Rain,Medium,Cafe,3.8,19,20,6,1,77.3,82.7874549585053
0.6,51,545.66,5,Clear,Medium,Biryani,4.3,49,12,0,0,69.8,66.5215619495624
18.43,14,339.49,1,Clear,Low,Fast Food,4.4,15,1,3,0,89.3,79.42988818622416
5.0,22,1137.2,4,Cloudy,Medium,South Indian,4.4,20,14,1,0,56.6,55.12575281750895
2.07,13,111.35,1,Cloudy,Low,Desserts,4.6,10,0,1,0,22.1,22.881766664389815
5.48,29,589.02,4,Cloudy,Low,Healthy,4.5,25,18,0,0,57.4,55.04735653691577
4.63,17,151.51,1,Clear,Medium,Cafe,3.9,22,16,6,1,44.6,47.54548839179847
5.58,30,902.62,4,Storm,Medium,Pizza,4.1,26,13,2,0,78.1,78.0548494824395
2.01,30,546.09,2,Clear,High,South Indian,3.9,30,3,2,0,61.6,59.069332139425896
4.39,14,1048.82,3,Rain,Low,Desserts,4.4,12,6,4,0,45.1,39.461940570681875
9.14,12,291.22,2,Rain,Low,Bakery,3.8,16,2,6,1,52.3,53.20099771348954
1.39,21,402.45,2,Clear,Low,Cafe,4.3,24,9,6,1,25.8,28.82954342522501
3.18,27,908.31,3,Cloudy,High,Indian,4.0,27,18,2,0,62.2,65.60511725281228
4.35,30,412.65,2,Clear,Low,South Indian,3.8,27,5,2,0,45.8,47.19165192692521
3.0,43,1069.32,5,Clear,Low,Biryani,3.8,48,9,6,1,60.3,56.6931666250074
6.38,45,260.69,2,Clear,Low,Biryani,4.3,49,1,3,0,74.8,68.6035915944646
1.18,44,1061.1,4,Storm,Low,Biryani,5.0,42,7,4,0,74.4,65.69145729115914
3.79,40,589.89,2,Clear,High,Biryani,4.3,43,11,1,0,82.9,77.32733724556672
1.54,18,861.76,3,Rain,Low,South Indian,4.5,23,22,4,0,35.8,37.12204546185189
8.37,6,365.65,2,Clear,Low,Desserts,4.5,10,10,5,1,39.7,38.324880058301446
0.8,30,481.44,2,Clear,High,Chinese,4.1,30,20,3,0,58.4,58.79419036611029
2.95,12,550.69,2,Clear,High,Bakery,3.2,11,20,2,0,46.2,48.2909367524956
1.52,36,410.52,3,Clear,High,Chinese,3.5,31,23,1,0,53.7,68.02758834457919
1.45,28,524.82,5,Cloudy,High,Indian,3.9,26,19,1,0,65.2,60.69695074034561
13.32,21,881.47,3,Storm,Low,Desserts,3.6,16,9,6,1,82.0,85.59882335925411
3.83,19,571.91,3,Cloudy,High,Cafe,4.6,20,22,2,0,55.8,60.750666191800725
1.71,28,241.72,1,Rain,High,Indian,4.7,23,22,5,1,71.4,68.23369053145987
3.84,24,578.19,3,Cloudy,Medium,Pizza,3.4,25,8,3,0,47.0,51.88183311207369
1.08,14,778.1,4,Rain,Medium,Cafe,4.7,12,17,6,1,32.7,40.126507739635805
7.23,19,1035.98,3,Clear,High,Desserts,4.4,18,14,2,0,70.0,68.82624614502622
1.67,16,478.29,2,Clear,Medium,Cafe,4.0,15,6,5,1,32.2,33.84321528149832
4.81,6,199.2,2,Rain,Medium,Bakery,4.5,10,9,2,0,41.5,43.20742313867568
3.97,37,329.95,2,Clear,High,Indian,4.2,36,22,6,1,73.3,77.33116577629636
4.34,22,122.93,1,Cloudy,High,Indian,3.8,23,14,3,0,68.6,63.75059345554666
6.04,20,404.63,2,Clear,High,Healthy,4.4,24,11,1,0,66.3,65.01053091095397
6.98,26,2050.27,6,Rain,Low,Indian,3.8,29,3,0,0,62.9,59.95620200397879
10.24,16,814.38,3,Clear,High,Bakery,4.0,12,19,4,0,81.7,77.52446215205596
0.73,26,484.57,2,Clear,Low,South Indian,4.3,27,10,2,0,28.8,31.602301511446836
7.27,17,201.47,2,Clear,High,Healthy,4.4,20,12,4,0,67.1,66.56124305435618
6.4,26,97.27,1,Cloudy,Low,Chinese,3.2,24,22,0,0,55.4,56.34787124203879
4.13,24,924.68,3,Clear,Low,South Indian,4.2,21,7,4,0,47.4,40.86271992347915
2.22,22,950.9,5,Cloudy,Medium,Cafe,4.0,19,19,5,1,46.1,46.70931712566475
5.95,50,359.39,4,Clear,Medium,Biryani,3.8,48,20,6,1,84.0,86.22322506127117
6.98,18,340.18,1,Rain,Low,Pizza,4.7,23,13,4,0,53.6,54.12676459735614
4.81,27,1648.55,5,Clear,Low,Biryani,3.7,31,23,4,0,42.5,50.243942417628084
2.72,42,609.94,3,Rain,Medium,Biryani,3.8,42,10,5,1,66.7,72.5539076301605
3.36,18,1006.86,4,Rain,Low,Desserts,4.2,14,12,5,1,46.7,41.22992237056747
2.88,15,294.01,1,Rain,Low,Fast Food,3.8,18,6,0,0,37.8,35.083099098231145
0.62,11,173.87,2,Clear,Low,Desserts,4.0,14,19,0,0,12.0,18.255813496818348
4.75,27,84.88,1,Clear,Low,Indian,4.2,32,9,1,0,45.7,46.49681945160824
7.9,31,326.8,1,Clear,Medium,South Indian,4.0,30,14,5,1,73.0,72.42553427854487
3.06,12,936.71,4,Clear,Low,Cafe,4.0,15,0,5,1,31.8,23.616718404184184
6.52,21,2035.92,6,Clear,Low,Pizza,3.7,25,6,6,1,45.8,46.17283495064996
12.65,24,290.15,1,Clear,Low,Indian,5.0,26,15,0,0,72.7,72.4195950595167
3.87,30,314.51,1,Clear,Low,Indian,4.2,32,6,0,0,46.6,45.731495133429746
2.91,29,947.03,3,Cloudy,Low,South Indian,3.8,28,5,2,0,43.5,43.14454927734377
2.32,20,152.25,1,Cloudy,Medium,South Indian,4.3,22,11,6,1,46.1,43.0973346020905
6.71,23,167.72,2,Rain,Medium,Pizza,4.0,22,3,4,0,62.7,65.65967191287314
4.68,25,1035.76,3,Clear,Low,South Indian,3.8,24,19,5,1,47.4,46.60293532576674
1.49,21,1092.99,5,Cloudy,High,Chinese,3.6,24,14,4,0,61.1,52.855523777623645
5.62,21,174.87,1,Clear,Low,Chinese,3.6,21,20,5,1,52.9,46.188037131909496
1.09,15,179.35,2,Clear,Medium,Cafe,4.9,14,2,6,1,29.0,29.764154307960542
1.82,19,105.4,1,Clear,Medium,Chinese,3.6,24,18,4,0,45.8,40.15420976366356
2.43,20,267.42,2,Clear,Low,Pizza,4.7,23,18,2,0,30.5,33.35429215513568
2.85,27,1692.59,5,Clear,Low,Chinese,3.5,31,1,0,0,39.4,38.178115419528325
3.97,25,438.38,2,Clear,Medium,Healthy,4.0,29,18,0,0,52.7,53.61899354422961
6.6,35,147.26,1,Cloudy,High,Chinese,3.5,31,12,0,0,76.2,84.26572172010972
7.74,23,287.29,1,Clear,Low,Cafe,4.4,21,10,3,0,54.9,53.26313736394464
6.39,29,267.25,1,Clear,Low,Pizza,4.1,26,0,5,1,54.4,52.2233885586539
5.79,39,829.58,3,Clear,Medium,Indian,4.3,36,17,5,1,68.4,73.75159340537991
2.58,30,177.89,2,Clear,Medium,Biryani,4.6,33,0,6,1,52.7,49.709449236856834
4.91,17,520.0,4,Clear,High,South Indian,4.2,20,14,1,0,64.9,58.620644336285125
5.21,38,194.04,2,Clear,Medium,Indian,3.9,40,11,1,0,68.8,69.33952071768029
6.24,19,1382.18,4,Rain,High,Pizza,4.7,23,21,3,0,80.7,74.90712771483103
1.97,29,768.16,3,Cloudy,Low,South Indian,3.4,26,23,5,1,40.1,44.02944619847166
6.91,18,144.6,1,Cloudy,Low,Healthy,3.3,15,20,5,1,45.5,49.70943675245363
6.14,26,195.14,1,Clear,High,Indian,4.6,25,18,3,0,74.8,72.914231477034
6.5,20,1049.17,3,Clear,Low,South Indian,4.5,22,14,0,0,48.7,46.685020451564014
2.96,27,804.41,3,Clear,Medium,Healthy,4.5,25,21,0,0,53.8,52.702378687167425
3.36,31,996.8,4,Clear,Medium,Healthy,4.1,27,23,2,0,51.1,58.645765884232766
9.88,18,199.97,1,Cloudy,Medium,Bakery,3.9,17,4,2,0,62.5,65.97506992207951
3.82,27,329.97,1,Rain,High,Cafe,4.8,23,23,4,0,64.6,74.93709282016441
11.36,33,515.61,2,Clear,High,Indian,4.1,28,13,1,0,94.3,97.10127662811342
4.83,25,577.11,5,Clear,High,Pizza,4.0,24,21,1,0,66.9,68.01504253320427
2.36,39,1116.26,4,Cloudy,Medium,Indian,4.6,37,21,5,1,64.8,64.59154068733886
2.99,18,739.59,4,Clear,Low,Fast Food,4.2,15,14,1,0,46.6,32.30592559924212
1.97,20,1181.39,4,Clear,Medium,Pizza,4.0,25,11,1,0,41.0,39.98043758425626
2.05,32,617.39,5,Clear,High,Indian,4.3,36,14,4,0,64.2,63.71997496215084
2.77,40,107.26,1,Clear,High,Biryani,4.5,45,11,5,1,78.4,73.75001150053521
4.03,13,444.91,2,Rain,High,Bakery,3.7,11,12,0,0,63.0,59.06299997861152
0.84,35,673.54,3,Clear,High,Indian,4.4,39,14,6,1,65.6,62.52990556937603
4.38,14,659.04,4,Cloudy,Medium,Fast Food,4.9,13,20,4,0,48.4,46.17641624878917
1.4,25,286.26,1,Clear,Medium,Pizza,3.7,20,15,6,1,37.6,43.95445050165255
0.85,19,1022.65,5,Clear,Medium,Cafe,4.3,24,12,3,0,41.7,35.31941255622621
2.43,22,1745.59,5,Clear,High,Desserts,3.5,18,13,5,1,57.1,54.944712942013375
9.93,33,460.34,3,Rain,Medium,Indian,4.2,32,11,4,0,84.6,88.77977008992244
18.12,16,1084.31,4,Rain,Medium,Cafe,4.3,12,0,3,0,96.7,97.9640641671374
3.57,35,515.53,2,Cloudy,Medium,Pizza,3.8,32,18,5,1,70.6,64.21921652140152
5.95,30,981.74,6,Cloudy,Medium,Pizza,4.1,25,7,5,1,60.4,64.9318362152582
4.71,19,301.09,1,Clear,Medium,South Indian,4.0,17,21,5,1,48.6,50.81411815883875
4.59,8,894.56,3,Rain,Medium,Cafe,4.0,13,5,4,0,47.4,43.787459395723616
1.57,12,219.22,1,Clear,Low,Bakery,4.3,12,11,5,1,21.9,20.745482552622093
3.31,30,1274.18,4,Clear,Low,South Indian,3.8,27,1,5,1,41.3,42.688200058547714
5.95,17,316.58,1,Cloudy,Medium,Cafe,4.9,22,13,0,0,57.7,53.266255990774184
0.91,13,1295.06,5,Cloudy,Low,Cafe,3.5,10,9,5,1,19.2,21.17465097643901
4.57,24,317.21,2,Clear,Medium,Chinese,3.2,24,13,3,0,60.5,53.6733267315573
6.23,25,642.58,3,Clear,High,Fast Food,3.7,22,12,5,1,67.8,70.85160258919402
4.39,34,800.94,5,Rain,Low,South Indian,3.9,30,4,0,0,60.4,58.97056778030538
5.03,18,974.96,6,Cloudy,Medium,Indian,3.8,23,12,3,0,51.5,50.88127596811138
1.77,17,1365.93,4,Rain,Medium,Cafe,4.9,14,11,3,0,53.8,44.17766277281613
5.45,16,530.11,6,Clear,High,Fast Food,3.5,13,14,3,0,59.5,59.4996844060467
2.77,37,150.49,1,Cloudy,Medium,Indian,4.1,39,20,1,0,67.0,63.81046077278142
3.15,36,531.11,3,Cloudy,Medium,Pizza,3.8,32,20,5,1,64.4,64.18798416438928
0.78,36,313.91,1,Clear,High,Indian,3.3,35,20,3,0,62.8,64.81121440919148
2.89,26,955.04,3,Cloudy,Medium,Cafe,3.8,23,7,4,0,52.3,50.39212128305456
7.11,32,1009.21,4,Clear,High,Biryani,3.1,36,22,1,0,88.1,83.6061415481455
1.39,40,1006.42,3,Cloudy,Low,Biryani,4.2,43,0,3,0,46.9,47.902440775819365
7.38,17,1174.03,5,Cloudy,Medium,Cafe,3.6,20,11,6,1,56.1,58.03732277069871
1.57,25,227.05,1,Clear,High,Fast Food,4.0,23,0,6,1,53.9,51.7633828453924
4.84,17,506.28,4,Cloudy,Low,Desserts,4.9,16,1,4,0,35.4,36.81188242755873
7.58,23,653.94,2,Rain,Medium,South Indian,4.2,21,7,2,0,69.4,69.55981652270762
0.83,22,519.66,4,Clear,Medium,Pizza,4.1,25,1,1,0,31.6,35.62463897390004
2.5,17,466.31,3,Clear,Low,Bakery,3.8,15,1,3,0,30.7,26.75914174735111
4.15,32,499.69,2,Rain,Medium,Biryani,4.2,35,3,1,0,65.6,65.85841572766391
11.11,39,600.77,2,Cloudy,High,Biryani,4.7,38,14,3,0,111.2,104.57934166153774
0.81,12,540.82,2,Clear,Medium,Bakery,3.4,16,1,5,1,24.9,25.6493272267126
7.26,16,152.88,1,Rain,High,South Indian,3.8,16,21,0,0,81.2,75.4343721220218
5.68,24,502.7,2,Clear,Medium,Healthy,4.4,20,14,2,0,57.3,57.64350487104884
7.31,17,240.47,1,Cloudy,Medium,Desserts,4.0,14,0,6,1,49.9,55.10566045057579
6.33,24,302.73,1,Storm,Low,South Indian,4.5,26,1,2,0,52.7,62.120954835945845
4.83,33,387.93,4,Rain,Medium,Indian,4.6,28,9,5,1,65.0,70.35970174187764
1.8,31,428.85,2,Clear,Medium,South Indian,3.6,27,16,5,1,52.9,51.550769970439184
5.09,17,1164.18,4,Clear,Low,Fast Food,4.0,12,7,6,1,35.5,37.159078015320034
3.39,22,184.02,1,Clear,Low,South Indian,3.4,26,3,2,0,30.6,35.42132003448329
2.91,43,579.81,2,Clear,High,Biryani,3.8,44,19,5,1,87.6,79.18178206718471
1.91,34,877.63,4,Cloudy,Medium,Indian,3.3,35,18,0,0,55.4,57.418983758278785
3.72,23,1422.57,5,Rain,Medium,Pizza,4.4,23,18,6,1,55.9,58.63370782509553
4.95,20,193.69,1,Cloudy,High,South Indian,3.8,16,21,3,0,70.4,65.42988630317116
7.26,8,886.66,4,Clear,Low,Desserts,4.5,10,2,5,1,38.4,34.60821804294679
3.71,9,644.38,2,Clear,Low,Bakery,4.2,13,8,1,0,21.6,24.550659415342153
2.61,23,292.98,1,Cloudy,Medium,Healthy,4.3,27,7,4,0,43.8,46.321468734015326
1.7,19,591.69,2,Clear,High,Chinese,3.2,24,21,6,1,49.2,51.30451928795526
4.01,29,127.86,1,Clear,High,Biryani,3.5,33,20,1,0,60.9,69.21274312377474
1.43,21,205.25,2,Clear,High,Chinese,4.2,24,16,1,0,43.7,50.998692958048366
2.08,23,347.66,1,Clear,Low,Cafe,4.6,20,15,6,1,29.2,34.583731078544275
2.69,29,1685.99,5,Cloudy,Low,Indian,4.1,28,2,0,0,36.9,41.686506750797385
5.32,14,140.29,1,Cloudy,Medium,Cafe,4.0,19,13,5,1,49.4,48.20205976733884
13.26,37,188.78,1,Rain,High,Chinese,3.5,33,21,0,0,115.0,117.62512182068056
0.73,19,140.69,1,Clear,Medium,Desserts,4.5,15,8,3,0,39.0,33.83744091359425
3.99,18,1026.09,3,Clear,Medium,Healthy,3.3,15,16,5,1,42.2,46.35629502001452
7.87,24,252.83,1,Clear,Low,Indian,4.1,29,22,6,1,57.6,57.47259804722972
1.01,15,1208.94,4,Clear,High,Fast Food,5.0,15,21,2,0,32.6,44.451390627151305
4.96,35,233.96,1,Rain,Medium,Indian,3.8,40,1,6,1,73.4,71.18640471500146
4.43,19,499.01,2,Clear,Medium,Cafe,5.0,21,1,3,0,37.6,45.249146818174424
2.41,27,236.59,1,Clear,Low,Healthy,4.5,25,23,3,0,33.4,41.54969333128639
2.3,31,491.73,2,Rain,High,Chinese,3.5,33,19,6,1,75.7,72.85527112318778
2.89,24,830.51,6,Clear,Low,South Indian,4.5,22,9,6,1,36.2,36.88148473582706
5.5,13,897.26,5,Cloudy,Low,Desserts,4.0,14,7,4,0,41.3,36.62334694932561
4.81,29,1030.61,3,Cloudy,High,Indian,3.5,26,13,5,1,75.7,72.25995479758318
12.09,9,261.76,3,Clear,Medium,Fast Food,3.5,13,22,6,1,66.3,66.84521181940528
1.4,35,308.11,1,Clear,Low,Chinese,3.5,31,14,6,1,58.4,44.103381339138814
3.25,11,882.38,3,Clear,High,Desserts,3.7,14,6,5,1,42.6,45.13982216180793
7.32,23,562.83,4,Cloudy,Low,Cafe,4.3,24,3,0,0,57.4,52.09654928426493
4.6,24,615.28,3,Clear,Medium,Pizza,3.4,25,21,0,0,56.5,55.51661507037736
3.62,17,328.8,2,Clear,High,Desserts,4.5,15,12,5,1,58.3,53.68162894375692
0.69,39,2064.93,6,Rain,Medium,Pizza,4.0,34,20,0,0,62.8,64.53650123087745
0.5,22,290.13,3,Storm,Low,Indian,4.0,21,5,0,0,41.7,40.64183079034173
4.73,13,611.66,6,Clear,Low,Fast Food,5.0,15,3,0,0,35.5,30.710048259716523
1.19,15,173.63,1,Cloudy,Medium,Desserts,3.8,20,19,4,0,35.1,36.06263410303434
3.82,40,508.79,2,Clear,High,Indian,3.8,40,18,5,1,72.4,78.9543177150885
4.61,24,463.6,3,Clear,Low,Cafe,4.7,23,0,5,1,39.1,40.958187750151154
4.04,22,811.13,3,Rain,Medium,Pizza,3.9,21,21,5,1,65.2,59.47231390601151
3.61,19,672.22,2,Clear,Medium,Healthy,4.4,20,22,0,0,52.7,47.21420057458732
4.42,22,583.64,5,Clear,Medium,Healthy,4.5,24,8,4,0,48.3,49.83329453841927
1.85,30,627.97,2,Cloudy,Low,South Indian,3.9,30,2,2,0,40.3,39.73039150177938
5.84,18,228.63,2,Cloudy,High,South Indian,4.1,17,22,1,0,65.0,66.69478322628636
8.4,26,248.46,2,Clear,Medium,Chinese,3.6,21,3,2,0,59.3,66.71110713953776
12.05,30,797.32,5,Clear,Medium,Chinese,4.1,29,13,5,1,86.3,85.75752591738406
2.72,10,127.13,1,Clear,Low,Fast Food,4.4,12,19,1,0,23.1,24.478972623044157
4.83,27,1477.82,6,Clear,High,Indian,4.2,29,7,0,0,63.8,66.83700717486656
1.24,8,213.7,1,Cloudy,High,Desserts,3.9,12,18,4,0,40.3,39.77576162940942
5.83,22,181.62,1,Clear,Low,Desserts,3.8,19,0,5,1,44.8,43.25834252448145
9.14,5,836.3,5,Cloudy,High,Bakery,3.9,10,14,5,1,70.5,63.45408397130332
3.36,22,617.79,3,Storm,Medium,Healthy,4.0,17,20,5,1,70.8,63.94095731523645
3.1,24,853.57,4,Clear,High,Fast Food,4.3,24,13,2,0,61.2,59.02562215937438
1.48,40,182.14,1,Cloudy,Low,Chinese,4.0,35,20,3,0,52.9,52.64101818323623
1.93,46,345.01,1,Rain,High,Biryani,4.5,45,2,1,0,77.2,82.65549158701144
1.6,31,90.92,1,Clear,Medium,Chinese,4.3,31,18,6,1,48.3,51.31939848382882
1.07,31,534.59,5,Cloudy,Low,Indian,3.5,26,5,5,1,37.9,38.72182623386548
4.02,16,103.34,1,Clear,Medium,Bakery,4.0,18,20,5,1,42.6,45.15760340467618
3.43,24,197.37,2,Clear,Medium,Bakery,3.9,19,7,5,1,50.5,48.113721598054894
8.99,26,486.42,2,Rain,High,Indian,3.7,22,5,0,0,83.2,87.90976253322313
5.55,14,528.79,2,Clear,Medium,Cafe,4.3,12,9,1,0,41.5,46.03952097349085
4.44,28,585.55,4,Clear,Low,South Indian,3.9,30,23,6,1,49.2,49.64224388830017
4.17,34,207.58,1,Clear,Medium,Indian,4.1,29,21,5,1,69.0,63.98393263721947
1.88,25,479.55,2,Rain,Medium,Healthy,4.0,29,22,2,0,57.7,55.17676163440389
1.67,9,493.37,2,Cloudy,Low,Desserts,3.6,13,1,4,0,24.1,17.908277573457397
5.53,12,1272.84,4,Clear,Medium,Fast Food,4.0,12,11,5,1,51.0,44.33281929898032
3.77,15,281.71,1,Clear,High,Healthy,3.9,16,18,5,1,60.2,53.74872662303362
2.83,16,466.45,3,Clear,High,South Indian,4.4,20,11,4,0,50.9,49.68220499358016
11.76,15,317.24,1,Rain,High,Fast Food,4.5,17,22,6,1,90.0,90.34690711793492
0.78,17,765.82,4,Clear,Medium,Cafe,4.3,18,19,4,0,40.0,34.67132258705743
2.02,13,251.51,2,Rain,High,South Indian,4.0,17,19,4,0,54.0,53.65016830102564
2.21,23,321.35,2,Rain,High,Pizza,4.0,25,19,0,0,68.9,64.33469435883109
4.19,37,643.01,2,Rain,High,Biryani,4.8,37,19,6,1,84.4,85.46020173229284
3.86,25,294.91,2,Cloudy,Medium,Pizza,4.1,23,20,2,0,49.3,55.58581890347557
3.63,22,1367.45,4,Storm,High,Fast Food,3.9,17,11,3,0,68.4,73.50484551858983
8.65,30,394.44,2,Clear,Medium,Indian,4.2,32,13,3,0,80.5,73.82823298266892
5.72,7,490.02,4,Clear,High,Fast Food,4.1,11,22,5,1,50.4,53.23958088731915
3.1,32,323.03,2,Cloudy,Medium,Pizza,4.0,34,11,3,0,59.1,57.92713615743731
4.85,19,667.67,3,Rain,High,Desserts,4.3,19,11,4,0,65.9,67.74450773661867
2.95,25,515.13,2,Clear,Medium,Healthy,4.4,24,19,0,0,49.5,50.21368168896424
8.89,34,146.34,1,Cloudy,High,Biryani,3.9,33,13,6,1,95.1,91.66426127158518
1.47,29,440.03,2,Clear,High,Indian,3.9,26,20,2,0,55.2,60.09710446144459
3.04,26,416.39,3,Clear,High,Chinese,4.2,24,20,2,0,62.7,62.5662748244888
9.72,16,162.47,1,Rain,High,Cafe,4.4,14,22,2,0,87.6,84.35041142806867
1.86,17,735.59,5,Clear,Medium,Desserts,4.6,12,8,4,0,35.3,35.75886881501204
0.5,12,218.05,1,Cloudy,Medium,Desserts,4.6,12,21,0,0,25.4,30.919047686744822
2.31,16,262.41,3,Rain,Medium,Healthy,3.9,19,20,6,1,54.1,47.202074472221334
6.3,17,95.45,1,Clear,Medium,Desserts,3.8,15,3,5,1,54.4,50.29206026961486
6.62,19,111.64,1,Clear,High,Desserts,4.5,15,9,5,1,62.7,65.50120871739996
1.27,19,552.83,3,Cloudy,Medium,Bakery,3.9,19,1,0,0,42.3,36.100877077456616
3.12,38,732.74,3,Clear,Medium,Biryani,4.4,34,12,5,1,59.6,62.392466873153516
6.23,37,102.29,1,Rain,Low,Biryani,4.4,34,23,0,0,70.2,72.94838627966527
2.61,29,320.82,1,Clear,Medium,Biryani,4.4,32,14,4,0,59.6,52.07271253133319
4.26,16,801.23,4,Clear,Low,Fast Food,4.3,16,15,5,1,35.7,35.015184703765726
1.1,23,590.52,6,Rain,High,Chinese,4.2,23,12,2,0,57.3,58.817862010575965
2.23,25,397.57,2,Clear,High,Cafe,4.1,22,22,0,0,62.0,59.22640874033765
2.46,30,945.8,3,Clear,Low,Indian,3.5,26,5,6,1,41.4,40.71431954526468
9.7,39,623.24,6,Clear,High,Indian,4.3,37,22,2,0,101.1,99.29891697226604
3.48,34,949.01,6,Clear,Medium,Pizza,3.2,29,14,4,0,63.0,60.05488997707634
6.41,27,291.99,2,Cloudy,Low,South Indian,3.8,27,5,6,1,52.2,53.39844368997323
13.11,19,1075.62,4,Clear,Low,Healthy,4.3,16,1,2,0,65.7,65.97510533771026
2.75,47,415.61,4,Cloudy,High,Biryani,3.8,42,19,2,0,75.2,84.50455535386699
1.82,13,663.14,3,Clear,Low,Fast Food,4.2,14,2,1,0,19.0,20.468322654953276
4.79,34,578.76,2,Cloudy,Low,Biryani,4.2,31,20,2,0,55.1,58.32336718578742
2.24,34,653.89,2,Cloudy,Medium,Pizza,4.1,30,11,6,1,60.8,56.93779331853104
7.55,27,572.49,2,Clear,High,Pizza,3.7,25,14,1,0,80.0,78.0374663649936
2.14,20,139.98,1,Clear,Medium,Bakery,3.8,15,22,0,0,44.4,42.99906228886069
4.58,30,623.66,2,Clear,Medium,Indian,4.1,29,18,5,1,64.1,60.7491727486495
1.7,26,313.69,1,Clear,High,Indian,3.6,31,18,3,0,56.0,57.52456329137143
3.09,40,501.77,3,Rain,Low,Biryani,4.0,38,3,6,1,54.1,60.49130576417366
8.45,10,487.57,2,Clear,High,Desserts,3.9,12,22,4,0,67.7,65.98116662373832
4.3,20,1030.62,3,Clear,High,Pizza,4.4,23,21,1,0,63.2,61.18395451937467
5.51,21,1996.57,6,Clear,Low,South Indian,4.5,22,3,0,0,48.3,41.71813177714343
7.75,12,160.85,1,Clear,Low,Fast Food,4.2,15,9,1,0,37.7,41.84133385697406
9.25,31,680.87,2,Clear,Medium,Biryani,3.5,33,22,5,1,81.7,79.28378059080273
11.97,15,1335.85,5,Clear,Medium,Cafe,3.6,20,2,0,0,61.4,68.03233045343633
8.46,48,201.46,1,Rain,High,Biryani,4.2,43,11,5,1,112.8,109.64325600198563
3.42,25,140.71,1,Rain,High,South Indian,3.6,27,14,0,0,74.0,69.44149915822136
0.67,17,455.9,2,Cloudy,High,Fast Food,4.2,14,14,5,1,46.8,45.717199265639486
7.93,31,152.68,1,Clear,Low,Pizza,4.0,35,7,3,0,62.0,61.24875879792769
1.57,39,228.6,1,Clear,High,Biryani,5.0,42,13,2,0,69.2,68.92050433462111
2.43,29,1621.1,5,Clear,Medium,Biryani,4.2,31,12,0,0,63.0,50.98012069448043
1.72,8,580.6,3,Rain,High,Desserts,4.4,12,21,1,0,42.0,47.9887675
2.38,13,94.58,1,Rain,Low,Fast Food,4.5,17,11,1,0,40.1,32.38221688257225
8.31,13,340.97,1,Rain,Medium,South Indian,3.8,16,20,5,1,70.4,65.14754692809257
4.39,9,85.2,1,Clear,Low,Desserts,4.5,10,15,1,0,32.4,28.49128761785542
3.6,17,234.86,1,Clear,High,Bakery,4.0,18,19,4,0,58.5,55.27960811200981
10.94,32,422.85,4,Clear,Medium,Biryani,4.4,32,22,2,0,81.8,85.99920065546709
4.87,31,625.41,5,Cloudy,High,Indian,3.8,29,22,6,1,77.9,76.44423759233746
1.76,16,619.69,2,Clear,Medium,Healthy,4.4,20,18,0,0,39.8,36.81421606289312
6.17,24,1037.69,3,Clear,Medium,Chinese,4.5,26,17,2,0,58.5,60.06030642180453
3.18,13,729.72,6,Rain,Medium,Bakery,4.0,12,13,6,1,42.0,45.487858697163965
3.79,45,683.3,4,Rain,High,Biryani,4.1,47,22,3,0,93.6,92.81268317371946
1.74,28,248.94,1,Clear,Low,South Indian,3.8,28,21,0,0,36.7,39.69892513403376
6.45,19,329.98,1,Clear,Low,Desserts,3.7,14,6,5,1,44.6,43.814562966743
1.48,13,349.03,1,Storm,High,Bakery,4.2,13,18,2,0,59.3,58.55791328561587
3.51,12,293.23,1,Cloudy,Medium,Desserts,4.5,15,6,4,0,32.1,38.110874532867584
8.55,35,301.86,1,Clear,Medium,Indian,3.8,33,17,6,1,73.0,79.48198678638387
5.93,15,619.02,2,Clear,High,South Indian,3.7,18,21,5,1,64.7,61.940234076821156
3.94,30,1144.74,4,Clear,High,Pizza,4.0,35,22,0,0,67.8,70.2182061346259
2.53,13,524.55,2,Rain,Medium,Desserts,3.8,15,18,1,0,46.4,44.43706807838829
3.1,10,286.79,1,Cloudy,Low,Fast Food,4.4,12,14,5,1,28.9,26.679316554358394
3.93,25,510.95,2,Rain,Low,Pizza,4.3,20,17,3,0,48.7,51.381840157614135
5.36,18,872.43,3,Clear,Low,Chinese,3.9,23,2,3,0,38.9,38.13399366376116
6.6,40,533.16,2,Clear,Medium,Indian,4.2,36,5,0,0,73.6,74.79368236740287
0.85,16,1359.23,4,Clear,Medium,Fast Food,4.5,17,10,0,0,26.0,31.621486092846553
3.86,37,949.28,3,Clear,Low,Pizza,4.3,32,0,3,0,53.8,51.368529653381216
8.07,28,459.63,4,Cloudy,Medium,Pizza,3.4,25,22,0,0,73.2,73.83035736707428
2.85,12,203.79,1,Clear,Low,Bakery,4.2,14,7,2,0,22.9,24.308733772390013
7.24,21,331.71,1,Clear,Low,South Indian,3.4,25,0,2,0,52.2,47.22676983632462
4.33,31,729.78,3,Rain,Medium,Indian,3.8,29,11,5,1,70.4,67.22402123588277
7.74,19,186.14,1,Rain,Medium,Fast Food,3.9,17,18,3,0,74.9,68.59259604111809
8.15,45,470.67,2,Clear,Medium,Biryani,5.0,42,3,3,0,83.8,84.88455822926534
1.24,34,623.8,3,Rain,High,Indian,3.6,31,1,4,0,63.6,67.94348819442189
4.12,19,861.33,3,Clear,Medium,Healthy,4.4,22,22,4,0,50.6,49.06279969095935
6.18,29,1254.39,4,Cloudy,Medium,Biryani,4.4,34,12,5,1,66.5,66.10278779968905
3.65,36,763.11,5,Cloudy,Low,Indian,3.9,40,23,4,0,49.5,56.90756623925775
3.58,25,410.3,2,Cloudy,Medium,Chinese,3.6,21,18,6,1,49.7,54.285284079886324
0.85,19,85.83,1,Rain,Low,Healthy,4.3,16,10,4,0,28.2,33.03181369740676
4.96,14,385.46,2,Clear,High,Fast Food,4.4,12,22,0,0,57.2,57.52096945004766
0.5,17,451.37,2,Clear,High,Healthy,3.9,19,22,6,1,47.2,45.23281798534624
3.68,33,250.6,2,Cloudy,Medium,Biryani,4.0,38,20,1,0,63.6,63.162774405359684
4.85,34,906.46,3,Rain,Medium,Indian,4.2,32,11,2,0,74.7,71.99725399239136
5.95,32,346.55,1,Clear,Low,Pizza,4.1,30,17,5,1,47.4,57.599586636555365
4.83,21,524.49,4,Clear,High,Pizza,4.1,22,18,4,0,63.5,63.36811439447697
5.36,11,253.19,2,Clear,Medium,Desserts,3.6,16,6,6,1,42.5,41.726980439280204
3.28,24,976.04,4,Cloudy,Medium,Pizza,3.9,22,22,0,0,50.4,53.0253244000221
4.14,13,345.82,1,Clear,High,Bakery,3.6,13,18,2,0,60.2,52.95714003332386
3.05,35,829.9,3,Clear,Low,Indian,4.6,37,6,6,1,51.0,47.89413833967981
1.36,11,430.13,3,Clear,High,Desserts,4.0,14,13,6,1,39.9,40.06215001967649
3.68,35,1027.68,3,Rain,Medium,Chinese,4.2,35,7,3,0,78.5,68.05556754497334
1.69,10,417.14,4,Clear,High,Desserts,4.1,11,8,6,1,36.9,39.02758655325313
2.61,20,700.4,5,Clear,Low,Fast Food,4.4,15,15,4,0,28.6,33.19901066831355
3.65,14,326.37,1,Rain,High,Fast Food,3.8,15,20,0,0,58.6,60.50457289734446
5.68,15,175.17,2,Rain,Low,Bakery,3.9,10,15,3,0,44.1,46.99814214994562
2.81,20,592.13,2,Clear,Low,Chinese,3.6,21,16,5,1,35.4,34.446214065468546
6.86,15,597.21,2,Rain,Medium,Healthy,3.3,15,5,5,1,56.0,58.79672637083908
6.2,33,557.78,4,Cloudy,Low,Pizza,4.0,35,5,5,1,55.8,58.67863847851964
5.01,15,185.83,2,Rain,High,Cafe,4.4,14,20,5,1,68.0,66.39980059779946
3.35,21,535.66,2,Clear,Low,Bakery,4.0,18,4,4,0,36.7,34.44797605621672
2.26,25,926.7,3,Clear,Medium,Indian,4.0,20,21,3,0,52.7,48.29498438685186
3.86,36,313.66,2,Clear,High,Biryani,4.2,35,5,0,0,69.6,72.14467900935598
6.0,11,453.11,2,Cloudy,High,Bakery,4.2,14,20,3,0,53.7,59.826316365950966
2.2,33,693.75,3,Cloudy,High,Biryani,4.3,31,19,1,0,69.7,68.50838421596671
2.1,12,204.84,2,Cloudy,Low,Desserts,3.6,16,15,3,0,21.5,25.59359078603287
3.88,7,716.02,3,Clear,Medium,Desserts,4.6,12,13,4,0,35.8,34.020140368186986
4.92,14,634.07,3,Clear,Medium,Desserts,3.9,18,7,5,1,46.2,43.3808962991172
4.39,13,1152.75,5,Clear,Medium,Fast Food,4.9,13,19,6,1,44.1,43.04550798904633
8.57,32,110.2,1,Clear,Low,Chinese,3.5,33,5,3,0,67.9,64.12051451214766
2.48,22,1520.29,5,Clear,Medium,Cafe,4.9,22,22,0,0,43.2,46.23413369614791
4.08,19,350.79,2,Clear,Medium,Cafe,4.2,16,14,0,0,51.7,47.03279054972518
0.89,34,461.07,5,Clear,High,Chinese,4.4,33,12,2,0,65.1,61.16964932481341
8.65,32,298.28,2,Clear,Medium,Biryani,3.5,33,12,6,1,84.5,75.8713224719271
9.91,52,263.46,2,Clear,Medium,Biryani,4.1,47,2,6,1,89.7,97.95433334975274
0.5,34,290.57,1,Cloudy,Low,Pizza,3.8,32,0,4,0,43.6,38.63002590003898
2.91,25,252.95,2,Cloudy,Medium,South Indian,3.8,24,19,2,0,55.2,52.021003312313326
6.74,17,330.01,1,Rain,Medium,Fast Food,4.4,14,0,2,0,60.7,58.886984310228556
0.73,19,979.18,4,Clear,Medium,Desserts,4.5,15,12,0,0,37.2,34.723011624996325
4.04,20,172.74,1,Storm,Medium,Pizza,4.0,24,11,2,0,65.6,62.20784584204654
0.5,28,370.89,2,Clear,High,Chinese,4.2,24,20,6,1,59.3,55.72194341855739
4.09,11,482.89,2,Clear,Low,Cafe,4.0,15,6,3,0,22.4,27.59398265182927
5.21,29,333.18,2,Clear,High,Pizza,4.0,29,21,6,1,72.4,73.45135596252642
5.66,14,180.56,1,Cloudy,High,Desserts,4.0,14,6,5,1,54.4,58.485783985342465
6.9,33,195.46,2,Rain,Low,Biryani,4.6,33,15,0,0,63.0,69.42066695104813
4.91,31,115.15,1,Clear,Medium,Chinese,4.1,27,12,0,0,63.8,61.48510946778528
4.11,9,440.91,3,Cloudy,Low,Fast Food,4.4,11,14,2,0,41.7,29.165831416627434
1.23,24,223.35,1,Clear,Medium,Fast Food,3.7,22,22,0,0,42.8,43.783485879412424
8.6,23,602.31,2,Clear,Medium,Healthy,4.3,27,2,0,0,70.1,64.1353069491881
4.66,39,1312.94,5,Rain,Low,Biryani,4.0,43,11,5,1,72.3,66.85691147029063
1.22,8,1607.4,6,Clear,Medium,Fast Food,3.5,10,6,2,0,25.2,24.118770606960112
5.92,45,305.37,2,Rain,High,Biryani,3.8,44,18,6,1,105.3,99.41210752285885
1.02,18,575.92,2,Clear,Medium,Cafe,3.9,22,20,4,0,43.9,36.82973865758187
6.01,11,478.01,3,Clear,Low,Fast Food,3.8,15,21,6,1,42.1,37.58874261637106
1.2,14,316.95,3,Cloudy,Low,South Indian,4.6,15,17,2,0,22.9,24.70756020695604
5.5,30,246.54,1,Clear,Low,Biryani,4.2,31,8,0,0,42.6,52.055387270539974
5.24,18,605.51,2,Clear,Low,Fast Food,4.9,13,10,2,0,44.8,39.21449646697736
1.06,8,552.39,4,Rain,High,Desserts,4.1,11,20,1,0,43.9,45.461065516319074
2.95,20,94.79,1,Cloudy,High,Pizza,3.4,25,9,5,1,57.5,55.80184768983115
4.85,37,831.15,4,Cloudy,Low,Biryani,4.3,38,3,1,0,63.9,57.61388224092773
1.46,16,330.07,1,Clear,Medium,Healthy,3.9,19,20,0,0,28.8,36.27812703396841
12.35,14,289.78,3,Clear,Medium,Healthy,4.2,18,19,5,1,75.1,72.1537842849604
7.24,25,422.98,3,Clear,Low,Pizza,3.2,29,6,6,1,52.1,52.69194882705298
3.73,8,237.9,1,Rain,Medium,Desserts,3.9,12,22,6,1,46.0,44.58041563956589
8.24,22,753.52,3,Clear,High,South Indian,4.3,27,19,4,0,75.9,76.52375094493138
1.84,24,348.78,1,Clear,Medium,Cafe,4.3,24,4,5,1,41.6,41.978992085657936
1.42,11,522.32,2,Cloudy,Low,Bakery,4.5,10,4,0,0,18.1,19.504651191357993
2.53,34,279.83,1,Rain,High,Indian,3.4,33,11,4,0,76.9,74.79666463247142
2.88,17,426.17,2,Clear,Low,Cafe,3.8,19,4,3,0,21.2,28.931055521099225
5.88,24,696.93,2,Clear,Medium,Cafe,5.0,21,8,4,0,54.7,56.962890656811986
5.05,20,172.71,1,Clear,Medium,Desserts,4.9,16,14,4,0,45.3,51.311613669902066
10.31,18,522.22,2,Clear,Medium,Desserts,4.3,19,19,0,0,71.6,68.91929618588742
6.28,37,623.94,2,Rain,Medium,Biryani,4.0,38,13,3,0,85.1,80.68601710596656
5.38,36,294.78,1,Cloudy,Medium,Chinese,4.6,34,22,4,0,77.3,72.42259631949773
3.17,31,404.4,2,Cloudy,Medium,Indian,3.6,31,18,1,0,59.9,58.793564179339164
1.91,27,218.8,1,Clear,High,Pizza,4.1,22,22,2,0,59.9,60.060859817379196
5.62,20,534.03,2,Clear,Medium,Pizza,3.9,21,17,1,0,48.6,54.12205492260347
2.07,22,1161.95,4,Clear,Medium,Chinese,4.2,21,17,4,0,43.0,43.74365860863795
3.95,23,85.34,1,Clear,Medium,Pizza,4.7,23,5,2,0,46.5,48.42077536611898
6.5,14,217.56,1,Clear,Medium,Fast Food,4.4,13,20,5,1,57.2,51.71278699201007
6.5,7,710.15,3,Clear,Medium,Fast Food,4.0,12,7,5,1,40.6,41.78533695044605
2.93,25,767.32,3,Clear,Medium,Pizza,4.1,26,13,1,0,50.8,48.77444436306362
15.03,26,686.06,3,Clear,Low,Indian,3.6,31,17,2,0,80.7,83.4352921959638
0.87,38,541.44,2,Cloudy,Medium,Chinese,4.2,35,18,6,1,54.0,57.77296853655229
5.51,28,737.97,3,Cloudy,Medium,Chinese,4.2,33,10,1,0,60.1,62.131309897410055
4.34,27,322.84,3,Clear,Medium,Biryani,5.0,32,21,0,0,62.5,57.56043108572747
4.01,11,563.15,2,Clear,Medium,Fast Food,4.1,11,17,4,0,33.8,39.3556224342895
2.41,24,830.13,6,Clear,Low,South Indian,4.6,22,2,0,0,33.6,33.51726259773018
1.96,18,584.25,2,Clear,Low,South Indian,4.0,20,11,0,0,33.2,28.135042563901727
3.25,20,1238.87,6,Clear,High,Cafe,4.4,19,20,4,0,65.0,57.34460140978662
1.98,23,429.51,4,Clear,Medium,Healthy,4.1,27,18,5,1,42.9,44.64025561617505
14.11,11,237.22,2,Storm,High,Cafe,4.4,14,13,3,0,103.7,99.7312559945433
4.8,34,967.04,3,Rain,Low,Biryani,4.0,38,6,1,0,56.7,61.15897412867587
2.85,16,998.4,5,Clear,Low,Fast Food,3.5,13,18,1,0,33.1,30.819298313529764
8.18,42,1424.16,6,Rain,Low,Biryani,4.1,47,1,6,1,79.8,79.89686202883217
3.49,22,303.02,2,Rain,High,Bakery,4.0,18,22,3,0,63.5,68.4794592163026
1.52,23,1366.18,4,Clear,Medium,Pizza,4.3,20,11,1,0,44.5,41.363733906822006
3.24,35,795.33,4,Rain,Medium,Biryani,4.8,37,20,2,0,70.2,69.49776218412488
7.58,21,1354.42,4,Clear,Low,Cafe,5.0,21,22,4,0,61.7,53.42413130155516
2.1,26,328.17,2,Cloudy,Medium,Chinese,4.3,23,12,4,0,55.3,48.62911764173677
2.74,54,243.99,3,Clear,High,Biryani,4.3,49,18,6,1,84.9,89.27281139176438
8.5,12,688.72,2,Clear,Medium,Fast Food,4.3,10,18,6,1,56.5,56.29754285680859
5.6,28,525.02,3,Clear,High,Healthy,4.4,24,11,5,1,80.2,71.49402497440434
7.24,15,350.12,2,Clear,Medium,Fast Food,4.4,12,14,0,0,62.0,53.86619595231353
2.63,10,310.84,3,Cloudy,High,Cafe,3.5,14,21,4,0,46.2,47.44951477307448
1.58,9,106.11,1,Clear,Low,Cafe,4.3,12,5,2,0,15.1,16.49796400888208
4.07,25,165.31,1,Clear,Low,Pizza,3.2,29,15,4,0,41.2,43.66432742840146
3.09,21,458.57,3,Rain,Low,Cafe,4.4,21,19,5,1,47.4,44.950104067283625
1.94,26,207.15,1,Clear,Medium,Chinese,4.2,24,13,2,0,47.3,46.328185691513355
4.05,14,358.97,4,Clear,Medium,Fast Food,4.4,15,23,1,0,40.1,43.74359879951666
1.13,10,1080.53,5,Clear,Low,Cafe,4.9,14,4,1,0,11.4,15.611696708844335
5.55,25,304.62,1,Clear,Medium,South Indian,4.2,21,11,2,0,58.9,57.42915039505229
8.39,24,1069.59,5,Clear,High,South Indian,4.5,22,20,6,1,76.4,79.22866693273912
4.72,31,302.71,2,Clear,Low,South Indian,3.8,27,13,3,0,53.9,51.3265141206554
4.71,25,1023.62,3,Clear,Low,Pizza,4.3,29,4,5,1,44.8,43.267713431321546
2.01,11,317.8,1,Clear,High,Fast Food,3.8,15,20,6,1,40.6,43.89897645685901
4.58,20,246.25,1,Clear,High,Desserts,3.8,15,22,4,0,67.9,62.44739133136093
2.51,24,203.5,1,Rain,Low,South Indian,3.8,27,2,1,0,44.1,41.975528002111744
0.9,20,327.66,2,Clear,Medium,Fast Food,3.7,22,12,3,0,29.2,36.36963989999546
9.88,10,288.47,2,Clear,High,South Indian,4.2,15,14,2,0,66.7,69.0457855878116
6.19,16,996.42,4,Clear,Medium,South Indian,4.0,20,20,3,0,52.5,52.77339670312524
5.13,21,725.16,6,Rain,Medium,South Indian,4.0,17,18,5,1,65.9,61.461324702837366
1.46,17,359.07,2,Rain,Low,Fast Food,4.0,12,10,2,0,32.2,32.99525130163337
3.15,11,961.93,4,Cloudy,High,Fast Food,4.4,15,12,4,0,44.2,47.93571805121961
2.19,31,270.01,1,Clear,Medium,Healthy,4.7,26,2,6,1,52.6,49.685425244405465
2.71,21,740.41,3,Clear,High,Bakery,4.0,18,14,4,0,58.3,55.019380718730375
4.5,15,551.15,5,Rain,High,Desserts,4.2,14,12,1,0,68.5,62.65043717225879
7.81,7,981.37,3,Clear,Medium,Bakery,4.0,12,19,4,0,55.6,49.22806463032621
3.1,8,316.13,1,Cloudy,Low,Bakery,3.6,10,15,5,1,21.2,25.080018819049428
7.04,22,692.13,5,Clear,High,Cafe,4.1,22,14,3,0,72.4,71.24898700765246
1.15,35,412.96,4,Clear,High,South Indian,4.0,30,20,2,0,56.5,64.88921789257036
2.74,21,105.61,1,Clear,Low,Chinese,4.2,23,16,0,0,36.7,35.05719579716176
6.2,14,863.53,3,Cloudy,High,Fast Food,4.4,11,22,5,1,63.3,63.898510753768136
1.14,18,774.52,5,Cloudy,High,Healthy,4.4,20,6,2,0,56.8,46.64320190835441
7.11,21,326.73,4,Clear,Low,Desserts,3.5,18,19,6,1,53.7,51.10022833102077
4.84,29,448.29,2,Cloudy,Medium,Biryani,3.7,31,17,6,1,61.6,62.62108557086346
6.06,13,597.36,6,Clear,High,Healthy,4.3,16,17,5,1,52.3,59.41611324460808
1.5,11,224.24,2,Clear,Medium,Fast Food,4.4,14,22,4,0,26.6,31.653404425383805
0.96,34,188.06,1,Rain,High,Chinese,4.1,35,20,6,1,68.9,71.31366300282473
9.08,11,338.13,1,Storm,Medium,South Indian,3.8,16,12,2,0,82.6,71.05616785502261
1.19,27,298.08,1,Cloudy,Medium,Chinese,4.1,27,11,5,1,49.1,46.26103321569047
10.99,10,1328.6,5,Clear,Low,Bakery,3.7,11,22,2,0,56.0,54.32836914185765
4.13,38,309.69,1,Cloudy,High,Indian,3.9,40,13,3,0,81.9,78.84372164260932
1.34,35,227.01,2,Clear,Medium,South Indian,3.9,30,18,0,0,56.4,54.30067103550054
6.32,9,1304.5,4,Clear,Medium,Fast Food,4.4,14,21,3,0,48.4,46.34437965161239
8.88,10,1545.39,6,Clear,Medium,Bakery,3.7,11,19,3,0,65.2,55.98447298689291
13.18,19,479.38,3,Clear,Medium,Pizza,3.7,20,11,3,0,78.9,78.25104635866647
2.86,31,273.49,1,Clear,Medium,Chinese,4.1,27,0,4,0,49.7,51.62733248109058
3.45,30,257.54,2,Clear,Medium,Indian,4.1,28,0,2,0,54.0,52.6088860356832
20.0,14,530.84,2,Clear,Low,Healthy,4.0,16,6,2,0,88.6,86.28440666685057
3.58,19,906.54,6,Clear,Low,Cafe,3.5,14,1,4,0,35.8,32.69277886283733
1.82,24,205.56,1,Cloudy,Medium,Healthy,4.7,26,7,6,1,43.6,44.49800228943807
1.67,33,819.04,5,Cloudy,Low,Pizza,4.0,29,5,2,0,46.3,42.77453644244225
1.37,12,324.82,2,Rain,Low,Desserts,4.9,16,7,0,0,22.4,26.96204492952222
4.7,20,131.5,1,Rain,Low,South Indian,4.2,21,1,4,0,43.6,45.38285781258545
5.82,26,416.51,3,Clear,Medium,South Indian,4.3,27,22,4,0,67.8,61.90339472323152
2.79,15,1933.58,6,Cloudy,Low,Fast Food,4.4,13,1,0,0,29.2,27.6080583805032
3.23,39,768.2,3,Cloudy,High,Biryani,4.0,43,21,6,1,77.1,78.70989403512345
2.16,17,251.01,1,Clear,Medium,Desserts,3.8,15,15,3,0,29.4,38.55099949392417
3.4,26,402.76,2,Cloudy,High,South Indian,4.3,30,19,1,0,66.9,65.4935417780147
8.65,24,568.51,2,Clear,Low,Healthy,3.9,29,16,3,0,48.5,58.89981017993345
5.21,20,253.86,1,Clear,High,Chinese,4.2,21,21,2,0,64.4,64.41223663481884
7.61,24,989.23,6,Cloudy,Low,Cafe,4.1,22,16,5,1,55.7,57.1589912362885
5.83,24,998.95,3,Clear,Low,Pizza,4.4,23,1,5,1,49.1,45.46701173862283
1.63,19,194.08,1,Clear,High,Bakery,3.9,17,19,1,0,47.0,50.341360748166885
5.83,15,1380.57,4,Rain,High,Fast Food,3.8,18,20,2,0,74.1,69.21066122927301
0.88,27,131.18,1,Clear,High,Fast Food,4.3,24,21,4,0,67.8,56.110674882296436
6.32,29,332.2,3,Clear,Medium,Indian,4.2,26,9,2,0,64.0,63.69055823170646
1.16,13,650.61,2,Clear,Low,Desserts,4.8,10,4,3,0,22.4,18.676152629543573
0.57,21,834.38,4,Cloudy,Medium,Pizza,4.0,22,20,4,0,33.6,40.110378046894425
2.12,40,1318.15,6,Clear,Medium,Biryani,3.8,42,22,2,0,60.1,63.25729044651273
3.2,11,299.58,3,Clear,Low,Cafe,4.4,11,2,6,1,24.4,23.479779464202764
5.46,10,509.02,3,Clear,Medium,Fast Food,4.2,14,13,0,0,36.1,42.43074949306541
0.81,11,545.54,4,Cloudy,Medium,Desserts,4.0,14,19,5,1,35.3,30.6502478976954
4.64,25,750.01,3,Clear,Medium,Pizza,4.0,25,21,1,0,55.5,56.60528775309923
4.51,41,461.1,3,Clear,Low,Biryani,3.9,39,12,6,1,65.9,60.6130519711914
7.24,26,663.53,2,Rain,High,Healthy,4.5,24,8,4,0,80.4,82.50517240889607
0.96,40,214.77,1,Cloudy,High,Biryani,3.8,42,21,2,0,77.0,71.73804606626409
4.7,26,1049.17,4,Cloudy,High,Pizza,4.4,23,21,1,0,68.7,70.53119275034607
3.35,24,580.64,3,Rain,High,Pizza,4.3,29,5,4,0,63.6,66.15407429732993
0.5,27,573.87,2,Clear,Low,Healthy,4.5,25,21,1,0,34.5,34.38166431042103
9.96,20,1124.59,4,Cloudy,High,Bakery,5.0,18,14,6,1,83.7,81.26718643561212
6.22,25,951.99,5,Clear,High,Pizza,4.1,23,19,6,1,72.0,72.4913802843813
13.83,34,202.41,2,Clear,Low,Biryani,3.7,31,20,6,1,87.5,88.08546725098346
4.52,29,1035.55,3,Clear,Medium,Healthy,4.4,24,18,1,0,57.9,59.52194062098798
15.29,22,994.1,5,Cloudy,Low,Pizza,3.9,21,7,5,1,81.0,79.95780631244138
1.73,44,285.72,2,Cloudy,Medium,Biryani,5.0,42,13,0,0,70.2,65.59866559928491
7.96,43,266.6,1,Cloudy,High,Biryani,3.8,48,18,3,0,108.1,98.60511807758996
5.9,39,256.65,1,Clear,High,Biryani,3.8,44,21,2,0,85.9,86.0837630036105
2.92,37,756.49,4,Cloudy,Medium,Biryani,4.7,38,20,5,1,61.7,64.4494158129435
3.06,15,299.44,2,Rain,Low,Cafe,4.6,20,21,6,1,46.6,39.29655610938619
6.29,18,702.77,4,Clear,High,Healthy,3.3,15,21,6,1,59.8,66.32712370448264
1.87,25,249.55,3,Clear,High,Pizza,4.1,25,14,0,0,54.5,56.03082268080864
9.35,12,115.19,1,Rain,High,Healthy,3.9,16,22,5,1,77.8,79.12181400303712
7.49,20,438.11,4,Clear,Medium,Pizza,3.7,20,20,4,0,60.8,61.3776445798042
4.08,23,735.98,4,Clear,Low,Pizza,4.1,23,18,6,1,49.9,42.246523443298315
2.26,32,659.41,2,Cloudy,High,Chinese,4.1,35,18,2,0,67.0,67.43236024812356
2.11,23,541.79,2,Clear,Medium,Healthy,4.4,20,12,6,1,47.8,43.721494699317546
5.25,18,337.22,2,Rain,Low,South Indian,4.2,20,4,3,0,43.1,45.977012997095
4.96,21,395.84,3,Clear,Low,Healthy,4.5,25,9,1,0,36.7,41.21670984543507
1.55,48,214.82,2,Clear,High,Biryani,4.5,45,21,5,1,84.3,79.75731278831627
1.19,37,615.35,2,Cloudy,Low,Indian,4.6,37,0,6,1,52.9,43.9713860976687
1.21,15,228.83,1,Clear,Low,Healthy,3.9,19,3,0,0,15.8,20.77682178668484
7.56,42,229.34,1,Rain,High,Biryani,4.5,45,19,5,1,107.8,102.29715206335216
1.2,29,527.29,4,Clear,Medium,Pizza,4.8,24,1,3,0,46.3,43.85502383748567
0.93,47,592.34,3,Clear,Low,Biryani,3.8,44,4,1,0,41.4,52.23045529045828
1.49,39,1261.77,5,Rain,High,Biryani,4.3,38,18,0,0,75.9,77.77101643749637
14.79,32,519.72,2,Cloudy,Medium,Indian,3.8,33,19,4,0,107.8,100.75389082065368
4.42,12,377.89,4,Clear,Low,Desserts,4.0,14,4,6,1,24.7,29.168564788469446
3.62,18,236.37,1,Clear,Medium,Desserts,4.5,15,7,1,0,37.2,42.708619672447725
4.74,26,339.48,2,Clear,High,Cafe,4.2,22,20,1,0,71.7,68.55509144559478
1.84,14,460.29,2,Cloudy,Low,Cafe,4.0,13,16,3,0,25.9,26.96299758334176
12.46,13,183.47,1,Clear,High,Bakery,3.6,10,19,6,1,81.0,82.33648869897331
6.4,47,601.01,3,Clear,Low,Biryani,3.9,42,6,3,0,73.1,71.85669406300751
5.53,24,727.15,4,Clear,High,Cafe,4.2,22,22,6,1,67.8,69.825231985842
4.16,18,269.47,1,Rain,Low,Bakery,3.6,13,15,5,1,42.6,44.757527143252105
9.15,28,417.83,2,Cloudy,Medium,Indian,4.6,25,13,6,1,78.2,75.49319531102051
1.54,20,258.23,2,Clear,Low,Indian,4.5,23,6,2,0,21.5,27.50869391903705
4.8,32,107.95,1,Cloudy,Medium,Chinese,3.5,33,19,6,1,62.5,65.83349040362782
2.15,37,2017.22,6,Clear,Low,Indian,4.2,32,10,5,1,45.9,47.72156966659838
13.74,16,163.46,1,Storm,Medium,Healthy,4.3,16,20,4,0,99.0,94.26229391234163
7.04,18,178.39,2,Clear,Low,Cafe,4.0,15,18,3,0,45.4,47.64856966600121
4.28,43,497.28,6,Cloudy,High,Biryani,4.1,47,12,3,0,83.7,84.21956036311892
5.48,39,232.13,1,Clear,High,Indian,4.3,36,14,1,0,92.4,82.73291703168391
4.03,16,146.0,1,Clear,Low,Pizza,3.9,21,4,3,0,28.0,31.870097536459603
4.2,22,234.36,1,Clear,Medium,Healthy,3.7,23,19,3,0,53.7,51.71924697716174
4.54,21,518.15,3,Cloudy,High,Pizza,4.2,24,19,6,1,62.7,64.56737666239569
4.74,28,235.45,1,Clear,Medium,South Indian,3.8,30,11,6,1,60.2,57.70416437825768
1.67,31,1319.92,4,Clear,High,Biryani,4.6,33,21,1,0,62.1,63.14749312592767
2.88,21,291.64,2,Cloudy,Low,Bakery,4.4,20,17,3,0,30.6,37.66747096635337
7.03,12,306.69,1,Clear,Medium,Bakery,4.5,10,20,2,0,48.2,51.60464612007423
1.49,16,659.89,4,Clear,Medium,Cafe,4.3,18,11,4,0,43.5,34.31495704320186
7.92,22,1187.66,4,Cloudy,High,Chinese,3.2,24,19,6,1,76.3,77.60708817578984
4.81,16,492.6,3,Clear,Low,Cafe,4.4,19,23,2,0,28.5,38.93983276558507
5.04,16,626.77,2,Clear,High,Indian,4.0,20,21,0,0,59.1,59.78548866538641
1.78,48,1213.96,5,Clear,Medium,Biryani,3.7,46,19,3,0,65.9,69.42922169315935
6.42,11,292.0,1,Rain,Medium,Desserts,4.6,10,23,4,0,50.1,57.130923516885986
2.35,17,177.85,1,Cloudy,Medium,Fast Food,4.9,13,19,1,0,37.7,41.810623523119126
19.23,26,696.09,5,Clear,Medium,Indian,4.1,29,21,3,0,111.1,108.68589337951994
2.1,18,488.9,2,Clear,Low,Cafe,3.9,22,21,0,0,28.7,31.054821071081776
5.81,20,1033.29,3,Clear,Medium,South Indian,4.6,22,8,4,0,43.2,52.65769974390566
3.13,14,1191.3,4,Clear,Medium,Bakery,4.5,10,19,1,0,39.4,39.71831279343592
1.22,28,164.09,1,Cloudy,Medium,Cafe,4.7,23,12,4,0,54.9,47.544036519952584
4.51,29,653.06,4,Clear,Low,Pizza,4.8,24,15,4,0,50.3,48.962695744188906
0.9,12,330.89,1,Cloudy,High,South Indian,4.6,15,11,4,0,36.2,40.874927129837644
20.0,15,285.81,2,Storm,High,Cafe,4.3,18,14,0,0,125.7,124.57428595930794
2.16,50,647.66,3,Cloudy,High,Biryani,3.5,45,19,2,0,82.1,85.52665429537286
1.97,10,433.89,2,Cloudy,Low,Fast Food,3.8,15,16,0,0,22.3,23.21042545414111
11.39,15,1140.05,4,Clear,Low,Desserts,4.4,18,0,1,0,57.9,55.63880711553489
11.21,13,558.39,2,Rain,Medium,Fast Food,4.7,14,21,1,0,75.9,75.30349995234764
3.72,24,204.28,1,Cloudy,Low,Cafe,4.4,19,6,2,0,41.1,41.204128941821345
4.8,32,779.57,5,Clear,Low,Biryani,4.2,31,1,5,1,53.3,50.015751976191396
2.12,32,592.92,2,Clear,Low,Chinese,3.6,32,3,0,0,45.6,41.03377555735831
5.11,43,93.54,1,Clear,Medium,Biryani,3.9,42,10,2,0,68.9,73.95777950444972
2.5,22,650.74,3,Cloudy,Medium,Chinese,4.2,21,22,5,1,43.7,48.32909642528943
4.74,42,274.89,2,Clear,High,Biryani,3.8,44,20,2,0,79.9,84.77287602560897
6.83,37,356.05,3,Clear,High,Biryani,4.2,35,13,4,0,85.8,85.42297920578534
2.84,12,1306.98,4,Rain,Low,Desserts,4.4,12,10,0,0,30.0,32.89429102780855
1.91,29,316.35,1,Rain,Medium,Chinese,4.3,31,11,0,0,58.7,56.682225757837244
3.51,51,232.61,1,Clear,Low,Biryani,4.2,46,9,1,0,63.8,66.37531551750499
2.87,23,408.17,2,Cloudy,Low,Healthy,4.1,27,8,2,0,38.1,37.72775713330233
3.47,21,488.5,3,Clear,High,South Indian,4.3,22,16,4,0,54.5,58.09042994711234
2.77,24,838.77,3,Clear,Medium,Pizza,4.3,20,8,1,0,48.6,46.0277633463378
1.86,20,285.66,1,Clear,High,Healthy,4.1,15,18,4,0,49.4,52.037780832842294
4.95,31,123.62,1,Clear,Medium,South Indian,3.8,27,12,3,0,61.1,61.62710499166226
1.67,34,797.83,3,Cloudy,Medium,Chinese,4.4,33,20,0,0,57.0,56.93834720666927
1.93,28,353.62,3,Rain,Medium,Indian,4.5,23,18,0,0,56.6,57.229730440875684
2.59,16,1101.04,4,Clear,High,Indian,4.0,21,20,6,1,50.1,51.045867980195794
1.06,11,633.08,2,Cloudy,High,Cafe,4.9,14,0,6,1,31.1,38.00946064809845
4.81,35,1529.73,5,Rain,High,Indian,4.3,39,20,6,1,82.4,85.78388874263189
4.89,20,509.81,2,Cloudy,Low,Cafe,3.9,22,19,5,1,41.8,44.38559811170032
6.7,30,268.72,1,Clear,Low,Healthy,4.0,29,23,6,1,53.8,59.675870498372724
1.22,18,165.67,1,Rain,Medium,Chinese,4.2,21,20,5,1,45.1,45.347723425962975
2.04,18,269.76,2,Clear,Low,Cafe,4.9,14,7,3,0,25.9,27.50365041753411
3.17,28,384.18,2,Cloudy,High,South Indian,4.5,23,19,5,1,60.2,66.6718748363464
3.46,14,92.65,1,Cloudy,Low,Desserts,4.0,14,21,5,1,28.5,33.68953593417687
1.82,35,495.58,2,Clear,Low,Chinese,4.6,34,7,6,1,38.0,43.83387352219409
9.41,20,1438.63,5,Rain,High,Bakery,3.4,16,21,2,0,91.5,87.07853766756821
5.22,17,658.14,3,Cloudy,Medium,Fast Food,3.8,18,12,0,0,50.7,50.40378072927503
3.58,18,509.82,2,Clear,High,Cafe,4.7,23,12,0,0,54.9,54.5990981158861
3.11,13,171.52,1,Clear,Medium,Desserts,4.4,12,4,5,1,31.7,35.268778751020434
2.82,15,149.01,1,Clear,High,Bakery,3.8,16,13,1,0,48.0,49.14005794630366
1.78,18,1215.62,4,Clear,Medium,South Indian,4.0,20,15,5,1,40.1,38.20708331529082
7.74,42,1195.93,6,Rain,Low,Indian,3.8,40,17,5,1,77.5,81.83806102582737
4.03,33,889.1,3,Clear,High,Healthy,4.0,29,21,2,0,76.6,73.36623616547398
5.01,34,472.22,3,Clear,Medium,Pizza,4.0,32,12,3,0,71.4,64.8652601148157
6.82,26,128.41,1,Clear,Low,Cafe,4.1,22,19,4,0,61.7,55.14690283203837
3.64,24,243.63,2,Clear,Low,Healthy,4.5,24,5,4,0,39.8,38.72366538777597
8.23,31,633.92,3,Clear,Medium,Biryani,3.1,36,14,5,1,73.4,73.91556703333062
2.98,20,142.36,1,Clear,Medium,Bakery,4.0,18,18,1,0,47.9,45.023349061481525
3.49,44,309.35,2,Clear,Low,Biryani,4.1,47,5,2,0,58.4,58.40781301559429
5.31,31,320.16,1,Rain,High,Biryani,4.3,35,22,5,1,83.9,84.10687017894257
3.78,29,197.45,1,Clear,Medium,South Indian,4.7,29,7,2,0,53.1,54.265746309045085
7.62,14,100.36,1,Cloudy,Medium,Cafe,4.0,15,7,6,1,51.7,54.87927113721674
2.08,16,340.86,2,Clear,Low,Indian,4.0,20,10,5,1,21.0,26.40047571615502
3.6,33,177.81,1,Rain,Low,Biryani,4.6,33,8,4,0,60.1,56.33601897829975
2.02,20,387.54,2,Cloudy,Low,Fast Food,3.8,15,4,5,1,34.5,30.678764164960295
1.86,21,484.72,2,Clear,Medium,Fast Food,4.5,17,19,6,1,46.5,42.250311817660496
4.95,17,268.21,1,Clear,High,Healthy,4.4,21,13,0,0,56.3,58.63531499985994
1.05,13,783.5,3,Rain,High,Desserts,3.6,17,18,5,1,61.5,50.12744121452134
2.95,27,233.23,2,Clear,Medium,Fast Food,3.8,22,12,6,1,53.7,50.54752535229038
2.95,20,1782.05,6,Cloudy,High,South Indian,4.2,20,1,4,0,53.3,53.855176949622475
1.33,20,681.69,2,Cloudy,Medium,South Indian,4.6,22,0,5,1,36.7,37.08070527576926
1.05,23,405.73,4,Clear,High,Chinese,3.6,21,13,6,1,48.3,51.075117025804545
3.86,12,315.02,1,Clear,High,Bakery,3.7,11,22,5,1,51.1,51.892358284800494
4.15,41,826.35,4,Clear,High,Biryani,4.0,43,22,4,0,79.3,82.17349123128868
5.81,36,82.49,1,Cloudy,Medium,Indian,4.0,40,14,5,1,75.4,72.12832566880594
4.69,27,306.36,1,Clear,Medium,Chinese,3.6,24,14,1,0,60.6,57.25979465014373
9.02,15,393.7,4,Cloudy,Medium,Cafe,4.0,18,21,2,0,59.6,63.931823738414366
8.25,48,649.41,2,Clear,High,Biryani,4.4,46,21,5,1,94.9,103.27631575798604
2.95,15,213.4,1,Rain,Low,Bakery,4.3,15,8,6,1,34.4,35.841995008226384
9.84,36,700.29,4,Clear,Medium,Pizza,4.0,34,2,4,0,76.4,81.50956618324328
4.71,11,1060.13,4,Cloudy,Low,Bakery,4.2,13,15,3,0,35.2,33.64900466383602
3.15,18,90.86,1,Cloudy,Medium,Desserts,4.6,19,14,2,0,48.1,44.6363793914304
11.1,18,608.54,5,Cloudy,High,Cafe,3.6,14,22,3,0,85.8,85.29906600641127
3.66,11,373.81,2,Cloudy,Low,Bakery,3.6,13,16,0,0,20.5,30.21457065950174
4.36,54,290.07,1,Cloudy,High,Biryani,4.3,49,20,1,0,99.7,97.36418173819486
4.24,36,1274.25,4,Clear,High,Indian,3.3,35,20,4,0,77.3,76.9671872513247
3.37,9,333.0,1,Clear,Medium,Cafe,3.5,14,9,6,1,36.4,33.56979155862784
1.2,24,314.85,2,Clear,Medium,South Indian,4.0,20,13,2,0,41.1,41.65657902990226
4.13,22,187.51,1,Clear,High,Healthy,4.2,18,19,1,0,61.1,62.16116581717071
9.37,42,401.57,5,Cloudy,Low,Biryani,3.8,42,9,6,1,78.5,79.89026803376578
3.66,34,448.61,4,Clear,High,Chinese,4.1,30,7,0,0,61.1,69.74236516812421
2.74,20,946.27,3,Clear,High,Healthy,4.5,24,18,4,0,55.3,55.116318384388045
0.5,9,282.7,2,Clear,High,Cafe,4.4,14,12,1,0,33.3,34.817343476359405
1.82,38,1412.62,6,Cloudy,Low,Pizza,4.0,34,10,4,0,49.0,49.52318726917177
4.91,36,331.85,2,Rain,Medium,Indian,3.4,31,17,5,1,61.7,75.67370988540424
6.39,13,687.39,2,Cloudy,High,Desserts,3.8,10,19,5,1,61.3,63.05905398338579
1.83,30,103.7,1,Clear,Medium,Pizza,4.1,30,7,2,0,48.4,48.55614574502893
6.95,22,318.08,2,Clear,High,Healthy,4.2,18,18,5,1,75.7,71.83547791072881
3.92,28,647.7,2,Clear,Medium,South Indian,4.3,30,22,3,0,60.4,57.284132614663996
4.1,10,166.22,2,Rain,High,Bakery,3.6,13,22,2,0,65.0,58.62661472141108
2.02,16,111.73,1,Cloudy,High,Cafe,4.3,18,20,6,1,49.1,51.02158302292736
4.8,14,1291.51,4,Rain,Medium,Fast Food,3.9,17,7,2,0,49.1,50.79667187104881
7.75,15,920.87,4,Cloudy,High,Bakery,4.3,12,19,2,0,71.5,69.69114010502334
6.94,9,577.4,3,Rain,Medium,Desserts,4.6,12,22,1,0,61.7,56.67074487905666
3.88,10,410.12,3,Clear,High,Cafe,3.5,14,19,3,0,55.6,49.39655894312665
12.82,28,522.68,2,Cloudy,Medium,Biryani,3.5,33,22,2,0,95.6,90.71876630989425
3.82,17,678.56,2,Cloudy,Medium,Fast Food,4.9,13,19,6,1,51.6,47.03300757442903
9.77,14,326.22,1,Clear,Medium,Desserts,4.4,12,12,3,0,66.1,61.434555692537614
3.46,12,433.03,3,Clear,Medium,Bakery,4.4,17,21,6,1,34.3,39.37488045322935
4.33,42,1027.17,3,Clear,Medium,Biryani,4.0,38,20,5,1,80.2,72.55423787212143
5.13,6,624.69,2,Cloudy,High,Bakery,3.6,10,22,0,0,52.0,52.27347072180888
0.74,32,586.65,3,Cloudy,Medium,Chinese,4.1,29,19,6,1,55.0,51.52468367503259
8.42,17,308.31,1,Clear,Medium,South Indian,3.8,16,14,6,1,62.8,60.24097239170427
0.56,23,623.39,3,Cloudy,Medium,South Indian,4.5,22,20,6,1,38.5,41.97106828100162
12.14,48,612.02,2,Clear,Medium,Biryani,4.1,47,13,0,0,111.3,104.25181783155212
2.43,41,781.47,3,Clear,Low,Indian,4.2,36,8,2,0,50.4,52.18809928122219
2.4,13,301.48,1,Clear,Low,Desserts,3.5,18,9,0,0,16.6,24.306196927043487
8.82,47,227.35,2,Clear,Medium,Biryani,4.2,46,9,1,0,83.8,90.67270749124626
4.79,20,612.57,2,Rain,Low,Bakery,4.4,17,4,1,0,42.3,46.32588157346778
5.83,17,526.9,2,Cloudy,Medium,Cafe,5.0,21,4,6,1,48.1,50.83006896820204
5.82,35,693.49,5,Rain,Medium,Biryani,4.4,34,19,0,0,76.2,78.28743855527794
4.01,30,152.29,1,Rain,Low,Indian,3.9,26,18,5,1,61.4,56.95492741315711
4.59,36,428.02,3,Clear,High,Indian,4.4,39,20,1,0,76.6,77.96666648976078
3.88,27,139.02,1,Clear,Low,Pizza,3.9,32,8,5,1,45.6,43.30264618748885
3.09,20,495.37,4,Storm,High,Healthy,4.1,15,18,2,0,69.3,71.2684845914345
4.81,28,307.57,2,Clear,Medium,Pizza,3.8,31,20,2,0,56.2,60.01355963176133
9.78,44,492.04,2,Cloudy,High,Biryani,3.9,39,5,4,0,100.3,102.96921607361384
9.78,16,1140.11,5,Clear,High,South Indian,4.2,21,14,3,0,83.0,74.74357118351071
3.23,39,262.87,2,Clear,Medium,Pizza,4.0,34,21,5,1,70.4,65.70830535352233
4.48,12,80.12,1,Rain,High,Desserts,4.5,15,18,5,1,63.5,60.99592948801041
4.75,24,442.47,3,Clear,High,Indian,4.6,25,22,0,0,69.0,66.90087161885594
5.17,14,607.68,2,Clear,Medium,South Indian,4.0,17,17,5,1,46.0,46.515971496296174
4.64,26,109.27,1,Cloudy,High,Cafe,4.4,21,19,4,0,68.5,69.95667852915328
2.85,9,622.84,2,Clear,Medium,Fast Food,4.7,14,20,5,1,30.7,33.91062434967494
7.22,46,674.79,2,Clear,Low,Biryani,4.2,43,17,6,1,74.8,76.2625341057059
2.55,15,787.31,3,Rain,Medium,Cafe,3.8,19,11,1,0,53.8,45.00961107718833
1.66,20,333.75,1,Clear,High,Healthy,4.4,21,12,6,1,50.7,49.95408401905671
9.52,36,275.19,1,Clear,High,Indian,4.3,39,20,5,1,96.1,95.30806837811342
3.52,14,491.91,3,Clear,Medium,Cafe,4.9,14,20,0,0,42.7,41.343110955933284
6.98,15,1112.16,5,Rain,Low,Fast Food,4.2,14,0,1,0,48.6,48.00727201071676
6.47,14,99.11,1,Clear,High,Cafe,4.3,18,20,4,0,60.8,62.63355150232685
2.3,28,324.36,4,Storm,Low,Pizza,3.8,32,0,5,1,52.3,51.89819774199876
2.1,11,319.35,1,Cloudy,Low,Bakery,4.0,12,10,3,0,20.1,23.379911032033988
2.38,18,287.84,1,Rain,Medium,Desserts,4.2,14,4,6,1,38.6,45.69587349442713
5.26,16,675.25,2,Clear,Low,Cafe,4.9,14,9,0,0,33.3,37.23061597064486
5.72,21,824.83,5,Clear,Low,Cafe,4.4,25,16,0,0,48.4,45.50093315194344
3.72,14,648.7,2,Cloudy,Medium,Bakery,3.6,13,23,3,0,37.6,44.81683604869866
3.23,6,239.04,1,Cloudy,Low,Bakery,4.7,11,4,1,0,31.7,20.832595485916286
3.62,35,1738.03,5,Clear,High,Biryani,3.7,31,19,5,1,77.9,73.67913724883601
7.13,15,483.09,3,Clear,High,Bakery,4.0,12,21,3,0,63.9,66.04777215881941
2.96,18,287.89,1,Cloudy,High,Fast Food,4.4,13,19,5,1,57.5,55.859388745288754
1.37,26,226.34,1,Storm,Medium,Pizza,4.1,30,19,2,0,60.2,60.701784481965994
4.14,20,828.02,4,Rain,Medium,Pizza,4.8,24,0,6,1,53.2,52.898917780775896
4.61,42,261.96,2,Clear,Low,Indian,3.8,40,1,4,0,63.6,59.28793831336978
4.05,35,842.68,3,Cloudy,Medium,Biryani,3.5,33,11,5,1,68.3,64.50960490026206
1.41,42,209.57,1,Clear,Medium,Biryani,3.7,46,13,1,0,62.0,60.72238584479237
1.91,31,93.48,1,Rain,High,Biryani,3.7,31,23,1,0,68.8,72.43691342917927
7.15,20,83.18,1,Clear,Medium,South Indian,3.8,24,12,5,1,53.8,58.327121736209676
5.36,31,703.7,3,Clear,Low,South Indian,3.4,26,23,2,0,48.9,55.90882621692358
1.4,18,770.31,4,Clear,High,Desserts,4.2,14,0,3,0,37.5,44.182908522729235
10.03,30,502.44,2,Clear,Low,Indian,3.3,35,17,2,0,69.2,69.97972127238167
6.24,9,802.51,3,Rain,High,Fast Food,4.2,14,22,3,0,62.9,65.02562793695348
2.52,21,243.3,2,Clear,Low,South Indian,4.0,17,23,0,0,36.9,35.806768133754616
9.64,18,469.4,2,Clear,Medium,Bakery,4.4,17,21,6,1,66.2,67.0403407679969
4.66,15,428.06,3,Cloudy,Medium,Fast Food,4.1,11,12,4,0,51.2,46.41932647917143
6.69,19,1749.12,6,Clear,Medium,Bakery,3.9,17,17,0,0,57.7,56.821983544592136
6.76,21,676.16,4,Clear,High,South Indian,4.0,20,11,6,1,75.7,68.50111584553403
1.81,6,1018.27,3,Clear,Medium,Desserts,4.8,10,19,0,0,21.3,27.08057533493121
4.78,14,313.32,2,Cloudy,Low,Fast Food,4.4,19,2,5,1,36.2,33.81754063902036
10.11,19,113.01,1,Rain,Low,Indian,4.0,20,13,2,0,70.2,66.11688903868657
3.02,25,560.4,3,Clear,Low,Healthy,4.5,25,0,1,0,33.0,36.37240892738565
8.4,17,466.56,2,Clear,High,Cafe,4.0,15,13,6,1,70.1,70.83411788120338
13.12,24,150.56,1,Clear,Low,Pizza,3.7,25,18,2,0,74.2,74.93829427704469
4.41,14,946.87,4,Rain,Low,Desserts,4.6,10,2,5,1,36.9,38.545009201083964
13.26,39,726.4,4,Rain,High,Indian,4.4,39,21,4,0,118.6,119.53718388658984
2.87,24,644.18,4,Clear,Medium,Indian,4.7,23,8,1,0,42.9,46.29711216593885
3.14,28,276.56,1,Clear,High,Chinese,4.2,23,23,3,0,57.2,65.64283036279525
4.05,8,619.19,2,Cloudy,Low,Desserts,4.6,10,0,4,0,30.3,24.88579648754326
5.42,11,643.93,2,Clear,High,Desserts,4.6,10,14,3,0,56.0,54.43646339101555
4.45,10,226.93,1,Storm,Low,Fast Food,4.4,12,23,2,0,28.6,46.47234709092146
4.27,11,292.29,2,Clear,High,Desserts,4.4,12,13,1,0,55.5,50.152370230678045
10.68,15,641.51,3,Clear,Low,Fast Food,4.4,15,8,5,1,52.0,54.88471930100751
2.35,32,612.14,4,Rain,Low,Pizza,3.8,31,15,6,1,48.0,52.48064770546337
13.59,5,735.13,3,Cloudy,Low,Bakery,4.5,10,7,6,1,48.6,56.87998838719446
4.02,31,1330.02,4,Rain,Medium,Indian,4.4,32,23,3,0,60.1,68.84781287436986
4.28,21,1033.25,4,Clear,High,Pizza,4.1,23,18,3,0,62.4,61.47460814073253
5.65,47,376.01,2,Rain,Medium,Biryani,4.4,46,18,6,1,85.3,89.59883055677057
3.69,18,635.6,2,Clear,Medium,Fast Food,4.4,13,23,2,0,37.9,46.55353278264802
7.06,33,340.67,2,Cloudy,Low,Biryani,4.0,38,6,5,1,58.2,62.114533964572
3.59,28,84.85,1,Rain,Medium,Cafe,3.8,23,11,5,1,66.7,61.677426839125
9.95,17,537.75,2,Rain,Low,South Indian,4.6,22,0,2,0,63.8,60.47846398847799
5.77,32,607.92,3,Clear,Medium,Indian,3.8,36,21,4,0,62.9,67.65418795422156
1.2,19,313.87,3,Clear,Low,South Indian,4.0,20,15,4,0,23.3,27.405900690964884
3.09,29,747.11,4,Cloudy,Medium,Indian,4.2,32,3,6,1,57.5,53.04138867104291
3.17,21,280.0,3,Clear,High,Bakery,4.4,17,2,3,0,52.9,53.76954001235292
1.04,20,326.02,1,Clear,Low,Bakery,4.4,17,22,6,1,32.0,29.437441071088223
10.61,21,601.43,2,Rain,Medium,Indian,4.0,20,18,1,0,76.0,80.74134176294217
3.05,13,866.92,5,Clear,Medium,Healthy,3.9,16,9,1,0,31.5,36.296959842894296
14.61,14,498.14,2,Clear,Medium,Bakery,3.6,10,20,1,0,76.1,80.24946441061991
0.76,16,747.74,6,Clear,High,Desserts,4.2,14,19,1,0,37.1,44.22640592361753
1.59,23,1076.97,6,Rain,Medium,Cafe,4.4,21,11,1,0,56.9,49.54017171945611
6.98,33,1548.6,6,Clear,Medium,Indian,4.1,29,13,5,1,74.2,71.00804940839566
5.83,21,89.24,1,Clear,Medium,Healthy,4.4,24,11,5,1,53.2,54.500711106770275
3.23,31,513.79,5,Cloudy,Medium,Indian,4.6,28,22,6,1,66.3,59.78140062138249
3.62,25,293.43,1,Rain,Low,Pizza,3.7,20,10,2,0,48.2,48.75530126258392
2.3,51,281.56,2,Clear,Low,Biryani,3.8,48,13,1,0,70.3,63.09757100464218
1.25,25,169.47,1,Clear,Medium,Pizza,3.2,29,19,1,0,40.2,44.380982007602626
9.98,29,1168.58,4,Cloudy,Low,Indian,4.1,29,7,6,1,67.9,68.40801427725432
5.11,25,629.42,2,Clear,Low,South Indian,4.3,30,17,2,0,44.2,47.569952036339075
1.23,23,1861.18,6,Clear,High,Cafe,4.3,24,18,5,1,57.3,52.88640561891769
3.7,31,313.26,1,Clear,Medium,Pizza,4.3,29,11,5,1,57.2,57.03201568954099
0.93,11,622.69,2,Clear,High,Fast Food,5.0,15,19,5,1,40.7,39.72377181647052
3.46,19,427.97,2,Rain,Medium,Fast Food,5.0,15,19,0,0,61.0,53.63978445466274
1.4,12,325.13,3,Clear,High,Fast Food,5.0,15,6,2,0,35.1,39.322551240723975
0.77,25,233.31,1,Clear,Medium,Healthy,4.4,24,4,0,0,33.2,39.13552556157494
12.28,14,288.37,2,Cloudy,Medium,Bakery,5.0,18,14,3,0,68.3,72.53754837694125
9.91,37,932.93,3,Clear,Low,Indian,3.9,40,23,0,0,69.4,77.8606744862226
1.97,43,333.33,1,Clear,Medium,Biryani,3.7,46,21,4,0,60.7,65.57247366436962
3.44,14,577.29,5,Clear,Medium,Healthy,4.0,17,22,4,0,40.1,41.65261758127566
2.52,34,701.57,4,Cloudy,Medium,Chinese,4.3,31,14,5,1,65.3,58.56819204558285
1.47,20,579.22,2,Cloudy,Low,Cafe,3.6,20,7,4,0,18.3,29.7033622191358
9.13,30,349.34,3,Clear,Medium,Chinese,3.6,33,19,5,1,80.0,76.98595435889126
2.53,29,466.36,2,Cloudy,Low,Chinese,4.5,26,8,4,0,46.0,42.49382920192111
2.21,21,556.54,2,Rain,High,Cafe,4.2,22,13,3,0,65.3,61.066524712012665
1.56,27,1167.12,4,Clear,High,Pizza,4.0,24,19,4,0,57.8,58.21910202553059
5.14,35,197.04,1,Clear,Medium,Indian,3.8,40,21,6,1,69.9,68.47133658376382
6.47,26,1157.93,4,Clear,Medium,Indian,4.0,21,21,6,1,62.3,64.063795801315
4.51,19,405.28,2,Clear,High,Desserts,4.9,16,11,0,0,66.1,58.476566160048755
6.28,14,354.51,2,Clear,Low,Fast Food,4.0,12,1,3,0,32.7,36.900549397963545
7.95,31,1501.28,6,Clear,High,Biryani,4.4,34,14,5,1,79.7,83.5778347963294
2.79,25,1111.86,4,Clear,Low,Chinese,3.6,21,10,6,1,32.0,38.019450993471494
2.41,46,1084.08,4,Clear,High,Biryani,4.3,49,20,5,1,82.9,80.61555165165576
3.33,34,247.12,1,Cloudy,High,Healthy,4.0,29,14,4,0,69.4,72.28950812815425
16.03,20,538.05,2,Clear,Low,Cafe,4.4,21,0,5,1,77.9,77.0129808234411
4.09,12,533.92,2,Rain,Low,Fast Food,4.4,11,12,6,1,36.5,37.66163594862995
7.06,27,1152.75,5,Rain,Low,Biryani,5.0,32,5,3,0,61.1,61.70226758388543
1.36,43,760.74,6,Cloudy,Low,Indian,4.0,40,9,5,1,51.6,52.634724091078674
3.1,19,114.85,1,Clear,Low,Fast Food,3.8,15,12,0,0,31.3,33.27501842737863
3.63,34,582.82,2,Clear,Medium,Biryani,5.0,32,14,3,0,60.3,60.55418550649637
3.45,14,269.08,1,Cloudy,Medium,Desserts,3.8,10,22,4,0,54.1,43.63959427664825
2.39,35,164.36,1,Clear,High,Pizza,3.8,32,11,5,1,77.1,67.30779714959442
3.67,22,838.37,4,Clear,Low,Fast Food,3.9,17,17,6,1,33.3,39.47913066266666
2.26,25,1173.73,4,Clear,High,South Indian,4.6,22,14,4,0,67.2,57.39390076301823
6.28,18,697.75,4,Cloudy,Medium,Cafe,4.6,20,18,3,0,56.7,56.617585556097076
4.98,29,593.64,2,Clear,High,Pizza,4.0,27,16,1,0,67.5,71.4646362761276
2.1,45,797.92,4,Clear,Low,Biryani,3.7,46,22,6,1,59.5,58.52342260223338
0.5,16,1191.55,5,Rain,Medium,Cafe,3.5,14,21,4,0,42.8,41.18347761058002
2.02,39,206.77,1,Cloudy,Medium,Indian,4.6,37,19,3,0,67.8,62.916928466315476
2.9,9,309.24,1,Clear,Medium,Fast Food,4.1,11,20,2,0,32.7,34.1247274870828
3.5,14,105.46,1,Cloudy,Low,Bakery,4.2,13,13,3,0,33.7,31.92911973911663
5.44,23,342.16,2,Rain,Low,Cafe,3.9,22,5,0,0,54.5,51.99767681581308
5.99,42,1374.32,4,Clear,Low,Biryani,3.9,42,5,5,1,62.4,65.24608105023658
2.85,21,123.8,1,Cloudy,Medium,Cafe,4.1,22,21,2,0,47.2,48.35875424679624
4.96,37,429.17,2,Cloudy,High,Biryani,4.4,34,1,2,0,78.4,78.05621452953022
6.91,14,502.88,3,Rain,High,Desserts,4.5,15,18,2,0,77.2,71.48161384165074
8.34,9,202.02,2,Clear,High,Desserts,3.7,14,19,2,0,64.8,63.886857454231375
2.59,28,365.78,3,Clear,High,Pizza,4.1,30,11,0,0,60.4,60.89121146422047
7.8,23,538.3,2,Cloudy,Medium,Indian,3.8,25,23,3,0,58.3,68.15174304205688
2.01,27,586.45,2,Clear,Medium,Pizza,4.6,29,23,0,0,49.1,49.77951114470958
6.36,34,949.0,6,Rain,Medium,Biryani,4.4,32,14,2,0,78.8,78.05753339791447
8.16,36,668.92,2,Clear,Medium,Chinese,4.1,35,21,0,0,80.0,79.98500207422012
2.77,32,145.78,1,Cloudy,Low,Indian,4.4,32,3,5,1,52.1,45.1670169074594
3.21,31,495.17,2,Clear,Medium,Indian,4.6,28,20,6,1,63.4,57.34489858940961
3.19,39,121.95,1,Clear,Medium,Biryani,3.9,42,14,5,1,70.6,64.17497843509874
2.98,25,204.63,2,Rain,Low,Indian,3.8,25,2,4,0,43.4,44.68338644724832
1.67,28,764.5,3,Clear,Low,Indian,4.4,32,7,3,0,39.7,36.27391983312765
3.77,21,1166.8,4,Clear,Low,Bakery,4.4,20,23,5,1,37.6,40.23618841511623
6.73,18,2000.29,6,Cloudy,Medium,Fast Food,4.7,14,20,6,1,61.4,58.51769127450194
3.07,37,1005.48,6,Cloudy,Medium,Chinese,4.4,33,19,4,0,61.8,64.62889040863271
3.98,13,925.56,4,Clear,High,Bakery,5.0,18,19,1,0,57.7,52.4377868268015
3.9,38,305.7,1,Clear,Medium,Biryani,3.5,33,12,3,0,64.6,65.23375067547062
1.35,18,1393.54,6,Cloudy,Medium,Healthy,3.9,19,18,3,0,43.9,39.436877618276185
5.88,11,849.24,5,Cloudy,Medium,Bakery,3.6,10,12,0,0,56.0,46.76360640114977
4.67,44,453.54,2,Clear,High,Biryani,3.7,46,18,2,0,91.4,86.104024936868
10.7,29,1224.9,5,Clear,High,Pizza,4.0,25,21,5,1,95.8,92.66762545466287
2.81,29,306.18,1,Cloudy,Low,Chinese,4.1,29,23,4,0,47.2,46.98132809661632
2.26,32,1388.01,6,Cloudy,Medium,South Indian,4.3,30,19,5,1,63.2,56.73856870327644
2.59,50,433.8,4,Clear,Medium,Biryani,3.5,45,7,1,0,67.1,71.45975273425414
12.5,35,244.12,3,Clear,High,Biryani,4.2,31,20,3,0,106.1,104.84768277123979
8.1,31,189.55,1,Storm,High,Biryani,4.2,35,20,0,0,100.5,100.43735959482713
4.74,30,660.37,2,Rain,Low,South Indian,3.6,27,13,4,0,57.6,58.39574190284749
4.03,32,183.38,2,Rain,High,Pizza,3.8,29,13,5,1,84.9,78.40942312439735
2.22,19,282.11,3,Rain,High,Fast Food,4.2,23,19,2,0,65.6,60.22757497429586
1.96,36,218.53,1,Rain,Low,Biryani,3.9,33,5,3,0,52.3,52.98319873852212
9.66,32,181.59,2,Cloudy,Low,Indian,4.6,37,0,2,0,76.0,68.56308948576218
2.36,20,251.79,1,Clear,Low,Chinese,4.2,21,16,5,1,33.0,32.783008557424075
9.38,7,336.64,2,Clear,High,Bakery,3.7,11,13,1,0,57.7,64.10873071334562
1.39,29,129.64,1,Clear,Medium,Cafe,4.3,24,15,5,1,46.7,47.90458999650739
4.85,25,304.13,1,Cloudy,High,Chinese,3.2,24,18,2,0,69.5,69.5726008465461
6.69,24,1309.1,5,Clear,High,Cafe,4.6,20,20,1,0,76.5,73.3505620444236
5.04,23,296.73,1,Clear,Medium,South Indian,3.8,28,4,0,0,54.3,52.08428004001091
2.77,6,398.2,3,Clear,Medium,Fast Food,4.1,11,14,6,1,35.0,29.29837939510854
2.0,23,1098.29,4,Rain,Low,Fast Food,3.7,22,9,6,1,41.0,40.78902153764677
2.25,37,80.56,1,Clear,High,Chinese,4.4,33,22,4,0,66.9,71.30073541456048
3.73,29,96.68,1,Cloudy,High,Healthy,3.9,29,20,1,0,74.3,70.02266971699541
3.68,48,313.29,2,Clear,Medium,Biryani,3.7,46,11,6,1,72.4,74.25224692826583
6.62,16,601.09,2,Cloudy,Low,Fast Food,4.4,13,15,4,0,44.9,45.25425103425664
4.35,12,1127.38,4,Clear,High,Bakery,3.9,10,7,3,0,46.9,50.14470300149512
3.35,21,678.68,2,Clear,High,Fast Food,4.5,17,11,4,0,59.1,56.447691704135366
1.96,10,371.75,3,Clear,Medium,Cafe,4.7,12,5,2,0,32.0,28.479946521709522
1.55,38,345.16,2,Clear,High,Biryani,3.9,33,18,4,0,70.6,69.12810094443263
11.03,40,312.59,2,Clear,High,Biryani,4.3,35,12,1,0,105.8,102.86127996616372
4.08,15,303.58,2,Rain,High,Fast Food,4.4,12,20,5,1,59.4,62.951114067718905
4.73,13,937.83,3,Clear,Medium,Cafe,4.9,14,21,0,0,39.8,44.84893084057086
1.4,19,1281.79,5,Clear,High,Desserts,3.6,17,5,6,1,37.9,46.4623371649936
8.46,46,301.16,1,Cloudy,High,Biryani,4.4,46,21,5,1,98.1,103.96807249078319
6.14,9,143.48,1,Clear,Medium,Desserts,4.0,14,11,5,1,50.4,43.542462500942904
0.6,15,1332.36,4,Cloudy,High,Fast Food,4.0,12,20,5,1,42.7,44.90313179987251
8.41,18,288.97,3,Clear,Low,South Indian,4.6,22,2,3,0,52.0,48.58929628296518
2.16,30,504.66,2,Storm,Medium,Indian,4.1,28,13,3,0,71.8,66.10153320943455
8.48,21,590.22,5,Rain,Low,Desserts,4.4,16,21,1,0,73.0,64.11307197254163
6.82,25,527.31,2,Rain,Medium,South Indian,4.5,26,20,5,1,62.2,71.86638910010261
2.87,19,942.73,3,Clear,Medium,South Indian,4.0,20,18,6,1,38.0,43.7230912937307
6.65,12,615.03,4,Clear,Low,Bakery,4.7,11,5,6,1,40.2,37.09548125094997
5.94,22,265.88,2,Clear,High,Desserts,3.9,18,21,4,0,68.1,68.95986686813325
3.49,21,389.5,2,Clear,Medium,South Indian,4.7,19,6,0,0,47.5,44.95555435140245
3.93,16,269.95,2,Cloudy,Medium,Cafe,4.4,21,6,4,0,41.6,43.6836346539952
4.16,17,287.49,1,Cloudy,High,South Indian,3.8,16,20,2,0,63.4,59.427924144346534
4.09,37,629.22,3,Clear,Medium,Biryani,3.5,33,12,4,0,72.5,64.90239585801781
3.67,16,497.55,4,Clear,Low,Pizza,3.7,20,5,6,1,29.4,30.852784575765014
19.9,38,548.93,2,Clear,High,Indian,4.3,37,13,5,1,131.1,132.05297877382046
1.27,48,538.56,2,Rain,High,Biryani,4.1,48,20,1,0,89.3,86.528990375529
5.26,28,1001.67,4,Clear,Medium,Indian,3.6,31,3,4,0,59.7,57.765356019985155
2.78,15,129.66,1,Clear,Low,Bakery,5.0,18,10,6,1,27.7,27.69029384782049
1.22,13,419.29,4,Rain,Medium,Fast Food,4.4,14,1,1,0,26.8,35.71806408386285
1.75,34,2083.27,6,Clear,Medium,Biryani,3.1,36,3,5,1,54.4,51.764402142802766
4.24,18,324.33,1,Clear,High,Pizza,3.9,21,19,6,1,61.6,58.60288652557251
0.99,29,218.24,1,Clear,High,South Indian,3.8,30,14,6,1,66.5,57.05936445351542
0.83,20,646.54,3,Clear,Medium,Pizza,4.2,24,6,2,0,32.6,34.800677259662784
7.76,12,265.28,1,Clear,Medium,Fast Food,4.2,15,15,2,0,50.6,52.99562368074601
3.54,28,707.06,5,Cloudy,Medium,Chinese,4.3,23,12,6,1,59.3,55.65125314616999
10.83,35,727.81,3,Clear,Medium,Pizza,4.0,34,0,3,0,84.0,83.52602762927219
1.29,21,293.46,2,Cloudy,High,Cafe,5.0,21,20,4,0,61.7,53.37303864758907
6.17,24,406.34,2,Clear,High,Cafe,4.7,23,11,1,0,75.4,69.44503300528541
3.1,38,738.29,4,Clear,High,Chinese,4.1,35,14,2,0,71.4,73.45675492500564
6.25,43,1187.76,4,Clear,Medium,Biryani,3.8,42,12,3,0,77.7,78.4716013861992
6.33,29,122.99,1,Clear,Low,Chinese,3.6,33,0,1,0,49.6,52.08856733572852
2.59,15,412.68,2,Clear,Medium,Bakery,3.9,10,14,1,0,41.4,37.73061343595875
0.92,23,800.46,4,Clear,Low,South Indian,3.7,18,17,2,0,25.7,30.907453219717645
5.22,13,156.17,1,Clear,Low,Healthy,4.1,15,2,0,0,26.7,32.54610132976225
0.57,28,112.84,1,Clear,Medium,Cafe,4.7,23,20,3,0,35.5,45.11631145689129
2.75,28,343.99,2,Rain,High,South Indian,3.4,25,14,6,1,67.4,70.17640706543955
14.29,37,827.74,3,Clear,Low,Indian,4.3,36,1,3,0,87.4,88.1266606713364
0.5,12,699.52,2,Rain,Medium,Cafe,4.0,13,8,3,0,36.2,34.13835489619758
0.77,11,1011.83,3,Clear,Low,Healthy,4.1,15,5,0,0,14.5,15.683674318457903
2.94,10,467.64,2,Rain,Low,Cafe,3.5,14,15,0,0,23.6,32.5728227019723
4.57,32,167.98,2,Clear,Low,Indian,3.8,36,8,3,0,48.4,50.71832118926814
6.84,29,592.27,2,Clear,Medium,South Indian,4.3,30,10,4,0,61.4,65.7693818016008
11.45,20,713.85,3,Clear,Medium,Healthy,4.1,15,13,4,0,81.5,73.67268215433086
5.6,21,186.23,1,Cloudy,Medium,South Indian,4.3,22,12,4,0,64.7,55.81033148475788
0.94,38,1689.66,5,Clear,Low,Biryani,3.1,36,2,5,1,47.9,42.96327452593934
5.41,15,759.51,3,Clear,Medium,Bakery,3.7,11,18,0,0,48.3,48.54859377377018
1.63,19,373.25,3,Cloudy,Medium,Desserts,3.8,15,20,5,1,42.5,41.7837352420241
6.02,25,558.97,4,Clear,Low,Healthy,4.4,22,7,0,0,49.3,48.451701967835874
5.73,24,359.96,3,Clear,Medium,Chinese,4.2,21,19,0,0,63.6,58.91120142162387
3.57,21,574.35,2,Cloudy,Medium,Indian,3.7,22,19,4,0,50.6,50.441281204889904
4.15,48,532.69,2,Clear,High,Biryani,4.5,45,17,3,0,81.9,87.96735599908116
1.14,23,588.28,3,Cloudy,High,Desserts,4.3,19,13,6,1,46.2,53.24694344357418
0.52,23,1668.42,5,Clear,High,Fast Food,4.2,21,0,3,0,43.2,46.077895186810636
2.71,18,80.16,1,Clear,Low,Pizza,4.4,23,23,6,1,20.0,33.56001162944952
2.64,40,1327.33,5,Cloudy,High,Indian,3.8,36,18,1,0,81.6,76.74932081582398
1.5,10,507.22,2,Cloudy,Medium,Desserts,3.8,15,22,3,0,33.5,32.814297261130505
7.01,50,209.75,2,Clear,Medium,Biryani,3.8,48,14,5,1,86.9,88.57216243580565
14.2,12,528.8,4,Clear,Medium,Desserts,4.5,15,13,6,1,73.3,75.15545518338658
1.2,29,804.26,3,Cloudy,High,Pizza,3.2,29,3,1,0,54.0,57.32068503461459
3.27,11,1336.29,5,Cloudy,High,Cafe,4.7,12,21,4,0,50.7,50.577584098731236
3.73,20,299.22,2,Clear,Medium,Desserts,4.4,18,10,1,0,42.2,45.789926786666015
2.56,43,249.22,2,Clear,High,Biryani,3.9,39,22,0,0,80.0,78.5343692942104
3.02,29,243.5,2,Clear,Medium,Healthy,4.4,24,7,4,0,45.0,51.74245551720112
3.49,16,330.58,1,Cloudy,Low,Desserts,4.6,12,9,0,0,22.3,32.92858005274389
2.99,20,128.37,1,Clear,Medium,Healthy,4.4,24,13,6,1,43.9,44.03126801881392
0.8,30,105.52,1,Clear,Medium,South Indian,4.0,30,14,4,0,46.4,46.54920497281664
6.13,27,979.31,3,Cloudy,Medium,Pizza,3.8,31,10,4,0,58.2,63.37813168084684
6.33,9,380.79,2,Cloudy,Medium,Desserts,3.8,10,7,6,1,47.4,45.28450729273787
12.8,28,338.66,2,Cloudy,Medium,Chinese,4.4,33,19,3,0,95.3,89.71488687536596
10.0,25,140.98,1,Clear,High,Chinese,3.6,21,18,0,0,80.6,85.53730296226885
9.5,40,1030.09,3,Cloudy,Low,Indian,3.9,40,10,1,0,73.9,78.43303450337959
1.56,8,268.85,1,Storm,Medium,Bakery,4.5,10,5,3,0,32.9,40.01515581862117
1.03,22,518.82,2,Clear,Low,Cafe,4.2,22,20,5,1,35.3,31.091639852752543
0.5,21,399.04,2,Clear,Low,South Indian,4.4,20,14,2,0,31.7,26.670584705664403
1.83,16,350.78,3,Clear,Medium,Healthy,4.0,16,20,2,0,34.2,37.5422435020997
3.53,24,1360.09,4,Cloudy,High,Pizza,4.2,24,20,2,0,61.0,64.2758198969136
3.94,34,1676.68,6,Cloudy,Medium,Biryani,3.9,39,21,3,0,64.9,65.39218926153787
4.19,28,155.49,1,Clear,Low,Indian,3.5,26,2,6,1,49.2,44.05727123249262
5.22,36,168.59,2,Clear,Medium,Biryani,3.1,36,16,3,0,60.7,68.80445871830172
0.52,29,294.4,3,Clear,Medium,Indian,3.8,29,3,5,1,41.7,42.081935437379855
3.2,13,1738.33,6,Clear,Medium,Desserts,4.4,18,19,4,0,37.1,39.088020312060095
6.74,41,1168.24,4,Clear,High,Biryani,3.1,36,16,6,1,88.5,89.99707883586677
12.13,16,1384.92,4,Clear,Medium,Cafe,4.4,19,22,0,0,80.5,74.09470846924108
2.13,13,562.7,3,Clear,Medium,Fast Food,4.5,17,14,1,0,41.1,33.987762783152476
6.42,27,204.06,2,Clear,Medium,Cafe,4.2,22,14,4,0,66.9,63.29314825953101
1.98,40,313.65,2,Clear,Low,Chinese,4.2,35,16,4,0,50.9,51.48944532972524
8.15,22,937.5,3,Cloudy,Low,Healthy,4.3,27,7,3,0,50.3,55.005395140805156
1.09,17,1266.75,4,Clear,High,Healthy,4.0,16,13,4,0,49.4,45.23713570288213
10.68,17,169.99,1,Clear,Medium,Bakery,4.0,12,22,5,1,70.1,69.92592681191661
3.35,48,283.57,2,Cloudy,Medium,Biryani,4.3,43,1,6,1,74.4,72.67954829225557
2.95,41,315.63,1,Cloudy,Low,Biryani,3.9,39,10,1,0,54.8,56.63371022961678
5.15,15,355.0,2,Rain,Low,Cafe,3.6,20,23,4,0,40.9,47.20263072709443
11.2,27,139.81,1,Cloudy,Medium,Cafe,4.3,24,11,5,1,79.7,81.31194811495762
4.08,37,541.62,2,Clear,Low,Biryani,5.0,42,1,6,1,47.5,52.481138115643226
4.19,19,203.25,1,Cloudy,Low,Cafe,4.3,24,15,3,0,44.1,39.959438288946274
3.97,15,322.88,1,Clear,Medium,Desserts,3.7,14,18,0,0,49.0,43.549668423859465
2.84,25,842.86,5,Clear,Medium,Indian,3.8,29,19,2,0,57.0,49.86271443154757
10.19,12,427.84,2,Clear,High,Cafe,3.6,14,18,3,0,67.4,73.27445276269503
10.94,6,199.28,2,Clear,High,Bakery,3.9,10,21,4,0,77.5,70.40960003306135
9.07,28,1263.36,5,Cloudy,High,Pizza,3.9,32,12,2,0,92.7,85.8812589379434
1.74,16,531.13,5,Cloudy,Low,Chinese,4.2,21,3,6,1,24.7,25.557701352837242
8.22,28,221.14,2,Clear,Medium,Indian,4.2,32,23,2,0,64.6,72.58547451416669
1.05,11,600.22,3,Rain,Medium,Fast Food,4.0,12,11,6,1,43.8,35.546774404942454
2.04,11,555.82,2,Cloudy,High,Cafe,4.0,15,18,5,1,53.2,45.66659464514768
5.03,29,1247.82,5,Rain,Medium,Healthy,4.4,24,6,6,1,59.9,66.51357237654476
5.7,27,825.94,3,Rain,High,South Indian,4.5,23,22,6,1,86.6,81.21490341100211
8.76,29,633.41,2,Clear,Medium,Fast Food,4.0,25,23,5,1,71.1,75.42113164295345
3.32,33,1318.28,4,Clear,High,Pizza,4.0,29,18,0,0,71.8,70.1235189770461
3.67,13,1023.01,6,Rain,Low,Bakery,3.8,15,10,4,0,33.4,36.85155661859649
1.56,31,126.66,1,Cloudy,High,Pizza,4.0,34,17,5,1,51.3,63.72119787872103
3.14,31,129.58,1,Clear,Low,South Indian,4.0,30,16,3,0,51.0,46.47007923843411
0.5,40,1569.15,5,Clear,Low,Indian,4.1,39,13,5,1,53.1,45.648008979499664
2.06,16,984.8,4,Storm,Medium,Desserts,4.2,14,12,4,0,52.0,51.470753326654645
4.94,22,106.66,1,Clear,High,South Indian,4.4,20,15,6,1,63.9,64.00246199312276
0.5,13,643.99,5,Clear,Medium,Desserts,3.9,12,13,3,0,30.0,28.210888262034505
4.47,23,171.77,2,Clear,Medium,Fast Food,4.0,23,23,6,1,49.8,54.36588018847408
3.5,38,567.49,6,Storm,Low,Indian,4.3,37,1,5,1,67.9,66.25882636116077
3.91,12,186.88,1,Cloudy,High,Cafe,3.6,14,21,4,0,59.7,53.94804688845754
2.49,13,1234.59,5,Clear,Medium,Desserts,4.4,18,21,2,0,39.1,37.00665441984328
3.19,38,279.91,1,Clear,Low,Biryani,4.3,35,20,5,1,55.5,54.768676362551055
3.85,22,951.86,3,Clear,Medium,Cafe,4.2,22,7,5,1,48.4,47.72520371238401
3.96,25,309.24,2,Clear,Low,Fast Food,4.2,21,4,5,1,40.5,40.46792848551327
3.24,17,324.14,1,Clear,Low,South Indian,4.0,17,2,4,0,30.9,29.6010642695708
5.71,19,426.76,3,Clear,High,Fast Food,4.3,16,18,6,1,64.4,64.30521655570723
6.32,33,204.19,1,Clear,Low,South Indian,4.0,30,9,1,0,65.1,57.97885901464977
4.4,5,479.33,3,Clear,Low,Cafe,3.5,10,22,5,1,20.8,26.382722141830726
5.68,19,985.27,5,Clear,High,South Indian,4.3,22,14,4,0,54.3,63.37555399170753
10.03,8,321.14,3,Clear,Medium,Bakery,4.3,12,19,1,0,62.3,57.86245411738186
5.75,39,682.24,3,Cloudy,Low,Biryani,5.0,42,3,4,0,59.5,62.73994463713724
10.5,26,758.76,3,Clear,Medium,Pizza,3.8,29,21,5,1,73.1,78.2043902741636
4.44,24,505.49,2,Clear,Medium,Indian,4.1,29,14,5,1,62.0,53.33303864854681
3.68,26,658.88,2,Rain,Medium,Pizza,4.1,30,20,2,0,63.6,61.971996923042795
2.86,12,560.1,2,Clear,High,Fast Food,3.5,13,2,6,1,40.1,43.78212777726394
6.0,20,887.68,6,Clear,High,Cafe,3.3,21,18,1,0,74.1,66.59168274422402
2.4,29,326.99,1,Clear,Medium,Fast Food,4.7,24,18,6,1,55.2,51.91479085685636
4.45,13,1350.43,4,Rain,High,Desserts,4.6,10,20,5,1,61.8,62.36931681218013
2.71,25,276.95,1,Clear,Medium,Bakery,4.4,20,1,6,1,40.6,45.196688786261404
1.94,23,337.99,1,Cloudy,Low,Indian,4.5,23,20,3,0,35.7,37.12606938025792
3.96,10,316.48,1,Clear,Medium,Desserts,4.6,12,22,4,0,41.9,39.368086634222394
5.69,17,1762.45,6,Clear,High,South Indian,4.0,20,18,3,0,54.7,62.39263051924889
4.72,32,284.05,1,Clear,High,Chinese,4.1,35,18,2,0,74.3,74.0691908681035
3.93,37,488.18,2,Clear,Medium,Indian,4.2,36,0,5,1,63.7,61.343900769018894
1.49,11,179.64,2,Clear,Medium,Bakery,4.2,13,10,2,0,30.0,28.928179485105666
7.35,22,1364.5,5,Cloudy,Medium,Cafe,4.2,22,21,6,1,61.0,65.1693298606672
2.82,11,1361.99,6,Cloudy,Low,Healthy,3.9,16,0,5,1,22.7,23.73361751304217
1.8,18,1391.22,6,Cloudy,Low,Indian,3.7,22,16,2,0,24.2,30.796906374297993
2.47,28,716.29,3,Clear,Medium,Healthy,3.7,23,7,6,1,37.0,48.93093418953395
6.88,12,180.62,2,Cloudy,Medium,Bakery,4.5,10,22,5,1,54.6,53.49413047887715
1.15,14,1151.54,5,Cloudy,Low,Bakery,3.8,15,23,6,1,24.2,26.082054930108377
7.58,9,263.29,2,Storm,Low,Cafe,4.0,13,5,5,1,61.8,52.562490369454814
11.58,13,501.48,4,Clear,Medium,Desserts,3.8,15,22,5,1,74.0,69.11604651153473
2.3,15,624.44,2,Clear,Low,Desserts,4.4,12,9,1,0,19.1,25.84128665212465
4.12,11,1133.81,4,Cloudy,Medium,Desserts,4.5,15,19,0,0,42.7,42.181715874437636
4.13,30,472.78,2,Cloudy,High,Chinese,3.5,33,19,3,0,73.5,72.2806403525023
2.9,13,104.07,1,Clear,High,Fast Food,3.9,17,13,5,1,48.5,47.37137079695937
5.46,12,282.18,1,Rain,High,Bakery,4.5,10,4,6,1,59.6,61.20170771835891
4.75,43,249.63,1,Clear,High,Biryani,3.7,46,21,4,0,88.0,86.10400183400778
5.35,30,1367.14,5,Clear,Low,South Indian,4.5,26,23,2,0,57.5,54.749368550734474
3.74,30,442.82,2,Rain,Low,Chinese,3.5,31,0,0,0,50.2,51.943929836245545
7.46,9,612.71,2,Clear,Medium,Bakery,4.7,11,18,4,0,49.7,49.66653012571469
2.53,31,1091.62,4,Cloudy,Medium,Chinese,4.1,27,12,4,0,61.2,55.19982229643779
1.95,22,278.36,2,Cloudy,Medium,Cafe,4.1,22,12,0,0,47.6,44.1071571714513
10.94,33,621.34,2,Clear,High,Pizza,4.1,30,14,4,0,92.0,95.92262027523113
3.62,19,907.55,5,Clear,Medium,Cafe,5.0,21,3,6,1,42.5,42.86757483004896
1.84,28,1056.27,6,Clear,Medium,Indian,4.1,29,20,5,1,50.4,49.56985675209176
3.75,16,1472.76,5,Clear,Low,Bakery,5.0,18,23,3,0,32.6,35.083123563177026
2.14,24,1539.12,5,Clear,Medium,South Indian,3.8,27,17,2,0,44.4,45.96192975597137
5.52,44,1264.18,4,Cloudy,Low,Indian,4.4,39,7,4,0,69.1,67.78200643014725
7.29,32,552.56,2,Rain,Medium,South Indian,4.3,30,23,3,0,77.8,81.23404447126657
4.99,25,597.63,3,Rain,Low,Cafe,3.6,20,18,2,0,51.5,55.46519147738422
3.54,10,1543.76,6,Clear,Medium,Cafe,3.5,10,12,1,0,38.3,35.793640338006306
2.61,17,1824.79,6,Rain,Medium,Chinese,3.6,21,12,6,1,47.4,47.51862488060645
4.04,22,416.84,2,Cloudy,Low,Cafe,4.3,17,7,5,1,44.2,40.580216841183244
3.56,25,475.59,2,Rain,Medium,Fast Food,4.7,24,14,6,1,57.6,58.98159924750195
3.19,12,397.39,2,Rain,Low,Desserts,4.1,11,2,3,0,25.8,32.326806691824196
6.83,27,414.57,2,Rain,Low,Indian,5.0,26,7,5,1,58.7,61.17066455029464
7.73,37,874.26,4,Clear,Low,Pizza,4.0,35,14,5,1,74.9,68.16072416800678
1.59,17,899.48,6,Rain,Medium,South Indian,4.0,17,20,4,0,46.4,45.54643905853807
12.77,11,249.38,2,Cloudy,Low,Fast Food,4.2,15,4,5,1,59.5,59.266223055996875
3.28,12,533.71,2,Clear,Medium,Fast Food,4.4,14,3,6,1,32.2,34.56446575951882
0.5,10,273.15,1,Rain,Medium,Bakery,3.2,11,14,0,0,41.6,33.426481763996534
10.51,28,1093.19,5,Clear,Low,Healthy,4.7,26,23,1,0,66.5,70.86013480852037
7.34,25,216.04,2,Clear,Low,Cafe,4.2,22,8,5,1,55.4,53.41279362973349
2.34,17,901.31,3,Rain,Medium,Fast Food,4.4,19,22,0,0,47.7,48.51797033587954
1.74,41,581.39,2,Clear,Medium,Biryani,4.0,43,20,6,1,62.1,62.49693532410909
7.28,29,571.59,2,Clear,Medium,Biryani,3.9,33,14,6,1,67.5,68.5043939835751
7.0,28,398.25,3,Rain,Medium,Chinese,4.2,23,14,2,0,79.9,74.17889120202537
6.26,33,888.61,6,Clear,High,Chinese,4.3,31,21,4,0,77.7,81.0929133697071
1.94,21,637.14,2,Clear,Low,South Indian,4.4,20,5,3,0,33.1,29.685941107936568
3.34,24,543.7,4,Cloudy,Low,Chinese,3.2,24,8,3,0,45.9,40.44525236168966
3.06,30,1493.8,6,Rain,Medium,Pizza,4.0,25,12,0,0,67.9,61.924530849078295
7.74,13,248.06,3,Cloudy,High,Desserts,4.5,15,14,5,1,59.3,66.50946192464498
5.57,14,382.6,4,Cloudy,High,Desserts,4.4,18,12,2,0,58.8,59.44477948510347
1.62,24,855.85,4,Cloudy,Medium,Cafe,4.7,23,10,3,0,41.6,44.472787407643295
2.16,27,715.86,5,Clear,Medium,Healthy,4.0,29,11,4,0,50.2,47.69813085048526
7.85,16,314.43,1,Clear,High,South Indian,3.7,18,21,1,0,76.7,69.62196205021452
5.01,29,465.31,2,Clear,High,Indian,3.4,33,22,1,0,72.9,73.02967636187267
3.27,35,610.57,4,Cloudy,Medium,Indian,3.6,31,20,6,1,66.0,63.63001801463448
1.55,11,314.49,3,Clear,High,Fast Food,4.2,15,14,5,1,53.4,40.80579938471555
4.4,25,232.74,1,Rain,High,Chinese,3.6,21,20,3,0,72.1,74.36287728412006
2.31,17,187.38,1,Clear,Low,South Indian,4.2,15,1,0,0,32.5,26.011022769999933
3.33,16,786.44,3,Clear,Low,Cafe,4.3,17,20,4,0,33.9,33.129843527497925
11.74,14,755.52,3,Rain,Medium,Bakery,3.8,15,16,4,0,70.4,77.24637136317406
8.82,16,652.92,2,Clear,High,Desserts,4.9,16,14,4,0,80.7,71.34023966114995
0.85,30,609.11,3,Clear,Low,Indian,3.8,25,5,3,0,41.1,34.983228366574906
3.06,26,254.35,1,Cloudy,Low,Pizza,4.0,25,0,2,0,45.9,39.51502795290343
6.03,24,791.62,3,Storm,Low,Chinese,3.6,21,1,6,1,66.8,61.28991247543856
1.83,36,487.77,3,Rain,Medium,Chinese,4.4,33,19,4,0,71.8,65.26248156957148
4.5,16,641.42,3,Clear,High,Desserts,4.4,16,13,2,0,54.6,55.995552198138604
3.61,22,265.08,2,Clear,Medium,Desserts,4.4,18,4,1,0,40.9,45.99071569254449
6.04,21,340.43,3,Clear,Medium,Indian,4.0,21,21,5,1,59.1,57.49333958331389
2.66,24,241.1,1,Clear,High,Pizza,3.2,29,12,2,0,50.8,57.53815285422352
6.4,20,654.11,6,Clear,Medium,Desserts,3.6,16,20,5,1,58.8,57.51701081287999
3.34,8,641.04,2,Clear,Medium,Desserts,4.6,10,11,2,0,35.8,32.6471770725878
6.12,28,626.39,2,Cloudy,Medium,Pizza,3.8,32,13,6,1,69.5,65.02970148231236
20.0,23,729.7,6,Cloudy,High,Healthy,4.7,26,18,6,1,117.3,120.4390880500771
6.39,36,898.48,3,Clear,High,Indian,4.3,39,20,3,0,84.5,84.35393896421661
3.96,19,83.63,1,Clear,High,Cafe,3.9,22,13,6,1,62.2,57.307440233226934
1.67,12,864.05,3,Rain,High,Fast Food,3.9,17,22,6,1,50.6,52.095223125893654
3.21,38,282.2,2,Clear,Medium,Chinese,3.5,33,12,2,0,65.6,62.65200802138419
0.85,33,1565.33,5,Clear,Low,Indian,3.8,29,18,5,1,41.5,41.02583893791601
2.42,17,246.9,1,Cloudy,Medium,Healthy,4.4,22,21,6,1,47.8,42.839183467259744
1.36,20,983.21,3,Clear,Low,Healthy,3.9,16,2,2,0,27.0,26.1164957901566
10.51,33,235.84,1,Cloudy,Low,Biryani,4.4,34,2,4,0,70.2,73.23405884030024
3.02,35,380.41,2,Clear,High,Chinese,4.0,35,21,6,1,66.3,71.83966430644068
10.63,30,960.3,3,Cloudy,Medium,Indian,4.1,29,4,2,0,76.0,80.68241942223234
4.33,24,518.7,2,Cloudy,High,South Indian,4.4,20,19,3,0,65.8,66.74340318829493
1.99,17,180.67,1,Cloudy,Low,Desserts,3.7,14,19,5,1,28.7,31.128471409088228
3.36,11,195.61,1,Clear,High,Cafe,4.4,14,22,6,1,40.8,49.188786291249635
3.5,31,535.44,3,Clear,Medium,Healthy,4.7,26,10,4,0,56.9,56.08424537143485
2.8,34,248.6,2,Rain,Medium,Indian,4.2,32,20,5,1,70.3,66.86493975334487
5.13,9,316.26,2,Cloudy,Medium,Desserts,4.2,14,16,2,0,41.1,43.065634645642575
1.93,24,984.75,3,Clear,Low,South Indian,3.9,20,1,0,0,29.5,31.763753289237798
0.82,31,161.85,1,Rain,Medium,Biryani,3.1,36,14,2,0,55.6,55.8691558190557
9.36,22,433.43,3,Rain,High,Healthy,4.2,18,11,4,0,93.4,86.59697957388076
4.24,11,273.28,1,Clear,Medium,Desserts,4.1,11,1,5,1,35.7,36.58321769004826
1.32,33,455.16,3,Clear,High,Indian,4.1,29,14,6,1,64.4,62.19699687161544
1.8,26,1786.04,6,Clear,Low,Pizza,4.3,29,15,6,1,34.7,36.61882883100962
3.97,19,1226.43,4,Clear,Low,Bakery,3.9,17,15,3,0,34.3,37.15634583932922
5.23,34,282.04,1,Cloudy,Low,Indian,3.8,29,2,5,1,60.4,55.631917996460075
1.8,25,837.85,3,Rain,High,Indian,4.0,20,22,2,0,61.0,65.62060331382413
6.38,12,497.66,3,Cloudy,Low,Desserts,4.4,16,17,4,0,43.1,40.95839605386605
4.32,12,654.69,2,Clear,Medium,Fast Food,4.4,11,20,4,0,44.8,42.0979490872318
0.71,40,1724.75,5,Cloudy,High,Indian,4.4,39,18,3,0,72.8,69.98666334948359
2.48,39,461.51,5,Clear,High,Biryani,4.8,37,13,3,0,81.8,72.07155473455235
2.73,24,520.56,2,Clear,Medium,Bakery,3.9,19,9,4,0,41.9,46.15713488058526
2.19,25,505.17,2,Clear,Low,Cafe,3.9,22,3,1,0,34.4,34.258016977764534
3.0,29,928.2,3,Clear,High,Chinese,4.1,29,12,0,0,68.9,63.63634824205381
8.19,21,683.82,3,Clear,Low,Desserts,4.4,16,0,5,1,45.9,50.43960381886084
8.31,26,926.21,3,Clear,Medium,Indian,4.5,23,18,0,0,71.5,69.69676022515989
2.65,17,126.57,1,Clear,High,Healthy,4.1,15,22,3,0,47.8,52.69370760874313
9.45,27,626.78,3,Clear,High,Pizza,3.9,22,13,1,0,85.4,84.41107468995295
4.71,37,850.4,4,Rain,High,Indian,4.2,32,14,3,0,89.6,85.9865594265709
13.23,52,673.73,2,Rain,High,Biryani,4.1,47,20,6,1,131.3,132.4737012733397
7.76,23,920.96,3,Clear,Medium,Indian,4.6,25,12,2,0,68.2,63.41876601061498
3.71,12,526.06,3,Cloudy,Medium,Bakery,4.5,10,8,0,0,44.5,39.14189015258152
5.74,34,542.89,2,Rain,High,Pizza,3.8,29,14,0,0,86.9,86.60753063174572
3.58,27,446.08,2,Clear,Medium,South Indian,4.7,29,19,1,0,57.9,54.30364342320311
7.11,20,282.33,1,Clear,Low,Healthy,4.4,20,5,6,1,42.3,46.90613018659311
3.52,23,298.24,2,Rain,Low,Fast Food,4.0,25,1,1,0,48.0,44.169783401427296
1.84,44,426.59,2,Rain,Low,Indian,3.8,40,17,3,0,66.5,63.181090841591676
3.26,19,322.83,1,Clear,High,South Indian,3.8,16,20,3,0,57.1,56.327208854491936
5.19,15,275.85,3,Clear,Low,South Indian,4.0,17,5,4,0,33.8,35.074654604636784
0.99,26,883.98,6,Cloudy,High,Chinese,3.6,24,19,5,1,58.9,57.20298532880517
3.3,6,530.61,2,Clear,Medium,Bakery,3.2,11,5,2,0,22.7,29.275064050460024
5.87,12,462.27,3,Cloudy,High,Cafe,4.3,17,14,6,1,60.5,59.11774018142197
6.39,31,1543.55,5,Clear,Low,South Indian,4.5,26,13,2,0,63.0,57.11421879227666
6.3,28,253.78,3,Clear,Low,Chinese,3.2,24,19,1,0,63.6,55.331866655713114
1.57,34,652.69,2,Cloudy,Medium,Chinese,3.5,33,7,4,0,53.9,53.79074567725914
4.62,47,323.52,1,Storm,Low,Biryani,4.1,48,4,5,1,74.4,80.17510019606036
2.93,26,275.49,1,Clear,High,South Indian,3.8,28,18,3,0,70.0,61.748433468894234
3.79,25,686.55,2,Clear,Medium,Indian,4.5,23,20,0,0,55.8,53.324541442843525
1.32,22,1366.03,4,Cloudy,Medium,Chinese,3.6,21,21,6,1,51.0,44.10166040726019
2.01,29,173.66,1,Cloudy,Low,Pizza,4.0,24,4,6,1,37.1,39.77940710798616
1.56,8,719.35,5,Cloudy,Medium,Fast Food,4.4,13,20,1,0,30.8,30.307199029641126
2.72,15,417.17,2,Clear,Low,Cafe,4.2,16,9,3,0,29.9,27.454592623912717
2.88,34,187.74,1,Clear,Low,Indian,4.1,29,5,0,0,51.1,46.02573169819631
2.4,29,602.37,2,Clear,Medium,Indian,4.2,32,17,1,0,47.8,51.84495021429423
2.45,13,237.85,2,Clear,Medium,Bakery,4.3,12,13,1,0,32.2,34.95149767901853
2.86,40,195.75,1,Clear,Medium,Biryani,3.8,42,22,6,1,73.7,65.88712812665275
5.08,15,509.4,2,Clear,Low,South Indian,4.2,15,15,0,0,36.9,36.93020278274646
3.95,22,899.21,4,Cloudy,Medium,Cafe,4.3,17,7,4,0,47.0,49.995391538523464
0.84,21,650.62,4,Clear,Low,Cafe,4.2,16,0,6,1,23.5,24.807177352420958
1.63,7,469.03,3,Rain,Medium,Desserts,3.8,10,19,6,1,33.7,35.524468340356705
4.17,26,199.35,1,Clear,Medium,Pizza,4.3,29,15,0,0,50.1,54.53575824766528
4.99,25,230.35,1,Clear,Medium,Healthy,3.9,29,21,6,1,60.5,57.95927313405681
1.43,26,1202.88,4,Rain,Medium,Pizza,4.7,23,17,5,1,48.1,53.330909362852175
4.64,12,752.71,5,Clear,Medium,Bakery,4.7,11,14,6,1,40.8,41.83120033495453
13.19,15,445.2,3,Clear,Low,Desserts,4.0,14,19,2,0,73.1,66.31113212041734
1.52,31,471.3,3,Clear,High,Chinese,4.1,29,18,6,1,66.1,61.85391378170148
4.23,7,464.93,2,Rain,Low,Desserts,4.8,10,9,4,0,28.0,32.50170829805607
3.11,47,137.4,1,Cloudy,Medium,Biryani,4.5,45,12,0,0,85.4,73.28384860367662
1.41,28,84.51,1,Clear,High,Indian,4.2,32,14,6,1,60.2,57.51846550698336
2.28,23,84.1,1,Clear,Medium,Cafe,4.7,23,13,1,0,50.2,44.46951061988993
3.63,26,449.04,2,Clear,Medium,Cafe,4.3,24,14,1,0,56.9,52.49296003469172
6.38,51,905.81,6,Clear,High,Biryani,3.8,48,18,5,1,89.2,99.0657379230136
4.49,25,202.4,2,Cloudy,High,Pizza,4.6,29,22,2,0,67.5,69.0012013120873
4.84,40,201.05,2,Rain,Low,Indian,3.8,40,23,6,1,69.9,71.06580190245272
0.5,43,256.1,1,Rain,Medium,Biryani,4.0,38,6,4,0,57.8,64.83972993211273
0.71,18,135.62,1,Clear,Medium,Bakery,4.4,17,22,3,0,35.8,35.964539667499686
1.41,27,313.5,2,Clear,Medium,Pizza,3.8,29,0,1,0,38.9,42.500017000019696
7.18,30,179.95,1,Cloudy,Medium,Pizza,3.2,29,3,1,0,66.6,68.44700611986
3.54,23,570.95,3,Cloudy,Medium,Indian,4.2,26,20,6,1,52.6,52.50013747555278
7.24,37,347.8,1,Cloudy,Medium,Chinese,4.4,33,16,6,1,77.6,78.59433913085289
7.37,21,1559.59,5,Clear,High,Desserts,4.4,16,22,6,1,78.3,73.18462073012016
1.56,18,1293.39,4,Rain,Medium,Desserts,3.8,19,18,5,1,48.2,46.115087817296384
3.05,20,699.02,3,Rain,Low,South Indian,3.4,25,23,3,0,33.2,44.75951607219817
4.63,20,318.1,3,Cloudy,Low,South Indian,4.3,22,4,1,0,52.4,39.78671876837541
3.23,25,1119.87,6,Clear,Low,Fast Food,4.2,23,8,2,0,41.4,38.80467542499578
1.98,11,1154.38,4,Clear,Medium,Cafe,4.2,16,12,3,0,27.2,31.29560966228785
2.76,32,543.59,2,Clear,Medium,South Indian,3.8,28,20,5,1,48.9,56.817185608537386
0.58,8,473.17,3,Clear,High,Desserts,4.4,12,19,0,0,36.2,35.58631832863925
4.12,21,638.19,6,Cloudy,Medium,Fast Food,4.3,24,18,6,1,56.4,51.88576457108202
1.3,20,1093.38,5,Clear,Medium,Cafe,4.9,22,12,0,0,39.7,37.772471444005554
2.0,41,274.43,2,Cloudy,High,Biryani,3.7,46,22,5,1,68.9,76.64240265716538
2.44,26,282.48,1,Cloudy,High,Cafe,4.3,24,21,1,0,60.7,62.704172020113575
2.93,16,865.84,6,Cloudy,Medium,Desserts,4.1,11,17,5,1,36.5,42.579981206325826
2.8,27,245.62,1,Rain,High,Indian,4.2,32,15,0,0,64.0,69.49191548477008
11.2,18,124.36,1,Clear,High,Desserts,4.0,14,12,2,0,88.9,81.27072585558844
8.91,14,266.25,2,Clear,High,Desserts,3.9,18,14,5,1,67.8,69.75019376576302
2.6,29,582.53,2,Clear,Low,Indian,3.9,26,6,4,0,48.2,40.364515015697734
8.29,23,315.68,1,Clear,Medium,Cafe,3.6,20,18,6,1,62.1,66.86691976338017
3.26,31,716.87,3,Clear,High,Pizza,3.9,32,19,5,1,67.9,68.18480708726692
5.4,17,771.81,4,Rain,Low,Bakery,4.4,17,8,4,0,46.1,46.398276557019614
5.74,23,599.08,2,Clear,Low,Indian,4.0,27,17,5,1,47.5,47.868181352207934
3.53,41,175.3,1,Cloudy,Medium,Indian,3.8,36,5,0,0,66.6,67.048311548676
1.42,21,1932.35,6,Rain,Medium,South Indian,4.3,22,18,0,0,46.4,48.50031835403472
1.53,54,520.08,2,Clear,Medium,Biryani,4.3,49,20,2,0,83.4,74.69901634935367
2.74,19,599.68,2,Cloudy,High,Cafe,3.6,14,21,0,0,54.7,56.80550077054416
3.26,11,324.73,2,Clear,Medium,Desserts,3.8,10,0,1,0,30.9,32.90584396603426
4.27,22,342.02,1,Clear,Low,Cafe,4.0,19,11,1,0,50.3,40.35992869204799
3.68,22,487.81,5,Cloudy,Medium,Fast Food,4.5,17,18,2,0,62.3,51.26564612152021
6.13,36,152.46,1,Rain,Medium,Chinese,3.6,32,21,3,0,87.0,80.87666855932926
8.7,32,348.01,1,Clear,Low,Pizza,4.6,29,0,1,0,65.4,63.229599549360316
2.78,24,112.86,1,Clear,Low,Cafe,4.6,20,4,5,1,42.6,35.47817187534111
3.75,14,1120.74,4,Clear,High,Bakery,3.9,17,11,3,0,52.3,50.9833680766949
11.09,34,273.51,1,Clear,Medium,Indian,4.2,36,0,6,1,77.3,83.43672113942297
2.18,37,1194.51,5,Clear,Low,Biryani,3.5,33,15,3,0,45.1,49.17531446367356
2.07,22,576.86,2,Clear,Low,South Indian,4.0,17,8,3,0,22.5,31.86497520589569
8.19,16,450.93,2,Clear,Low,Fast Food,4.4,19,11,2,0,49.5,47.84773538998118
4.42,26,675.03,4,Clear,Medium,Biryani,4.3,31,0,6,1,55.5,52.18969898006507
3.97,46,533.51,4,Clear,Low,Biryani,3.8,44,14,6,1,66.6,64.1956412699756
0.58,31,130.03,1,Cloudy,High,South Indian,3.9,30,19,2,0,59.1,60.678866522942734
11.4,16,245.33,3,Clear,High,Healthy,3.9,19,21,0,0,82.0,82.07501376584547
2.62,27,311.13,3,Clear,Low,Healthy,4.7,26,10,1,0,38.1,39.21952738781274
3.29,22,813.69,3,Cloudy,Low,Fast Food,3.8,22,20,3,0,43.4,40.82891509271256
3.68,49,973.46,3,Clear,High,Biryani,3.8,48,13,5,1,88.6,86.52950050033465
4.49,32,274.72,3,Rain,Medium,Indian,4.2,29,17,2,0,60.3,70.04740802059537
6.64,18,592.43,2,Clear,High,Bakery,5.0,18,18,4,0,62.2,66.57860017614826
2.36,43,1106.34,4,Clear,Low,Biryani,4.0,38,15,0,0,45.7,55.724716722838004
1.21,18,657.42,2,Clear,Medium,Cafe,4.0,15,18,2,0,44.5,36.977174156238576
0.66,18,231.56,1,Rain,Low,Healthy,3.9,19,2,3,0,33.3,29.592513269736813
2.68,44,275.84,1,Cloudy,Medium,Biryani,5.0,42,22,2,0,68.8,71.0376692802307
4.61,15,238.18,2,Cloudy,Low,Desserts,4.8,10,7,3,0,33.0,35.37649567516394
6.24,27,351.99,2,Cloudy,Low,Pizza,4.8,24,23,5,1,52.8,56.8273821573018
1.48,25,187.82,2,Cloudy,Low,Chinese,4.2,21,15,6,1,28.4,36.42600028082897
2.64,25,144.32,1,Cloudy,High,South Indian,3.8,28,11,1,0,62.1,60.053406973917944
4.36,27,1185.1,4,Clear,Low,Indian,3.8,23,10,5,1,43.6,45.45245837547118
4.7,30,996.09,4,Cloudy,Medium,Healthy,4.5,25,22,6,1,68.9,64.05298736518662
4.57,24,1207.46,4,Clear,Medium,Cafe,4.2,22,21,5,1,52.0,55.45809707010444
1.63,13,1692.92,6,Clear,Low,Fast Food,3.8,15,11,5,1,21.8,21.986678190431235
4.4,23,715.35,4,Clear,Medium,South Indian,4.2,21,23,1,0,51.6,54.11414488827245
3.16,21,686.86,4,Clear,High,Chinese,3.6,24,14,5,1,58.1,56.7144408593168
4.2,28,648.87,3,Clear,Low,Pizza,4.1,30,5,6,1,49.5,44.72174442992127
1.44,15,618.06,3,Clear,Medium,Desserts,4.3,19,23,3,0,32.1,35.80490442994815
9.64,17,133.01,1,Cloudy,High,Healthy,4.3,16,14,4,0,76.6,77.29929160865692
7.79,29,349.14,2,Clear,High,Pizza,4.0,34,13,2,0,82.0,80.63581562063348
1.43,23,1822.31,6,Clear,Medium,South Indian,4.5,26,14,6,1,39.7,41.734296457609005
1.74,29,196.74,1,Rain,Medium,Healthy,4.1,27,16,0,0,48.6,57.25603441475828
0.9,29,644.62,2,Clear,Low,Healthy,4.7,26,1,2,0,31.7,33.19551320596682
4.11,14,114.63,1,Cloudy,Medium,Healthy,4.0,17,18,3,0,42.4,45.07296010222656
9.71,11,252.08,2,Clear,High,Fast Food,4.2,15,3,5,1,70.2,66.87678363920341
1.67,18,691.14,2,Rain,Low,Healthy,4.4,20,15,4,0,29.6,36.08346964459759
2.11,10,144.18,1,Clear,Medium,Fast Food,4.3,10,9,5,1,33.4,29.81342036420031
4.55,30,1014.67,6,Cloudy,Medium,Biryani,4.3,31,19,5,1,61.8,62.940717437159535
2.48,17,277.6,1,Rain,Low,South Indian,4.1,17,13,3,0,40.3,37.35669805897453
5.51,24,1272.73,6,Clear,High,Cafe,4.7,23,20,6,1,71.3,69.24286666087278
0.81,30,881.57,4,Clear,High,Pizza,4.3,32,18,1,0,63.1,58.28206043112041
2.89,39,526.82,2,Clear,Medium,Indian,4.4,39,22,6,1,66.6,64.74719881673984
2.27,26,773.45,4,Rain,High,Healthy,4.7,26,23,1,0,59.8,68.4441946167802
8.38,34,396.31,2,Clear,Low,Pizza,4.0,34,23,1,0,64.2,69.46028452704073
7.92,31,478.21,2,Cloudy,Low,South Indian,3.6,27,7,4,0,69.2,63.18008520108338
8.71,16,89.93,1,Clear,High,Desserts,4.4,12,14,4,0,75.9,70.97708658521958
1.03,19,149.18,1,Clear,High,Bakery,4.0,18,19,4,0,43.4,48.270964187213224
3.7,32,922.38,3,Clear,Medium,Pizza,4.0,32,17,4,0,66.1,59.47783441207029
7.33,47,471.9,3,Clear,Low,Biryani,3.8,44,19,3,0,81.2,78.10267510520626
2.23,21,335.15,1,Rain,Medium,Healthy,4.0,17,18,6,1,51.0,51.48851623928833
6.38,13,1452.33,5,Cloudy,Medium,Fast Food,4.4,13,12,3,0,57.4,50.44582664867336
3.24,18,344.03,3,Cloudy,High,Bakery,4.4,17,11,6,1,59.2,55.07136615732239
9.35,32,1088.72,5,Rain,Low,Biryani,4.6,33,7,2,0,72.1,75.21457119860652
1.56,22,893.62,4,Clear,Medium,South Indian,3.9,20,13,5,1,41.9,40.962186528863285
3.99,11,290.42,1,Rain,Low,Fast Food,4.3,10,6,3,0,33.1,34.92338144037814
7.86,21,190.96,2,Clear,Low,Cafe,4.0,18,10,5,1,45.2,51.70337052367411
3.89,47,1345.44,4,Storm,Medium,Biryani,4.1,47,18,4,0,85.4,90.58175986181597
0.85,30,194.58,1,Clear,High,South Indian,4.7,29,8,4,0,61.1,56.06507693252152
0.92,19,248.79,2,Clear,Low,Pizza,4.7,23,1,0,0,28.3,23.1376973809357
1.41,15,97.19,1,Cloudy,Medium,Desserts,4.2,14,12,6,1,38.4,35.155673848760344
2.67,13,964.66,3,Clear,Medium,Desserts,3.8,10,18,3,0,32.8,37.03066266015715
1.46,22,966.44,4,Rain,Medium,Healthy,4.3,27,12,3,0,58.9,48.38546261641517
0.68,20,368.44,2,Cloudy,High,Fast Food,5.0,15,21,0,0,52.6,50.197993801866026
2.86,36,694.49,2,Rain,Medium,Indian,3.8,36,12,6,1,62.9,67.359480144145
2.28,32,1170.45,4,Clear,Low,Healthy,4.3,27,6,3,0,44.3,42.24984312605855
6.95,26,653.92,4,Clear,Medium,Healthy,4.4,24,21,5,1,60.2,65.70373370438854
0.5,17,291.31,2,Rain,Medium,Desserts,4.4,16,17,3,0,36.6,41.03248961109216
1.76,31,83.06,1,Cloudy,High,Pizza,4.1,26,14,4,0,63.0,63.69817188717918
5.01,27,340.85,1,Rain,Medium,Indian,3.6,31,14,5,1,72.7,66.33312373734316
2.43,39,588.77,3,Clear,Medium,Chinese,4.0,35,6,0,0,56.5,59.46378221986638
1.76,37,537.22,3,Clear,Medium,Biryani,4.3,35,18,2,0,55.5,57.98353476875586
5.59,17,189.14,1,Cloudy,Medium,Cafe,4.4,21,18,5,1,54.9,53.25256191156807
4.55,8,676.73,3,Cloudy,Medium,Cafe,4.7,12,13,3,0,40.8,39.39249301156575
2.5,34,317.89,1,Clear,Low,Chinese,4.2,35,8,6,1,51.1,45.50458966506979
1.68,16,1640.86,6,Storm,Low,Indian,4.0,21,4,1,0,30.7,38.618688799130254
11.29,13,1397.62,4,Cloudy,Medium,Cafe,4.4,11,12,3,0,75.8,67.8450428885411
8.14,43,1660.86,5,Clear,High,Biryani,4.4,46,21,4,0,96.5,97.9286178671605
4.9,22,1193.56,4,Cloudy,High,Desserts,3.6,17,14,5,1,59.3,65.74627798252418
8.55,24,146.92,1,Cloudy,Medium,Pizza,4.1,26,18,3,0,73.9,70.58521882702773
1.63,21,981.55,3,Clear,Medium,Fast Food,4.4,19,3,5,1,44.1,37.804921848638074
2.03,28,277.49,2,Clear,High,Pizza,3.7,25,19,0,0,58.7,60.810810794489534
7.78,8,158.42,1,Clear,Medium,Desserts,3.8,10,7,4,0,39.0,47.39126966199095
3.01,38,397.89,2,Clear,Medium,Pizza,4.0,35,21,1,0,67.0,63.91732500728986
8.72,15,677.1,3,Rain,High,Pizza,3.7,20,18,5,1,76.3,78.99007676366637
5.76,24,1814.16,6,Clear,Medium,South Indian,3.9,20,14,2,0,57.9,57.91919828250846
4.18,24,500.72,2,Cloudy,Medium,Cafe,4.2,22,22,1,0,56.6,56.23029135016032
0.94,19,786.38,3,Cloudy,Medium,South Indian,4.4,20,22,1,0,50.1,39.73092010713704
5.67,37,288.72,3,Clear,High,Biryani,5.0,32,22,4,0,82.2,83.30400819482898
5.62,15,1213.07,4,Cloudy,Medium,Bakery,4.4,20,13,6,1,51.9,50.129016129832756
3.01,27,2029.38,6,Clear,Medium,South Indian,3.9,25,4,1,0,39.1,49.01585735094086
9.87,11,495.04,2,Clear,High,Bakery,3.8,15,21,4,0,76.2,71.7167552400687
1.9,29,1182.53,5,Rain,Medium,Indian,4.2,32,0,6,1,55.9,54.16501979144589
2.29,24,393.51,2,Cloudy,High,Pizza,3.9,21,21,0,0,61.1,60.11734358974107
4.32,16,1106.86,5,Cloudy,High,Fast Food,4.4,12,14,5,1,60.8,57.46451003394546
0.82,9,1395.04,4,Clear,High,Cafe,3.5,14,12,6,1,35.9,36.16166707811706
8.46,22,1084.34,4,Clear,High,Bakery,4.0,18,19,6,1,83.9,77.31944347461456
6.1,21,329.92,1,Storm,High,Chinese,4.2,24,19,2,0,81.3,83.08145493532207
0.96,11,227.65,2,Cloudy,Medium,Cafe,4.3,12,12,2,0,36.8,29.6074845077537
5.72,24,1329.49,5,Cloudy,Low,Chinese,4.5,26,16,1,0,51.8,50.471862279855735
2.0,42,312.97,1,Cloudy,Medium,Biryani,4.3,43,15,2,0,59.9,65.14907754930854
5.83,19,969.45,4,Clear,Medium,Bakery,4.3,15,12,5,1,56.7,52.62809715871354
9.38,42,1064.5,5,Rain,Medium,Biryani,3.9,39,12,5,1,99.3,96.31361792427825
3.72,18,269.09,3,Clear,Low,Fast Food,4.2,14,20,3,0,37.4,36.24334819405364
4.95,11,250.63,3,Clear,Low,Desserts,3.7,14,15,4,0,25.6,32.58816121083996
7.06,29,530.88,2,Clear,High,Chinese,3.6,24,21,2,0,84.1,79.9812621486746
6.32,12,104.82,1,Clear,Medium,Healthy,4.0,17,14,1,0,51.3,47.89989365119938
4.39,36,684.32,2,Rain,Low,Pizza,3.8,32,23,3,0,67.5,65.48670690685117
1.54,25,872.53,5,Clear,High,South Indian,4.2,21,20,2,0,60.4,56.22056224457766
2.69,32,283.22,1,Clear,High,Biryani,4.2,31,22,6,1,67.3,68.01423721231168
3.17,21,346.02,1,Cloudy,Medium,South Indian,4.0,17,18,1,0,49.9,48.666547784867895
6.66,28,259.56,1,Clear,Medium,Pizza,4.0,27,14,1,0,64.5,65.07853939102436
1.04,23,278.48,1,Clear,Medium,Cafe,4.2,22,19,3,0,35.8,41.60989848795561
9.81,12,97.79,1,Cloudy,Medium,Desserts,4.6,12,7,0,0,57.8,60.30492844869496
13.14,42,402.65,3,Clear,Low,Biryani,4.3,38,16,3,0,85.0,92.67279802785677
3.33,17,492.32,5,Clear,Low,Cafe,4.7,12,9,3,0,33.2,31.458831880280712
14.85,24,1226.11,5,Storm,High,Indian,3.8,29,8,1,0,108.0,114.21809452238881
4.06,39,963.2,3,Cloudy,Low,Indian,3.8,36,0,1,0,56.3,56.08198667804958
2.86,22,133.99,1,Rain,Medium,Healthy,4.4,24,12,2,0,63.8,53.238193166806866
4.51,35,1260.6,4,Clear,Medium,South Indian,3.8,30,18,4,0,72.0,65.52452449270801
5.42,22,468.8,3,Clear,Low,Chinese,3.9,23,23,6,1,43.7,47.14358528286568
4.26,24,588.12,3,Clear,Low,Healthy,4.5,25,20,6,1,45.2,44.35349381615279
3.57,17,328.29,1,Clear,Medium,Chinese,4.2,21,19,3,0,42.2,44.4294418029459
6.64,20,287.1,2,Clear,Medium,Cafe,4.0,15,3,1,0,60.7,54.50821168912918
3.79,16,268.16,2,Clear,Low,Bakery,3.6,13,19,2,0,42.0,34.41077069424596
4.46,35,529.63,2,Clear,Medium,Biryani,4.2,35,17,0,0,59.6,65.21342793599038
8.16,18,489.05,5,Clear,High,South Indian,3.9,20,18,1,0,70.7,71.93590875715151
5.02,15,821.15,3,Rain,Low,Bakery,4.4,17,16,2,0,44.6,44.89654074224471
6.13,26,406.57,2,Cloudy,High,Cafe,4.1,22,18,2,0,72.7,74.9642933261641
0.81,22,1563.95,6,Clear,Low,Fast Food,3.8,22,15,6,1,28.0,29.05737501338636
5.26,9,709.93,3,Clear,High,Cafe,4.9,14,21,6,1,50.8,53.55429833926162
3.45,16,404.06,2,Clear,High,South Indian,4.2,15,18,1,0,48.9,53.437221694888194
4.6,17,189.1,2,Cloudy,Medium,Bakery,3.6,13,19,3,0,46.0,49.941276216785866
7.81,21,977.95,3,Clear,High,Fast Food,3.7,22,19,3,0,79.2,74.01359933635207
8.62,39,132.84,1,Cloudy,Medium,Indian,4.2,36,9,5,1,85.8,83.78738304651225
2.02,29,834.26,3,Clear,Medium,Pizza,4.8,24,6,6,1,44.7,47.94069254991682
4.85,25,285.23,1,Clear,High,Chinese,3.9,23,19,5,1,68.1,67.76122184676908
3.06,16,276.86,3,Clear,Low,Fast Food,3.8,18,6,3,0,29.5,28.788986925018662
6.02,41,730.02,3,Rain,Medium,Biryani,3.5,45,20,5,1,84.3,85.46356707737449
1.09,10,884.82,3,Rain,Medium,Healthy,3.3,15,2,0,0,34.1,32.856617668537616
1.56,17,329.52,2,Rain,Medium,Bakery,4.2,13,4,1,0,43.7,41.7219165296018
3.17,48,1312.46,5,Cloudy,Medium,Biryani,4.5,45,12,6,1,80.4,74.58130374937286
3.46,29,215.41,1,Clear,Medium,Indian,4.2,29,18,6,1,49.5,55.813293196024766
5.03,13,249.51,1,Clear,Low,Bakery,3.7,11,10,6,1,31.1,33.72532871700096
6.98,19,944.45,3,Clear,High,Cafe,4.6,20,20,4,0,63.4,69.41996648853896
1.33,38,286.84,1,Rain,Medium,Biryani,4.0,38,15,6,1,59.0,64.81999927900391
2.43,38,660.03,2,Clear,High,Biryani,3.9,39,22,6,1,77.9,73.18126113763361
2.83,15,239.26,1,Clear,Low,Bakery,3.7,11,15,6,1,35.0,29.165305504352233
3.11,24,494.61,3,Clear,High,Indian,3.5,26,21,0,0,61.7,61.078222636390784
5.01,15,399.22,2,Cloudy,High,Fast Food,4.2,14,21,6,1,65.2,60.5320138307572
6.83,21,256.86,2,Clear,Low,Healthy,3.7,23,7,3,0,49.9,47.44145197517258
4.55,40,645.31,6,Clear,Low,Indian,4.3,36,8,6,1,59.3,58.56447460285385
3.18,27,717.84,3,Rain,Medium,Cafe,4.2,22,8,2,0,51.1,58.4927357626557
1.14,20,196.12,1,Clear,Medium,Indian,4.6,25,19,1,0,35.4,38.801688772916144
7.33,41,988.21,4,Cloudy,High,Biryani,3.8,44,0,4,0,87.6,90.27646198326097
5.02,49,418.97,2,Cloudy,Low,Biryani,3.7,46,8,0,0,68.9,71.44712785737657
9.07,20,612.76,2,Clear,Medium,Fast Food,4.3,24,6,5,1,64.2,63.567637378373135
4.16,15,482.54,3,Cloudy,Low,Fast Food,3.5,10,4,1,0,32.7,33.14883631530742
4.55,8,343.96,1,Cloudy,Medium,Cafe,4.3,12,6,1,0,34.8,37.82091871386349
1.42,35,328.81,3,Clear,Low,Biryani,4.0,38,15,3,0,44.6,44.43140928601051
1.12,15,161.77,2,Cloudy,High,Healthy,4.2,18,6,3,0,38.2,43.61430533276254
1.68,36,427.78,2,Rain,High,Biryani,4.4,32,13,4,0,79.4,74.30394747470916
5.66,37,340.29,1,Rain,High,Indian,4.6,37,2,1,0,85.7,86.51407154733297
7.88,26,439.95,2,Rain,Low,South Indian,3.8,28,17,1,0,62.1,66.22485096576511
2.23,27,422.83,2,Cloudy,Medium,Pizza,4.0,29,14,6,1,49.7,50.58167478057538
13.74,12,723.75,3,Storm,Medium,Cafe,4.7,12,6,3,0,83.6,87.00441542466568
4.36,26,280.92,1,Clear,Medium,Chinese,3.6,24,22,5,1,54.8,56.97196124302852
2.18,33,276.36,1,Clear,Medium,Biryani,4.8,37,14,1,0,59.2,54.483039445840724
3.38,39,184.75,1,Cloudy,High,Indian,4.2,36,12,1,0,81.1,76.89461848198604
5.32,25,427.16,2,Clear,Low,Pizza,4.0,25,16,0,0,41.3,48.097783412201665
2.86,15,128.94,1,Clear,Low,Fast Food,5.0,15,12,4,0,40.4,28.340508951832838
8.39,30,234.8,2,Clear,Medium,Chinese,4.1,30,18,0,0,78.0,74.04940304614695
7.55,17,640.15,2,Clear,High,Cafe,4.2,22,19,4,0,63.6,69.23963870463297
4.58,37,838.2,5,Rain,High,Biryani,4.7,38,19,5,1,89.3,86.78484791832193
3.72,28,164.78,2,Cloudy,Medium,Pizza,4.1,23,9,5,1,58.6,55.58282891452074
4.86,25,188.31,1,Clear,High,Cafe,4.2,22,21,5,1,65.9,68.24751997881219
2.33,17,581.14,2,Rain,Medium,Desserts,3.8,20,12,4,0,50.7,46.42657761784051
1.32,8,346.01,2,Rain,High,Cafe,4.0,13,18,5,1,49.2,46.08189386701439
3.57,37,262.76,1,Clear,High,Pizza,4.3,32,13,1,0,71.7,73.806442824539
12.22,18,257.25,1,Cloudy,Low,Healthy,4.4,21,1,5,1,61.3,63.83857877244544
2.51,29,767.23,3,Rain,Low,Indian,3.4,33,0,1,0,58.5,46.641604499042884
5.64,26,518.03,3,Clear,Medium,Chinese,3.2,24,22,4,0,57.1,61.49577755907009
1.99,24,309.04,2,Clear,Medium,South Indian,4.7,29,22,6,1,57.6,46.46231880652367
5.35,14,653.77,2,Cloudy,Low,Fast Food,4.4,15,5,2,0,37.1,36.49624126093462
3.9,12,629.66,2,Clear,Medium,Healthy,3.3,15,12,3,0,43.3,39.10478199696577
1.81,15,1137.64,5,Clear,Low,South Indian,3.8,16,8,2,0,28.1,23.952560376903982
1.84,21,282.16,1,Clear,Low,Cafe,4.2,16,18,4,0,30.9,32.457463259816166
2.26,24,254.29,1,Rain,High,Healthy,4.4,22,22,6,1,66.6,66.27086097642609
2.44,23,186.48,1,Clear,Low,Indian,4.2,26,3,1,0,30.8,33.02027642648919
3.14,11,696.21,2,Clear,High,Desserts,4.6,10,13,4,0,42.7,46.2414191208223
1.21,21,156.36,1,Cloudy,Medium,Healthy,4.5,24,4,2,0,35.9,38.65348096954776
4.15,19,351.36,2,Clear,Low,Healthy,3.9,19,17,2,0,35.4,38.30223859392061
6.06,47,251.15,2,Clear,Medium,Biryani,3.8,48,13,5,1,84.0,82.02008271314578
9.37,28,597.84,3,Cloudy,Medium,Cafe,3.8,23,1,2,0,71.7,73.65013196047995
3.12,16,571.72,4,Clear,Medium,South Indian,3.9,20,18,3,0,47.6,41.53917775059108
5.11,39,345.18,2,Cloudy,Low,Indian,3.3,35,14,1,0,66.6,62.99649502991828
2.69,36,299.69,3,Clear,Medium,Biryani,4.4,34,15,4,0,56.9,59.545706493232274
1.16,16,480.46,2,Cloudy,Low,South Indian,3.9,20,3,4,0,28.9,23.528844604611365
2.6,19,506.08,3,Cloudy,Medium,Fast Food,4.2,23,11,4,0,51.3,43.0095648011725
7.75,35,147.81,1,Cloudy,Medium,Biryani,4.3,35,19,6,1,76.8,79.19967178154016
1.26,26,177.14,1,Clear,Medium,Chinese,4.1,30,19,2,0,44.3,45.353128093440596
6.07,31,289.08,1,Rain,Medium,Indian,4.2,32,23,5,1,73.8,76.02913627539107
1.58,36,177.01,1,Clear,High,Indian,3.8,33,7,6,1,57.3,64.5703861679339
1.52,29,373.63,2,Clear,Medium,Indian,4.1,29,19,2,0,48.8,49.219083431127025
6.78,16,121.9,1,Clear,High,Cafe,4.2,16,12,5,1,71.3,63.884315303178056
3.4,45,365.29,3,Cloudy,Medium,Biryani,3.7,46,20,6,1,71.4,74.28626214707589
9.63,43,887.97,4,Cloudy,Medium,Indian,4.0,40,20,1,0,98.4,93.85490730933634
3.41,31,188.82,1,Clear,Medium,Indian,4.2,32,5,6,1,51.9,54.66543584324529
18.54,8,635.24,2,Clear,Low,Desserts,4.4,12,10,0,0,70.5,75.93467910878726
9.98,23,85.0,1,Rain,Low,Cafe,4.3,24,15,6,1,68.8,70.20851804132447
9.66,22,1017.38,3,Clear,High,South Indian,3.9,20,14,2,0,80.2,80.37166812343162
5.67,21,262.82,2,Cloudy,Medium,Cafe,4.3,18,12,5,1,57.4,56.145385510476544
5.69,16,464.51,3,Clear,Low,Bakery,4.4,17,19,4,0,45.0,41.0019138777175
6.56,35,609.34,2,Cloudy,Medium,Indian,4.6,37,13,3,0,79.0,73.45748041848104
3.87,20,429.15,2,Clear,Low,South Indian,4.5,23,19,0,0,42.0,38.590037528605265
5.92,35,560.99,4,Rain,Low,Pizza,3.8,32,1,6,1,63.7,64.77240004519474
4.89,13,654.44,2,Clear,Low,South Indian,4.2,15,9,2,0,31.3,32.93186156068765
4.23,5,228.67,1,Cloudy,Medium,Bakery,4.5,10,17,1,0,37.6,36.05681809691192
5.1,28,815.74,3,Storm,Medium,Biryani,4.4,32,21,6,1,81.2,76.40170431776447
5.48,15,422.62,2,Clear,High,Cafe,4.0,15,14,2,0,59.7,58.79765067658659
5.4,25,516.86,2,Cloudy,High,South Indian,4.2,21,13,5,1,81.0,70.15049819313734
2.77,14,411.86,2,Cloudy,High,Cafe,4.0,13,22,5,1,48.6,52.120183471389254
2.9,11,626.56,2,Clear,High,Bakery,4.7,11,22,4,0,41.4,47.41662363724659
2.49,27,479.83,3,Clear,Medium,Indian,4.4,32,8,5,1,35.4,48.076814770642
7.13,24,997.37,3,Clear,Low,Healthy,4.4,20,22,1,0,59.8,54.84399079101921
11.81,15,912.75,3,Clear,High,Fast Food,4.4,13,20,6,1,78.9,82.14716324071075
0.53,11,350.43,2,Clear,High,Desserts,4.4,16,18,3,0,39.4,38.248600546253684
2.84,37,267.82,1,Clear,Low,Biryani,3.1,36,0,1,0,49.9,48.079882271978754
4.27,14,651.08,2,Clear,Low,Fast Food,4.1,11,6,5,1,37.5,31.022925354576437
2.12,35,333.14,2,Clear,High,Indian,4.2,32,11,1,0,73.7,66.26663004135918
2.32,33,1590.74,6,Clear,Low,South Indian,4.0,30,4,4,0,46.1,42.88854311301423
3.55,46,1047.76,4,Cloudy,Medium,Biryani,3.8,44,22,0,0,79.6,76.2238457966667
7.26,26,282.1,1,Clear,Medium,Cafe,4.1,22,21,6,1,67.8,66.88593230072125
5.1,18,530.79,3,Clear,High,South Indian,4.2,15,12,5,1,65.2,59.866850527606324
17.6,44,496.66,3,Cloudy,Low,Biryani,4.2,43,16,2,0,110.9,112.28184771256727
5.68,24,1339.49,5,Clear,High,Indian,3.8,25,14,4,0,70.0,68.52443702708831
2.61,19,2077.02,6,Rain,Medium,Cafe,3.9,22,9,6,1,53.3,48.86028054008793
1.18,19,147.57,1,Clear,Medium,Desserts,4.4,18,2,0,0,29.8,34.01743941503699
1.61,26,184.96,1,Clear,Low,Cafe,4.2,22,0,6,1,30.0,32.54272090966646
2.29,10,153.27,1,Clear,Medium,Bakery,3.6,13,11,0,0,33.1,31.025153580841327
2.43,18,681.09,3,Clear,Medium,Pizza,3.9,22,1,4,0,33.2,37.32296470025309
2.3,30,231.39,1,Clear,Medium,Indian,4.2,32,22,4,0,56.8,53.67286211933112
5.46,10,249.56,1,Clear,Medium,Bakery,4.7,11,23,3,0,47.7,44.78175413527665
1.41,10,814.16,3,Clear,High,Fast Food,4.3,10,21,5,1,42.0,40.93365103572607
3.08,18,236.97,1,Rain,Medium,Fast Food,4.4,13,20,4,0,54.9,51.67166271953275
2.21,21,215.29,1,Clear,High,South Indian,4.0,17,19,1,0,56.5,54.35882054707437
8.57,12,400.85,2,Clear,Medium,Cafe,4.0,13,1,6,1,49.4,52.86453783854954
1.51,16,693.66,2,Clear,Low,Indian,4.0,21,0,2,0,24.2,22.124598964313464
1.23,18,330.24,3,Rain,Medium,Fast Food,4.3,16,1,5,1,34.5,40.81976225205657
3.06,29,987.77,5,Clear,Low,Fast Food,4.0,25,7,3,0,44.7,42.035088505234704
0.76,36,250.18,1,Clear,Medium,Chinese,4.4,33,13,5,1,52.1,52.22302337807325
4.45,26,855.34,3,Rain,Medium,Pizza,4.4,23,17,3,0,61.7,63.92998712162303
4.24,18,670.17,2,Cloudy,High,Cafe,4.0,15,22,5,1,58.1,61.29676852561687
2.04,23,1696.34,5,Cloudy,Medium,Cafe,4.2,22,20,6,1,42.0,47.37170689756011
0.95,30,326.1,1,Rain,Low,Chinese,4.1,30,20,5,1,53.0,46.73709743572402
1.77,18,1030.74,3,Rain,Medium,Fast Food,4.2,21,14,5,1,43.6,45.78203626457432
1.78,12,528.66,2,Rain,Medium,Healthy,4.0,17,9,5,1,36.2,38.83344898613585
2.14,10,505.85,2,Cloudy,High,Fast Food,4.2,15,14,2,0,45.8,43.85383182888988
4.42,41,122.41,1,Rain,Medium,Indian,4.0,40,21,4,0,77.1,79.83697660586557
3.54,44,168.24,1,Clear,Medium,Biryani,3.9,42,18,1,0,67.0,71.28473730858916
3.49,16,1397.34,4,Rain,High,Bakery,4.3,12,15,5,1,56.9,60.87795714647055
3.11,27,575.16,2,Clear,Low,Chinese,4.2,24,10,5,1,41.1,41.05092220395436
1.89,12,105.8,1,Clear,High,Fast Food,4.9,13,22,4,0,58.1,44.76312364211393
9.31,11,1045.58,4,Rain,Low,Healthy,4.0,16,7,1,0,52.9,53.99275792773338
2.68,14,568.84,4,Clear,Medium,South Indian,4.7,19,2,6,1,27.3,34.244523907003696
3.22,25,583.07,2,Clear,High,Chinese,3.6,21,20,3,0,65.0,62.31336234774384
1.68,20,214.22,1,Clear,Low,Desserts,4.4,18,1,2,0,28.3,26.8544685759926
0.5,22,549.42,3,Clear,Low,Indian,4.0,27,17,6,1,25.3,28.507266276135493
0.56,35,648.74,2,Clear,Low,Pizza,3.8,32,19,2,0,40.9,42.21119756468474
1.15,26,626.66,2,Rain,Low,Pizza,4.6,29,4,3,0,31.2,39.667237976900566
1.13,28,1659.73,5,Cloudy,Medium,Indian,4.7,23,19,6,1,53.6,48.80880148307246
3.21,15,661.84,2,Clear,Medium,Healthy,4.3,16,3,6,1,36.1,37.52217872476615
1.51,21,680.21,4,Cloudy,Low,Chinese,3.6,24,15,6,1,32.0,32.622782114937834
3.61,16,1683.3,5,Rain,High,Desserts,4.3,19,13,0,0,57.9,60.8499857384488
4.07,51,1350.57,6,Clear,High,Biryani,4.1,48,14,1,0,95.9,90.0224170462608
1.56,23,322.43,1,Rain,High,Chinese,4.2,21,21,2,0,64.9,62.56161178423261
3.58,24,436.77,2,Cloudy,Low,Cafe,3.6,20,2,3,0,34.0,39.9187562886471
4.03,19,133.31,1,Clear,Medium,Healthy,4.2,18,15,5,1,41.5,47.12324700877315
3.35,23,243.6,1,Clear,Low,Indian,4.2,26,2,0,0,35.3,35.968228475507736
2.91,44,1689.36,6,Clear,High,Biryani,4.2,43,11,4,0,81.6,78.31729256752831
3.05,9,599.98,2,Clear,Low,Cafe,4.4,11,19,5,1,16.7,24.88335056015461
4.26,39,108.12,1,Cloudy,Medium,Biryani,4.0,38,14,5,1,71.3,69.86056184196268
3.79,22,428.23,2,Clear,Low,Cafe,4.3,24,1,0,0,38.2,36.337478212757034
11.65,33,271.87,3,Cloudy,High,Biryani,3.7,31,21,5,1,106.1,102.13996786428146
3.74,26,1285.66,5,Rain,High,Healthy,4.4,24,14,5,1,66.1,71.62147182206489
10.0,15,419.03,5,Cloudy,Low,Fast Food,4.2,14,7,4,0,56.1,54.21184761873561
2.33,15,287.65,2,Cloudy,Medium,South Indian,4.0,20,8,6,1,33.2,37.46954860181671
10.71,15,524.89,5,Cloudy,High,Desserts,4.4,16,20,3,0,79.9,80.2803782401759
3.83,30,519.65,3,Rain,High,South Indian,4.3,30,5,5,1,73.5,73.77634288482733
2.28,45,991.66,5,Clear,High,Biryani,3.9,42,16,6,1,71.6,78.25805877036683
4.13,18,773.96,6,Clear,Low,Bakery,5.0,18,5,3,0,33.1,34.206527539778975
1.41,27,846.91,4,Cloudy,Medium,Pizza,4.1,30,11,2,0,48.3,46.97364071651575
2.1,28,484.79,2,Clear,Medium,South Indian,4.3,30,13,5,1,46.2,48.838981456507625
6.24,40,305.97,1,Rain,Medium,Biryani,4.0,43,11,1,0,76.7,83.06669962608393
8.46,20,337.96,2,Cloudy,High,Pizza,4.7,23,18,2,0,72.9,76.96744934680572
3.72,22,1022.05,4,Rain,Medium,Cafe,4.3,17,12,0,0,55.1,56.24890326245946
5.84,21,180.11,2,Clear,Low,Pizza,4.1,22,15,3,0,46.6,45.69033644469816
0.5,7,996.2,3,Clear,High,Fast Food,4.4,11,14,4,0,39.8,33.157309877558035
4.42,27,892.5,4,Clear,Medium,South Indian,3.9,25,8,5,1,55.6,54.848219482096184
3.32,47,176.36,1,Clear,Medium,Biryani,3.7,46,20,3,0,74.0,74.04191776571363
2.47,17,291.74,2,Rain,Medium,Fast Food,3.8,18,18,6,1,45.8,48.16297058144097
4.7,27,1105.77,6,Clear,Low,Pizza,3.2,29,4,6,1,45.9,45.33670350380348
1.4,17,1013.35,4,Clear,High,Healthy,3.9,19,21,0,0,52.1,48.0990239614044
1.79,9,591.81,3,Clear,Medium,Bakery,3.6,10,23,3,0,26.1,31.0574926410857
2.32,24,214.15,1,Cloudy,Medium,Indian,3.8,23,4,4,0,55.6,45.60320243910802
1.99,25,187.09,2,Cloudy,Medium,South Indian,4.6,22,23,5,1,46.2,49.620949275809274
0.77,22,880.05,3,Rain,High,Pizza,4.4,23,21,6,1,61.4,58.78548877300404
6.46,18,172.98,1,Clear,Medium,Healthy,4.2,18,13,3,0,58.8,54.17255386413937
1.84,16,1310.34,4,Clear,Medium,Cafe,3.8,19,5,4,0,37.5,34.289694945116906
6.23,39,256.46,2,Cloudy,Medium,Biryani,4.0,43,2,6,1,69.1,74.03384165363698
2.32,32,432.64,4,Clear,Medium,Chinese,4.1,35,5,6,1,53.4,51.86998674519682
2.99,30,719.7,3,Clear,Medium,Pizza,3.2,29,14,4,0,56.6,54.37960750283912
1.57,15,251.35,1,Clear,High,Bakery,4.4,20,22,1,0,41.3,46.770506983954505
1.65,21,876.36,3,Clear,Medium,Cafe,4.4,19,18,3,0,48.1,41.49327068460651
6.51,27,1223.68,6,Cloudy,High,Cafe,4.7,23,13,1,0,77.0,76.05081355824028
3.65,20,537.37,2,Rain,High,Fast Food,4.0,25,20,3,0,61.8,66.55433395769882
3.05,19,266.04,1,Clear,Low,Healthy,4.4,24,3,0,0,35.8,31.175699255413633
10.52,27,966.64,5,Rain,High,Fast Food,4.3,24,11,0,0,102.6,95.44064144486865
3.48,27,109.93,1,Clear,High,Indian,4.1,28,22,3,0,67.4,65.58266889131093
7.47,15,919.47,4,Clear,Medium,Fast Food,4.2,15,12,3,0,54.7,54.30322389901604
0.71,39,467.35,2,Cloudy,Medium,Indian,4.2,36,0,0,0,56.1,53.97985335485436
12.96,20,234.53,1,Cloudy,Low,Cafe,3.3,21,16,2,0,70.0,72.01007449126271
4.05,23,1431.0,6,Rain,Medium,Chinese,3.2,24,3,3,0,49.7,56.50402948156137
2.33,50,195.27,1,Clear,Low,Biryani,4.4,46,18,4,0,58.8,63.321407062189266
1.93,10,199.77,2,Cloudy,Low,Cafe,3.6,14,14,6,1,30.9,22.8743425792087
5.3,17,261.5,2,Cloudy,Medium,Cafe,4.4,19,7,5,1,44.3,49.694629603325595
3.0,41,1118.31,4,Clear,Low,Biryani,4.0,43,9,1,0,53.6,54.62410439682317
1.82,25,565.3,2,Clear,High,South Indian,3.9,25,12,0,0,52.7,55.423287724206084
2.03,24,513.34,3,Clear,Low,South Indian,4.5,22,17,0,0,27.7,35.67041749383621
4.85,16,512.56,2,Cloudy,Low,Indian,4.0,21,10,5,1,37.9,38.086047516836565
4.18,38,160.7,2,Clear,Medium,Biryani,3.9,39,1,1,0,59.7,63.59943971940511
7.44,31,974.58,4,Clear,High,Biryani,4.2,35,1,5,1,74.5,78.8349279718393
3.01,30,362.7,2,Cloudy,High,Chinese,4.2,35,13,0,0,71.7,66.84505580393646
7.9,7,209.93,1,Clear,High,Desserts,4.6,10,19,6,1,64.8,60.27261235317625
2.43,29,1512.05,6,Clear,Medium,South Indian,4.5,26,19,2,0,51.3,52.318640628171664
2.52,31,339.8,1,Clear,Medium,Healthy,4.3,27,2,3,0,56.4,50.8813196005033
1.27,12,266.54,1,Cloudy,High,Bakery,3.8,16,11,2,0,45.8,42.24482577459649
1.47,5,255.91,1,Clear,Medium,Cafe,3.5,10,18,5,1,25.1,24.944558593918593
6.35,6,299.32,3,Clear,Medium,Desserts,4.6,10,21,6,1,37.0,43.4682507108625
0.5,10,354.84,2,Clear,Medium,Bakery,4.7,11,22,5,1,30.5,27.176915614302217
3.29,19,788.38,3,Rain,High,Desserts,4.4,18,19,5,1,61.0,64.10063434837112
9.93,24,281.36,2,Clear,High,Pizza,3.2,29,19,6,1,89.2,84.62361135819344
6.73,15,254.82,1,Cloudy,Medium,South Indian,4.2,15,20,5,1,54.0,55.58964581096893
3.31,36,772.64,5,Clear,High,Biryani,4.2,31,19,5,1,74.4,73.44489652585347
6.44,39,506.96,2,Cloudy,Medium,Chinese,4.6,34,12,6,1,89.2,76.84650409546629
9.89,28,580.42,2,Cloudy,High,South Indian,3.8,28,12,4,0,96.2,88.73536607513881
1.4,17,308.74,3,Cloudy,High,Cafe,4.3,12,21,3,0,50.2,50.014767174289865
1.27,12,457.86,5,Cloudy,High,Desserts,3.8,15,13,4,0,45.7,42.698377429667
1.54,23,1829.11,6,Cloudy,Medium,Indian,4.6,25,21,4,0,46.5,45.71268107803867
0.79,25,493.01,3,Clear,Low,Cafe,3.3,21,23,6,1,30.1,34.043789548663646
1.61,35,606.69,2,Clear,Low,Biryani,4.3,31,6,0,0,44.0,42.97034520597336
1.7,13,192.62,1,Clear,Low,Cafe,4.7,12,21,5,1,21.2,24.562132434566642
4.6,25,216.25,2,Clear,High,Fast Food,3.8,22,22,4,0,68.4,67.41400053786985
2.67,11,622.95,2,Cloudy,Low,Cafe,4.4,14,23,1,0,24.7,28.411542670279264
1.44,29,853.3,3,Clear,Medium,Pizza,4.0,27,12,5,1,51.8,47.38558846531659
7.87,11,588.69,2,Rain,Medium,Bakery,3.2,11,19,1,0,64.9,61.40619027176969
0.5,36,892.13,3,Rain,Low,Chinese,3.5,31,2,0,0,52.0,47.072773203901406
0.5,41,374.21,4,Cloudy,Low,Biryani,5.0,42,1,2,0,48.7,45.81807566351445
1.71,18,788.17,3,Cloudy,Medium,Cafe,4.2,22,3,4,0,35.1,37.2747287330499
3.24,47,328.44,1,Clear,High,Biryani,3.5,45,21,2,0,80.9,84.81438506657831
15.17,28,1021.61,3,Clear,Low,Healthy,4.5,24,3,1,0,84.6,82.6481433485345
3.06,15,824.15,4,Clear,High,Desserts,4.1,11,22,2,0,52.3,52.03339068168858
8.79,23,279.13,1,Cloudy,High,Indian,4.0,20,9,4,0,68.2,79.18117625584532
6.76,13,696.89,3,Rain,Low,Desserts,4.1,11,9,6,1,46.6,47.46142781342155
5.79,11,272.34,1,Cloudy,Medium,Fast Food,4.4,12,3,2,0,46.9,44.275928309128844
2.99,19,304.96,1,Clear,High,Cafe,3.3,21,19,6,1,58.4,55.37914635250243
0.91,21,1133.62,5,Rain,High,Pizza,3.7,25,21,3,0,61.5,58.334545272687514
0.93,26,331.2,2,Clear,High,Healthy,4.4,24,18,6,1,56.7,54.76171690096648
3.86,17,1929.44,6,Clear,Low,Healthy,4.0,16,2,1,0,32.9,31.867314045797425
2.72,18,143.83,1,Cloudy,Medium,Pizza,4.0,22,18,0,0,43.4,44.123192000021746
5.58,10,263.49,2,Cloudy,Medium,Desserts,4.6,10,5,6,1,41.1,43.08542358791584
1.39,28,157.62,1,Clear,Low,Cafe,3.8,23,3,3,0,42.3,34.49125354206194
5.74,42,1453.69,5,Clear,Medium,Indian,4.0,40,0,5,1,78.7,72.74528486394622
0.95,26,320.95,1,Cloudy,High,Chinese,4.3,31,22,2,0,62.9,57.71383430289225
4.63,39,154.64,1,Rain,High,Indian,3.8,40,22,4,0,89.9,89.63340015536774
4.12,13,320.1,1,Cloudy,Low,Fast Food,4.3,16,17,6,1,31.8,33.982987185791416
0.5,36,1751.58,6,Rain,Low,Chinese,4.3,31,20,5,1,58.7,51.161153352013834
0.76,23,200.37,1,Clear,Medium,South Indian,4.5,23,18,6,1,48.1,40.25355656302412
8.73,12,96.54,1,Storm,Medium,Bakery,4.2,13,18,4,0,73.4,72.15449498456971
9.85,16,841.34,3,Clear,High,Fast Food,4.0,12,20,0,0,78.1,76.25925973315717
10.6,25,637.01,4,Cloudy,Medium,Cafe,4.4,21,8,6,1,75.8,76.49819737627959
0.84,28,578.83,2,Rain,Medium,Pizza,3.8,32,22,4,0,57.4,54.55198414971802
8.13,35,923.47,4,Cloudy,Low,Chinese,3.5,31,1,0,0,65.2,66.58738732128118
2.25,12,1519.42,6,Cloudy,Medium,Cafe,4.9,14,1,2,0,31.4,32.564857157034794
3.77,24,655.33,6,Rain,Low,Desserts,3.8,19,8,5,1,46.7,47.74607264952485
1.94,27,97.46,1,Rain,Low,Indian,4.1,29,15,1,0,50.9,45.96207791005649
0.5,49,244.97,1,Clear,Low,Biryani,4.1,48,23,5,1,51.4,57.10031946814185
8.07,22,768.83,5,Rain,Low,Healthy,4.7,26,0,4,0,56.8,58.98685848354741
2.67,29,213.74,2,Rain,Medium,Healthy,4.1,27,3,5,1,54.9,57.56503803390594
3.75,11,606.54,2,Cloudy,Low,Fast Food,4.7,14,0,4,0,25.9,26.730331318400005
5.13,8,567.28,3,Rain,Medium,Desserts,3.8,10,21,4,0,49.1,49.24277612423748
1.31,41,973.54,3,Clear,Medium,Indian,4.6,37,19,1,0,59.8,60.46083715680932
2.97,16,276.12,1,Cloudy,Medium,Desserts,4.1,11,18,2,0,44.7,42.97671167952778
2.34,12,966.8,3,Clear,Medium,Healthy,3.9,16,12,2,0,44.6,33.56161335441312
1.07,25,455.97,3,Cloudy,High,Cafe,4.1,22,11,5,1,52.7,54.64389559262975
2.91,15,87.86,1,Cloudy,High,Bakery,3.9,19,18,5,1,57.5,52.59551479676994
3.56,8,537.62,2,Clear,High,Cafe,4.4,11,20,1,0,41.1,46.380214206603
0.5,43,344.38,2,Clear,Medium,Indian,4.0,40,12,6,1,53.5,58.12277124182174
0.93,28,1559.47,5,Clear,Low,Pizza,4.6,29,8,0,0,30.9,33.862701202420865
5.7,14,526.51,2,Clear,Low,Fast Food,3.9,17,17,6,1,41.8,38.603373513287224
5.94,40,267.34,1,Rain,Low,Biryani,3.5,45,17,1,0,74.0,73.7398243000326
8.52,10,301.83,3,Clear,High,Desserts,3.9,12,2,0,0,65.1,61.546171146931286
3.08,33,222.45,1,Clear,High,Biryani,3.9,33,22,2,0,70.5,70.38443827961754
6.08,18,387.33,2,Clear,Medium,Fast Food,3.8,22,13,4,0,58.2,52.74796167522369
1.83,39,89.98,1,Cloudy,Low,Indian,4.0,40,17,4,0,53.8,52.16566659862807
1.47,20,671.91,4,Clear,Medium,Indian,4.0,21,19,6,1,46.6,40.05343268560927
5.03,19,895.08,3,Clear,Low,Bakery,4.4,17,1,2,0,38.4,37.57092880797324
1.89,26,625.56,2,Clear,Low,South Indian,4.7,29,19,1,0,37.7,37.68071501159848
1.53,19,1111.78,4,Clear,High,Fast Food,4.0,23,14,4,0,47.5,48.8448501037491
7.75,27,897.25,4,Clear,High,South Indian,4.3,22,19,5,1,78.4,79.77335109750905
7.74,29,181.06,2,Cloudy,Low,Chinese,3.2,24,1,2,0,65.6,59.242773818934516
1.78,19,227.02,1,Cloudy,Medium,Desserts,3.8,15,6,3,0,45.0,39.12039853069805
0.52,25,298.88,3,Clear,Low,Indian,4.0,21,7,6,1,32.3,29.241766434060384
3.37,27,777.14,3,Clear,High,Fast Food,4.7,24,19,3,0,53.7,64.32234199036428
7.57,23,354.52,3,Clear,Medium,Healthy,4.4,20,22,5,1,66.3,65.08531735142354
3.21,8,283.23,2,Cloudy,Low,Cafe,3.5,10,10,1,0,29.2,24.39646216970452
6.18,24,836.5,4,Clear,Medium,Cafe,4.8,23,21,6,1,56.8,61.005152442601
5.96,20,578.82,3,Rain,Medium,Fast Food,4.2,21,18,5,1,66.2,63.333797639289486
3.52,22,563.35,3,Clear,Low,Bakery,3.9,19,1,1,0,28.5,35.3098892067732
4.63,34,348.36,2,Rain,High,Pizza,3.8,32,16,2,0,74.3,83.20156670047842
7.51,16,94.77,1,Cloudy,Low,Indian,4.0,21,8,6,1,51.9,46.941993809734974
2.7,20,452.05,3,Clear,High,Pizza,4.4,23,13,5,1,58.3,53.732102086266785
9.4,16,445.12,2,Clear,High,Fast Food,4.9,13,14,6,1,81.9,73.24573777839427
10.01,24,826.62,3,Cloudy,High,South Indian,4.6,22,10,5,1,85.3,84.56689535599392
5.26,28,299.69,2,Cloudy,Low,Chinese,4.2,33,17,5,1,56.7,53.158385066280964
5.62,18,796.34,4,Clear,Medium,Cafe,4.4,19,20,1,0,46.5,52.79996707444327
1.99,35,263.33,3,Cloudy,Medium,Biryani,4.8,37,13,0,0,61.7,57.49823061752284
3.69,34,427.43,2,Clear,High,Indian,4.2,36,14,1,0,71.2,71.47504380185333
12.44,28,271.32,2,Cloudy,High,Chinese,3.5,31,21,6,1,100.4,99.83996150508457
4.4,38,341.97,2,Cloudy,Low,Indian,3.8,40,6,1,0,58.2,57.628337644405086
2.41,25,133.63,1,Rain,High,South Indian,3.9,30,21,6,1,62.7,67.54529644053665
4.8,19,312.25,1,Clear,Medium,Indian,4.0,21,1,6,1,43.8,46.61815845807003
2.93,21,218.25,1,Clear,Low,Pizza,3.9,22,21,1,0,31.5,36.89386988089316
3.61,7,164.48,2,Rain,Low,Bakery,4.7,11,8,4,0,34.8,30.059428681280195
2.16,32,1501.65,5,Clear,Medium,Chinese,3.5,31,18,2,0,54.2,54.390620188675406
1.54,33,846.41,3,Storm,Low,Pizza,3.2,29,1,4,0,57.2,54.605495816627986
5.79,26,320.16,1,Cloudy,Medium,Pizza,4.1,22,22,1,0,66.1,63.80728429787055
5.85,24,558.43,3,Cloudy,Medium,Cafe,3.3,21,17,5,1,55.9,61.06672022938308
2.14,7,332.83,1,Cloudy,Low,Desserts,3.9,12,8,4,0,23.8,19.123320032463795
2.96,22,496.45,2,Clear,Low,Healthy,4.4,24,5,4,0,35.6,34.37745524753481
7.39,11,640.97,4,Clear,High,Desserts,4.1,11,20,2,0,58.5,62.72465358485012
6.52,10,1085.14,4,Rain,Low,Cafe,4.9,14,18,5,1,54.0,45.681755059179245
5.76,15,646.38,2,Clear,Medium,Healthy,3.3,15,14,5,1,39.4,49.084481065963246
6.78,31,1291.84,5,Clear,Medium,Indian,4.3,36,18,3,0,76.2,69.44387967483524
5.04,25,857.18,3,Clear,Medium,Pizza,4.1,22,21,3,0,56.6,58.02177866836985
0.71,13,119.45,1,Clear,Medium,Fast Food,4.4,15,21,0,0,32.4,30.612063188994888
2.34,28,97.38,1,Clear,Low,Healthy,4.1,27,3,2,0,40.1,37.751047968699645
0.56,29,633.79,2,Clear,Low,Chinese,3.5,31,16,6,1,40.8,35.62972894631513
2.03,17,752.01,4,Clear,High,Indian,4.0,21,21,3,0,51.2,50.262321316757436
6.31,26,494.06,3,Clear,Medium,Pizza,4.0,22,20,1,0,67.4,63.1920578381255
4.04,14,372.28,2,Cloudy,Medium,Fast Food,4.3,10,14,3,0,46.7,43.677667379325385
2.34,26,262.04,1,Cloudy,Medium,Indian,3.5,26,18,5,1,56.5,50.927087653330204
4.69,14,479.92,3,Rain,High,Fast Food,3.8,15,18,0,0,68.0,63.66187700622438
9.45,21,547.81,3,Clear,Medium,Healthy,3.9,19,11,4,0,68.4,67.23470420161638
2.74,15,149.83,1,Clear,High,Fast Food,4.2,14,21,1,0,52.3,50.56354082551561
8.74,34,372.11,3,Rain,High,Pizza,4.0,34,19,1,0,100.3,98.23187917266463
4.14,13,323.42,1,Clear,High,Bakery,3.6,10,21,3,0,54.0,53.64742801886392
4.14,36,860.62,3,Rain,Medium,Pizza,3.8,32,0,4,0,70.7,69.06842572856114
3.2,15,596.86,4,Clear,Low,Cafe,4.9,14,3,4,0,22.3,27.653241783403264
2.57,19,184.03,2,Clear,Medium,Cafe,4.6,20,6,1,0,37.4,39.87272210343498
2.89,14,359.72,2,Clear,Medium,Desserts,3.7,14,21,5,1,41.0,39.48916230200745
5.74,12,252.72,1,Clear,High,Bakery,3.4,16,20,0,0,60.3,58.01802032669205
3.66,50,202.42,1,Clear,Low,Biryani,4.3,49,23,5,1,69.3,69.14102424852183
5.71,9,246.99,1,Cloudy,Medium,Fast Food,3.5,13,19,5,1,51.5,45.803013859618744
1.66,30,342.67,2,Clear,Medium,Biryani,4.4,34,7,2,0,47.8,48.099883498958064
6.66,15,428.69,2,Clear,High,Fast Food,4.2,15,13,2,0,72.6,62.48075313852682
0.64,27,321.1,2,Rain,Low,Pizza,3.8,32,8,5,1,48.1,39.891510422621096
2.42,9,1737.67,6,Clear,Medium,Desserts,4.5,10,21,5,1,30.8,32.76676683120979
0.5,15,401.05,2,Clear,High,Healthy,4.0,17,19,5,1,36.4,42.50658948986437
10.29,18,509.53,2,Rain,Medium,Cafe,4.4,21,19,1,0,82.5,76.87531855784161
3.39,34,420.6,2,Cloudy,Medium,Chinese,3.5,33,12,6,1,62.1,61.29727086012568
3.85,29,460.23,2,Clear,Low,Pizza,4.0,34,1,0,0,48.9,43.54355273585325
6.59,30,165.65,2,Cloudy,High,Pizza,3.8,32,21,6,1,84.6,81.27194571350495
5.3,27,222.87,2,Clear,High,Pizza,4.6,29,22,4,0,71.9,71.90280193460981
3.29,42,993.75,3,Clear,Medium,Biryani,4.3,43,4,5,1,71.9,65.21934956507901
2.44,43,375.81,2,Rain,Low,Biryani,3.9,39,16,1,0,59.7,64.1691531179636
7.3,33,299.48,1,Clear,Low,Chinese,3.6,32,10,4,0,67.0,61.833496716396006
9.66,22,309.53,3,Clear,Medium,Bakery,3.9,19,4,0,0,72.3,67.184545725364
1.5,15,112.5,1,Cloudy,Low,Cafe,4.3,12,22,3,0,25.3,28.095046104058312
3.06,21,110.57,1,Clear,High,Pizza,4.1,22,22,2,0,61.5,58.08047975012663
7.08,25,179.22,2,Clear,High,Cafe,5.0,21,13,0,0,79.8,74.01019814467038
7.65,16,485.35,6,Rain,Low,Desserts,4.6,12,0,2,0,55.3,51.33927846934371
5.15,27,221.85,1,Clear,High,Pizza,4.8,24,21,2,0,70.3,71.09542330617825
3.74,23,497.93,3,Rain,High,Bakery,3.9,19,22,0,0,68.4,70.32379121453259
1.84,25,172.78,1,Clear,Low,South Indian,4.2,21,20,3,0,45.6,36.78254723158315
4.74,28,411.7,5,Clear,Low,Cafe,4.3,24,21,3,0,49.8,50.23139691382269
9.3,18,273.9,1,Clear,Medium,Desserts,3.8,19,19,1,0,65.2,65.45990714301061
9.51,29,586.14,2,Cloudy,Low,Pizza,4.3,32,3,5,1,67.2,65.80664037169325
9.4,21,641.98,3,Rain,High,Bakery,4.4,20,20,0,0,84.2,87.6396436126116
0.5,23,884.08,3,Clear,High,Cafe,4.0,18,15,6,1,45.0,49.65009101400712
9.28,23,1267.61,4,Clear,Low,Chinese,3.6,24,15,6,1,57.7,59.91949841416717
3.6,18,162.19,1,Clear,High,Cafe,3.9,22,22,0,0,54.2,57.051529854523295
0.74,20,200.14,2,Clear,Medium,Bakery,3.8,16,19,5,1,36.7,37.4475473386004
1.68,28,330.57,2,Rain,Low,Pizza,3.8,32,6,1,0,41.1,44.0400601127962
4.06,14,346.21,1,Clear,Medium,Desserts,4.0,14,19,5,1,45.2,43.10820008206652
3.79,29,677.1,3,Clear,Medium,Biryani,4.3,31,7,4,0,53.6,54.601132784338134
1.7,51,392.07,2,Clear,Medium,Biryani,4.1,48,22,5,1,67.8,72.78604124528609
2.23,15,379.82,2,Clear,Medium,Bakery,4.5,10,13,1,0,37.8,36.16008126136428
2.29,17,512.28,2,Rain,High,Cafe,4.9,14,18,5,1,65.0,58.378324338997764
9.09,22,574.68,2,Rain,Medium,Chinese,3.2,24,13,2,0,77.3,75.438744329048
6.35,29,644.62,2,Clear,Medium,Indian,4.1,29,14,1,0,66.6,64.99732076998987
4.98,25,915.61,3,Clear,Low,Indian,5.0,26,9,4,0,36.3,45.255164311741865
2.66,14,677.23,2,Cloudy,Medium,Bakery,4.0,18,19,1,0,47.7,40.12579562812322
2.19,27,1019.73,4,Clear,Medium,Pizza,3.8,29,20,1,0,42.5,49.83815335420799
3.63,12,668.66,2,Rain,Medium,Healthy,4.0,16,12,3,0,44.0,46.00273583939355
4.21,34,126.98,1,Rain,High,Chinese,3.5,31,21,3,0,85.4,82.96270356477376
11.73,39,146.9,1,Clear,Low,Indian,4.2,36,20,2,0,81.2,85.49525164918619
1.21,31,329.99,2,Cloudy,Low,Pizza,4.0,35,10,0,0,32.0,40.31866355577812
3.76,32,1588.88,5,Cloudy,Low,Chinese,3.5,33,19,0,0,54.3,52.454456261925806
14.88,12,129.86,1,Clear,Medium,Healthy,4.3,16,10,1,0,75.6,76.92195156509499
8.74,11,240.06,1,Cloudy,High,Bakery,3.6,13,19,2,0,64.5,69.25406268030132
2.39,37,313.02,3,Cloudy,High,Biryani,4.7,38,11,4,0,68.4,71.32250125392346
9.26,25,659.75,2,Rain,High,South Indian,4.5,23,20,6,1,96.1,91.23035075397725
3.55,27,174.55,2,Clear,Low,Pizza,4.2,24,8,5,1,36.6,42.06377774706445
3.44,14,160.7,1,Clear,High,South Indian,3.7,18,21,5,1,45.6,52.20011229936934
7.02,21,653.7,3,Rain,Medium,Cafe,3.3,21,11,5,1,68.9,66.7590317532667
8.64,23,690.22,2,Cloudy,High,South Indian,4.6,22,21,6,1,79.0,81.31371273406856
0.5,15,665.53,3,Cloudy,High,Desserts,4.2,14,18,1,0,48.2,44.10548453409398
2.0,23,169.71,2,Rain,Medium,Chinese,4.2,24,23,1,0,48.5,53.72092999311491
1.05,28,358.32,2,Clear,Low,South Indian,4.3,30,8,4,0,28.8,34.29296863308849
4.6,26,619.67,2,Cloudy,Medium,Pizza,4.7,23,6,5,1,56.5,55.93928824618741
4.6,29,154.34,1,Clear,Medium,Pizza,3.2,29,20,6,1,59.9,60.39110332364027
3.85,37,533.72,4,Cloudy,High,Biryani,3.1,36,11,2,0,82.2,76.60555506869953
4.83,24,570.46,2,Clear,Low,Pizza,4.0,24,23,6,1,41.3,47.06107865609132
1.94,25,471.87,5,Clear,High,Healthy,4.4,24,13,0,0,59.4,56.03999631595605
3.52,23,356.71,3,Rain,Low,Cafe,4.4,21,8,2,0,45.2,45.90392103573143
2.34,25,307.31,2,Clear,Medium,Cafe,4.4,21,20,1,0,47.7,48.3153021310204
0.5,14,185.21,2,Storm,Low,Fast Food,4.5,17,1,6,1,34.1,31.610594248109333
4.12,10,509.85,3,Cloudy,High,Bakery,3.8,15,13,4,0,57.0,50.69255753726446
3.56,22,696.84,2,Clear,Low,Healthy,4.0,17,18,3,0,43.0,39.48935416564609
6.19,20,306.82,1,Clear,High,Healthy,3.7,23,22,2,0,65.4,68.17098505411538
1.9,30,401.73,4,Clear,High,Indian,4.1,29,20,1,0,63.7,62.529344628052804
4.46,26,898.61,4,Clear,Medium,Pizza,4.0,22,6,6,1,49.9,53.569159977291164
6.62,36,184.12,2,Clear,High,Biryani,3.5,33,11,6,1,86.4,83.32425340806275
5.25,30,211.24,1,Clear,High,South Indian,3.4,25,10,6,1,74.7,72.09561686486498
1.23,17,1881.36,6,Cloudy,Low,Desserts,4.0,14,10,2,0,26.9,26.39137647895042
2.18,20,148.17,1,Storm,Medium,Cafe,3.6,20,18,0,0,60.4,57.38311474647135
4.21,23,1026.57,4,Cloudy,Medium,Healthy,4.5,25,18,6,1,53.3,54.42418313458189
5.14,51,834.64,3,Storm,Medium,Biryani,3.8,48,2,1,0,89.0,95.26415473178098
3.35,22,279.29,1,Rain,Medium,Fast Food,4.0,23,19,6,1,56.2,56.48313780322434
0.95,34,571.61,2,Clear,Medium,Indian,4.1,29,19,4,0,50.8,52.26832991945783
3.68,27,125.51,1,Clear,Medium,Pizza,4.0,27,18,0,0,60.2,54.532728427300896
6.14,8,492.58,2,Clear,High,Bakery,4.2,13,21,6,1,59.3,55.60158442474943
3.29,41,712.63,3,Cloudy,Medium,Biryani,5.0,42,12,2,0,72.2,67.88024096040903
2.76,13,258.63,1,Clear,Medium,Fast Food,5.0,15,20,6,1,49.4,37.56223732026396
4.43,25,383.36,2,Clear,Medium,Chinese,4.1,30,18,6,1,59.8,55.26001270689839
5.02,30,535.85,6,Rain,Medium,Pizza,3.2,29,22,5,1,65.0,71.16634096297828
7.86,19,662.37,2,Clear,Medium,Bakery,3.8,15,21,4,0,63.5,61.887296815835526
0.79,30,338.03,1,Clear,Low,South Indian,3.8,28,23,5,1,36.2,38.888181700675126
2.66,30,264.88,1,Clear,Medium,Pizza,3.4,25,13,4,0,55.5,52.95542212697788
8.17,27,1291.61,5,Clear,High,Chinese,4.3,23,14,5,1,74.1,80.19769496723781
3.57,48,328.6,3,Clear,High,Biryani,4.5,45,22,6,1,85.4,87.06580814220345
3.28,9,478.74,2,Clear,Medium,Bakery,3.2,11,6,1,0,30.9,32.414288169395704
12.45,19,107.71,1,Clear,Low,South Indian,4.2,21,22,3,0,75.0,68.3955690545797
4.44,18,385.94,2,Rain,Low,Desserts,3.6,17,7,0,0,33.7,43.889414760152825
2.33,21,171.54,1,Clear,Medium,Fast Food,4.0,23,18,3,0,37.8,43.72412049762245
4.25,24,390.99,2,Clear,Medium,Healthy,4.5,24,0,1,0,48.3,49.402128433770066
5.26,38,247.02,1,Clear,Low,Biryani,4.3,43,0,1,0,51.1,57.42204766261558
5.32,6,764.9,4,Clear,Low,Desserts,4.6,10,13,6,1,35.2,28.327418269478123
2.52,20,619.48,2,Clear,Medium,Cafe,4.1,22,20,1,0,40.9,44.01617927229562
6.45,21,253.11,2,Cloudy,Medium,South Indian,4.0,17,12,1,0,63.3,58.75041602637259
0.84,30,485.36,4,Clear,Medium,Healthy,4.0,29,18,1,0,45.0,47.63483724522112
2.79,41,1272.84,4,Storm,Low,Indian,4.2,36,2,6,1,69.6,67.12597473880942
5.33,27,347.12,2,Rain,Low,Pizza,4.6,29,16,1,0,55.0,58.00360230119314
3.43,27,902.96,6,Rain,Medium,Healthy,4.5,24,13,2,0,67.7,60.416656896877605
4.51,37,1236.19,5,Clear,Low,Biryani,4.6,33,16,1,0,54.3,57.39651064170156
4.01,36,331.7,1,Clear,Medium,Biryani,4.6,33,9,5,1,58.7,62.797945478688675
1.77,11,127.47,1,Storm,Low,Bakery,4.3,12,0,4,0,34.5,32.9190038010497
6.16,23,238.19,2,Clear,Low,Pizza,4.0,25,8,1,0,38.6,47.20453204935282
6.43,46,281.23,3,Cloudy,Medium,Biryani,3.7,46,20,6,1,93.7,85.89052138997052
2.03,10,417.24,2,Clear,Low,Cafe,4.0,15,18,2,0,20.6,22.110169427747437
2.47,23,581.7,2,Clear,Low,Pizza,4.2,24,23,6,1,26.1,37.771134291289655
3.34,36,347.33,1,Cloudy,Low,Biryani,4.4,34,17,5,1,46.0,54.56226457520114
0.94,19,146.42,1,Clear,Low,South Indian,4.0,17,1,5,1,22.7,23.292318797906667
2.19,53,660.41,2,Cloudy,High,Biryani,4.1,48,21,1,0,88.2,89.02842639085756
2.7,15,632.47,4,Clear,High,Desserts,3.8,20,18,4,0,46.9,49.938267273288595
2.49,18,695.37,3,Clear,Medium,Cafe,4.4,19,11,6,1,36.4,39.83649727219543
4.86,40,854.05,3,Clear,Medium,Pizza,4.0,35,1,0,0,69.7,67.81577381572319
2.44,43,258.01,1,Clear,High,Biryani,4.0,38,19,4,0,77.7,77.48975833977246
5.8,12,1640.41,6,Clear,Medium,Cafe,4.7,12,0,5,1,39.5,42.85303935765222
2.29,23,249.23,1,Cloudy,Medium,Fast Food,4.3,24,11,2,0,42.6,45.90143318419826
5.5,18,376.19,2,Clear,Medium,Fast Food,4.2,21,13,2,0,58.1,50.63095324721829
5.2,22,332.01,4,Rain,High,Cafe,3.6,20,20,3,0,67.5,74.154230037042
5.43,37,1478.44,5,Clear,Medium,Biryani,4.7,38,11,2,0,75.1,69.23224201587261
3.9,11,210.69,1,Rain,High,Fast Food,4.4,12,18,6,1,57.0,57.88979818880476
4.89,22,776.89,3,Clear,Low,Fast Food,4.3,24,22,5,1,41.5,44.87022013245577
2.92,31,661.26,2,Storm,Medium,Indian,3.3,35,18,6,1,69.3,71.07145055749295
5.69,36,661.99,3,Cloudy,Low,Indian,3.3,35,23,2,0,53.0,64.11408184088918
8.51,26,349.2,1,Clear,Medium,Cafe,4.4,21,15,0,0,61.0,69.7863648076806
3.48,17,272.49,2,Clear,Medium,Cafe,3.9,22,18,5,1,47.7,43.95221066276605
6.58,30,532.51,3,Clear,High,Biryani,4.2,31,20,1,0,70.2,79.11104790919939
15.2,17,207.43,2,Cloudy,Medium,Cafe,4.0,13,21,3,0,90.5,87.5964583470851
1.29,30,95.37,1,Clear,High,Biryani,5.0,32,21,6,1,63.1,60.76598733882515
4.03,36,294.38,2,Clear,High,Biryani,4.7,38,12,3,0,77.8,74.33310580682198
1.68,18,324.75,1,Rain,Medium,Fast Food,3.8,15,22,2,0,49.0,47.28958007438007
5.08,16,602.01,2,Cloudy,Low,Desserts,4.5,15,5,3,0,37.0,37.65131215059357
4.26,37,743.0,3,Cloudy,High,Biryani,4.8,37,11,0,0,84.2,77.83343780776984
3.23,27,490.16,2,Clear,Medium,Indian,5.0,26,3,6,1,49.1,49.45955147222869
5.8,22,236.5,2,Clear,Medium,Healthy,4.7,26,2,4,0,49.5,53.30152379405486
8.49,25,799.67,3,Cloudy,Low,Pizza,3.7,20,10,3,0,66.0,59.86876131951811
6.33,19,310.35,1,Rain,Medium,South Indian,4.7,19,19,5,1,63.9,63.8736551620982
3.63,20,224.31,2,Clear,Low,Chinese,3.9,23,14,3,0,34.0,36.789443625761294
3.53,15,1353.15,4,Clear,Medium,Desserts,4.3,19,13,4,0,35.5,40.890601621019854
1.99,17,230.57,1,Rain,High,Bakery,4.3,12,0,5,1,52.8,53.14425123866645
1.88,16,121.18,1,Clear,High,South Indian,4.2,21,22,0,0,51.6,48.856958605487605
5.08,10,126.04,1,Clear,Low,Cafe,3.6,14,17,3,0,31.0,32.62052186146721
5.12,15,328.52,3,Rain,Low,South Indian,4.2,15,3,6,1,37.0,42.27641788112956
5.04,37,1228.01,5,Clear,Low,Pizza,4.0,35,10,4,0,64.3,57.84191267657249
1.52,15,370.98,2,Rain,Low,Cafe,4.0,15,16,6,1,28.1,32.82349970048125
1.55,27,113.92,1,Clear,High,Biryani,4.2,31,14,1,0,54.9,57.1235579188148
5.74,5,846.64,3,Rain,High,Bakery,3.9,10,16,6,1,53.7,58.02171875190451
10.65,11,97.54,1,Clear,Medium,Bakery,4.3,12,17,6,1,55.4,62.64571167261004
2.29,26,643.82,4,Cloudy,Low,South Indian,4.6,22,4,6,1,34.0,37.61018694239187
1.16,22,1381.56,4,Cloudy,Low,Cafe,3.3,21,1,3,0,26.7,29.29883236857568
4.37,37,1231.72,4,Clear,Medium,Biryani,3.9,33,1,0,0,65.9,63.28266013212055
3.93,51,339.71,1,Clear,High,Biryani,3.7,46,23,1,0,83.8,91.65224043937347
1.91,22,246.87,2,Clear,Medium,Cafe,4.0,19,4,4,0,37.7,40.22600439329909
6.01,24,329.29,2,Clear,High,Pizza,4.3,29,18,4,0,75.5,70.52112574042773
2.83,26,1190.06,4,Clear,Medium,Pizza,4.7,23,21,6,1,58.2,51.237406028780796
2.73,28,269.39,3,Clear,Low,Pizza,3.8,31,23,5,1,46.7,43.694592076765815
8.96,12,500.96,2,Clear,Low,Cafe,4.4,14,19,0,0,50.8,48.53195334537446
4.04,7,752.44,4,Clear,Medium,Desserts,4.1,11,1,6,1,39.8,31.88027362136495
6.85,26,1204.83,6,Cloudy,High,South Indian,3.8,24,18,5,1,84.8,77.41677652373609
12.34,26,1709.21,5,Cloudy,High,Pizza,4.0,24,18,4,0,96.6,96.73731284199678
3.89,13,263.36,2,Cloudy,Low,Healthy,4.3,16,8,4,0,31.1,31.25575705792867
12.63,15,256.14,1,Storm,High,Bakery,3.7,11,23,3,0,97.6,100.81819128443396
5.1,14,832.33,4,Clear,Medium,Desserts,4.5,15,2,4,0,44.1,42.782848846668514
4.07,18,618.84,3,Cloudy,Low,Healthy,4.0,17,15,4,0,41.4,38.542869321984085
3.22,34,759.59,3,Clear,Medium,Chinese,4.2,33,8,0,0,55.8,57.672286981725804
2.58,40,406.27,2,Clear,High,Biryani,3.9,42,22,6,1,74.4,75.6944491004963
3.19,34,337.51,1,Rain,High,Chinese,3.5,33,18,3,0,83.7,78.72777297833588
6.45,15,884.68,4,Clear,High,Desserts,4.1,11,19,0,0,69.0,63.193902341756534
2.63,32,391.49,4,Clear,Medium,Biryani,4.2,31,14,0,0,56.8,55.051764231171674
4.7,25,825.32,4,Rain,Medium,Pizza,4.0,27,22,2,0,60.5,64.98024903016696
10.41,23,148.9,1,Clear,Medium,Cafe,4.4,25,21,2,0,78.5,74.84278802829424
4.16,11,349.34,1,Clear,High,Healthy,4.3,16,13,6,1,40.1,49.9381720697756
3.59,20,160.36,1,Rain,High,Pizza,4.8,24,19,1,0,67.1,66.0822953646483
2.38,23,763.75,6,Clear,High,South Indian,4.0,20,20,4,0,61.2,57.185582633741724
5.69,42,186.98,2,Clear,High,Biryani,4.2,46,9,2,0,81.0,85.52573390471281
2.32,10,680.99,2,Clear,Low,Fast Food,4.4,11,13,3,0,22.9,21.756753812164035
1.66,29,360.8,2,Clear,Medium,Chinese,3.6,32,10,6,1,47.4,47.79346105103936
5.24,24,1643.07,5,Rain,Low,Fast Food,4.7,24,0,1,0,49.7,50.926897373443936
4.22,26,94.69,1,Clear,Medium,Indian,4.7,23,12,4,0,59.3,53.99813471624992
3.01,39,859.29,3,Cloudy,High,Biryani,4.7,38,22,2,0,86.7,78.03294335569721
1.99,5,353.63,3,Cloudy,Low,Desserts,4.6,10,11,0,0,19.6,17.091643334322825
4.48,34,1153.26,4,Rain,Low,Biryani,4.8,37,21,6,1,66.4,63.416952175879345
1.72,40,467.73,4,Clear,Medium,Indian,4.3,39,19,3,0,60.2,60.90851368672786
4.61,21,347.53,1,Clear,High,Indian,3.7,22,18,0,0,67.2,62.631993486377176
5.47,21,313.97,1,Clear,Low,Cafe,3.6,20,16,0,0,42.8,44.747088758940656
5.51,31,666.55,2,Clear,Medium,Pizza,3.2,29,11,6,1,66.0,63.53885459755618
9.18,12,155.73,1,Clear,High,Bakery,4.2,14,18,0,0,66.4,69.48843379204655
12.04,25,260.37,2,Cloudy,High,Pizza,3.8,29,14,6,1,89.5,93.75345566634769
9.27,11,783.28,3,Clear,Low,Desserts,3.8,15,0,1,0,46.3,44.271342270578224
4.53,15,374.88,2,Clear,Medium,Cafe,4.2,16,11,4,0,35.2,43.98319243646381
4.8,40,351.92,4,Rain,High,Indian,4.3,36,19,3,0,88.6,90.40493607176577
1.69,16,735.04,6,Cloudy,Medium,South Indian,4.0,20,18,4,0,37.1,38.47321635795248
8.15,18,1009.83,6,Clear,Low,Cafe,4.0,13,8,3,0,51.6,49.22904270474687
2.27,19,354.47,2,Clear,High,Healthy,3.9,19,14,3,0,50.3,51.56781755731039
5.64,27,130.21,1,Cloudy,High,South Indian,3.6,27,5,3,0,72.6,71.23490836147268
2.89,15,389.09,2,Cloudy,Medium,Cafe,3.6,14,2,3,0,33.1,38.19953469921614
6.57,34,294.32,1,Clear,Low,Pizza,4.0,32,16,6,1,63.3,61.57131164889003
6.91,37,569.05,2,Cloudy,High,Biryani,4.3,38,14,2,0,86.9,87.90464734816429
3.2,27,609.42,2,Clear,Medium,South Indian,4.5,26,12,1,0,50.8,51.39774784199502
3.22,49,262.13,2,Clear,High,Biryani,4.5,45,19,1,0,85.8,86.11554923587835
6.38,31,578.22,2,Clear,Medium,Indian,4.3,36,19,3,0,74.5,68.27015253163074
3.9,21,1035.41,3,Clear,Medium,South Indian,4.2,21,18,5,1,41.4,49.30072895806579
3.76,23,217.3,1,Clear,Low,Indian,3.5,26,6,6,1,41.9,38.47485613439453
2.42,34,579.93,2,Rain,High,Indian,4.2,36,20,3,0,73.1,76.37279297300486
10.79,23,482.58,2,Clear,Low,Bakery,4.0,18,9,3,0,71.8,63.631026218312456
8.8,16,1008.4,5,Clear,Low,Fast Food,5.0,15,18,5,1,46.3,51.5071281821114
2.23,46,296.99,1,Clear,High,Biryani,3.8,42,23,3,0,72.2,80.69880078941536
2.81,25,418.93,3,Clear,Low,Pizza,3.9,21,10,5,1,35.4,37.960866645546965
3.06,31,606.63,2,Clear,Low,Pizza,3.2,29,7,1,0,45.5,44.26561034301478
3.63,31,1481.62,5,Cloudy,Medium,South Indian,3.8,28,22,5,1,66.1,61.310462885324114
2.73,18,1058.81,4,Clear,Low,Desserts,3.6,17,8,5,1,35.1,30.271629653362126
3.54,14,422.82,2,Clear,Low,South Indian,4.6,15,18,2,0,37.1,31.195057250079397
5.53,20,337.86,2,Clear,Low,Desserts,3.6,17,17,1,0,39.8,44.08220128045162
10.79,14,291.08,1,Cloudy,Medium,South Indian,4.7,19,17,4,0,57.9,68.08188183078461
2.09,21,222.21,2,Cloudy,High,Healthy,4.2,18,0,5,1,40.2,51.64607417549998
1.47,9,447.44,3,Cloudy,High,Desserts,3.7,14,19,6,1,37.1,41.829763620179925
1.39,23,574.51,2,Rain,High,Chinese,3.6,24,14,6,1,64.2,60.487184784244945
7.27,24,225.98,2,Rain,High,Chinese,4.2,21,20,3,0,82.0,83.31641028718452
4.32,34,566.36,6,Rain,High,Chinese,4.2,33,20,2,0,80.5,82.9587347543454
0.72,27,785.82,3,Clear,Medium,Pizza,3.7,25,14,4,0,47.6,43.357535592885135
2.9,35,1729.85,6,Cloudy,Low,Chinese,4.2,33,3,6,1,47.5,48.740939348281856
7.12,14,684.34,3,Clear,Medium,Fast Food,4.7,14,1,4,0,45.0,49.50210277642656
3.72,35,169.06,1,Clear,Medium,Pizza,3.8,32,19,2,0,62.9,62.976557682706314
3.88,21,167.68,1,Rain,Medium,Cafe,4.1,22,1,6,1,58.7,53.38191937625334
0.83,26,1380.5,4,Rain,Medium,Chinese,3.6,21,11,3,0,55.3,50.0335164069922
3.81,23,950.37,6,Cloudy,Medium,Fast Food,4.0,23,14,6,1,58.5,51.94500853902558
10.44,36,219.04,1,Clear,High,Chinese,4.3,31,22,6,1,96.5,99.00865108635914
4.44,14,848.32,4,Rain,High,Bakery,3.8,16,14,2,0,61.7,61.98610543737356
4.42,35,326.35,4,Rain,Low,Indian,3.4,31,4,2,0,62.0,60.19627296647072
2.33,18,694.56,2,Clear,High,Pizza,4.7,23,15,3,0,43.0,50.89105502897009
4.78,11,81.01,1,Clear,Medium,Desserts,4.5,15,22,3,0,36.4,43.227753558684284
3.44,48,301.52,1,Clear,High,Biryani,4.1,47,11,0,0,90.5,84.11942864424347
10.99,20,991.87,3,Cloudy,Medium,Healthy,4.4,24,14,2,0,73.9,74.24360203894437
6.7,27,181.27,2,Storm,Low,Cafe,4.2,22,19,0,0,68.8,70.63308610858518
9.85,28,378.52,2,Clear,High,Chinese,4.1,27,19,2,0,84.1,88.2266548055465
9.12,9,222.38,1,Clear,Medium,Bakery,4.2,13,23,2,0,52.3,56.654606065952095
4.34,25,440.65,3,Clear,Low,Pizza,4.0,24,4,0,0,43.9,41.89239219450559
11.23,32,385.2,4,Cloudy,Medium,Pizza,4.0,29,21,0,0,85.8,88.59689180017858
11.43,35,486.34,3,Clear,Medium,Indian,4.4,39,8,6,1,80.1,87.42430660803653
5.57,49,181.5,1,Clear,Low,Biryani,4.4,46,9,4,0,72.4,71.60443124974523
2.32,24,343.05,2,Cloudy,High,South Indian,3.8,27,18,2,0,56.3,59.54633947332254
3.06,20,193.75,1,Clear,Medium,Pizza,3.7,25,12,6,1,47.4,44.090757671805726
3.9,42,282.69,1,Clear,High,Indian,4.6,37,18,5,1,82.9,81.12053591975528
3.1,19,252.97,1,Cloudy,Medium,Desserts,4.4,16,12,3,0,43.2,45.046916982602774
8.07,16,252.47,1,Cloudy,High,Cafe,3.6,20,19,2,0,74.3,72.05463603744451
3.92,38,238.09,1,Clear,Medium,Biryani,4.3,38,16,2,0,61.0,66.11384038667136
1.29,28,292.63,1,Clear,High,South Indian,3.9,25,13,2,0,56.9,56.82149237797131
0.97,18,895.81,3,Clear,High,Cafe,4.4,14,22,1,0,45.7,47.786977283603456
0.56,13,488.18,4,Clear,Low,Desserts,3.8,15,19,1,0,19.1,20.07670239701828
1.33,26,1276.36,4,Clear,Medium,Pizza,3.7,25,12,1,0,45.0,44.01387614986103
6.89,11,549.95,3,Cloudy,High,Desserts,4.6,10,18,1,0,63.0,62.41021966474186
9.59,18,253.61,1,Clear,Medium,Fast Food,3.8,15,21,0,0,71.0,66.79998968063342
2.54,17,252.88,2,Clear,Low,Bakery,4.2,13,6,6,1,36.8,28.009366485355255
2.21,26,307.79,1,Clear,High,Cafe,4.1,22,13,0,0,58.7,58.10499243575307
16.33,15,776.22,4,Clear,Medium,Fast Food,3.9,17,14,1,0,89.1,85.79526468715082
4.92,35,338.88,1,Rain,High,Chinese,3.5,31,22,1,0,86.0,86.66710262076715
6.29,19,296.66,1,Clear,Low,Chinese,4.2,23,17,3,0,41.1,45.78074774463823
1.99,39,307.71,1,Cloudy,High,Biryani,4.2,35,11,5,1,77.9,72.00639369720852
6.77,21,203.84,1,Clear,Medium,South Indian,4.4,20,22,4,0,61.1,60.216115489877495
2.58,35,749.03,5,Cloudy,Low,Biryani,4.7,38,3,1,0,47.9,47.58550416333034
3.2,28,636.23,2,Clear,High,Indian,4.2,32,12,3,0,66.1,63.33576799672802
5.49,33,552.18,2,Clear,Low,South Indian,3.8,30,23,6,1,55.2,58.36827334900204
6.86,35,688.05,2,Clear,Medium,Biryani,3.9,33,18,2,0,71.6,73.9232714604078
3.96,18,1032.47,5,Cloudy,Medium,South Indian,4.4,20,21,5,1,42.6,49.09601344684934
1.13,15,335.56,4,Rain,High,Bakery,4.3,12,2,3,0,47.4,48.53437413408581
13.68,21,324.14,2,Clear,Medium,South Indian,3.7,18,1,4,0,81.4,79.67648801864381
1.35,26,305.36,2,Rain,Low,Indian,4.5,23,8,2,0,40.5,41.23174383051938
0.88,11,250.06,1,Clear,Medium,Desserts,4.9,16,18,2,0,35.8,28.603569204325538
2.29,49,628.86,3,Clear,Medium,Biryani,4.1,47,8,4,0,63.4,69.64895495988951
2.36,24,429.78,3,Clear,Medium,Healthy,4.1,27,5,0,0,36.1,43.959891268089194
4.2,12,1244.18,4,Clear,Medium,Desserts,4.4,12,21,2,0,40.3,41.99584298955944
1.86,19,544.71,2,Clear,High,Pizza,4.7,23,3,1,0,39.1,47.451205998355256
1.63,43,327.88,2,Clear,Medium,Biryani,3.8,44,16,6,1,65.3,63.20156093959497
9.1,12,561.54,4,Cloudy,Medium,Cafe,3.5,10,15,4,0,61.4,59.91850477529407
7.94,29,617.98,2,Clear,Low,Chinese,4.6,34,15,4,0,54.7,61.107304198855154
5.14,11,695.41,3,Clear,High,Desserts,3.6,16,12,0,0,54.9,53.087540416148144
3.99,15,424.38,3,Clear,Low,Healthy,3.9,16,22,1,0,40.1,34.85041840487741
3.95,17,165.74,1,Cloudy,Medium,Desserts,4.0,14,12,1,0,47.1,46.03205999106112
2.94,31,735.01,4,Clear,High,Biryani,4.3,35,20,2,0,67.9,67.37588298977404
4.94,24,786.26,5,Rain,Low,Pizza,3.2,29,3,3,0,47.6,50.84716781618011
1.67,15,159.91,1,Cloudy,Low,Fast Food,3.5,10,5,5,1,22.9,24.705247653577132
1.33,23,418.68,2,Clear,Low,Cafe,4.0,18,7,1,0,27.4,30.12940331778769
1.6,28,403.29,2,Clear,Low,Biryani,5.0,32,0,1,0,28.1,34.47150038761439
1.36,16,119.64,1,Cloudy,Low,Desserts,3.8,19,14,1,0,24.4,26.739137072168866
2.54,44,668.74,2,Clear,High,Biryani,3.9,42,11,6,1,76.1,77.05437489976207
6.35,15,88.09,1,Clear,Low,Desserts,4.5,10,5,3,0,35.0,39.091538718346605
0.55,25,625.88,4,Clear,High,Pizza,4.0,25,18,4,0,60.5,52.40961978347384
7.72,27,1462.49,5,Clear,Medium,Cafe,4.8,23,1,1,0,65.6,64.79652512843559
6.85,27,425.72,3,Cloudy,Low,Pizza,4.1,30,1,6,1,61.5,54.03264078441245
4.47,24,552.96,3,Rain,Medium,Chinese,4.2,24,18,3,0,61.8,62.26780324569131
1.25,14,346.19,1,Cloudy,Medium,Cafe,4.4,19,18,1,0,44.6,35.02444183971737
5.22,44,338.69,1,Clear,High,Biryani,4.3,49,6,6,1,83.6,85.25772712542498
2.39,29,120.34,1,Clear,High,South Indian,3.9,30,14,5,1,63.4,61.92629885256325
2.64,10,673.54,3,Cloudy,Medium,Desserts,4.4,12,19,0,0,38.5,35.98131585093741
3.14,15,580.51,2,Clear,Medium,Healthy,4.0,17,22,6,1,40.4,41.668013801295515
0.8,6,737.35,6,Clear,Low,Cafe,4.4,11,23,3,0,18.8,14.84700071688782
8.59,34,972.46,6,Rain,Low,South Indian,3.8,30,6,5,1,71.1,74.19698651153081
3.59,29,378.04,2,Clear,Low,Healthy,3.9,29,6,1,0,44.9,43.83873170309001
2.39,24,763.03,3,Cloudy,Medium,South Indian,4.2,21,12,5,1,55.1,47.57860424503388
5.84,10,490.85,2,Cloudy,Medium,Cafe,3.5,10,18,4,0,42.1,47.22313820842784
12.88,9,142.09,1,Clear,Medium,Desserts,4.6,10,20,3,0,67.8,69.1130163179656
1.48,24,1227.52,4,Cloudy,High,Cafe,3.6,20,22,2,0,56.4,57.68548397684966
5.3,39,417.54,2,Clear,High,Indian,4.2,36,13,0,0,82.3,81.86757210824764
7.04,23,292.46,2,Clear,Medium,Indian,4.0,20,7,3,0,52.1,59.79159631934208
2.84,44,289.48,1,Clear,Low,Biryani,3.7,46,2,5,1,59.0,55.531185350711354
4.0,24,622.99,2,Rain,Medium,South Indian,3.9,25,5,2,0,57.7,57.61294378811665
2.84,28,1588.6,5,Clear,Low,Healthy,3.9,29,10,3,0,37.5,41.203985013341295
5.26,17,1549.67,5,Cloudy,Low,Bakery,3.9,17,2,0,0,33.2,38.62425055500012
3.04,21,806.23,3,Rain,High,Fast Food,4.2,21,11,6,1,60.2,63.339302533172685
3.78,43,580.93,6,Clear,High,Biryani,3.8,44,21,1,0,81.9,82.57183615015049
3.12,28,261.1,1,Clear,Low,Healthy,3.7,23,4,6,1,33.4,40.800091885600885
0.5,21,994.47,4,Clear,High,Indian,3.8,25,18,1,0,50.3,48.246256676624306
1.7,26,616.6,2,Clear,High,Pizza,4.4,23,14,4,0,62.3,56.500338359152046
2.89,17,176.69,1,Cloudy,High,South Indian,4.1,17,11,5,1,54.9,52.89291704459084
1.82,17,206.25,2,Cloudy,Medium,South Indian,4.2,20,22,2,0,41.6,40.82367768325629
3.03,16,234.52,1,Clear,Medium,Fast Food,4.4,19,15,3,0,35.8,40.42907624438533
4.87,13,1289.53,4,Cloudy,Medium,Desserts,4.0,14,1,0,0,49.0,42.75612812406178
2.0,23,984.89,4,Storm,Medium,Chinese,3.2,24,18,5,1,56.0,59.83746077100206
4.28,26,297.41,2,Cloudy,Low,Cafe,4.3,24,0,5,1,48.6,43.82874607964168
0.5,38,249.07,1,Clear,Low,Indian,4.3,39,4,4,0,40.6,41.53311570894788
6.74,9,93.7,1,Clear,Low,Desserts,4.4,12,3,1,0,32.4,33.99106647723269
1.71,21,631.02,3,Cloudy,Low,Bakery,3.9,19,20,2,0,36.0,34.3135727902315
1.97,6,343.58,1,Cloudy,High,Desserts,4.8,10,19,3,0,47.1,40.43527703198157
4.18,47,187.99,1,Rain,Low,Biryani,3.8,42,23,2,0,69.0,75.90852476072124
1.73,33,863.26,4,Cloudy,Medium,Indian,4.1,29,20,0,0,58.0,56.12195909628855
2.32,10,1481.38,5,Cloudy,High,Cafe,4.0,15,13,4,0,44.5,44.5301217683679
2.98,14,665.49,5,Clear,Low,Healthy,4.0,17,2,3,0,19.2,25.729479575290505
4.73,27,307.77,2,Rain,Low,Pizza,4.3,29,3,4,0,50.6,53.00172860452359
8.03,28,311.01,1,Cloudy,Medium,Pizza,4.2,24,19,5,1,78.2,72.99306109716628
6.31,41,881.35,3,Cloudy,Medium,Biryani,5.0,42,14,4,0,79.0,78.9596720103781
8.13,26,997.72,5,Storm,Low,Healthy,4.3,27,10,1,0,74.6,72.58600301267414
6.52,30,88.01,1,Clear,High,South Indian,4.3,30,19,1,0,77.2,78.44615035220016
7.63,29,183.43,1,Clear,Medium,Indian,3.8,25,15,4,0,67.2,69.75880729903243
1.63,12,215.6,1,Clear,Low,Bakery,4.2,13,9,4,0,20.1,20.52165432551064
2.25,27,363.21,2,Rain,Medium,Pizza,4.0,29,20,3,0,61.1,57.962232810552436
1.58,20,167.18,1,Clear,High,Desserts,3.8,19,20,0,0,49.4,51.429954249673614
7.83,18,499.5,2,Clear,Low,Cafe,3.8,19,23,4,0,49.5,51.64380744369287
1.6,29,501.38,2,Cloudy,High,Pizza,3.8,32,11,4,0,70.7,60.52628455321392
1.66,17,684.71,2,Cloudy,High,Healthy,3.9,19,20,0,0,46.9,50.757774295041514
1.7,50,170.71,1,Cloudy,High,Biryani,4.3,49,18,6,1,79.4,83.63097268245336
2.28,18,532.99,5,Clear,Low,South Indian,3.7,18,14,6,1,42.2,29.97670385124177
2.8,31,756.83,3,Cloudy,Low,Indian,4.2,29,4,3,0,48.0,44.52395405542306
2.89,31,1498.98,5,Clear,High,Pizza,3.9,32,21,0,0,64.6,67.32477429936759
8.25,31,417.43,2,Clear,High,Indian,4.2,36,11,5,1,90.0,83.79318853873997
3.34,15,738.07,3,Clear,Low,Fast Food,4.3,10,18,4,0,30.1,31.483426222080748
4.29,28,183.38,1,Clear,High,Chinese,4.1,27,22,1,0,59.2,69.43020180679048
4.14,19,501.36,4,Clear,High,Cafe,4.4,19,20,0,0,62.7,59.37865003333576
6.02,30,784.09,4,Rain,Medium,Biryani,4.4,34,6,0,0,62.3,71.03655302396865
5.26,15,387.7,2,Clear,Medium,Healthy,4.2,18,20,6,1,55.1,48.59511044418131
7.9,9,1193.16,4,Clear,High,Bakery,3.7,11,11,6,1,61.4,60.551448594931784
6.56,24,149.95,1,Storm,High,Pizza,3.2,29,11,5,1,83.7,85.97487969110384
5.68,22,174.9,1,Cloudy,High,Bakery,4.0,18,21,3,0,72.8,69.96767474466552
6.57,14,575.84,2,Cloudy,Medium,South Indian,3.7,18,19,4,0,56.9,53.891648332488714
1.46,11,84.03,1,Cloudy,Medium,Desserts,4.6,10,14,5,1,29.8,31.708824096210755
4.09,24,346.55,1,Rain,High,Fast Food,4.7,24,18,4,0,64.3,71.5600236018761
2.57,17,655.34,2,Clear,Low,Desserts,4.5,15,10,6,1,18.1,29.06634833169104
0.74,25,372.58,3,Clear,Low,Cafe,4.2,22,1,1,0,27.0,28.65106166607222
2.02,11,80.07,1,Clear,Medium,Cafe,4.7,12,22,6,1,33.2,33.63753592721153
4.83,27,591.86,2,Rain,High,Pizza,4.1,23,12,0,0,79.0,75.9084647749497
7.1,24,204.5,2,Clear,Medium,South Indian,4.0,20,23,5,1,58.0,64.62381359400972
7.62,34,162.33,1,Rain,Low,South Indian,3.8,30,0,5,1,73.3,69.45367998513544
0.5,30,753.2,5,Cloudy,Medium,Indian,3.4,33,20,2,0,56.2,48.91934389116766
3.12,12,833.61,3,Clear,Medium,Bakery,4.0,12,21,5,1,42.5,38.238612981538566
11.18,19,600.28,2,Clear,Medium,Pizza,4.0,24,0,5,1,59.4,68.73640859185937
4.95,26,1127.68,4,Clear,Low,Healthy,4.4,22,4,6,1,39.1,45.13099014974791
3.43,9,684.48,2,Rain,High,Fast Food,4.7,14,14,1,0,53.6,53.26576431945046
2.65,22,237.42,2,Clear,Low,South Indian,4.5,23,19,0,0,36.5,36.300227434713264
0.72,18,160.67,1,Clear,High,Bakery,4.3,15,14,4,0,45.2,44.99112253462298
0.5,27,476.51,2,Cloudy,Low,Pizza,4.3,32,4,4,0,26.2,32.48019867094734
0.73,20,282.59,2,Cloudy,High,Healthy,3.3,15,22,2,0,51.8,51.01710099333205
0.76,21,113.61,1,Cloudy,Low,South Indian,4.3,22,11,5,1,33.9,28.895550803319626
3.81,33,248.07,2,Rain,High,Biryani,3.7,31,22,1,0,80.4,80.85491824404824
1.09,20,847.94,3,Rain,Low,Bakery,3.9,17,6,2,0,30.0,33.906057097717884
4.46,38,915.44,3,Cloudy,Medium,Chinese,3.5,33,14,3,0,79.0,69.50409555071721
6.11,20,1014.8,6,Cloudy,Medium,Healthy,3.9,19,18,1,0,62.2,58.04468681652989
3.8,27,808.92,3,Cloudy,Low,Pizza,4.1,30,17,3,0,48.7,47.03096424182228
4.36,24,737.81,3,Clear,Medium,Indian,3.8,29,15,3,0,56.0,53.31484199631326
5.66,30,1277.1,5,Clear,Medium,Chinese,4.6,34,5,4,0,58.4,61.54674339879655
7.3,14,600.23,2,Cloudy,Medium,Cafe,3.8,19,11,6,1,53.7,54.73856967719712
2.63,27,240.95,3,Rain,Medium,Chinese,4.1,27,11,4,0,64.3,57.22921138068651
8.19,29,409.33,2,Clear,Medium,Healthy,4.7,26,12,5,1,76.9,70.96921823121082
0.74,23,1018.42,3,Clear,Medium,Desserts,4.4,18,11,1,0,44.4,38.58916575580723
3.98,15,438.4,3,Cloudy,Medium,Cafe,4.4,11,2,6,1,41.0,41.908599886694596
4.65,10,371.17,2,Storm,Medium,Bakery,3.8,15,12,5,1,56.2,54.544352515002274
5.31,5,787.05,3,Cloudy,Low,Desserts,3.8,10,18,1,0,32.2,30.479658583552528
2.51,10,633.81,2,Rain,Medium,Fast Food,4.4,13,0,0,0,42.0,37.04759369426857
1.09,17,521.57,3,Cloudy,Medium,Healthy,3.9,19,21,6,1,32.0,38.219565471157516
2.07,51,1456.09,6,Clear,High,Biryani,3.8,48,13,0,0,81.4,82.82186682880398
15.94,43,1209.06,4,Rain,Low,Biryani,3.8,44,13,2,0,111.4,110.83884396330316
4.38,18,194.96,1,Cloudy,Medium,South Indian,4.6,22,18,2,0,54.9,49.84620889639643
8.25,14,1097.04,4,Cloudy,Low,Desserts,4.6,10,23,1,0,42.8,50.82379707546601
6.46,27,393.51,2,Clear,High,Healthy,4.7,26,13,5,1,72.4,73.94126425533972
3.35,42,1192.55,4,Clear,Low,Biryani,5.0,42,15,2,0,53.4,58.113554401168145
10.14,18,563.81,3,Cloudy,Low,Bakery,3.8,15,4,1,0,69.6,57.14870452263049
15.64,30,504.94,2,Clear,High,Chinese,4.2,33,2,6,1,102.7,106.66133015123143
3.46,24,1048.19,4,Cloudy,High,Pizza,4.7,23,11,6,1,59.6,61.90810987591472
3.05,18,226.77,1,Rain,Low,Cafe,4.0,18,4,0,0,35.4,38.382498462381164
2.56,20,691.73,2,Clear,Low,Indian,4.0,21,18,0,0,34.1,33.89780846647457
4.01,26,138.64,1,Clear,Medium,Indian,3.8,23,15,4,0,55.1,54.070670746072906
2.41,19,155.08,1,Rain,Medium,South Indian,4.2,21,4,5,1,40.1,46.764221042247186
1.76,35,414.27,4,Clear,Medium,Indian,4.3,39,3,5,1,47.3,52.38342501360473
6.2,17,525.4,5,Rain,Medium,Bakery,3.9,17,12,0,0,64.5,59.801326816165925
6.39,29,967.18,3,Rain,Low,Pizza,3.8,32,18,5,1,68.5,64.35746937288019
3.3,20,449.54,2,Rain,Medium,Pizza,4.2,24,11,0,0,49.9,52.49806007624245
3.89,16,213.8,2,Clear,Medium,Desserts,4.2,14,3,0,0,45.9,40.736425674725766
5.23,34,263.69,1,Clear,High,Biryani,3.9,33,12,4,0,79.7,76.6546213739406
3.71,23,527.87,5,Storm,Medium,Chinese,4.2,23,8,5,1,66.3,63.34145454826641
3.71,27,320.76,1,Clear,Low,Cafe,4.1,22,16,3,0,41.6,44.568835554593306
8.31,28,187.47,1,Clear,Medium,Indian,3.8,23,2,1,0,71.8,68.10943214182905
8.42,37,729.22,4,Cloudy,Medium,Biryani,4.3,35,19,0,0,85.8,83.47091490214477
9.46,26,134.94,1,Clear,High,South Indian,4.3,27,6,2,0,77.3,81.77193716713792
5.74,25,561.41,3,Clear,Low,Indian,4.2,29,0,5,1,47.3,45.928247477497955
0.84,30,892.44,6,Cloudy,Medium,Indian,4.2,32,1,6,1,49.2,45.6753848299264
4.01,32,254.58,1,Clear,High,Pizza,4.3,32,18,1,0,72.1,71.49416325481843
1.86,22,156.57,1,Clear,High,South Indian,4.0,17,12,1,0,56.5,52.5229510776329
0.82,20,178.27,2,Clear,Low,Cafe,4.2,22,8,0,0,15.7,25.525488710047796
2.1,34,527.13,2,Clear,Low,Chinese,4.2,33,16,4,0,50.4,45.92275605339539
0.75,26,299.21,1,Clear,Low,Pizza,4.0,24,10,4,0,34.0,31.78132019614211
0.59,20,176.26,1,Rain,Low,Healthy,4.5,25,21,6,1,41.0,35.66194023826445
4.56,21,81.12,1,Clear,Medium,Cafe,4.4,21,19,3,0,56.1,51.89183932796233
3.84,45,105.23,1,Cloudy,Medium,Biryani,4.0,43,14,4,0,72.7,74.41360874106842
1.38,7,495.13,2,Clear,Low,Fast Food,4.4,12,4,3,0,13.6,13.389432007567933
12.31,13,823.79,3,Clear,Low,Fast Food,4.5,17,4,0,0,56.0,57.635918211058424
3.55,26,1727.0,5,Clear,Low,Indian,3.5,26,3,3,0,40.0,40.08097227094511
4.95,16,171.71,1,Cloudy,High,Cafe,5.0,21,2,5,1,54.1,57.066758208132875
3.28,15,627.15,3,Rain,High,Bakery,3.6,10,2,5,1,45.5,56.19934277028758
5.11,20,234.0,2,Clear,Low,Indian,3.7,22,8,0,0,37.0,40.53859557119298
10.26,16,367.02,3,Clear,Medium,Fast Food,3.8,18,16,3,0,65.3,66.0253515278096
10.95,29,266.41,2,Cloudy,Medium,Healthy,4.0,29,6,6,1,79.1,81.32922165180383
1.16,26,1561.83,5,Clear,Low,Indian,5.0,26,5,3,0,35.0,31.960751698438656
3.6,38,344.37,1,Cloudy,Low,Biryani,4.3,43,20,5,1,56.2,58.203729286527775
2.64,26,941.84,3,Cloudy,Low,Biryani,4.3,31,10,1,0,46.6,40.486758091675284
3.42,26,701.23,6,Rain,Medium,South Indian,4.2,21,20,6,1,59.5,60.93039062676358
3.79,13,441.78,2,Cloudy,Low,Fast Food,4.4,15,6,0,0,31.8,30.21432071063291
2.93,19,282.57,1,Clear,Low,Fast Food,4.4,14,1,4,0,34.1,30.150446601828904
1.94,26,610.44,2,Clear,Medium,South Indian,4.5,23,3,4,0,38.2,43.956018349412545
6.11,17,306.23,1,Rain,Medium,Desserts,3.9,18,19,1,0,59.7,61.20174670545768
8.24,15,314.69,1,Clear,Medium,South Indian,4.2,15,5,2,0,57.3,55.45728530253868
3.56,8,227.11,1,Cloudy,High,Fast Food,3.5,13,19,5,1,43.0,48.07427982356376
5.11,19,881.88,3,Clear,Low,Cafe,3.9,22,23,5,1,29.7,43.119585195936025
4.55,20,595.15,3,Clear,Medium,Healthy,4.0,17,3,6,1,44.0,47.2305549418968
7.93,33,510.27,2,Rain,High,Chinese,4.1,35,21,0,0,93.9,94.89632785318395
12.62,19,582.96,2,Cloudy,Low,Bakery,4.0,18,1,6,1,61.7,66.20289213269608
5.73,15,368.18,2,Cloudy,Low,Bakery,4.4,17,19,2,0,45.2,42.090315845289574
2.45,18,298.41,2,Clear,Low,Fast Food,3.7,22,6,0,0,28.2,28.656267257554976
3.1,10,319.07,2,Clear,Medium,Bakery,3.6,13,10,4,0,33.8,33.686281697237625
7.17,17,1517.49,5,Storm,Medium,Indian,3.7,22,21,5,1,69.2,72.55027451746764
3.98,17,309.26,3,Clear,Low,Desserts,3.8,20,5,0,0,31.8,32.85068731320479
9.35,33,347.83,1,Clear,High,Indian,4.2,32,12,0,0,90.0,89.82393028852165
4.08,14,348.13,1,Cloudy,Medium,Fast Food,4.3,10,10,5,1,30.9,42.924864374408536
3.85,37,122.88,1,Clear,Low,Biryani,3.9,33,4,1,0,54.6,52.40778306829604
3.41,36,1296.13,4,Clear,Medium,Biryani,5.0,32,0,1,0,57.5,58.566101123062396
2.14,28,359.73,2,Clear,Medium,Pizza,3.2,29,23,4,0,48.9,51.455177076364215
2.56,30,223.27,1,Clear,Medium,Pizza,3.2,29,20,6,1,52.6,54.25227384858511
3.82,25,639.19,4,Clear,High,Chinese,3.6,21,14,2,0,73.8,62.98945642846912
3.34,13,322.56,2,Cloudy,High,Healthy,4.2,18,11,3,0,49.3,50.54993179198053
6.95,10,1199.16,4,Cloudy,Low,Bakery,4.5,10,10,5,1,37.7,39.31721170023556
2.04,36,510.51,2,Cloudy,Medium,Chinese,4.4,33,21,6,1,62.5,60.523388963414824
5.57,32,717.11,3,Cloudy,Medium,Indian,4.6,37,21,5,1,64.2,68.82071581916504
6.22,28,162.26,2,Clear,Medium,Pizza,4.1,30,23,6,1,55.8,65.62048880758984
3.32,22,276.76,1,Rain,High,South Indian,4.5,23,8,2,0,62.2,64.62763230454283
3.49,17,515.8,2,Cloudy,Medium,Bakery,4.0,12,9,3,0,44.9,43.73438417817009
1.11,22,909.86,3,Clear,Medium,Fast Food,4.0,25,14,4,0,44.2,39.579930105607275
13.87,38,936.85,4,Clear,High,Indian,4.2,36,19,0,0,110.2,112.262652490395
3.38,26,160.59,2,Clear,Medium,Pizza,4.6,29,21,2,0,53.4,53.11197994504437
3.91,37,156.97,1,Clear,Medium,Pizza,3.9,32,23,4,0,58.7,66.5740890269508
2.32,24,488.18,3,Rain,Medium,Pizza,3.9,21,9,5,1,47.5,52.66899655106124
0.83,39,506.9,2,Clear,Medium,Indian,3.8,36,12,0,0,54.9,55.24025469562991
3.58,41,471.8,2,Clear,Medium,Biryani,4.0,43,20,3,0,66.1,68.9104816806995
5.93,19,1292.46,4,Clear,Medium,Fast Food,4.3,24,13,5,1,53.5,53.19466990239437
1.49,22,453.22,4,Clear,Medium,Desserts,4.4,18,20,3,0,37.1,42.240040325127545
4.27,8,128.23,1,Clear,Medium,Desserts,4.4,12,20,6,1,34.8,38.01161860425728
7.75,22,334.39,1,Rain,Medium,Bakery,4.4,20,10,0,0,65.9,69.77881265766194
2.41,22,585.19,2,Cloudy,Medium,Healthy,4.1,27,20,6,1,56.0,47.6391086197677
3.69,34,1277.88,4,Clear,Medium,Chinese,3.6,32,12,6,1,66.6,60.39993698934847
3.93,34,840.15,4,Cloudy,High,Biryani,4.4,32,12,3,0,70.4,73.97508050332084
8.97,15,233.2,1,Clear,Low,Cafe,4.4,14,10,3,0,45.1,49.54405108837036
6.47,24,608.88,5,Clear,High,Cafe,4.0,19,22,3,0,72.6,73.0816738990392
1.08,43,955.63,4,Rain,High,Biryani,3.9,42,22,2,0,79.6,81.33960374626213
5.43,32,2049.59,6,Clear,Medium,Chinese,4.1,35,20,5,1,75.4,66.2861803517933
0.72,15,947.51,5,Cloudy,Medium,Desserts,3.5,18,20,3,0,34.1,34.650393726271254
3.32,32,793.09,4,Clear,Medium,Biryani,4.2,31,12,5,1,64.3,57.09522433632921
3.83,17,1013.79,4,Clear,Low,Healthy,4.0,16,18,0,0,32.5,35.37600558188947
3.0,25,1406.25,5,Cloudy,High,Pizza,4.1,23,22,3,0,64.3,63.886271930998596
2.36,18,776.16,6,Cloudy,Low,Bakery,3.8,15,22,2,0,30.4,34.001281711006065
3.88,34,1457.13,5,Clear,Medium,Chinese,4.4,33,1,3,0,57.1,58.4180615520092
1.57,9,424.66,3,Clear,High,Desserts,4.5,10,9,1,0,35.3,37.751544613723624
0.88,10,977.89,4,Clear,Low,Cafe,4.0,15,0,1,0,12.9,13.950027361201258
4.21,18,300.52,2,Clear,Low,Bakery,3.6,13,15,5,1,33.7,36.9881081863147
1.22,38,616.63,3,Rain,Medium,Chinese,3.6,33,21,6,1,67.1,65.7051112379025
5.81,28,630.6,3,Cloudy,High,Cafe,3.8,23,11,5,1,72.3,74.30116257844769
1.59,28,332.95,2,Rain,Low,Indian,4.7,23,9,5,1,45.0,44.298648840723835
7.17,14,386.37,2,Cloudy,Medium,Fast Food,3.8,18,14,4,0,59.6,54.74784281148305
4.19,24,172.53,2,Clear,Medium,Pizza,3.2,29,7,4,0,45.4,50.95146522053918
4.28,19,852.68,3,Clear,High,Fast Food,4.2,14,20,4,0,58.1,59.79218322163206
5.2,26,405.62,2,Clear,Low,Pizza,3.9,22,10,0,0,43.8,47.30253228473562
1.1,5,293.28,2,Clear,High,Cafe,3.5,10,20,0,0,34.9,34.84248740240895
3.04,33,663.13,3,Rain,High,Biryani,4.3,31,17,5,1,69.8,76.98620577583984
10.46,33,1610.89,5,Clear,Medium,Biryani,4.0,38,22,3,0,77.9,85.48803055271915
2.55,42,568.94,2,Cloudy,High,Biryani,4.1,47,21,5,1,72.3,79.31633662848868
3.05,22,470.88,4,Clear,Low,Bakery,4.0,18,2,4,0,36.7,33.89313468301457
7.69,10,269.3,1,Clear,Low,Desserts,4.6,12,10,3,0,37.8,39.941609634582356
1.0,12,966.1,4,Clear,Medium,Fast Food,5.0,15,11,2,0,26.7,28.300966209626388
3.41,22,710.63,4,Clear,Medium,South Indian,3.9,25,21,5,1,45.8,49.276667332662335
3.45,28,1138.46,6,Rain,Low,Indian,4.2,29,21,4,0,51.0,53.647751691860044
1.4,16,723.71,4,Clear,Medium,Fast Food,4.2,14,18,5,1,34.3,35.40582727076437
1.35,18,142.67,1,Clear,Low,South Indian,4.5,22,11,4,0,30.3,25.981635499384296
13.31,8,547.7,4,Clear,Medium,Fast Food,4.9,13,22,2,0,65.6,69.90604614472085
2.2,17,611.63,4,Clear,Medium,Desserts,4.0,14,9,3,0,36.2,37.25777409252769
3.95,45,271.53,1,Cloudy,Medium,Indian,3.8,40,16,0,0,70.8,75.06215114775857
3.6,30,606.42,4,Clear,Low,Pizza,3.8,29,8,5,1,52.0,45.304697702261315
2.5,37,654.06,3,Clear,Low,Chinese,3.5,33,22,3,0,56.5,51.76532408292666
1.79,18,1026.9,3,Clear,High,Fast Food,4.7,14,14,5,1,51.4,48.638257844239476
1.95,18,1596.19,5,Cloudy,Medium,Desserts,4.5,15,12,0,0,42.5,39.99558040176488
2.66,23,903.23,3,Cloudy,Medium,Indian,3.8,25,19,1,0,51.6,49.215380467132505
5.68,13,186.46,2,Clear,Medium,Fast Food,3.5,10,8,4,0,38.2,45.18218182850876
2.93,30,86.63,1,Clear,High,Pizza,4.0,29,11,5,1,72.4,64.1572745998826
12.1,45,170.05,2,Clear,Low,Biryani,4.0,43,17,2,0,92.2,92.2999875287959
7.52,43,158.53,1,Clear,High,Biryani,4.0,43,22,0,0,96.4,95.91832142670461
7.28,13,1047.94,4,Rain,High,Desserts,3.6,17,12,5,1,74.0,70.57386061917374
3.22,25,339.22,1,Clear,Low,Pizza,3.7,20,9,1,0,45.1,39.18703072579005
4.39,34,577.27,2,Clear,Low,Indian,4.4,39,20,0,0,61.3,54.76225967892907
3.1,27,254.79,1,Clear,Low,Pizza,4.4,23,22,0,0,42.2,43.6442105709044
8.9,20,1433.44,5,Cloudy,Medium,Cafe,4.8,23,21,4,0,67.1,68.52375128628506
6.59,27,345.29,3,Clear,High,Chinese,4.1,29,11,4,0,73.5,73.9892264560194
12.65,22,1183.46,4,Rain,Low,Cafe,4.4,21,23,0,0,78.2,80.3405019344843
2.38,22,212.94,1,Rain,High,Fast Food,4.0,23,13,2,0,64.4,62.47141357401317
6.17,17,107.41,1,Clear,High,Healthy,3.9,19,13,2,0,65.1,62.98149348186408
5.52,13,554.36,2,Clear,High,Desserts,4.0,14,12,2,0,64.2,56.39654265538995
3.74,19,904.02,5,Rain,Medium,South Indian,3.8,16,13,5,1,57.4,53.50527248290073
8.7,37,188.88,1,Clear,Low,Chinese,4.4,33,19,4,0,66.6,72.68929778326807
2.66,36,439.92,2,Rain,High,Indian,3.8,33,21,6,1,78.7,79.49250308923584
3.54,20,599.88,2,Clear,Low,Indian,3.8,25,12,6,1,36.8,36.051565647363454
1.36,21,1326.73,4,Clear,High,South Indian,4.0,20,12,5,1,57.3,49.85986095748313
1.3,12,1023.2,3,Clear,Low,Bakery,4.3,15,0,4,0,19.6,17.32671578417233
3.42,18,249.86,3,Cloudy,Medium,Chinese,3.6,21,18,1,0,50.5,46.64214442056864
3.52,46,254.04,1,Clear,Medium,Biryani,3.8,48,4,1,0,65.7,70.04567480363616
1.99,21,518.52,2,Cloudy,High,Cafe,3.8,19,19,5,1,55.5,55.75475180610211
9.16,26,467.66,2,Rain,High,South Indian,4.7,29,19,6,1,91.9,91.62873669184052
10.86,29,188.01,1,Rain,Low,Pizza,3.8,32,23,1,0,79.6,81.09519994926885
3.4,34,307.79,2,Rain,Low,Pizza,3.2,29,23,6,1,59.8,60.07575159257369
0.5,13,1222.62,5,Clear,Medium,Bakery,4.2,14,14,3,0,36.4,28.426325940883967
3.33,23,484.86,3,Clear,Low,Cafe,4.1,22,23,6,1,33.9,40.8391695407562
3.59,9,389.31,3,Clear,High,Cafe,4.7,12,14,2,0,46.3,46.05617756610229
3.21,23,393.81,2,Cloudy,Low,Chinese,4.1,27,0,1,0,37.2,37.04732391638768
6.89,33,276.21,3,Clear,Medium,Pizza,4.6,29,12,5,1,74.3,70.35108677463687
1.1,21,148.05,1,Clear,High,Fast Food,4.3,24,13,5,1,50.5,49.04155390048978
3.06,29,403.63,3,Cloudy,Medium,Pizza,4.3,32,1,1,0,52.7,52.407067281649134
5.61,16,1327.98,5,Clear,High,Cafe,5.0,21,22,5,1,66.3,62.017720821727266
5.0,39,604.12,3,Rain,Medium,Indian,3.8,40,10,5,1,69.3,77.36627805634863
2.69,18,521.14,4,Rain,Medium,Cafe,4.9,14,0,3,0,48.0,45.80453894016087
2.58,13,1181.57,5,Cloudy,Low,Fast Food,4.3,16,5,3,0,25.9,25.812424339166682
1.93,5,367.05,2,Clear,High,Cafe,3.5,10,21,4,0,42.0,38.044101871967094
3.83,29,1360.93,4,Clear,Medium,Healthy,4.7,26,16,4,0,53.4,56.6675617122959
13.81,27,806.68,5,Clear,Medium,Cafe,4.9,22,18,3,0,93.2,89.97880932317798
2.35,25,947.57,3,Cloudy,Medium,Cafe,4.3,24,16,4,0,46.3,49.50251553646238
2.63,21,196.91,2,Clear,High,Indian,4.0,21,11,5,1,59.6,54.06823089328695
10.38,32,810.14,4,Clear,Low,Indian,4.3,36,23,6,1,68.8,74.4772854604445
3.24,16,479.53,2,Clear,Low,Bakery,3.9,19,10,4,0,33.9,30.45093853899298
5.15,18,821.44,4,Rain,High,Chinese,4.2,21,21,4,0,68.3,70.14888047293552
2.46,12,232.06,2,Clear,Medium,Healthy,3.9,16,4,0,0,29.0,32.074576212290424
6.21,17,496.38,2,Rain,Medium,Fast Food,4.4,14,20,6,1,57.1,61.646194345310086
4.17,12,1734.73,5,Clear,Medium,Desserts,3.9,12,12,5,1,49.1,39.935857185173134
0.98,28,1273.38,5,Clear,High,Biryani,3.9,33,21,3,0,59.6,57.82784558688329
4.1,13,163.23,1,Clear,Low,Bakery,4.5,10,10,5,1,26.8,30.3390555396433
8.91,19,644.26,3,Clear,Low,South Indian,4.2,20,2,1,0,54.4,51.38627524920841
4.27,25,130.2,1,Clear,Medium,Cafe,3.9,22,14,6,1,60.1,53.82243714924933
1.39,35,238.21,1,Clear,Medium,Indian,4.0,40,6,5,1,53.0,51.86208080106873
2.66,39,942.84,5,Rain,Low,Biryani,4.2,35,5,6,1,54.8,58.40628794571482
5.37,18,1735.16,5,Clear,High,Cafe,4.3,17,13,3,0,65.2,61.21923860851691
3.54,30,1383.29,4,Clear,High,Pizza,3.4,25,22,5,1,75.4,68.93188251093245
4.34,32,359.73,2,Rain,Medium,Healthy,4.3,27,23,3,0,64.4,70.97857174285791
2.9,11,317.55,2,Clear,High,Cafe,3.5,10,19,3,0,47.9,46.96227878235767
2.33,32,1012.05,3,Rain,Medium,Indian,4.3,36,20,5,1,59.7,63.26638546515727
5.75,13,442.14,2,Rain,High,Desserts,4.0,14,21,6,1,71.8,67.21877109779395
2.19,30,511.2,6,Cloudy,Low,Biryani,3.7,31,7,5,1,41.5,42.23850380111561
5.62,18,295.83,2,Clear,Medium,Fast Food,3.7,22,11,2,0,53.0,50.65388343664347
1.33,24,663.22,5,Clear,Medium,Indian,3.9,26,1,5,1,30.5,39.430311745766886
3.34,27,596.72,3,Cloudy,Low,Pizza,3.4,25,1,1,0,49.5,41.777355641780865
3.07,26,543.33,2,Clear,Low,Indian,4.6,28,11,0,0,43.5,40.01132944411994
2.52,24,728.56,4,Rain,High,Indian,4.0,27,10,5,1,61.0,64.40717782231607
3.65,13,192.6,1,Cloudy,Medium,Healthy,4.0,17,0,2,0,35.8,38.32760832189433
6.01,39,276.58,2,Clear,High,Indian,3.8,40,21,6,1,88.8,86.30687461031734
2.65,18,146.76,1,Clear,Medium,Bakery,4.2,14,18,4,0,48.2,41.873184975862955
3.69,16,295.81,2,Rain,Medium,Healthy,3.9,19,0,5,1,35.9,47.45814610129893
6.01,54,1386.96,6,Clear,High,Biryani,4.3,49,21,6,1,100.9,101.45215486290067
0.66,40,1419.72,6,Rain,High,Biryani,4.0,38,19,5,1,70.1,76.17639621903228
3.11,13,261.86,2,Clear,Medium,Desserts,3.6,17,23,5,1,34.1,39.733163592936094
2.85,18,711.11,3,Clear,High,Indian,4.5,23,14,0,0,53.1,52.443364761762396
8.33,20,541.88,3,Cloudy,Medium,Desserts,4.9,16,11,0,0,68.9,64.01030461402223
5.44,20,1024.41,3,Rain,Low,Cafe,3.9,22,20,6,1,59.3,52.5417662668249
3.7,19,1578.85,5,Cloudy,Low,Desserts,4.5,15,9,0,0,32.9,36.71506853363663
4.63,24,587.05,2,Cloudy,Medium,South Indian,4.3,22,18,2,0,58.0,56.773212838697866
1.6,31,169.42,1,Clear,Medium,Pizza,4.0,34,18,1,0,55.6,51.289758955955946
3.64,22,427.3,4,Clear,High,Fast Food,4.5,17,19,0,0,66.6,60.17641002910378
3.62,21,633.71,2,Clear,Low,Cafe,3.3,21,20,5,1,41.9,39.28562920649891
5.09,24,570.21,2,Clear,Medium,Pizza,4.0,24,12,4,0,55.0,55.163501193389976
5.32,24,1038.59,5,Clear,Medium,Cafe,4.4,21,12,5,1,50.6,55.95765934455382
4.37,33,298.8,1,Clear,Low,Biryani,4.2,35,22,4,0,59.1,54.38406040382455
1.75,20,994.95,4,Clear,Low,Cafe,4.9,22,17,0,0,32.2,30.78618953143811
2.41,15,667.18,6,Cloudy,Medium,Cafe,4.2,16,13,6,1,35.2,38.93500187550409
1.03,24,195.9,1,Clear,Medium,Healthy,4.4,21,2,3,0,44.5,38.618630603391736
2.2,21,341.33,2,Clear,Medium,South Indian,4.7,19,12,3,0,38.3,41.853345265426
1.31,43,651.82,2,Clear,Medium,Indian,4.1,39,11,6,1,62.5,60.74058710961418
6.01,38,656.6,2,Clear,Medium,Indian,3.8,36,19,0,0,68.7,73.99980812520248
8.23,23,525.23,2,Cloudy,Low,Chinese,4.5,26,4,2,0,62.8,55.51653433601315
3.31,37,334.88,3,Clear,Medium,Biryani,3.8,42,19,3,0,64.5,63.72724590011526
1.28,12,703.1,3,Clear,Low,Cafe,4.9,14,9,6,1,17.0,19.340579056787718
2.66,21,924.63,4,Rain,Medium,South Indian,3.8,24,6,3,0,45.1,50.16050015774859
7.6,36,1261.34,6,Clear,Medium,Biryani,3.9,39,7,5,1,71.8,75.00462874206744
8.24,24,225.44,2,Rain,Low,Healthy,4.3,27,23,2,0,62.3,66.89284905681153
4.83,34,178.04,1,Clear,Low,Pizza,3.9,32,5,1,0,55.2,52.90787992632069
2.29,27,613.17,3,Cloudy,Low,Cafe,4.7,23,3,2,0,40.4,38.477989858441354
9.42,27,344.32,1,Cloudy,High,Indian,4.6,25,19,4,0,80.6,87.62435180177908
3.72,15,510.25,2,Clear,High,Desserts,3.8,15,22,4,0,54.3,54.439610768382245
3.4,7,279.3,1,Rain,Low,Desserts,4.6,10,12,4,0,38.9,30.312314191930504
1.75,34,299.6,3,Rain,Medium,Indian,3.8,29,8,6,1,57.9,60.4773015171304
6.91,15,143.19,1,Clear,Medium,Desserts,3.6,16,21,1,0,54.8,54.55302417510012
6.45,29,1093.9,4,Clear,High,Healthy,4.1,27,22,5,1,71.6,78.07094692043758
9.54,37,647.84,2,Clear,High,Biryani,4.6,33,2,4,0,93.1,92.37882949479632
6.17,23,569.22,3,Cloudy,High,Indian,3.8,23,14,6,1,73.2,71.17936462646472
4.97,37,123.49,1,Clear,Medium,Biryani,4.3,38,12,6,1,71.3,67.90034793931547
1.18,17,981.74,3,Cloudy,Low,Healthy,4.0,17,17,5,1,26.2,27.903098174685418
3.1,12,605.28,2,Cloudy,Low,Fast Food,3.9,17,15,3,0,26.5,28.991342487420326
6.08,25,1388.45,6,Clear,Medium,Indian,4.1,29,20,5,1,53.9,61.44882430044116
1.54,19,213.56,1,Clear,High,Desserts,3.7,14,18,0,0,55.7,49.83137580031681
4.18,35,349.24,1,Cloudy,High,Indian,4.4,32,22,5,1,75.4,78.00036043873689
1.56,34,109.05,1,Rain,Low,Biryani,3.5,33,0,1,0,43.9,48.44923007140736
1.37,15,1029.91,5,Cloudy,Medium,Bakery,4.0,18,14,0,0,35.5,35.41745519167084
6.2,22,263.23,2,Clear,High,Pizza,4.0,24,14,3,0,74.2,68.27115288847448
3.4,8,382.28,2,Clear,Medium,Desserts,4.4,12,20,0,0,39.4,34.90135452868415
3.41,16,1214.25,6,Clear,Low,Cafe,4.7,12,16,0,0,30.9,32.34229658114829
3.96,36,129.56,1,Clear,Low,Indian,4.2,32,7,6,1,52.1,52.32392024498663
10.91,44,133.49,1,Clear,High,Biryani,4.3,43,14,1,0,108.3,106.93044744701429
3.17,15,783.91,3,Rain,Low,Fast Food,4.2,14,19,6,1,44.1,39.08155753368351
2.62,6,314.66,1,Rain,High,Fast Food,3.5,10,21,5,1,49.6,49.19967477630149
1.73,37,206.14,1,Cloudy,High,Biryani,4.6,33,20,4,0,66.8,71.10061341044617
2.7,39,588.05,3,Clear,Medium,Indian,4.3,37,22,2,0,68.4,64.03737936503822
4.26,12,321.75,1,Rain,Medium,Bakery,4.7,11,17,6,1,47.4,49.15772530899929
16.23,22,89.67,1,Clear,Medium,Desserts,4.4,18,11,6,1,92.1,91.84905749206405
5.23,36,211.37,1,Clear,Medium,Pizza,3.8,32,23,5,1,54.1,70.20644741761468
3.17,31,699.65,3,Clear,High,South Indian,3.8,28,21,4,0,66.3,68.2872411280341
2.91,11,1718.97,6,Clear,Low,Fast Food,4.4,11,9,0,0,27.0,23.871761982880784
10.76,18,936.72,3,Rain,Low,Cafe,4.0,15,18,4,0,76.0,68.664755935742
3.49,30,297.08,1,Cloudy,Medium,Chinese,4.1,27,7,4,0,55.2,56.40685362349415
3.5,22,451.41,3,Rain,Medium,Cafe,4.1,22,12,5,1,61.2,55.5425818980094
2.57,24,988.84,5,Rain,Medium,Healthy,4.4,24,11,6,1,61.5,54.023082571772406
4.2,20,1325.66,6,Cloudy,High,Chinese,4.2,24,13,4,0,56.6,61.04018580772476
4.67,29,795.14,4,Cloudy,Medium,Chinese,4.1,29,23,5,1,61.4,63.189563493824565
3.39,9,308.09,1,Clear,Low,Fast Food,3.5,13,5,1,0,19.8,22.751734525901412
7.98,18,318.85,2,Rain,High,Cafe,4.4,19,2,5,1,68.6,75.70289769810067
0.5,23,188.96,2,Clear,Medium,South Indian,4.2,21,22,1,0,44.4,40.22039348362783
5.79,21,989.21,5,Rain,High,South Indian,4.5,22,5,4,0,77.5,71.59883481370898
1.47,8,739.05,3,Clear,High,Cafe,4.0,13,11,3,0,34.4,37.08299207214192
1.57,24,214.72,1,Clear,High,Cafe,4.4,21,14,5,1,47.0,54.093610510001525
2.49,13,138.18,1,Storm,High,Desserts,4.9,16,20,6,1,65.9,62.5229989031626
2.43,25,725.03,3,Clear,Medium,South Indian,3.9,25,4,5,1,42.7,44.96763816738734
10.66,29,420.1,2,Rain,Medium,Indian,4.2,26,19,5,1,90.2,89.15869564401926
7.55,17,203.32,1,Cloudy,High,Healthy,3.3,15,19,3,0,66.6,71.243133137392
5.38,15,276.37,1,Cloudy,Low,Bakery,3.9,17,4,5,1,38.7,37.523478663183425
3.95,37,387.5,3,Clear,Medium,Indian,3.8,36,11,6,1,73.2,63.973618282313964
7.93,30,254.66,1,Clear,Medium,Biryani,4.2,31,16,0,0,59.8,72.12047265455818
3.25,20,321.47,1,Clear,Medium,Pizza,4.0,24,2,6,1,46.4,42.43247639630544
4.93,37,604.88,2,Clear,Low,Biryani,3.5,33,10,2,0,55.5,57.65408224019833
3.21,16,220.94,1,Cloudy,Medium,Cafe,4.6,20,21,3,0,41.8,44.57237608749146
2.19,10,976.87,3,Clear,Medium,Cafe,3.5,10,5,3,0,31.4,29.501040509693794
1.14,21,261.96,3,Rain,Medium,Fast Food,4.3,16,2,5,1,40.6,43.72718747713514
5.09,9,132.98,1,Rain,High,Fast Food,4.7,14,22,4,0,61.9,60.92996950253981
1.58,27,107.51,1,Clear,Low,Biryani,5.0,32,0,6,1,33.7,33.44661718393839
1.45,32,439.78,2,Rain,Medium,Chinese,3.6,33,14,0,0,60.4,58.84646141675844
11.35,26,185.72,2,Clear,Low,Pizza,3.9,22,12,1,0,79.2,69.2955240134781
3.4,28,483.12,3,Clear,Medium,Indian,4.2,32,12,6,1,55.9,53.221561118126814
14.74,20,758.19,3,Clear,Low,Pizza,3.9,21,1,0,0,70.5,72.65921994170692
4.86,18,1316.95,4,Clear,Medium,Cafe,4.9,14,12,3,0,52.9,48.29703560596003
7.68,20,462.53,5,Cloudy,High,Pizza,3.7,20,20,3,0,78.5,74.77912463015753
5.24,20,532.89,2,Cloudy,Low,Desserts,3.6,16,9,2,0,41.5,43.22684212697718
2.69,25,1610.62,6,Clear,Medium,Pizza,3.2,29,1,0,0,41.4,45.308172201139136
1.63,25,960.33,3,Clear,High,Indian,4.2,29,11,6,1,57.6,54.62764931198077
7.65,28,484.13,3,Cloudy,Medium,Chinese,4.1,27,22,2,0,78.0,72.3622365301822
1.46,27,651.1,2,Clear,Medium,Pizza,3.4,25,14,6,1,44.8,46.002543059266976
3.46,33,471.19,3,Cloudy,Low,Healthy,4.0,29,15,0,0,48.4,51.37227021703823
2.76,25,535.74,3,Clear,High,Chinese,4.2,21,12,5,1,55.0,58.77297834573147
2.16,21,684.59,2,Rain,High,Healthy,3.9,16,10,1,0,58.0,60.181130265829296
6.78,29,471.73,3,Rain,Low,South Indian,3.4,26,17,6,1,59.8,65.45003936538795
2.9,28,878.72,3,Rain,Medium,Chinese,3.6,32,12,4,0,61.2,59.5409404902368
4.07,20,838.63,6,Clear,Low,South Indian,4.2,15,16,1,0,36.2,38.58466968584395
8.46,21,226.05,2,Clear,Medium,South Indian,3.4,26,12,6,1,64.6,63.98068332322788
4.31,31,258.79,1,Rain,Medium,Biryani,4.4,32,5,5,1,64.4,65.87623060678632
6.37,15,379.28,2,Storm,High,Desserts,4.4,16,14,0,0,78.3,76.73594278329254
10.72,30,510.96,4,Clear,Medium,Healthy,4.7,26,18,6,1,79.3,82.18891523918728
3.54,33,644.65,2,Clear,Medium,Biryani,3.5,33,0,6,1,61.0,56.25363437987909
3.22,31,101.31,1,Cloudy,Medium,Indian,4.2,36,16,6,1,57.3,58.49401237187575
4.78,10,812.88,3,Rain,Low,Fast Food,3.8,15,3,2,0,36.7,36.07515477552511
2.51,29,964.88,5,Clear,High,South Indian,3.4,25,22,0,0,66.7,64.17097567493983
3.73,19,607.35,2,Clear,Low,Pizza,4.3,20,18,2,0,36.7,36.97832678232845
8.22,11,936.73,5,Clear,Low,South Indian,4.6,15,21,5,1,51.3,45.279854953348135
2.43,29,1466.46,5,Clear,Medium,Chinese,3.5,31,19,1,0,54.2,52.54836002238338
5.29,8,1332.92,6,Rain,Medium,Fast Food,4.4,11,14,4,0,52.1,48.026976279735166
3.85,22,1195.18,5,Rain,Medium,Indian,4.0,20,22,4,0,59.0,59.01903066630121
1.87,28,151.22,1,Cloudy,Medium,Biryani,3.9,33,5,6,1,53.7,48.44382907566008
3.35,15,1077.29,4,Cloudy,Low,Bakery,3.9,17,6,3,0,32.5,30.87579015862434
0.61,19,646.42,2,Clear,Low,Indian,4.0,21,6,0,0,21.2,23.31373627013067
1.1,15,840.99,5,Clear,Low,Cafe,4.4,11,18,5,1,30.3,23.78446278369701
6.35,15,200.34,2,Clear,High,Fast Food,4.4,14,18,0,0,67.3,62.4626702744885
8.2,17,1618.92,5,Rain,Low,Cafe,3.6,20,1,6,1,61.8,54.89648439040881
9.79,30,253.58,1,Clear,High,Fast Food,4.0,25,1,5,1,85.5,85.77422556240262
3.43,15,290.54,2,Rain,High,Cafe,3.5,10,20,6,1,61.6,60.99281637219887
5.28,40,479.95,3,Clear,Medium,Indian,4.2,36,23,4,0,75.7,74.33186244127648
0.97,49,461.78,2,Clear,Medium,Biryani,4.1,48,18,5,1,65.5,67.31891296604925
2.27,23,319.44,2,Clear,Medium,South Indian,4.0,20,18,0,0,43.4,45.521308390076044
1.31,42,1002.34,3,Clear,Medium,Biryani,3.8,44,12,5,1,58.5,60.18780632117493
1.74,18,219.55,1,Clear,High,Cafe,3.9,22,20,5,1,53.7,50.13446905153819
4.52,22,330.0,1,Rain,Medium,South Indian,3.4,26,4,3,0,57.7,57.28276548182485
2.95,12,988.06,5,Cloudy,Low,Healthy,4.3,16,7,6,1,24.8,26.74398150856335
3.16,14,451.34,3,Cloudy,Medium,Fast Food,4.4,13,17,0,0,39.0,41.22342479798901
6.23,33,1587.98,5,Cloudy,Low,Indian,4.1,29,16,2,0,55.4,61.317507722543354
8.85,27,484.41,4,Rain,High,Biryani,3.7,31,18,3,0,92.7,91.60081700998808
2.13,26,340.97,2,Cloudy,Medium,Indian,3.9,26,15,6,1,42.1,49.453816266313154
15.01,23,2011.36,6,Clear,Low,Chinese,3.6,24,9,1,0,78.5,78.58577186153872
0.75,34,160.22,1,Storm,Low,Biryani,4.4,32,17,4,0,49.2,56.505354211973255
2.75,42,392.58,3,Clear,High,Biryani,4.2,43,12,0,0,74.0,75.8749482129864
3.4,40,385.16,3,Clear,Low,Indian,4.1,39,23,5,1,57.9,58.034278863793325
9.03,16,640.62,3,Clear,Low,Cafe,4.3,18,4,5,1,58.2,49.406886098886645
1.72,33,623.64,3,Rain,High,Indian,4.6,37,21,6,1,64.9,73.10735292017013
3.68,37,281.75,1,Clear,Medium,Indian,4.0,40,19,6,1,62.7,64.88055411633688
4.69,14,315.95,1,Clear,Low,Bakery,4.2,14,2,4,0,27.8,31.645388897651216
5.49,26,429.04,2,Rain,Medium,Indian,4.0,21,21,1,0,75.3,68.4849636517435
2.39,29,1238.04,6,Cloudy,High,South Indian,3.8,28,21,6,1,66.7,65.51524297189508
4.22,28,789.73,3,Clear,Low,South Indian,3.9,25,4,0,0,47.1,44.47096851034262
5.13,48,260.35,2,Clear,Medium,Biryani,3.5,45,18,1,0,78.3,80.9024738031565
3.92,11,476.94,2,Clear,Low,Bakery,4.2,13,8,6,1,29.2,27.321786810891055
3.6,16,128.09,1,Cloudy,Medium,Cafe,4.2,16,2,1,0,29.3,41.58287192220397
1.58,18,101.95,1,Rain,Low,Desserts,3.6,16,0,1,0,32.2,32.27490851895153
5.12,23,247.97,2,Clear,Low,South Indian,3.6,27,9,6,1,40.5,43.854509220965795
7.17,14,208.74,2,Cloudy,High,Cafe,4.9,14,21,3,0,56.4,67.16387409236688
9.62,31,130.03,1,Clear,Medium,Chinese,4.5,26,21,5,1,84.0,80.04064758253122
0.98,26,518.46,6,Clear,Medium,Cafe,4.3,24,19,1,0,42.4,44.28466839258962
4.44,19,190.69,2,Clear,Low,Cafe,3.6,14,9,6,1,29.3,37.549709104950516
4.31,36,291.88,2,Clear,High,Indian,4.0,40,12,2,0,73.3,75.23010912594701
4.93,16,519.4,2,Clear,High,Cafe,4.6,20,0,1,0,52.7,54.594809285514216
10.25,19,151.13,1,Clear,Medium,Desserts,4.5,15,19,1,0,71.1,69.67185195001578
1.95,24,673.74,2,Cloudy,Low,Pizza,3.8,29,1,4,0,32.4,33.94286498630413
0.64,18,213.14,1,Rain,Medium,Desserts,3.6,16,17,6,1,37.7,42.66028592209008
7.18,29,1467.02,5,Cloudy,High,Cafe,4.4,25,13,2,0,85.8,80.49828930361492
4.18,28,432.94,2,Cloudy,Medium,Biryani,3.7,31,2,2,0,54.2,55.83388217848376
5.07,5,621.76,4,Clear,Medium,Desserts,4.6,10,21,1,0,42.4,37.94300945347733
5.43,46,96.23,1,Clear,Low,Biryani,4.1,47,6,0,0,64.8,67.40282127369007
1.18,27,533.52,3,Storm,Medium,Pizza,4.1,30,18,4,0,66.2,60.82321743678703
2.52,22,303.57,2,Clear,High,Chinese,3.6,24,20,0,0,54.6,56.80426755746443
5.46,34,315.45,1,Clear,High,Chinese,3.5,33,21,1,0,81.1,79.40682614607195
4.49,22,1193.71,6,Rain,Low,Healthy,4.2,18,16,0,0,43.0,50.111864462926206
4.24,30,168.23,2,Clear,High,Biryani,5.0,32,21,2,0,72.7,71.04813157344884
2.22,17,446.78,4,Rain,Medium,Healthy,3.3,15,16,4,0,44.8,47.02327781064236
5.26,50,966.94,3,Clear,High,Biryani,4.1,48,13,0,0,95.6,92.97278338353044
7.67,32,1182.67,4,Cloudy,High,Healthy,4.3,27,20,1,0,87.8,86.7964858911474
4.27,12,848.39,3,Clear,Medium,Desserts,4.5,15,18,5,1,39.1,41.55731601631832
3.06,51,245.53,2,Cloudy,High,Biryani,4.1,48,21,5,1,86.4,90.07576653080231
7.83,23,284.3,1,Rain,Medium,Cafe,4.7,23,17,5,1,71.0,72.80444004141506
2.79,38,195.9,1,Clear,Medium,Chinese,4.2,33,9,5,1,52.8,60.436256905889415
5.29,38,708.68,3,Cloudy,High,Indian,4.1,39,20,2,0,72.8,84.461729896138
1.57,23,541.6,2,Rain,Medium,Cafe,4.9,22,20,5,1,59.7,51.54125940342241
4.57,37,322.14,2,Rain,High,Biryani,4.4,34,14,0,0,89.9,85.5930310548994
9.34,34,332.77,1,Clear,Low,Indian,4.6,37,7,4,0,69.3,69.14315693164318
8.69,30,372.53,2,Clear,Low,Indian,4.4,32,3,1,0,61.2,61.89853968969459
12.05,33,609.01,4,Storm,Medium,Biryani,3.7,31,20,2,0,103.5,105.52527241668133
0.54,23,1131.74,5,Clear,High,Cafe,4.3,24,18,1,0,57.5,50.39073329186211
8.96,15,1268.2,6,Clear,High,Desserts,4.0,14,21,2,0,72.1,72.48922440176278
3.29,39,199.94,1,Rain,High,Chinese,4.6,34,12,5,1,87.7,82.55679786591197
3.41,10,541.91,4,Clear,Low,Fast Food,3.8,15,3,6,1,27.4,23.342255354714247
6.76,22,998.34,3,Clear,High,Indian,4.6,25,14,0,0,70.9,70.15497433299035
0.9,27,87.67,1,Clear,Low,Indian,3.6,31,3,0,0,40.1,31.69735233636784
2.96,18,331.97,2,Clear,Medium,South Indian,4.6,15,19,5,1,44.0,43.12520277341312
5.88,26,675.84,2,Clear,Medium,Pizza,4.0,24,18,0,0,65.2,61.255338722369096
3.88,10,483.12,5,Clear,Medium,Fast Food,3.8,15,16,3,0,36.1,37.64243463785412
2.33,32,576.19,2,Cloudy,Medium,South Indian,3.8,27,16,4,0,52.1,56.368153898313096
3.65,20,512.91,2,Clear,Medium,Cafe,3.8,23,8,6,1,39.2,45.30633795447735
2.2,22,211.71,1,Clear,Medium,Fast Food,3.8,22,18,2,0,45.7,44.27973375690692
4.32,11,324.46,1,Clear,High,Healthy,3.9,16,21,1,0,48.1,52.33150772578766
0.83,29,560.64,4,Clear,Low,South Indian,4.3,30,14,6,1,43.0,35.88175480396803
6.45,36,275.79,1,Clear,Medium,Indian,3.4,33,20,1,0,71.6,73.8136677064455
3.59,17,612.37,6,Clear,Low,Bakery,4.4,20,0,5,1,28.7,30.24609829372075
7.9,16,585.42,3,Clear,High,South Indian,4.2,20,14,5,1,68.9,68.15400090678808
3.37,38,667.81,3,Rain,Low,Chinese,4.6,34,17,5,1,54.0,62.46168938691132
2.09,18,569.15,2,Rain,Low,Desserts,4.4,16,17,1,0,31.0,37.875385198622276
6.57,20,2089.0,6,Clear,Low,Desserts,4.4,16,8,2,0,46.1,45.641141295934986
1.36,17,100.56,1,Cloudy,Low,Healthy,3.9,16,7,3,0,30.3,26.207679310044625
7.01,21,321.58,1,Clear,Medium,South Indian,4.1,17,14,2,0,56.1,59.23178501368939
4.2,10,617.1,2,Clear,High,Fast Food,3.8,15,3,0,0,47.0,46.612430821362885
5.29,34,211.28,1,Clear,Medium,Biryani,3.1,36,14,1,0,76.6,66.58563431616898
6.21,15,1063.42,6,Clear,Medium,Healthy,4.2,18,2,6,1,53.1,47.77459329675128
2.06,17,302.09,1,Clear,High,Fast Food,3.8,15,18,4,0,46.3,49.60650364744279
2.73,16,891.62,3,Rain,High,Bakery,4.0,18,18,3,0,58.7,58.93324775533563
2.52,32,1356.11,5,Storm,Medium,Chinese,4.1,35,1,3,0,58.7,66.68650276849446
1.55,39,859.97,6,Clear,Medium,Chinese,4.6,34,16,3,0,54.6,58.60136895668235
0.72,21,346.94,3,Clear,Low,Pizza,4.1,25,4,6,1,24.6,25.263037891037584
1.13,23,638.53,3,Cloudy,Medium,Chinese,3.2,24,8,6,1,36.3,41.47467763174376
2.18,16,241.56,1,Clear,Medium,Desserts,3.8,20,21,5,1,33.1,39.01944964668688
7.74,12,86.93,1,Clear,Low,Desserts,4.0,14,6,6,1,36.9,41.28902000439248
15.06,19,80.99,1,Clear,Low,Cafe,3.6,20,8,3,0,77.9,74.52415506818781
11.76,35,122.22,1,Clear,High,Biryani,4.3,35,23,3,0,94.9,102.97384703172175
0.92,26,220.01,1,Clear,High,Pizza,3.9,21,22,0,0,56.9,55.586869876615104
1.68,28,1563.35,5,Cloudy,Medium,Fast Food,4.7,24,11,5,1,52.4,48.76739681072499
13.07,13,224.55,2,Storm,Low,Desserts,4.5,15,9,5,1,80.6,76.55351122301258
3.51,34,947.43,3,Clear,Medium,Biryani,3.7,31,16,0,0,48.1,60.724516266129136
4.57,17,491.14,2,Cloudy,Medium,South Indian,4.0,20,20,3,0,46.2,50.06165670345329
5.07,39,489.1,2,Cloudy,Medium,Biryani,4.3,43,12,4,0,76.4,72.23880465231461
3.47,8,674.09,2,Clear,Medium,Fast Food,4.0,12,12,1,0,33.9,33.30051195689403
9.94,28,596.99,6,Cloudy,Low,Pizza,3.9,32,17,5,1,69.5,69.49542151058553
0.57,24,112.61,1,Cloudy,High,Pizza,3.2,29,20,5,1,61.8,54.02850897411807
7.24,28,669.67,2,Cloudy,High,Healthy,3.7,23,18,5,1,81.8,80.92809468082592
3.33,32,567.37,2,Clear,High,South Indian,4.3,30,12,3,0,79.7,67.71994753288013
5.98,34,907.16,3,Clear,Low,Pizza,3.2,29,16,1,0,48.1,59.56081966799506
5.59,28,610.62,2,Cloudy,High,South Indian,3.4,26,22,3,0,72.6,76.00098540606113
2.01,8,310.29,2,Clear,Medium,Fast Food,4.9,13,0,4,0,25.6,25.336041495741938
4.94,25,249.75,1,Clear,Low,Chinese,4.3,23,13,3,0,48.9,46.11729685078107
7.54,33,1351.04,4,Rain,High,South Indian,4.7,29,19,4,0,89.3,92.9838537821773
4.72,34,281.79,2,Clear,Medium,Biryani,4.4,32,18,0,0,68.2,65.29584832633056
1.76,50,99.48,1,Clear,Medium,Biryani,4.1,48,18,6,1,61.3,71.08874971649895
9.52,27,871.91,4,Clear,High,Pizza,3.8,31,19,4,0,80.9,86.1212611874081
2.5,20,317.4,1,Rain,Medium,Fast Food,4.7,24,12,4,0,54.8,49.81181909837571
15.42,21,346.35,1,Rain,High,South Indian,3.7,18,12,6,1,105.2,107.05015270572441
0.96,27,863.77,3,Clear,Medium,Chinese,3.6,24,21,5,1,51.0,45.84553392308895
1.3,21,480.96,2,Cloudy,Low,Indian,4.2,26,17,4,0,28.8,32.25373076905676
6.1,30,465.85,2,Clear,High,Chinese,3.5,31,17,0,0,73.8,76.70366613951526
13.5,16,674.79,5,Clear,High,Cafe,4.9,14,18,4,0,87.6,88.67415417956552
0.7,31,598.91,5,Clear,High,Indian,3.3,35,21,2,0,55.7,59.6917427204486
1.14,49,369.83,3,Clear,Medium,Biryani,3.5,45,20,0,0,74.9,68.36161055643856
5.7,16,1364.56,5,Clear,Medium,Indian,4.0,20,16,5,1,41.4,50.202958373002076
3.07,31,1631.58,5,Cloudy,Medium,Pizza,3.9,32,14,4,0,58.4,57.58452366020964
1.65,30,477.01,2,Clear,High,Fast Food,4.0,25,18,1,0,58.4,61.12688873065616
1.0,8,169.03,1,Cloudy,High,Fast Food,4.4,12,1,6,1,35.9,34.87188895389038
6.41,33,563.53,2,Cloudy,Medium,Indian,3.6,31,0,0,0,66.7,68.01280710896842
4.15,39,438.46,2,Clear,Low,Biryani,4.2,35,17,1,0,60.1,58.41373706312057
1.63,23,996.85,3,Clear,Medium,Pizza,4.0,22,2,5,1,36.8,39.755172893389535
5.49,32,1221.85,5,Clear,High,Pizza,3.8,31,14,4,0,74.3,75.87020400835317
1.9,24,841.31,3,Clear,Medium,Cafe,3.3,21,14,0,0,40.1,44.55292842529102
7.16,38,150.07,1,Cloudy,High,Biryani,5.0,42,21,5,1,89.3,91.31260315072491
2.6,18,1493.39,6,Cloudy,Low,Desserts,3.8,19,3,3,0,32.9,30.608668402875193
7.38,14,108.86,1,Clear,Low,Bakery,4.2,14,19,4,0,45.4,44.945750647440114
1.95,19,477.16,4,Rain,Low,Cafe,4.2,22,23,4,0,29.2,39.89453000875957
7.95,35,264.35,2,Rain,Medium,Indian,4.4,39,12,5,1,79.6,84.06674334992046
6.06,26,610.86,4,Cloudy,Medium,Healthy,4.3,27,1,3,0,61.4,59.9809902012626
2.09,19,1031.82,3,Rain,High,Desserts,4.9,16,20,3,0,63.6,60.07042881763626
5.88,29,291.65,1,Clear,Low,Healthy,4.3,27,7,6,1,53.9,52.09254350630198
1.94,28,1010.49,3,Cloudy,High,Pizza,3.8,32,1,3,0,50.5,58.434172521270476
4.15,31,1095.56,6,Cloudy,Low,Pizza,4.6,29,17,6,1,57.2,52.173850023806764
5.23,36,344.61,1,Clear,Medium,Biryani,4.4,32,10,6,1,62.2,67.33826425934191
3.47,17,953.4,3,Cloudy,Medium,Bakery,3.4,16,15,3,0,43.3,45.14921641950018
2.23,16,585.31,2,Rain,Low,Desserts,4.0,14,0,6,1,32.1,32.56580613278357
4.35,39,687.04,2,Storm,Medium,Biryani,4.2,43,0,2,0,84.1,79.99470179232941
3.98,20,612.61,2,Cloudy,Medium,Indian,4.6,25,1,6,1,36.6,46.65437608980493
6.64,39,284.78,2,Clear,Medium,Chinese,4.2,35,5,5,1,78.0,73.9972841209876
6.67,42,1043.06,4,Clear,High,Indian,4.0,40,13,6,1,90.0,89.78432032395304
1.68,18,260.57,1,Clear,Low,Cafe,4.0,18,4,5,1,24.0,25.710685716132964
2.12,33,591.86,3,Clear,Medium,Biryani,4.6,33,18,6,1,54.5,55.240191438026066
3.22,22,165.24,2,Clear,High,Indian,3.9,26,21,2,0,64.6,59.43312839802777
3.81,14,860.69,5,Clear,Low,Fast Food,4.4,14,17,2,0,24.5,31.84251111078321
7.54,11,811.59,3,Clear,Medium,Bakery,4.2,13,22,5,1,56.5,52.92364032818962
2.84,21,815.76,3,Cloudy,Medium,Bakery,3.8,16,1,0,0,47.3,43.624320552226344
0.5,25,636.02,2,Cloudy,High,Healthy,4.1,27,14,3,0,57.5,53.35949961181899
4.34,25,734.48,3,Cloudy,Medium,Fast Food,3.7,22,20,1,0,53.1,57.202003012523164
3.52,20,144.41,1,Clear,Medium,Chinese,4.2,24,22,5,1,44.2,47.9420517182263
8.23,29,1300.8,4,Cloudy,High,Biryani,5.0,32,11,4,0,98.3,83.78368247117547
5.32,23,101.76,1,Cloudy,Medium,Pizza,4.0,25,12,0,0,57.6,56.85897344113977
2.48,43,779.77,4,Clear,Low,Biryani,3.7,46,0,6,1,48.1,52.80963249161172
1.9,18,278.87,1,Clear,High,Bakery,3.6,13,18,5,1,54.3,50.12622229827414
2.86,20,464.56,2,Clear,Low,Healthy,4.4,21,13,1,0,39.2,33.80431492556322
4.05,28,1121.84,4,Clear,High,Indian,3.5,26,21,0,0,65.0,68.40379686759252
3.29,14,129.5,1,Cloudy,Medium,Bakery,4.7,11,3,3,0,36.8,38.551582926269234
4.38,18,93.9,1,Clear,Medium,South Indian,4.6,15,4,6,1,41.8,44.67366753189276
7.07,8,603.47,2,Cloudy,High,Fast Food,4.4,11,13,1,0,65.6,58.845139332380676
5.44,21,596.55,4,Cloudy,Medium,Healthy,4.3,16,9,5,1,47.3,54.612071401220824
2.6,17,342.21,2,Rain,Medium,Cafe,3.8,19,23,3,0,47.7,49.94618567410447
3.97,11,289.6,2,Clear,Medium,Bakery,4.7,11,23,4,0,41.6,40.56152236612639
5.7,15,433.84,2,Cloudy,High,South Indian,4.0,17,11,6,1,62.5,60.764758087911254
11.7,22,398.18,2,Cloudy,Medium,Desserts,4.6,19,0,0,0,74.2,75.34718059052892
3.26,27,854.49,3,Cloudy,High,Chinese,4.2,23,14,3,0,68.5,64.97637729756366
6.0,22,1058.55,4,Clear,Medium,South Indian,4.0,20,18,0,0,54.5,57.609089948167586
11.1,22,650.27,3,Rain,Medium,Desserts,3.8,20,15,1,0,84.1,82.76950587314721
3.96,26,708.24,3,Cloudy,Medium,Cafe,3.9,22,22,1,0,49.0,57.49620522019143
2.98,16,304.47,1,Cloudy,High,Healthy,3.3,15,14,2,0,53.0,53.08587096100808
4.2,26,1743.74,5,Clear,High,Healthy,3.9,29,8,3,0,58.2,64.04492643343946
8.58,21,481.34,2,Clear,Low,Desserts,4.4,18,10,0,0,61.1,54.056602227561136
3.54,8,882.41,3,Rain,Low,Desserts,3.6,13,7,5,1,33.1,30.79975879849541
5.92,34,722.85,4,Cloudy,Low,Chinese,3.6,33,4,3,0,56.0,58.55632983334627
10.53,24,545.09,2,Cloudy,High,Healthy,3.9,29,22,0,0,84.6,89.30172053923106
5.0,20,133.34,1,Clear,Medium,South Indian,4.3,22,21,6,1,54.5,52.808142020867976
15.01,24,786.06,5,Clear,Low,Fast Food,4.0,23,1,3,0,74.8,77.48814876197653
1.72,25,1245.34,5,Clear,Medium,Fast Food,4.7,24,1,5,1,33.6,41.62206482741284
1.64,36,1041.27,3,Clear,Low,Biryani,4.3,35,21,1,0,49.1,47.560208149062916
6.48,33,1949.87,6,Clear,Low,Pizza,4.3,29,0,4,0,58.3,56.576751573336466
3.36,48,344.75,1,Clear,High,Biryani,3.7,46,20,4,0,85.0,86.01369466072872
9.17,19,87.03,1,Clear,Low,Healthy,4.5,24,22,0,0,69.9,56.93673096998956
2.85,19,780.73,4,Cloudy,Low,Bakery,4.4,17,3,3,0,33.9,32.34558993565791
5.68,26,572.67,3,Storm,Medium,Cafe,3.8,23,0,6,1,69.4,71.55978179305582
2.49,38,818.83,4,Rain,High,Chinese,4.2,35,18,5,1,85.8,80.17982411814833
4.22,15,693.28,6,Clear,Medium,Fast Food,4.1,11,16,3,0,36.8,43.77774771606028
1.4,15,260.51,3,Clear,Low,Desserts,4.5,15,22,6,1,28.4,25.666119997211595
3.7,18,881.75,4,Clear,Low,Indian,4.0,21,4,3,0,35.2,32.70228355290821
8.98,19,470.41,2,Cloudy,Low,Pizza,4.3,20,15,2,0,53.6,56.6315208442847
5.97,14,630.86,2,Cloudy,High,Fast Food,3.8,15,12,6,1,62.8,60.90638307119457
5.44,14,255.56,3,Rain,Low,Fast Food,4.4,11,23,3,0,42.7,46.84585560717186
4.53,22,628.6,2,Clear,Medium,Fast Food,4.5,17,12,6,1,58.0,51.00874603162088
7.73,25,849.86,4,Cloudy,Medium,South Indian,4.2,20,1,5,1,67.4,64.74271667878168
1.22,26,289.83,1,Clear,Medium,Chinese,4.2,23,1,4,0,40.6,41.088836432918825
5.77,44,1310.86,4,Clear,Low,Biryani,3.7,46,3,6,1,63.0,66.06551175701105
4.1,21,242.05,1,Storm,Low,South Indian,4.5,23,16,5,1,49.7,54.75597101855114
5.14,32,457.89,4,Clear,Medium,Pizza,4.6,29,2,5,1,57.4,60.925717850386505
2.14,13,321.26,2,Cloudy,Low,Desserts,4.4,12,0,0,0,23.6,23.14316415878814
4.39,30,407.3,3,Cloudy,Medium,Indian,4.2,32,21,3,0,62.0,62.68999267739001
3.04,26,1384.9,4,Clear,Medium,Cafe,3.9,22,6,1,0,47.2,48.67874993801965
5.04,24,1279.37,4,Clear,Medium,Indian,4.5,23,13,5,1,55.7,55.15997620726407
3.92,23,765.62,3,Cloudy,Low,Pizza,3.7,25,3,2,0,45.1,40.258699335094
0.89,25,646.09,4,Cloudy,Medium,Desserts,3.8,20,9,2,0,44.9,42.66871104133915
1.31,27,353.11,2,Storm,Medium,South Indian,4.7,29,11,1,0,58.2,59.50557162834716
2.6,12,318.4,1,Cloudy,Low,Healthy,4.0,16,18,1,0,36.4,28.049781617662006
2.93,39,844.95,3,Clear,Medium,Biryani,4.0,38,17,3,0,57.7,63.941980606353496
6.21,11,88.34,1,Clear,Low,Bakery,3.9,10,16,6,1,36.5,37.19068171880346
5.3,16,459.36,2,Clear,Low,Chinese,3.6,21,15,1,0,35.9,38.891123719120316
2.15,23,1356.67,4,Cloudy,High,Pizza,4.7,23,22,1,0,60.9,58.81827256638695
5.62,27,654.39,2,Clear,High,South Indian,4.0,30,21,2,0,69.4,72.83609490114567
9.08,17,638.96,2,Rain,Medium,Desserts,4.2,14,18,6,1,75.2,71.38112745725226
8.94,21,324.09,3,Clear,Low,Chinese,4.5,26,8,2,0,46.6,54.91720447872004
10.44,27,632.76,2,Clear,Low,Healthy,3.9,29,23,4,0,63.2,69.79321045012769
3.03,6,1125.37,6,Clear,Low,Cafe,4.4,11,0,5,1,23.9,17.424101789053246
3.92,32,1444.75,5,Cloudy,Medium,Biryani,3.1,36,7,4,0,57.5,60.22088938910928
4.38,22,460.25,5,Clear,High,Indian,3.7,22,14,6,1,70.4,61.904775132306185
0.95,21,779.84,3,Clear,Low,Desserts,4.4,16,22,2,0,28.1,30.114191961492466
3.92,9,439.73,5,Cloudy,Low,Bakery,4.2,13,15,4,0,23.1,28.82384412212831
2.98,29,270.7,1,Clear,Medium,Pizza,3.8,32,12,6,1,61.4,52.826221108486976
5.63,21,589.18,3,Storm,High,Pizza,4.7,23,5,1,0,72.3,78.09068470539384
4.93,25,913.36,3,Clear,Medium,Healthy,4.5,24,15,3,0,54.1,56.277086362471735
1.26,16,1331.64,6,Clear,Medium,Bakery,4.3,15,4,3,0,29.4,31.77482684910352
3.15,24,1872.56,6,Cloudy,Medium,Fast Food,4.0,23,23,3,0,38.9,52.755363345790556
3.23,20,234.04,1,Clear,Low,Desserts,3.6,17,0,2,0,38.1,32.15546989873732
0.79,18,663.79,2,Clear,High,Cafe,4.2,22,22,3,0,43.9,47.239305528248124
1.84,19,314.23,1,Clear,Low,Cafe,4.3,18,1,5,1,26.9,26.548884315789294
5.8,13,533.12,2,Clear,Low,Desserts,3.6,16,0,3,0,36.8,34.175217563293124
4.3,41,289.03,2,Clear,Low,Indian,4.3,39,2,4,0,61.1,57.365952431295575
2.71,28,337.79,2,Clear,Low,Chinese,3.5,33,13,5,1,42.7,41.438472490027436
3.69,22,594.56,2,Clear,High,South Indian,4.3,22,21,4,0,60.3,61.036040392700905
8.46,11,518.37,2,Cloudy,Medium,Healthy,4.3,16,6,2,0,47.3,54.51541090398494
1.45,27,457.06,2,Cloudy,Medium,Healthy,4.7,26,2,4,0,39.5,45.05078130088515
3.73,28,242.65,1,Cloudy,Medium,Healthy,4.3,27,9,4,0,51.7,55.69693302950399
2.79,22,586.66,3,Clear,Low,Healthy,4.7,26,4,3,0,33.4,33.49400524742645
1.96,26,1084.67,4,Clear,Medium,Fast Food,4.0,23,21,5,1,50.6,48.140526593829435
3.17,13,329.02,1,Rain,High,Cafe,4.4,11,11,4,0,59.8,55.923378513144655
1.87,29,383.82,3,Clear,Low,Indian,3.8,29,20,4,0,42.6,41.00353271972183
2.99,23,380.07,2,Cloudy,Medium,Cafe,4.4,25,19,6,1,54.1,50.39972585903776
7.84,41,481.27,2,Rain,High,Biryani,3.9,42,22,6,1,103.2,103.04978473705582
1.56,32,1497.79,5,Clear,Medium,Chinese,3.6,33,17,6,1,42.2,52.089480740212885
3.4,35,337.6,3,Clear,High,Chinese,4.2,35,13,1,0,78.3,71.23637042401636
7.07,52,693.23,2,Clear,Medium,Biryani,3.8,48,7,6,1,95.1,89.233716046776
4.72,26,160.36,2,Clear,Low,Pizza,4.6,29,2,1,0,48.4,43.714460419114666
6.51,16,218.36,2,Clear,High,Cafe,4.0,18,21,3,0,59.7,65.0168740447016
11.25,11,735.54,3,Storm,Low,Cafe,4.4,11,7,1,0,69.8,67.80024536151599
4.35,23,576.28,2,Rain,High,Cafe,3.8,19,12,5,1,75.7,70.38103889820546
3.98,26,241.48,1,Clear,Low,Chinese,4.1,30,0,6,1,35.2,40.844923170815406
1.32,44,233.19,1,Clear,Low,Indian,4.3,39,23,5,1,43.4,54.74945712029371
4.53,23,1595.92,5,Clear,Low,Cafe,4.2,22,23,6,1,42.0,45.08533430908943
4.4,25,933.27,3,Clear,Medium,Indian,5.0,26,18,6,1,57.5,55.014893105034595
0.64,28,1374.29,5,Clear,High,Biryani,4.3,31,18,6,1,59.8,55.9205231983619
4.7,21,98.01,1,Rain,High,Indian,4.0,21,0,2,0,73.8,66.71366687903287
0.92,33,434.17,2,Cloudy,Medium,Pizza,4.3,32,9,1,0,44.1,50.76790224271809
0.76,17,1301.7,4,Clear,Low,Bakery,4.2,14,17,6,1,22.7,24.351619358505786
3.95,28,466.04,2,Cloudy,High,South Indian,3.8,27,21,6,1,66.9,69.98830193544875
3.32,20,622.31,2,Clear,Low,Fast Food,4.2,15,3,5,1,32.7,33.00493443366057
3.96,22,1458.88,5,Rain,Medium,Cafe,4.3,24,1,4,0,53.6,54.66876195356089
3.74,44,510.55,5,Clear,High,Indian,4.0,40,13,6,1,87.7,81.45625868906853
2.87,22,286.73,1,Clear,High,Indian,4.0,21,20,5,1,54.4,57.999487053823536
3.84,18,348.98,1,Storm,Low,Fast Food,4.2,14,23,5,1,46.4,52.39848214110327
3.32,37,112.36,1,Clear,Medium,Biryani,4.4,34,17,4,0,52.9,63.233974772979394
1.23,25,1002.12,3,Cloudy,Low,Cafe,4.3,24,8,5,1,29.3,34.02230732521977
2.98,23,576.65,2,Cloudy,Medium,Desserts,4.4,18,18,2,0,55.8,50.00143098817473
6.21,14,581.69,2,Clear,Medium,Cafe,3.8,19,14,5,1,51.7,49.62643414182554
2.88,36,83.63,1,Clear,High,Pizza,3.8,32,11,2,0,75.8,69.9955866270563
15.25,22,304.21,1,Clear,Low,South Indian,4.5,22,4,1,0,77.8,77.02666972978427
5.49,24,362.36,3,Cloudy,Medium,Indian,4.6,25,18,5,1,66.8,59.78272360876379
3.77,18,287.23,3,Storm,Medium,Cafe,4.0,18,8,3,0,58.9,58.617566410149564
15.93,20,174.56,1,Cloudy,High,Healthy,4.3,16,17,5,1,94.0,103.01052303326364
4.61,24,321.37,3,Rain,High,South Indian,3.8,27,22,5,1,78.9,74.44400188173906
5.87,12,431.48,2,Clear,Low,Bakery,4.7,11,3,2,0,28.5,33.8932965984266
3.9,14,961.04,5,Clear,Medium,Fast Food,4.7,14,18,4,0,44.9,42.106331595704525
1.88,14,171.85,1,Rain,Low,Desserts,4.2,14,8,6,1,31.2,31.132732740529065
4.33,44,480.82,2,Cloudy,Low,Indian,4.3,39,6,0,0,60.0,63.31088037492512
2.25,17,691.44,2,Clear,Medium,Bakery,4.4,20,13,6,1,36.4,38.35457206679067
4.01,20,336.48,1,Rain,Medium,Healthy,3.9,19,20,1,0,54.2,57.15052791801619
2.26,22,199.41,1,Rain,High,Healthy,4.4,22,12,0,0,62.9,61.9086483142136
6.2,28,577.45,6,Rain,Medium,Pizza,4.1,26,5,1,0,67.6,69.24316951355691
6.23,30,832.57,3,Clear,Low,Chinese,3.5,31,19,0,0,57.4,57.10682455919238
2.24,27,659.79,3,Clear,Low,Indian,4.5,23,17,2,0,35.5,39.49524425925074
4.5,7,158.54,1,Clear,Medium,Fast Food,4.4,11,14,0,0,37.2,36.27184312337159
4.85,30,972.76,3,Clear,Medium,Biryani,4.6,33,18,6,1,65.7,61.835001496338144
9.59,27,122.92,1,Cloudy,Medium,Pizza,3.8,29,8,6,1,75.9,75.00243380801847
7.46,28,689.93,3,Clear,Low,Chinese,4.1,29,9,6,1,57.1,57.09108984773615
8.14,32,465.56,3,Cloudy,High,Indian,3.3,35,12,4,0,86.3,86.70877424567705
11.82,13,277.86,2,Rain,High,Fast Food,4.2,14,22,4,0,87.2,88.55640523687951
1.1,19,534.46,2,Rain,Low,Pizza,4.2,24,10,3,0,40.3,33.89588567656982
2.21,19,164.39,1,Rain,High,South Indian,4.5,22,12,0,0,60.0,58.61514142164279
3.71,25,299.96,1,Clear,High,Healthy,3.9,29,11,6,1,66.7,61.99248030220592
2.67,23,449.26,5,Clear,Medium,Healthy,4.4,24,9,3,0,48.0,44.919914495847124
6.63,22,97.9,1,Cloudy,Low,Fast Food,3.8,18,23,2,0,50.2,53.163438868239986
2.17,39,332.76,3,Rain,Medium,Biryani,4.3,38,21,3,0,69.4,70.04142040162044
2.7,12,231.19,1,Storm,High,Bakery,4.2,13,22,3,0,59.0,62.752458884180065
0.61,35,305.94,3,Clear,Low,Chinese,3.6,32,13,5,1,46.9,41.04307436422359
1.29,9,395.33,2,Rain,Low,Cafe,4.4,14,23,4,0,22.7,27.56479420743218
5.38,36,311.7,3,Clear,Medium,Pizza,3.8,32,4,2,0,63.8,66.32379167940135
3.71,15,538.56,4,Clear,Medium,Bakery,4.5,10,15,3,0,42.7,41.80538487490449
1.68,19,193.39,2,Rain,Low,Pizza,4.4,23,7,6,1,29.4,35.20164970332953
1.29,24,120.42,1,Clear,Medium,Chinese,3.6,24,13,5,1,43.2,42.14339920298148
3.0,46,230.71,1,Cloudy,Medium,Biryani,4.1,48,19,3,0,72.9,73.61808159172871
2.57,21,286.69,1,Storm,Medium,South Indian,4.0,20,1,1,0,57.8,55.70109630313209
2.49,21,392.28,2,Clear,Low,Healthy,4.5,24,13,0,0,41.4,33.48457895998929
5.36,9,201.71,1,Rain,Medium,Cafe,4.0,13,0,1,0,51.5,46.2731533642559
3.53,27,426.44,2,Rain,Medium,Pizza,4.3,32,14,0,0,67.9,61.00221618675165
20.0,30,823.01,3,Cloudy,High,Indian,4.0,27,18,5,1,127.4,127.52571663865113
6.47,30,421.65,2,Cloudy,Medium,Chinese,3.6,33,6,6,1,70.0,66.69674958258683
4.06,8,178.49,2,Cloudy,Low,Cafe,4.7,12,4,4,0,26.0,25.884730331156128
10.09,17,146.62,1,Clear,High,Fast Food,3.8,22,11,4,0,84.6,76.13528366186578
1.14,15,461.63,2,Cloudy,High,South Indian,3.9,20,21,5,1,44.5,47.09795037455528
9.3,34,1746.81,6,Clear,Medium,Indian,3.8,36,22,2,0,83.4,82.25522352232994
2.66,25,921.94,5,Clear,High,Indian,3.8,29,19,3,0,51.1,60.05650048230533
1.91,48,448.42,2,Clear,Medium,Biryani,4.2,46,19,6,1,69.1,69.8343171407699
2.02,17,719.98,3,Clear,High,Fast Food,4.2,14,12,5,1,52.8,48.023611540243266
1.95,23,334.56,1,Rain,High,Cafe,4.9,22,18,5,1,62.4,63.21814135048981
2.6,20,1125.79,4,Rain,High,Desserts,4.4,18,18,2,0,66.8,62.442841574894075
1.03,18,664.76,2,Clear,Medium,Fast Food,4.2,23,0,5,1,33.4,32.04862323662949
3.5,25,143.43,1,Rain,Low,Indian,5.0,26,16,6,1,55.1,49.583160283709745
1.35,23,576.29,2,Clear,Medium,Bakery,3.9,19,6,1,0,37.0,39.597019453532496
8.4,22,695.19,2,Clear,Medium,Desserts,4.4,18,10,3,0,66.2,64.20875437630005
5.6,27,214.39,1,Rain,High,Chinese,4.1,29,11,3,0,75.5,78.46302424240665
4.46,19,549.24,6,Clear,Low,South Indian,4.0,17,20,5,1,38.0,39.91132373327458
0.91,22,973.2,4,Storm,Medium,Indian,4.7,23,11,5,1,61.5,53.17938651712761
4.59,20,189.52,1,Cloudy,High,Desserts,3.5,18,13,2,0,64.1,62.39986377681579
2.14,33,469.3,3,Cloudy,High,Pizza,4.6,29,20,1,0,68.8,68.29897468476602
1.51,48,344.6,1,Clear,High,Biryani,3.5,45,18,6,1,80.7,79.10477837226358
4.16,24,496.6,4,Clear,High,Pizza,3.7,25,8,0,0,64.2,61.72891258025403
8.93,31,216.93,1,Rain,High,South Indian,3.6,27,12,4,0,99.8,94.34461581786721
8.56,21,1029.66,4,Clear,Medium,Healthy,4.0,17,18,1,0,72.3,65.68015789758955
0.89,17,560.84,2,Clear,High,Fast Food,4.0,12,12,5,1,47.1,44.09121410987455
2.73,7,634.29,4,Clear,Medium,Desserts,4.6,10,13,5,1,33.4,29.95022731442225
4.26,8,1571.37,6,Clear,Medium,Desserts,3.9,12,18,2,0,47.1,37.57238226515152
4.81,5,347.48,1,Storm,Low,Desserts,4.6,10,15,0,0,38.6,40.95224981310063
3.36,17,257.4,1,Clear,Medium,Desserts,4.4,18,21,4,0,45.0,44.07720542956643
2.29,17,364.39,4,Clear,Medium,Chinese,4.2,21,0,3,0,45.1,35.534191729029196
7.63,29,225.69,1,Cloudy,High,Pizza,4.0,25,13,5,1,87.7,82.0408993542872
3.94,50,596.91,2,Clear,Low,Biryani,3.7,46,23,1,0,58.0,70.16737732713923
3.62,37,503.73,3,Clear,Low,Biryani,3.9,42,22,4,0,47.6,55.79722987533142
1.86,31,848.37,3,Cloudy,Medium,Pizza,4.3,29,22,0,0,53.8,55.03163582701207
4.16,14,528.71,3,Cloudy,Medium,Cafe,4.4,19,19,5,1,46.4,45.45704964228259
2.07,33,200.43,1,Clear,Medium,South Indian,3.9,30,12,0,0,54.7,53.49987339178558
10.44,22,195.82,1,Clear,Medium,South Indian,4.0,17,23,4,0,70.8,74.33909048832278
0.63,9,236.79,2,Clear,Low,Desserts,4.0,14,15,3,0,16.7,15.424089493784393
3.02,20,201.22,1,Clear,Low,Desserts,3.9,18,10,6,1,34.2,33.710153580850104
6.91,27,185.66,1,Clear,Medium,Fast Food,3.7,22,19,0,0,64.2,65.98445913373845
0.69,27,314.99,2,Clear,Low,Chinese,4.2,23,17,6,1,37.7,34.16908092770461
2.75,11,2081.8,6,Clear,Medium,Cafe,4.0,15,20,2,0,37.3,35.87452128251125
2.13,46,692.12,2,Rain,Low,Biryani,4.2,46,17,1,0,65.7,66.32463278671251
10.05,31,790.5,5,Clear,Medium,Pizza,4.6,29,22,3,0,74.3,81.70957842755334
1.48,39,888.16,4,Clear,High,Chinese,4.1,35,14,3,0,71.8,68.81065477362272
12.8,13,465.43,2,Clear,High,Desserts,3.8,10,19,5,1,87.4,83.52309768588111
1.98,20,331.96,2,Clear,Medium,Chinese,3.6,21,12,6,1,43.6,40.33452517357719
8.41,23,477.22,3,Cloudy,Low,South Indian,3.8,27,7,1,0,50.3,56.80786915398386
5.53,26,293.24,3,Cloudy,High,Cafe,3.8,23,14,6,1,60.9,71.99432392088656
0.5,28,557.64,2,Cloudy,Medium,Chinese,4.1,29,19,3,0,49.1,46.68141461104786
8.11,25,667.8,2,Clear,Low,Pizza,4.0,25,10,2,0,59.0,56.543914242443186
5.27,27,109.67,1,Rain,Medium,Indian,4.1,29,17,6,1,57.8,67.85465416188637
10.41,18,281.67,1,Clear,Medium,Cafe,4.8,23,20,5,1,67.7,69.58867482256888
13.52,30,772.54,3,Clear,Medium,Indian,4.2,32,7,0,0,87.0,89.47711813417328
4.9,21,453.82,3,Clear,Medium,Bakery,4.0,18,12,5,1,51.4,51.39491050741899
4.21,19,643.28,2,Clear,Low,Cafe,4.0,15,3,4,0,38.0,35.35327060156253
6.71,22,1118.01,6,Cloudy,Low,Indian,4.0,21,2,3,0,54.5,48.73127825900971
0.74,30,845.84,3,Cloudy,Medium,Pizza,4.1,25,17,3,0,47.4,49.01936036588596
3.92,16,227.98,1,Clear,High,Cafe,4.0,19,18,3,0,58.6,55.28250311552731
4.91,36,173.84,1,Rain,Low,Chinese,4.0,35,4,5,1,69.6,62.95342950439213
3.41,43,159.88,1,Clear,Medium,Biryani,3.9,42,21,6,1,62.8,70.56735018956364
10.68,30,203.27,2,Clear,Medium,Chinese,4.4,33,7,0,0,81.7,79.51651532354968
2.3,20,1437.74,5,Cloudy,Low,Cafe,4.3,17,19,6,1,37.3,35.28130117105553
0.55,17,312.47,2,Cloudy,Low,Fast Food,3.8,22,2,4,0,23.1,22.098711081218504
5.2,22,1019.07,3,Rain,Medium,Cafe,3.8,23,12,2,0,60.8,61.56672670725144
2.39,16,164.4,2,Cloudy,High,South Indian,4.0,17,11,0,0,53.8,50.08336511974157
1.49,15,1639.69,6,Rain,Medium,Cafe,3.5,14,12,0,0,42.3,41.54745309785177
2.63,28,1062.08,4,Clear,Medium,Chinese,4.1,29,14,2,0,54.1,51.01794691770492
0.57,34,699.17,4,Clear,Low,Chinese,4.3,31,16,1,0,37.4,40.47527069070807
1.63,24,174.48,2,Clear,Medium,Cafe,5.0,21,15,6,1,38.2,43.64419234348041
0.92,26,229.17,1,Clear,Medium,Pizza,4.3,29,21,0,0,39.3,44.53158321355235
5.8,14,338.87,1,Rain,Low,Fast Food,4.2,14,11,3,0,53.3,45.43885524539428
5.47,22,326.31,1,Clear,Medium,Fast Food,4.7,24,3,6,1,47.3,52.229479426114246
9.86,15,479.03,5,Cloudy,High,Desserts,3.9,12,2,4,0,70.9,73.23869791517696
3.66,26,210.72,1,Clear,Low,Indian,3.8,29,23,4,0,41.9,44.985828293359134
7.31,35,677.33,2,Clear,Low,Biryani,4.2,35,22,4,0,68.8,66.69304046523757
4.2,34,1021.63,3,Clear,Medium,Biryani,4.4,32,14,2,0,64.5,62.63140957484714
4.9,24,456.3,5,Clear,Low,Healthy,3.9,19,1,4,0,43.3,42.23862051542655
3.51,10,241.56,2,Clear,Medium,Bakery,4.5,10,13,1,0,43.6,35.63215380292522
5.96,34,665.79,2,Rain,High,Indian,4.2,36,12,5,1,88.0,86.95043053380783
4.73,9,176.53,1,Rain,Low,Desserts,4.0,14,4,1,0,38.4,35.173931694830344
3.54,30,320.45,1,Cloudy,High,Chinese,3.5,33,11,2,0,69.6,68.37224106505151
2.25,19,710.81,3,Cloudy,Medium,Desserts,4.4,18,23,4,0,33.4,44.61327544694724
9.24,22,331.17,2,Storm,Medium,Bakery,3.9,19,0,4,0,80.7,79.87157227749134
1.82,24,1364.37,4,Cloudy,Medium,Chinese,4.2,21,19,4,0,43.3,47.30973051323362
5.0,17,824.77,5,Rain,High,Healthy,4.0,16,12,1,0,63.3,66.52641095251172
13.02,27,81.54,1,Rain,Low,Pizza,3.2,29,7,5,1,90.8,83.08643079100617
1.07,14,395.93,3,Rain,Medium,Cafe,4.0,19,20,1,0,35.7,40.830028336906395
4.42,40,315.5,3,Clear,High,Pizza,4.0,35,11,0,0,82.0,79.32322081592885
1.87,30,204.24,1,Clear,High,Pizza,3.8,31,22,3,0,62.4,63.003311291272084
6.77,40,332.4,2,Rain,Medium,Biryani,3.1,36,19,0,0,84.6,86.81689589149991
11.81,50,872.26,3,Rain,High,Biryani,3.5,45,20,1,0,132.7,125.5184088702528
13.25,32,524.63,5,Clear,Medium,Chinese,4.6,34,9,3,0,81.9,90.96529777472387
4.54,26,263.42,1,Cloudy,Medium,South Indian,3.9,30,8,6,1,48.9,56.271988199515654
5.18,17,103.98,1,Clear,High,Cafe,4.0,19,19,2,0,58.5,60.89881664981796
4.98,30,607.32,3,Clear,Medium,Indian,5.0,26,13,3,0,66.0,60.84943581124877
2.12,41,383.96,2,Clear,Medium,Biryani,4.7,38,18,3,0,62.2,63.22335916019737
5.87,11,667.29,2,Cloudy,High,Bakery,4.7,11,10,6,1,52.5,57.043137811198484
2.85,18,1369.64,4,Rain,Medium,Desserts,4.3,19,8,4,0,40.0,48.29084932166856
3.65,12,110.91,1,Clear,High,Fast Food,4.4,15,20,3,0,60.0,50.52578175518566
1.13,22,563.89,2,Clear,Low,Cafe,3.8,23,12,6,1,26.9,29.68171920488791
1.5,12,984.46,3,Cloudy,Medium,Fast Food,3.5,10,20,1,0,31.0,34.26503477766043
4.65,14,294.34,1,Cloudy,Medium,Cafe,3.5,14,16,3,0,45.3,46.59787551759968
7.15,23,280.15,2,Clear,High,Chinese,4.2,24,19,6,1,69.7,73.77589145856852
17.34,18,680.96,3,Clear,Medium,Fast Food,3.8,15,20,4,0,97.0,93.76938644114621
4.91,15,338.63,2,Clear,Medium,Desserts,4.6,10,5,0,0,44.0,43.71276584569247
0.5,34,261.69,2,Cloudy,Medium,Indian,3.8,29,22,3,0,47.7,53.34333820822649
4.01,6,1024.19,4,Clear,High,Desserts,4.6,10,12,4,0,53.5,44.048888809588945
4.55,26,545.73,3,Clear,High,Indian,4.5,23,22,4,0,66.8,68.27407765050455
3.02,22,966.07,3,Cloudy,High,Bakery,4.0,18,19,0,0,64.1,60.17759469038673
5.07,9,464.03,2,Clear,Medium,Cafe,3.5,10,23,4,0,27.9,42.70452118183016
4.62,33,445.88,4,Clear,High,Indian,4.2,29,14,4,0,71.8,73.71442922241557
0.53,29,680.28,2,Cloudy,High,Chinese,3.6,32,13,4,0,63.3,57.31369216090751
2.19,29,133.24,1,Rain,Medium,Healthy,4.5,25,14,2,0,61.6,58.33897148015399
2.94,15,548.59,3,Clear,High,Desserts,3.8,10,18,2,0,50.3,50.727534377076495
5.4,45,182.06,1,Clear,Low,Biryani,4.1,47,15,4,0,67.4,68.42780908605756
1.9,19,1509.34,6,Rain,High,Healthy,4.5,24,2,3,0,61.0,55.40822206253325
4.99,18,184.37,1,Clear,Medium,Cafe,4.9,14,19,6,1,45.5,50.339793015823474
10.08,31,160.52,1,Clear,Low,South Indian,4.3,27,14,1,0,77.4,70.24109928127999
0.5,28,93.57,1,Cloudy,Low,South Indian,4.3,27,0,1,0,38.3,32.44112480232468
2.96,20,849.06,4,Clear,Medium,Cafe,4.2,22,3,6,1,47.5,41.67764504650922
4.67,21,148.51,1,Clear,Medium,Desserts,3.6,16,11,6,1,46.8,50.465168261308484
2.66,20,175.32,1,Clear,Medium,South Indian,4.2,20,14,0,0,39.3,42.9524338439438
7.03,26,247.75,1,Clear,Low,Biryani,4.3,31,17,2,0,53.7,55.49474970964772
3.96,30,206.44,2,Cloudy,Medium,Chinese,4.2,35,18,0,0,57.5,60.502345545722484
7.24,19,795.03,3,Clear,High,Desserts,3.5,18,18,1,0,79.3,69.85906978561326
1.4,17,188.85,2,Clear,Low,Healthy,4.1,15,6,3,0,21.2,24.11087507911548
0.86,10,324.91,1,Clear,Medium,Bakery,4.2,13,5,4,0,24.8,24.63779807996619
6.19,28,377.98,2,Cloudy,High,Biryani,4.6,33,12,2,0,80.8,75.85412444100788
1.15,25,109.59,1,Clear,High,Cafe,4.4,25,7,0,0,43.3,51.97167167333908
4.33,15,159.53,1,Cloudy,High,Bakery,4.7,11,18,2,0,57.9,57.42283271523476
3.92,43,1239.89,5,Clear,Low,Biryani,4.1,47,3,2,0,57.4,58.476381455625
6.09,9,213.13,2,Clear,High,Fast Food,4.3,10,21,4,0,53.1,56.300686865464634
1.65,33,81.6,1,Clear,Medium,Biryani,4.3,31,20,5,1,57.2,54.065429221951725
3.2,17,845.95,3,Cloudy,Medium,South Indian,4.3,22,19,5,1,40.0,45.019518439677164
7.32,32,251.79,2,Clear,Low,Biryani,3.9,33,4,2,0,52.9,59.56776555190559
4.9,32,1063.01,4,Clear,Medium,Indian,3.4,33,12,6,1,67.4,62.611228032620396
5.43,17,681.06,3,Cloudy,High,Pizza,4.3,20,19,4,0,72.0,63.66644837054002
3.71,26,1119.62,4,Clear,Medium,Pizza,4.1,26,20,2,0,50.9,54.136100568739344
2.81,35,390.6,2,Rain,Low,Biryani,4.7,38,2,2,0,55.0,54.166469889417066
4.64,22,356.27,4,Cloudy,Medium,Indian,4.0,21,21,5,1,57.1,55.53750216224049
1.09,10,212.85,1,Cloudy,Medium,Desserts,3.7,14,3,5,1,29.0,27.032805870205422
2.12,32,449.66,4,Clear,Low,Indian,4.0,27,16,5,1,42.6,43.90593820765886
5.3,8,194.94,1,Rain,Medium,Desserts,4.8,10,22,3,0,44.8,49.93081516073607
6.38,8,460.09,2,Rain,High,Fast Food,4.4,12,19,0,0,70.8,63.741587506034165
1.8,27,549.26,3,Clear,High,Cafe,4.1,22,21,1,0,65.6,59.49872980782746
4.44,10,299.18,2,Rain,High,Fast Food,3.5,10,14,2,0,45.8,57.92570719934131
0.83,30,735.78,3,Clear,Medium,Healthy,4.1,27,20,1,0,55.8,48.08010945518893
5.56,14,124.98,1,Clear,Medium,Fast Food,4.7,14,4,5,1,40.5,44.70925595070956
3.32,22,582.47,4,Rain,Medium,Indian,4.2,26,2,1,0,54.1,52.495044471041204
4.23,29,175.74,1,Cloudy,High,Biryani,4.4,32,6,0,0,63.0,68.60926616538161
5.7,30,432.63,2,Rain,Medium,Indian,4.0,27,16,5,1,71.4,72.13000568889457
3.28,11,576.49,4,Cloudy,Medium,Cafe,4.4,11,18,4,0,35.1,39.111766958000565
3.36,19,291.12,2,Clear,High,Desserts,4.5,15,12,6,1,66.8,54.782088621294896
0.69,15,1016.2,3,Clear,Low,Fast Food,4.4,19,1,1,0,21.1,18.30295167320007
5.73,13,152.39,1,Clear,Medium,Fast Food,3.5,10,13,5,1,49.0,46.51203008159985
4.69,34,202.33,2,Cloudy,Medium,Chinese,4.1,29,10,0,0,64.2,65.2159838453809
7.35,15,980.63,6,Clear,High,Desserts,3.7,14,19,5,1,72.9,66.42710207412566
1.43,36,579.26,5,Clear,Medium,Chinese,4.6,34,7,5,1,44.2,53.12043707522302
4.76,38,347.98,1,Clear,Medium,Indian,4.2,36,2,0,0,64.2,65.66615448185134
5.23,37,553.34,2,Clear,Medium,Indian,3.4,33,18,0,0,72.8,70.07155040708655
3.93,20,387.65,3,Clear,Low,Cafe,4.2,16,20,5,1,43.4,39.19671652869719
5.89,7,183.15,2,Rain,High,Cafe,4.4,11,22,5,1,53.6,61.9316304073682
4.31,22,366.23,3,Clear,High,Cafe,4.3,18,22,5,1,58.6,63.50016514636533
5.71,44,286.09,1,Clear,Medium,Biryani,4.1,48,23,5,1,76.2,80.071651330511
0.77,7,1263.68,4,Rain,High,Desserts,4.1,11,21,0,0,44.8,43.721736880374934
3.89,20,455.67,2,Clear,High,Cafe,4.8,23,20,0,0,59.2,59.50070424480782
7.74,13,408.94,5,Cloudy,High,Fast Food,4.3,16,19,2,0,65.6,67.53428175344312
1.01,14,293.86,1,Clear,Low,Bakery,3.7,11,8,1,0,15.8,20.140802597070717
2.28,18,450.59,3,Rain,High,Desserts,3.5,18,22,6,1,53.6,60.353331745593835
0.5,16,757.65,4,Rain,Low,Fast Food,3.8,15,15,3,0,20.2,29.82526813868587
3.73,19,577.26,2,Clear,Low,Desserts,4.0,14,19,2,0,43.9,37.21037217977217
3.92,13,210.48,2,Clear,Low,Bakery,3.4,16,0,0,0,29.3,27.512614898463056
4.81,14,581.31,3,Cloudy,High,Desserts,4.9,16,22,2,0,56.9,59.04115791662678
6.21,16,660.22,2,Rain,Medium,Cafe,4.4,11,20,2,0,62.4,60.80939477761128
7.48,18,1727.78,5,Clear,Low,Pizza,3.9,21,7,2,0,47.2,46.68268986788348
3.8,32,210.53,1,Clear,High,Biryani,4.3,31,11,6,1,72.0,69.36071462052882
7.66,15,212.36,2,Cloudy,High,Fast Food,3.8,18,13,6,1,72.3,68.02823522685495
6.28,10,251.97,2,Clear,Medium,Bakery,3.6,10,7,2,0,44.7,44.08996206291307
7.12,14,603.66,2,Clear,High,Fast Food,4.2,14,11,2,0,70.4,62.645235193463805
0.98,16,1539.4,5,Clear,Low,Indian,4.0,20,1,1,0,14.1,20.492979051431064
4.96,13,143.39,1,Clear,Medium,Bakery,3.9,10,20,3,0,42.9,45.43304222333872
1.07,15,260.64,2,Clear,Low,Bakery,4.3,15,0,5,1,22.4,19.465867093862272
7.74,25,768.84,5,Cloudy,High,Healthy,3.9,29,19,0,0,79.7,79.80214028307563
4.57,24,311.92,2,Clear,Medium,Pizza,4.0,25,7,5,1,51.6,52.168660343323296
6.48,14,884.06,4,Clear,High,Desserts,3.8,15,4,6,1,62.0,58.978344690888086
3.33,28,663.36,2,Clear,Medium,Pizza,4.0,29,14,2,0,49.0,53.452808075966566
5.47,24,392.99,2,Clear,Medium,Pizza,4.0,24,12,4,0,61.2,56.4790008118305
2.1,29,524.16,4,Clear,High,Indian,4.1,29,19,3,0,60.4,62.04093983083704
0.63,29,625.55,5,Clear,High,South Indian,4.5,26,13,5,1,57.1,55.40586256758795
4.43,22,229.08,1,Cloudy,High,Pizza,4.3,20,13,5,1,71.5,63.77970266944735
2.32,25,336.79,2,Clear,Medium,Pizza,4.0,24,15,2,0,40.1,47.100047694257384
5.36,18,81.44,1,Clear,Low,Desserts,4.6,19,1,0,0,42.9,37.67967396942341
5.4,17,673.79,2,Cloudy,Low,South Indian,4.0,20,3,1,0,45.1,39.33756178894845
3.37,35,156.6,1,Clear,Low,Chinese,4.2,33,15,3,0,47.1,51.11414352792356
8.68,16,346.35,1,Cloudy,Medium,Bakery,4.0,18,12,2,0,66.2,61.610051673238736
1.3,29,298.13,1,Cloudy,Medium,South Indian,4.3,30,13,1,0,49.2,48.97090852103405
2.08,28,412.02,2,Clear,Low,Chinese,4.2,33,19,4,0,44.3,40.53191879592487
0.95,31,312.87,1,Rain,Medium,Chinese,4.1,29,5,2,0,60.1,53.99235482819694
1.45,30,810.2,3,Cloudy,Medium,Pizza,4.0,32,18,4,0,56.6,51.78387923612267
2.96,14,253.75,2,Cloudy,Medium,Bakery,3.7,11,13,5,1,47.9,39.81489602737649
9.18,32,100.14,1,Cloudy,Low,Pizza,4.0,35,6,6,1,70.0,68.37966000644711
2.75,23,507.44,2,Storm,High,Pizza,3.9,22,10,5,1,66.6,71.2987828607112
2.42,25,757.46,3,Rain,Low,South Indian,3.9,30,17,5,1,42.5,46.14025692393746
13.02,37,1340.4,5,Clear,Medium,Indian,3.3,35,7,3,0,94.1,94.90479560601923
4.87,36,890.99,4,Clear,Medium,Chinese,3.6,33,8,6,1,63.9,65.58501871454212
5.96,11,466.72,2,Clear,High,Fast Food,3.8,15,18,2,0,56.2,57.23144174207787
4.01,31,159.8,1,Clear,Medium,Chinese,3.5,33,12,1,0,60.9,58.44998489667216
3.82,26,88.32,1,Cloudy,Medium,Cafe,4.3,24,6,0,0,52.5,53.264323453816544
4.69,17,529.78,3,Clear,Medium,Desserts,4.4,12,22,3,0,45.0,48.91281443313049
1.39,39,823.95,3,Rain,Low,Indian,3.8,40,1,3,0,46.8,52.95274806082258
0.73,36,582.08,2,Clear,High,Indian,4.6,37,19,4,0,59.3,64.26362410034857
3.55,45,551.83,2,Clear,High,Biryani,4.0,43,11,1,0,81.5,81.52113292470852
4.73,7,1114.18,4,Cloudy,Medium,Bakery,3.9,10,21,6,1,33.7,40.86970683880642
2.13,14,228.11,1,Rain,Medium,South Indian,4.2,15,21,1,0,45.2,44.63191905143901
1.42,11,420.32,2,Clear,High,Desserts,4.6,10,21,6,1,44.8,42.033988098814156
5.62,29,456.3,2,Clear,Medium,Biryani,4.4,32,14,5,1,64.5,62.597789597420814
1.43,22,939.59,3,Clear,Medium,Fast Food,4.0,23,18,0,0,38.3,41.55424130539826
3.18,26,1049.29,3,Clear,Medium,Indian,4.6,25,19,5,1,53.4,52.01476641393758
1.14,14,118.97,1,Clear,Low,South Indian,4.0,17,16,6,1,21.1,22.445131479676192
6.81,18,308.17,1,Clear,Low,Cafe,4.0,18,7,4,0,40.8,44.3775202577886
8.53,23,122.53,1,Clear,High,South Indian,3.9,25,18,4,0,76.1,78.3399557525157
1.54,24,628.95,3,Clear,Medium,Chinese,3.6,24,7,5,1,42.7,41.6476760983755
4.22,32,86.71,1,Clear,Low,Chinese,4.3,31,16,5,1,48.8,51.30144271631813
0.7,25,409.53,2,Clear,Low,Pizza,4.1,25,9,0,0,31.8,30.298221046807555
1.43,10,85.25,1,Clear,Low,Bakery,4.2,14,9,3,0,15.8,17.799046940783114
4.11,26,321.04,3,Rain,High,Healthy,4.4,24,20,1,0,71.3,74.21322042620092
6.39,30,539.37,2,Clear,Low,Pizza,3.4,25,2,5,1,51.3,53.77244786370526
7.38,52,322.49,3,Clear,Low,Biryani,4.1,48,0,5,1,80.2,78.88909938400312
4.38,28,450.5,3,Clear,Medium,Fast Food,4.0,25,20,6,1,58.6,58.372842659575824
6.51,26,354.43,2,Clear,Medium,Indian,3.5,26,12,3,0,75.4,62.17163077899762
7.47,36,951.63,3,Cloudy,Low,Pizza,3.8,32,7,6,1,73.0,66.66864406492155
2.19,31,378.11,2,Rain,Low,Healthy,4.1,27,1,5,1,51.3,47.719292337443264
11.77,44,323.57,1,Clear,Medium,Indian,4.4,39,12,4,0,91.9,98.54936322337963
7.42,39,836.62,3,Clear,Low,Indian,4.6,37,15,4,0,68.8,69.25551624412311
3.28,15,302.54,1,Clear,Medium,Bakery,3.7,11,19,3,0,43.1,41.362655438577306
4.4,26,693.02,2,Clear,Low,Pizza,3.8,29,17,5,1,37.6,46.21802196573204
3.75,19,343.47,1,Cloudy,Medium,South Indian,4.2,15,1,4,0,42.1,44.81240570867621
6.59,18,1446.85,5,Cloudy,Medium,South Indian,4.5,22,11,2,0,58.5,56.02312559852139
2.62,30,820.82,4,Cloudy,Medium,South Indian,4.5,26,14,5,1,50.7,54.80465992595327
6.3,32,375.63,2,Cloudy,Medium,Indian,3.4,31,23,1,0,61.6,71.92497199708926
8.98,36,634.74,2,Rain,Low,Indian,4.3,39,1,1,0,70.3,76.44127211834589
2.93,24,870.01,3,Clear,Low,Chinese,4.3,23,7,4,0,29.0,36.73121257731421
6.86,14,1040.52,3,Rain,Medium,Desserts,4.4,18,20,4,0,67.7,61.06181781760271
1.86,13,293.16,3,Clear,High,Bakery,3.6,10,13,0,0,54.3,43.74153627647604
2.09,11,260.14,2,Cloudy,Low,Fast Food,3.8,15,0,5,1,22.1,20.99801144219724
5.97,34,547.99,2,Rain,Medium,Pizza,4.6,29,19,3,0,71.6,77.69801867692027
2.46,23,219.79,1,Cloudy,High,Healthy,3.9,19,18,5,1,59.7,59.12991160094666
7.78,49,941.59,3,Cloudy,Medium,Biryani,4.5,45,16,2,0,84.6,92.61522442235525
1.3,18,122.43,1,Clear,Low,Healthy,4.0,16,4,3,0,19.2,24.332440262133147
1.49,10,455.43,3,Clear,High,Desserts,3.6,13,12,5,1,37.5,39.324155274063244
1.93,33,413.58,2,Clear,High,Pizza,4.0,29,22,1,0,65.8,66.14865219391925
7.03,29,485.6,3,Clear,High,Pizza,4.6,29,17,1,0,65.3,78.77344845314043
10.93,27,169.65,1,Clear,Medium,Indian,3.5,26,13,4,0,81.2,78.89921517639938
7.55,20,547.17,2,Clear,Medium,Desserts,3.8,19,17,6,1,59.8,60.926410666707824
3.23,27,194.8,2,Clear,Medium,Cafe,4.9,22,13,5,1,54.8,51.79191083719816
4.06,27,645.05,3,Rain,Medium,South Indian,3.4,26,3,1,0,56.7,60.399211723384035
6.93,27,201.85,2,Cloudy,High,South Indian,4.3,22,21,2,0,78.7,79.28459680009385
5.14,19,329.42,3,Clear,Low,Healthy,4.4,20,15,4,0,39.9,41.257442586406285
6.73,9,599.32,3,Rain,Medium,Desserts,4.4,12,19,1,0,55.5,55.275294341585116
1.75,6,953.41,6,Rain,Low,Fast Food,4.1,11,10,3,0,16.3,22.98375630414366
1.46,26,665.8,3,Clear,Low,Pizza,4.1,25,22,3,0,40.7,36.986584256306
0.92,21,339.85,1,Cloudy,Medium,Chinese,3.2,24,23,6,1,45.2,42.19240818036717
4.08,13,241.74,2,Clear,Low,Fast Food,4.3,16,15,0,0,32.3,31.326215024186855
2.09,16,1604.49,5,Cloudy,Medium,Cafe,4.0,18,20,3,0,39.0,40.531579530083526
0.84,33,177.19,1,Rain,Low,Indian,4.6,28,2,5,1,42.3,45.102556107562606
0.84,15,193.38,1,Cloudy,High,Pizza,4.3,20,20,0,0,45.8,45.75936820179676
2.97,27,300.8,1,Rain,Low,Fast Food,4.2,23,0,6,1,50.5,46.051371709228796
1.93,10,263.06,3,Rain,Low,Cafe,4.4,11,1,5,1,27.0,25.71229265219059
4.02,14,235.58,1,Clear,High,Fast Food,5.0,15,0,1,0,49.4,49.139708696206476
4.23,36,275.49,1,Rain,Medium,Biryani,3.1,36,12,5,1,72.2,72.38301414630901
1.92,13,1680.22,6,Rain,Medium,Desserts,3.8,10,23,1,0,36.9,43.450249974605676
4.56,8,446.17,3,Clear,Low,Desserts,3.9,12,17,0,0,22.9,28.60657741364826
3.55,37,573.38,6,Rain,Low,Pizza,3.8,32,0,4,0,62.7,58.19732994931819
2.47,37,672.33,2,Cloudy,Medium,Pizza,4.0,32,13,2,0,61.2,61.18665094514725
4.67,26,1570.95,5,Cloudy,Medium,Indian,4.1,29,12,0,0,55.1,57.62756828339088
2.34,19,1369.43,5,Storm,Medium,Fast Food,4.4,14,1,3,0,55.2,52.79785730592819
1.91,21,267.2,3,Cloudy,Low,Cafe,4.3,17,22,0,0,43.1,35.475962652860574
6.56,30,321.37,1,Rain,Medium,Healthy,4.3,27,20,4,0,79.7,76.09762131008205
2.22,13,560.61,2,Clear,Low,Bakery,4.5,10,8,4,0,27.2,23.31933875950046
5.48,21,562.81,2,Clear,Low,Pizza,3.9,21,22,4,0,47.8,46.10466290264859
4.23,18,955.85,3,Clear,Medium,Cafe,4.2,16,16,4,0,38.0,47.10848277936587
4.29,37,420.81,4,Rain,Medium,Biryani,5.0,32,3,3,0,71.6,71.21663936526522
3.2,29,309.62,2,Rain,Low,Biryani,3.9,33,2,4,0,53.6,49.64263575378912
1.92,24,572.21,2,Clear,Medium,Fast Food,4.7,24,12,5,1,46.8,43.845943040510384
1.75,37,552.54,3,Cloudy,Medium,Biryani,4.6,33,21,0,0,61.7,60.52841977682345
2.51,22,136.84,1,Rain,Medium,South Indian,4.0,17,18,3,0,44.1,53.32751679797671
3.87,31,254.81,2,Rain,High,Pizza,4.0,34,20,2,0,74.8,78.43047729241974
3.95,32,693.12,5,Clear,High,Pizza,3.8,32,13,3,0,64.2,70.1903667092863
5.07,53,570.27,4,Clear,High,Biryani,3.8,48,18,4,0,102.8,96.49656974956709
2.69,35,504.26,2,Clear,Low,Indian,4.2,32,8,3,0,45.1,47.09703803797338
1.65,28,249.02,1,Clear,High,Chinese,4.3,31,18,4,0,65.9,59.30517778186735
2.93,39,489.34,4,Clear,Medium,Pizza,4.0,35,20,2,0,60.4,64.39053894832479
8.27,22,775.79,4,Storm,High,Healthy,4.4,22,19,4,0,90.2,91.67793050676894
0.95,12,344.59,1,Rain,Medium,Bakery,3.9,17,5,2,0,36.4,34.90453936292302
2.11,30,181.36,1,Cloudy,Low,Pizza,4.1,30,9,4,0,35.7,42.27769751552273
1.66,23,386.46,2,Cloudy,Low,Healthy,4.5,25,15,5,1,30.4,35.05538685773281
1.4,20,682.72,4,Cloudy,Medium,Healthy,4.1,15,23,6,1,38.1,42.71748237192756
1.11,30,189.11,2,Clear,Low,South Indian,3.9,25,15,1,0,28.2,38.082973245853914
3.33,16,164.95,2,Cloudy,Medium,Desserts,4.0,14,14,1,0,51.5,43.29943644880544
1.98,27,323.91,3,Cloudy,Low,Fast Food,4.3,24,0,5,1,44.4,36.56081617273591
2.68,25,298.99,2,Cloudy,Low,Indian,4.1,28,1,4,0,38.0,37.4218861199142
0.94,43,1467.38,6,Clear,Low,Biryani,4.2,46,15,3,0,47.0,50.78893970034038
3.49,9,956.0,3,Cloudy,Low,Desserts,4.0,14,5,0,0,21.7,25.1120854667204
3.09,19,363.86,2,Cloudy,Low,Cafe,4.0,19,9,6,1,32.0,34.76818242083573
5.49,25,326.66,1,Clear,Medium,Indian,4.0,21,7,3,0,49.8,56.38896231058317
4.62,26,972.85,3,Cloudy,Medium,Cafe,4.3,24,11,5,1,58.1,57.299804756779466
6.25,23,1325.35,4,Cloudy,Low,Healthy,4.2,18,10,3,0,57.1,50.03436774798327
3.28,33,208.57,1,Cloudy,Medium,Pizza,3.9,32,12,5,1,70.9,59.80891345799473
8.77,35,502.33,3,Clear,High,Biryani,4.2,31,12,2,0,95.7,89.95791082164305
7.91,15,208.58,1,Clear,High,South Indian,3.9,20,23,1,0,57.5,69.26266346611601
4.94,13,276.35,1,Cloudy,Low,Healthy,4.0,17,13,0,0,34.1,36.08353320194129
8.28,36,221.77,1,Clear,Low,Indian,4.6,37,15,2,0,67.2,69.22515449813544
1.45,8,1100.7,4,Clear,Medium,Fast Food,4.3,10,9,2,0,27.0,25.50446508218291
5.16,24,1087.56,4,Clear,High,Fast Food,4.0,23,12,4,0,71.1,66.09618257662757
7.1,24,1002.67,4,Cloudy,Medium,Indian,3.8,29,21,2,0,64.5,66.24080364785611
0.5,21,807.93,4,Clear,Medium,Healthy,4.4,20,19,0,0,35.1,37.60595091011298
6.47,12,127.31,1,Clear,High,Healthy,3.9,16,14,6,1,62.5,59.289874675060815
0.96,18,244.76,1,Clear,Medium,Fast Food,4.4,19,3,5,1,30.8,32.43513388394669
6.17,41,324.39,3,Clear,High,Biryani,4.3,43,20,5,1,100.0,88.7186406633246
3.18,16,429.69,2,Clear,Medium,South Indian,4.2,20,18,0,0,44.1,41.69367647127456
11.06,28,665.76,4,Clear,Medium,Biryani,4.6,33,21,0,0,85.4,82.16020671331489
4.78,19,746.09,3,Clear,Low,Fast Food,4.7,14,7,4,0,27.6,37.96661219672848
3.95,38,1341.62,4,Cloudy,Low,Biryani,4.3,35,20,2,0,59.7,59.40760271834687
1.26,10,422.04,5,Cloudy,Medium,Fast Food,3.8,15,17,5,1,26.6,30.662901708882117
4.23,28,1189.14,6,Cloudy,High,Healthy,4.4,24,14,1,0,65.6,69.31172547997264
10.77,24,478.42,3,Clear,Low,Pizza,4.1,23,23,4,0,61.5,67.81381203618159
5.97,12,332.19,1,Clear,Low,Healthy,4.0,17,20,1,0,38.7,38.34938502008053
5.18,27,516.13,3,Rain,Low,Fast Food,4.0,25,2,4,0,58.3,54.25510122634355
7.06,20,175.87,2,Cloudy,High,Healthy,4.0,17,14,6,1,77.0,71.29516058553854
1.65,17,303.01,1,Cloudy,Low,Desserts,3.8,15,23,2,0,21.8,30.83473588535337
9.61,45,725.88,4,Cloudy,Medium,Biryani,4.3,43,19,5,1,92.8,95.71451020090298
6.04,35,509.54,2,Clear,High,Indian,3.3,35,19,0,0,83.6,81.95666341069784
6.13,19,892.98,3,Clear,Low,Cafe,3.6,20,6,1,0,49.2,42.79163303697243
2.47,31,80.91,1,Cloudy,High,Pizza,3.9,32,20,5,1,66.7,67.59809337851497
1.59,28,242.69,1,Clear,Medium,Pizza,4.0,25,16,5,1,40.9,47.80822652191943
4.26,53,1170.9,6,Rain,Medium,Biryani,3.8,48,22,5,1,92.2,91.70524217204579
3.89,16,312.95,1,Clear,Low,Bakery,3.8,15,4,5,1,23.0,31.348076141846924
6.94,10,163.54,2,Clear,High,Fast Food,3.5,13,21,2,0,55.7,60.357309188388946
3.84,10,494.65,4,Clear,Low,Fast Food,4.4,15,1,5,1,30.0,24.293211938226136
6.37,22,399.03,3,Rain,Low,Pizza,4.0,22,8,1,0,54.2,54.85126564344106
5.77,18,333.32,1,Clear,Low,Fast Food,4.2,14,20,5,1,41.3,43.474613155282654
3.85,29,491.74,4,Clear,Low,Indian,3.5,26,5,6,1,44.3,44.52342695008742
2.77,12,1322.77,4,Cloudy,High,Cafe,4.7,12,18,4,0,50.4,49.1572110730066
14.36,21,306.58,1,Cloudy,Low,Fast Food,4.0,23,1,4,0,75.5,74.23135879588258
5.89,12,1177.19,6,Rain,Medium,South Indian,4.0,17,22,5,1,53.1,56.08131938882647
1.8,21,451.52,2,Clear,Medium,Indian,3.8,23,21,3,0,41.1,42.69983683196517
5.64,8,436.06,2,Cloudy,High,Desserts,3.6,13,21,3,0,57.0,55.90018097560883
8.07,20,1361.07,6,Clear,Low,Healthy,4.1,15,21,4,0,54.8,53.94553873706292
2.36,34,504.95,2,Clear,Medium,Indian,4.4,39,22,5,1,56.1,57.875525175656364
3.17,22,442.37,2,Clear,Medium,Cafe,4.4,21,5,4,0,46.9,44.84012686248097
6.25,16,1023.58,3,Clear,Medium,Cafe,4.4,11,19,5,1,40.6,52.8255622462115
7.14,20,288.9,1,Rain,Medium,Healthy,4.4,21,3,3,0,64.7,64.18286373543866
3.77,32,331.7,1,Clear,Low,Chinese,4.4,33,1,4,0,51.2,46.31029212850093
1.57,28,735.35,5,Storm,High,Healthy,3.9,29,2,1,0,67.2,70.33522964005853
6.11,35,481.12,2,Clear,Low,Indian,4.0,40,8,3,0,60.5,59.1260438969444
7.33,11,274.97,2,Clear,High,Bakery,3.4,16,11,5,1,66.8,60.55619963649614
4.29,22,284.37,1,Clear,Medium,South Indian,4.2,20,10,2,0,46.2,49.78260178323961
5.73,24,322.1,1,Clear,Medium,Cafe,4.0,19,14,2,0,58.3,57.89346109389138
1.85,24,249.86,1,Clear,Medium,Indian,4.1,29,1,2,0,42.7,41.25866093258253
1.61,19,272.02,2,Clear,Medium,Bakery,4.0,18,7,2,0,30.8,36.70985142125329
4.33,21,703.4,3,Clear,High,South Indian,3.9,20,14,4,0,56.1,60.70734528290044
2.98,24,394.13,2,Clear,Low,Cafe,4.6,20,19,3,0,37.8,39.615553812861876
2.49,11,937.42,3,Cloudy,Low,Fast Food,4.2,14,8,4,0,20.6,24.224969747008032
9.19,35,674.96,3,Clear,High,South Indian,3.9,30,18,5,1,93.5,92.66531550141872
10.17,19,1005.99,3,Clear,Medium,Desserts,4.0,14,0,6,1,67.7,65.18200420984785
4.24,14,1878.9,6,Rain,Low,Desserts,4.2,14,9,6,1,35.6,39.67557772438414
9.63,20,190.01,1,Cloudy,Low,Bakery,4.3,15,19,6,1,66.1,60.794253503290285
2.36,22,392.7,3,Clear,High,Healthy,4.2,18,13,4,0,54.8,54.60898714985189
3.47,42,329.69,4,Rain,Low,Biryani,4.7,38,21,3,0,69.1,67.80175794876382
2.56,13,1381.29,5,Clear,Medium,Fast Food,4.1,11,13,2,0,36.6,35.34147687606142
0.99,20,186.04,2,Clear,Medium,Chinese,4.2,24,5,4,0,26.9,35.176288210085524
3.46,29,178.64,1,Rain,Medium,Indian,4.6,25,21,4,0,64.0,64.35338264780928
6.6,20,418.63,3,Clear,Medium,Chinese,3.6,24,14,1,0,59.4,56.920632310893595
0.8,7,1259.21,5,Clear,Medium,Desserts,3.9,12,3,6,1,24.2,21.044828097342666
2.77,18,1364.78,4,Clear,Medium,South Indian,3.8,16,20,1,0,44.7,42.80975533146275
3.9,39,951.1,3,Clear,Low,Biryani,4.4,34,21,5,1,62.6,58.48622403574035
3.98,24,329.43,3,Clear,Medium,Pizza,4.0,22,2,0,0,45.5,48.87674698495371
0.95,20,623.88,6,Clear,Low,Indian,4.5,23,10,2,0,26.2,26.311416761245916
4.89,17,164.44,2,Clear,Medium,South Indian,3.8,16,12,0,0,50.8,47.32178791633772
4.47,28,217.86,1,Clear,Medium,Healthy,3.9,29,20,5,1,57.1,58.89228604978928
1.31,20,362.96,2,Clear,Medium,South Indian,4.0,17,12,6,1,43.0,37.84323784907906
3.94,31,680.25,2,Cloudy,Medium,Pizza,4.1,30,12,0,0,61.7,60.05842801129485
4.46,26,553.61,2,Rain,Low,Healthy,4.5,24,19,2,0,64.5,54.7291548023308
5.1,11,98.47,1,Clear,Low,Fast Food,4.4,15,9,1,0,30.0,31.52936405705708
8.01,15,892.75,6,Clear,High,Fast Food,4.0,12,21,4,0,61.4,69.04847476128262
1.19,16,659.87,6,Rain,Low,Desserts,3.6,13,7,1,0,31.2,30.45274668933688
5.2,28,297.46,1,Clear,Low,Pizza,4.1,30,9,0,0,42.5,49.084954914427286
4.18,39,206.01,2,Clear,Medium,Biryani,4.0,43,19,5,1,69.8,68.76632164121527
6.62,14,191.18,2,Clear,High,Cafe,4.3,17,21,4,0,54.9,63.37276906698772
2.23,22,287.81,1,Cloudy,Medium,Pizza,4.1,26,21,4,0,47.2,47.16629499955138
3.22,20,1168.13,4,Rain,High,Indian,3.8,25,19,2,0,67.5,64.9589617222464
5.69,12,292.39,1,Clear,Medium,Cafe,3.6,14,13,0,0,48.6,45.52940759229908
1.05,17,706.33,4,Rain,Medium,Cafe,3.9,22,22,5,1,43.7,44.283853795436556
1.3,22,660.46,3,Cloudy,High,Cafe,3.6,20,14,0,0,55.6,53.16277391836301
3.8,32,277.69,1,Clear,Medium,Biryani,4.4,34,19,0,0,54.4,60.329941648630864
3.47,26,254.78,3,Clear,Low,Indian,3.8,23,1,6,1,42.8,39.22654382048811
2.78,18,422.15,3,Clear,Low,Desserts,3.6,17,16,4,0,27.6,32.25400139826751
5.8,12,657.38,3,Rain,High,Desserts,3.6,13,20,0,0,65.8,66.14650533497402
6.16,11,830.89,3,Clear,Low,Healthy,4.0,16,0,3,0,33.0,33.459509153149064
5.81,24,293.37,1,Clear,Medium,Chinese,4.2,21,21,3,0,59.2,59.72827194109144
2.16,21,295.66,1,Clear,Low,South Indian,3.9,20,15,6,1,27.3,32.82505088873246
0.88,36,1323.14,5,Clear,Medium,Biryani,3.9,39,20,5,1,55.8,54.4751347938299
1.88,15,942.73,3,Clear,High,South Indian,4.7,19,3,6,1,41.7,43.52660386042094
5.82,22,191.84,1,Clear,Medium,Fast Food,3.9,17,20,4,0,64.5,57.41405588906707
8.18,19,806.51,3,Clear,High,Chinese,3.6,21,0,5,1,69.2,69.10658306018779
0.71,14,713.9,3,Clear,Medium,Cafe,4.2,16,18,4,0,31.0,31.219104332797755
8.02,18,333.48,2,Clear,Low,Fast Food,4.9,13,9,1,0,44.1,48.683121101207
2.31,37,1603.72,5,Cloudy,Medium,Indian,3.3,35,20,5,1,66.1,62.371289015279835
0.88,31,323.66,2,Clear,High,Pizza,3.8,32,18,4,0,56.1,59.627501473885545
0.94,22,881.76,3,Cloudy,High,Bakery,4.4,20,12,6,1,48.2,51.301408756520274
3.62,48,118.36,1,Clear,Medium,Biryani,4.3,43,19,1,0,79.4,75.7405825043408
8.08,27,1485.2,5,Clear,Low,Pizza,4.3,29,7,1,0,55.2,57.72183948445844
3.3,19,680.69,2,Cloudy,Low,Cafe,4.2,22,3,3,0,36.5,34.118937150725
6.66,7,344.11,3,Rain,Medium,Desserts,3.8,10,0,2,0,42.5,48.73825668739694
6.26,21,640.55,2,Clear,High,South Indian,3.8,24,12,6,1,78.1,67.05560171452139
0.8,42,227.72,2,Clear,High,Biryani,4.3,38,13,1,0,69.2,69.26513119708409
5.57,23,245.41,2,Rain,Medium,Desserts,4.3,19,21,5,1,65.7,65.72998206815888
1.76,40,197.69,1,Rain,High,Biryani,3.8,44,22,6,1,75.6,80.77157775232261
2.0,14,246.52,1,Cloudy,High,Desserts,4.4,12,22,2,0,50.6,49.26164091945738
5.55,13,86.26,1,Cloudy,Low,South Indian,4.2,15,21,6,1,39.3,39.96697982987094
1.45,27,347.26,1,Clear,Low,South Indian,4.0,30,23,6,1,36.3,38.196942444324705
7.28,49,313.22,1,Rain,High,Biryani,3.8,48,22,5,1,108.5,109.11076116086828
5.63,27,284.22,2,Clear,Low,Chinese,3.6,24,2,2,0,48.1,48.07389496170593
5.18,18,364.74,4,Clear,High,Indian,4.7,23,22,5,1,58.1,62.41243953255676
2.57,18,862.47,3,Cloudy,Medium,Fast Food,3.8,22,22,0,0,49.8,44.44657608001148
2.37,16,1000.49,3,Clear,Medium,Bakery,5.0,18,11,0,0,39.5,37.173519713935406
3.57,27,469.6,2,Rain,High,South Indian,3.4,25,19,0,0,72.3,73.14020375602603
5.67,13,196.56,1,Clear,Low,Healthy,4.0,17,4,1,0,37.2,34.618698432199544
2.53,52,81.79,1,Clear,Medium,Biryani,4.3,49,5,1,0,76.5,72.7301150747225
4.99,27,595.3,2,Cloudy,Medium,South Indian,3.4,26,12,6,1,60.7,59.82455127434178
9.24,15,649.04,2,Cloudy,Low,Bakery,4.4,17,15,6,1,50.0,53.52634249864276
3.79,29,579.5,2,Cloudy,Medium,Indian,3.5,26,21,3,0,56.3,59.69366613298463
8.99,32,1518.93,5,Rain,Low,Biryani,4.4,34,13,0,0,74.9,75.36629478678076
4.08,23,1174.7,5,Rain,Low,Desserts,4.6,19,15,5,1,47.2,49.398157138518656
3.05,20,814.65,4,Clear,Low,Cafe,4.3,24,1,0,0,24.9,31.739949431106474
5.02,15,735.65,4,Clear,Medium,Bakery,4.3,15,8,5,1,44.0,44.85497476619018
3.04,35,1287.55,5,Rain,Medium,Biryani,3.1,36,1,1,0,66.1,64.66598777286622
2.28,21,369.97,3,Cloudy,Low,South Indian,4.0,20,16,4,0,31.1,35.38802169438053
3.44,25,568.8,2,Clear,High,Chinese,4.2,24,19,6,1,68.1,62.80712115313883
7.12,34,1202.97,6,Clear,Medium,Healthy,3.9,29,11,1,0,70.8,72.0584497565425
8.69,15,137.88,1,Cloudy,Medium,Fast Food,4.4,13,12,6,1,61.7,60.52237877973077
2.3,18,965.28,3,Clear,Medium,Desserts,3.8,15,2,2,0,38.5,37.068071522739395
7.26,24,670.85,5,Cloudy,Medium,Pizza,4.1,26,0,0,0,51.3,61.862206480966975
1.25,25,453.53,3,Rain,Medium,Pizza,4.0,25,11,3,0,56.8,50.37137491559655
2.0,12,641.04,3,Cloudy,Medium,Desserts,4.0,14,22,3,0,39.2,36.527311701923324
5.8,21,251.33,2,Rain,Low,Indian,3.8,23,22,6,1,62.8,55.149152265986544
4.18,20,443.81,2,Clear,Medium,South Indian,3.8,24,11,1,0,49.0,47.671698404879095
4.66,23,282.18,1,Clear,High,Cafe,4.6,20,19,4,0,64.2,65.04703138314972
7.39,16,584.99,2,Clear,High,Cafe,4.2,16,20,0,0,68.5,67.82426249843284
4.83,13,234.55,1,Clear,Medium,Fast Food,4.2,14,11,4,0,47.4,42.840286166582274
13.92,19,396.14,2,Clear,High,Indian,4.0,21,11,5,1,90.7,91.62621469258283
2.66,23,1132.87,4,Rain,Medium,Chinese,3.6,24,19,1,0,60.0,55.236635459483296
10.77,11,285.42,2,Rain,High,Healthy,3.9,16,18,4,0,84.6,82.18153656457486
8.16,41,1163.5,4,Rain,High,Biryani,5.0,42,20,2,0,103.4,103.5530959431519
4.82,13,1237.49,5,Cloudy,Low,Fast Food,4.7,14,18,1,0,39.5,36.55437143812521
4.96,24,274.48,2,Rain,Medium,Pizza,3.9,22,22,6,1,60.6,64.91479007508214
3.12,37,406.39,2,Clear,Low,Pizza,3.8,32,18,6,1,44.8,52.96206182600884
2.1,42,1038.46,3,Clear,Medium,Biryani,4.5,45,20,0,0,64.6,64.653950889847
3.17,31,244.41,1,Clear,Low,Pizza,4.6,29,17,6,1,38.3,46.80141129855558
1.86,14,590.32,2,Clear,High,Cafe,4.3,17,18,6,1,49.0,46.055236679129315
4.54,32,343.8,1,Clear,Low,South Indian,3.8,27,6,6,1,47.1,50.13565624316146
3.1,31,1018.29,3,Cloudy,High,South Indian,3.8,27,19,0,0,71.4,69.51469695933775
9.34,22,1001.12,3,Clear,High,Chinese,4.2,23,11,0,0,78.5,78.58570148519874
3.89,8,778.64,4,Clear,Low,Bakery,4.5,10,5,2,0,25.9,23.431012292280627
7.26,42,547.23,2,Cloudy,Medium,Biryani,4.0,43,20,0,0,91.2,84.72674047097243
7.93,20,582.58,2,Clear,Medium,Pizza,4.8,24,6,1,0,58.8,59.58851947853612
2.21,19,543.58,3,Clear,Medium,South Indian,4.1,17,23,4,0,33.0,42.493758732497696
3.48,25,415.17,2,Storm,Medium,Indian,4.1,29,5,6,1,60.9,63.908416645719974
1.04,27,385.84,2,Clear,Low,Indian,4.4,32,23,4,0,31.9,36.73766801938816
0.78,36,638.08,2,Cloudy,Medium,Indian,4.2,36,13,0,0,52.7,54.22078412011378
3.82,39,131.92,1,Clear,High,Pizza,4.0,34,22,5,1,80.9,78.81500347646747
3.19,18,643.88,3,Storm,Low,Fast Food,3.7,22,5,6,1,51.2,46.088172894325055
4.09,38,865.09,3,Clear,High,Biryani,4.2,35,18,5,1,76.9,78.00848348992312
0.78,22,506.65,2,Clear,Low,Healthy,4.7,26,23,5,1,20.2,30.82957242647185
3.6,9,539.95,4,Clear,High,Fast Food,4.4,11,21,6,1,45.6,47.56540246205191
5.98,30,382.22,3,Storm,Medium,Healthy,4.7,26,0,6,1,71.6,76.46461044534564
10.11,42,497.15,2,Rain,Medium,Biryani,4.8,37,7,0,0,96.1,97.5606271408
3.42,42,132.37,1,Clear,Medium,Biryani,4.2,46,22,2,0,73.2,69.76855047038869
1.49,43,899.19,4,Clear,High,Biryani,4.1,48,21,5,1,73.6,74.62988292065955
7.65,19,600.03,2,Storm,Low,Fast Food,3.8,18,1,2,0,59.9,61.744478952052695
7.26,52,430.44,3,Clear,Low,Biryani,4.1,48,4,5,1,74.3,79.39518897654185
7.61,35,555.87,2,Clear,Low,Biryani,3.1,36,0,4,0,68.7,62.8354038372008
5.12,10,325.56,2,Cloudy,Medium,South Indian,4.6,15,9,2,0,42.4,42.343847585932565
13.32,24,819.62,3,Clear,Medium,Bakery,4.4,20,22,5,1,79.4,86.16235512973886
2.35,39,87.27,1,Cloudy,Medium,Biryani,3.1,36,12,1,0,67.0,62.78469603809202
2.98,16,267.96,2,Clear,High,South Indian,4.2,21,9,1,0,45.0,49.73672775909675
0.91,27,507.18,2,Cloudy,Medium,Chinese,4.1,29,22,6,1,45.8,47.82203059955332
11.6,16,414.98,2,Rain,High,Healthy,4.0,16,12,4,0,93.8,88.70998039223379
4.31,31,539.09,3,Rain,Low,Pizza,4.0,35,17,0,0,57.2,58.73980618930679
4.44,15,530.26,4,Storm,High,Desserts,3.6,13,22,0,0,76.0,71.8770987096647
3.71,33,1295.95,5,Clear,High,Biryani,5.0,32,11,0,0,68.2,69.90711034169574
2.66,23,531.96,2,Clear,Medium,Bakery,4.4,20,21,1,0,51.0,47.55863340011167
5.28,20,1009.57,3,Cloudy,Low,Desserts,4.4,18,1,4,0,43.0,41.48722007307295
1.04,17,1288.14,5,Cloudy,Medium,South Indian,4.3,22,11,1,0,43.1,35.58329881360558
7.18,16,961.57,5,Cloudy,Medium,Bakery,4.0,18,3,5,1,50.1,54.28815819441239
1.91,22,515.91,2,Cloudy,High,Cafe,4.2,22,22,0,0,58.0,57.069784553593365
4.07,24,1715.49,5,Clear,High,South Indian,3.4,26,16,5,1,60.3,63.37922522736112
2.5,22,653.01,2,Clear,Medium,Cafe,4.3,17,5,5,1,40.7,42.50258806599516
2.86,16,190.9,2,Rain,Medium,Fast Food,4.2,14,21,3,0,45.1,49.121529692904765
8.14,16,716.14,5,Clear,Low,Desserts,3.9,18,9,1,0,42.4,47.32763128260201
11.05,11,812.68,4,Cloudy,Medium,Fast Food,4.4,14,21,6,1,69.7,66.85403029760954
2.84,26,482.77,2,Cloudy,High,Indian,4.1,29,9,5,1,59.0,61.349386387471846
4.18,26,231.25,2,Cloudy,Medium,Pizza,4.0,22,0,1,0,53.6,53.110468841141135
3.09,22,585.27,3,Clear,Medium,Indian,4.2,26,7,6,1,41.2,44.97926523752858
6.24,12,767.76,3,Clear,Medium,Fast Food,4.5,17,5,6,1,44.7,45.38732244111768
0.65,25,227.95,2,Clear,Low,Pizza,4.7,23,7,0,0,33.0,29.564377543817844
3.7,19,443.57,3,Clear,Low,Fast Food,3.8,15,19,4,0,43.8,37.028894638785985
9.52,10,1481.83,6,Rain,Medium,Fast Food,5.0,15,22,4,0,59.3,66.62399047911882
2.36,32,161.37,1,Clear,Medium,Biryani,3.9,33,6,3,0,53.6,52.401962866633376
8.28,29,1276.31,4,Clear,Medium,Biryani,4.4,34,6,4,0,69.3,70.12628519054391
3.05,33,599.6,3,Clear,Medium,Healthy,3.9,29,20,6,1,63.2,58.92595065522109
5.36,20,685.29,3,Clear,Medium,Pizza,3.9,21,13,5,1,48.1,52.323514205213066
3.81,23,338.17,2,Clear,Low,Fast Food,4.2,21,22,6,1,44.8,42.086886393900485
8.12,20,824.47,3,Cloudy,Medium,Desserts,4.6,19,13,6,1,66.6,63.872351000164585
10.01,20,199.86,1,Clear,Low,Bakery,4.4,20,13,6,1,58.7,58.78861644452211
10.68,12,1501.77,6,Clear,High,Healthy,4.0,17,13,0,0,72.8,73.74962905115034
2.8,33,419.51,2,Cloudy,High,Indian,4.2,36,23,3,0,70.9,71.41649773391674
4.91,11,1075.97,5,Clear,Medium,Cafe,3.5,14,22,2,0,44.3,43.891898366532416
5.38,17,86.38,1,Cloudy,Medium,Desserts,4.3,19,7,3,0,48.7,49.895046423907786
6.21,31,545.14,4,Storm,Medium,Chinese,3.5,33,13,3,0,83.3,81.38143912453853
3.76,23,974.54,3,Clear,High,Pizza,4.1,26,6,1,0,56.4,58.89752033137387
3.31,9,735.94,4,Clear,Low,Fast Food,4.7,14,16,4,0,17.0,24.863173477462126
3.73,22,569.41,4,Cloudy,High,Healthy,4.5,24,19,0,0,65.5,62.66671069962957
2.14,31,440.65,2,Rain,High,South Indian,3.8,27,11,5,1,75.7,70.30028768409565
2.09,18,602.3,2,Clear,Low,South Indian,4.0,20,16,6,1,37.4,29.803570415749075
1.26,29,361.46,2,Clear,High,Cafe,4.4,25,16,0,0,53.0,58.42114387824815
4.9,49,365.2,3,Clear,High,Biryani,4.2,46,6,2,0,90.0,89.06507957680513
2.34,14,1170.47,4,Rain,Medium,Cafe,4.7,12,18,5,1,40.4,44.78778497915363
2.08,14,281.9,3,Clear,Medium,Cafe,4.4,11,14,6,1,36.1,35.02598616306989
0.71,24,669.67,2,Cloudy,Medium,Chinese,3.6,21,0,6,1,40.5,39.13003321042378
0.5,20,689.19,3,Rain,High,Pizza,4.1,25,19,1,0,51.9,55.36037376353951
4.98,36,955.55,3,Rain,Low,Biryani,5.0,32,17,0,0,53.5,66.14490489085522
3.55,37,563.09,3,Cloudy,High,Chinese,4.2,33,0,1,0,72.9,72.75968555519742
0.9,29,148.67,1,Cloudy,High,Pizza,3.8,31,12,3,0,63.3,58.27511449307163
0.5,21,691.64,2,Clear,High,Bakery,3.8,16,19,5,1,50.3,48.45190584052999
4.36,15,399.75,4,Cloudy,Medium,Healthy,3.9,16,11,3,0,57.8,45.31799023319461
0.61,36,154.1,1,Clear,Medium,Chinese,3.5,31,11,6,1,53.3,51.35521302137925
0.9,36,637.21,2,Rain,High,Indian,3.8,33,20,0,0,72.4,73.05098918639108
4.3,15,390.15,2,Cloudy,Low,Indian,4.0,20,13,6,1,37.5,35.84855078382123
2.1,36,1587.01,6,Clear,Low,Chinese,4.1,35,20,6,1,45.6,48.87756390174525
6.59,16,289.76,1,Rain,Medium,Bakery,4.7,11,12,3,0,59.4,60.14688144353275
3.76,12,1389.01,5,Clear,Medium,Bakery,3.6,10,21,4,0,42.1,40.54169618935755
3.45,43,471.35,2,Clear,High,Biryani,4.1,48,14,0,0,82.1,79.84162855322806
4.26,16,857.76,3,Clear,Medium,Fast Food,4.5,17,23,5,1,38.6,46.571496404695424
1.92,37,88.61,1,Cloudy,High,Biryani,4.6,33,21,5,1,68.2,71.97662886821871
1.44,40,326.85,1,Clear,Medium,Biryani,4.7,38,10,0,0,60.3,57.97868518387607
0.7,41,186.03,1,Cloudy,Medium,Indian,4.3,39,11,4,0,68.2,58.51815464492928
3.09,25,643.92,3,Clear,High,Chinese,4.2,24,14,4,0,55.3,60.41537845059967
2.04,18,1746.61,6,Clear,Medium,Bakery,3.8,16,22,1,0,42.9,40.70714352373035
5.95,16,192.89,1,Clear,Low,Bakery,3.2,11,19,0,0,43.8,42.0043148970839
1.15,25,658.56,4,Cloudy,High,Pizza,4.1,23,19,2,0,53.1,56.65974532548271
2.96,32,320.29,1,Clear,Medium,South Indian,4.0,30,22,2,0,55.9,57.936622245555604
3.22,27,223.24,1,Clear,High,Pizza,4.0,22,19,6,1,63.2,64.0102128637917
1.95,33,523.03,2,Rain,Low,Indian,4.1,29,5,5,1,53.4,49.75596740200393
7.26,20,1315.97,4,Clear,Medium,Pizza,4.1,22,2,6,1,52.0,56.48305004175738
3.51,37,545.37,4,Clear,High,Pizza,3.8,32,19,5,1,76.5,75.03711803315962
1.43,40,185.11,2,Clear,High,Chinese,4.1,35,18,3,0,71.1,70.53123552945122
0.5,23,230.88,1,Rain,High,Healthy,4.4,20,18,1,0,60.2,58.13061992147462
4.95,30,1121.32,4,Clear,High,Healthy,4.5,25,0,4,0,67.6,68.72604544255124
1.32,6,523.13,3,Rain,High,Desserts,3.8,10,21,4,0,45.4,44.69846392338272
1.7,21,286.98,1,Clear,High,Cafe,4.0,19,12,2,0,54.0,51.12117218623749
5.76,16,128.4,1,Clear,Low,Desserts,3.6,17,16,4,0,36.5,40.70551552586076
2.54,26,115.38,1,Storm,Medium,Indian,4.0,21,19,4,0,61.7,64.79870207618339
4.31,18,428.87,2,Rain,High,Bakery,3.9,19,11,5,1,64.6,64.86404275907199
1.7,38,87.79,1,Cloudy,Low,Indian,4.3,39,3,1,0,50.7,47.41430927373344
6.95,36,1702.9,5,Clear,High,Indian,3.9,40,21,4,0,91.1,86.64426899936154
6.28,49,1732.63,5,Clear,High,Biryani,4.4,46,20,2,0,90.4,97.16044171480753
2.55,32,291.83,2,Cloudy,Medium,Pizza,3.9,32,12,2,0,63.9,56.218743391050076
7.98,21,432.98,3,Clear,Medium,Cafe,4.1,22,12,5,1,62.1,62.3039321581553
2.15,19,306.07,2,Rain,Low,Cafe,3.3,21,7,2,0,39.0,37.03539528773861
10.78,21,883.5,3,Rain,Low,Cafe,3.9,22,12,2,0,76.2,70.36139697758476
5.85,21,599.13,2,Clear,Low,Fast Food,3.8,22,6,6,1,41.7,43.6416846116841
2.18,26,197.15,1,Rain,Medium,Pizza,3.8,29,18,5,1,60.9,56.296509010103684
6.55,51,1715.44,5,Clear,Medium,Biryani,4.3,49,22,4,0,94.4,89.81282939167691
5.75,12,405.9,2,Clear,High,Desserts,3.8,10,19,5,1,59.2,57.82740930583043
3.96,29,560.79,4,Rain,High,Cafe,4.3,24,22,5,1,72.1,77.2175903010638
2.2,13,599.28,3,Rain,Medium,Cafe,4.0,13,15,1,0,36.8,42.63853383212548
10.95,8,178.54,1,Cloudy,High,Desserts,4.5,10,1,0,0,58.7,69.73853637402857
5.01,34,652.2,2,Rain,Medium,Chinese,3.5,31,20,1,0,76.5,74.72870704895792
3.84,39,831.02,3,Cloudy,High,Biryani,3.8,42,17,2,0,78.3,79.92127691777034
1.49,35,327.44,3,Clear,High,Biryani,4.2,35,12,6,1,60.2,64.49607679981771
1.39,34,410.67,3,Cloudy,Medium,Chinese,4.1,29,13,0,0,52.8,54.344494988014866
4.75,14,735.52,3,Rain,High,Healthy,3.9,16,0,1,0,62.3,59.94556588219395
10.68,21,1544.69,6,Cloudy,Low,Fast Food,4.2,21,4,0,0,59.4,61.946715633770765
4.98,46,558.2,3,Clear,Medium,Biryani,4.2,46,21,3,0,79.2,79.0136846897405
13.33,24,205.87,1,Clear,Low,Healthy,4.5,24,1,5,1,64.8,71.75148908734796
9.32,27,582.92,2,Rain,Medium,Cafe,4.1,22,20,2,0,92.0,82.76865325334079
3.54,5,840.4,3,Cloudy,Low,Desserts,4.6,10,1,3,0,20.3,20.31409117395208
10.93,34,947.38,3,Clear,Low,Chinese,3.6,33,23,6,1,77.5,78.55268829750717
3.2,16,827.68,5,Cloudy,Low,Fast Food,3.9,17,23,6,1,34.2,35.15524625356927
1.81,8,390.6,2,Cloudy,High,Fast Food,4.4,11,12,0,0,41.0,40.16090478412045
3.29,19,1047.47,4,Clear,High,Fast Food,5.0,15,12,5,1,57.2,54.37936575983968
5.38,24,647.0,2,Clear,High,Indian,3.5,26,11,2,0,72.0,66.79844791740405
2.62,14,1419.0,5,Rain,Medium,Bakery,4.2,14,20,5,1,47.3,46.17696106556451
6.91,19,765.58,3,Clear,High,Bakery,4.3,15,19,5,1,75.0,68.82008661520987
9.22,43,663.4,5,Clear,Medium,Indian,4.4,39,22,2,0,91.5,90.83165594753892
7.4,25,347.18,2,Clear,Medium,Cafe,4.3,24,11,4,0,68.6,64.04438825253467
1.3,35,642.98,2,Clear,High,Indian,4.2,32,16,2,0,58.4,64.58267209127722
1.15,19,317.31,1,Cloudy,High,Cafe,3.8,23,18,5,1,49.7,50.60031813680968
3.87,35,688.53,2,Clear,Medium,Pizza,4.0,34,17,3,0,54.1,63.064249215448434
1.81,27,1345.09,6,Cloudy,Low,Pizza,3.8,32,19,5,1,44.9,40.55871425547678
1.17,48,876.0,3,Cloudy,Medium,Biryani,3.5,45,20,0,0,70.7,69.47682612040977
1.4,15,520.02,2,Clear,Medium,Healthy,3.9,19,11,6,1,38.5,33.06692052555775
3.42,31,130.41,1,Cloudy,Medium,Pizza,3.8,29,9,6,1,51.8,57.62258555070504
2.29,21,313.83,1,Rain,Medium,Indian,3.8,25,8,4,0,51.5,49.39260202469989
8.82,50,760.03,5,Clear,Medium,Biryani,3.8,48,20,1,0,107.3,96.23880275639584
1.33,31,663.78,3,Clear,Medium,South Indian,3.6,27,0,6,1,47.9,46.25190701988345
1.74,10,532.63,2,Clear,Low,Cafe,4.0,13,6,5,1,10.0,18.367698412539823
4.09,40,1663.52,5,Clear,Medium,Chinese,4.0,35,21,6,1,75.9,69.83472464534077
1.57,47,598.94,2,Cloudy,Low,Biryani,3.8,42,4,5,1,62.6,56.48742080680544
3.07,17,563.35,3,Clear,Medium,Desserts,4.0,14,20,3,0,41.4,42.842218404259185
3.29,28,164.47,2,Cloudy,High,Pizza,3.8,32,2,2,0,63.8,63.32329406885121
3.04,29,748.27,3,Storm,High,Pizza,4.0,34,19,0,0,77.7,80.35488056289856
5.07,46,111.32,1,Clear,Medium,Biryani,4.3,43,20,0,0,80.0,79.0331629385091
2.87,45,189.45,1,Rain,Low,Biryani,4.3,49,1,3,0,66.3,64.25179023993444
2.95,22,521.52,6,Clear,Medium,Cafe,4.0,19,21,5,1,48.5,47.70128451741287
0.68,33,929.67,3,Clear,Low,Chinese,4.3,31,6,1,0,36.8,37.60810918517596
10.31,20,362.22,3,Clear,Low,South Indian,3.8,16,8,6,1,56.5,58.728896935620504
3.6,37,755.58,4,Rain,High,Biryani,4.4,32,20,5,1,86.0,83.61286189081714
1.19,31,951.05,5,Clear,Medium,Indian,3.8,36,4,0,0,39.6,46.64768454873899
0.5,15,823.13,4,Clear,High,Healthy,4.2,18,4,6,1,31.6,39.05689025149084
2.88,23,476.75,3,Clear,Medium,Cafe,4.0,18,7,2,0,48.4,45.27770148059
12.29,21,556.34,2,Cloudy,High,Chinese,3.9,23,19,5,1,90.1,91.78845336857022
15.65,35,424.03,4,Clear,High,Chinese,3.6,33,20,5,1,113.8,115.83772479489843
4.54,28,175.09,1,Cloudy,High,Chinese,4.2,24,20,3,0,74.8,71.81892078794596
2.46,20,1015.37,4,Rain,Low,Desserts,3.9,18,3,1,0,40.2,38.031605694744755
3.64,12,425.29,3,Clear,Medium,South Indian,4.0,17,12,5,1,40.1,37.97605644339849
1.47,28,534.4,3,Clear,Low,Pizza,4.7,23,16,6,1,37.2,37.570816538490284
8.08,24,107.52,1,Clear,Medium,South Indian,3.9,25,7,4,0,61.5,64.43808112411409
1.86,13,860.93,3,Clear,High,Desserts,4.6,10,1,2,0,40.6,40.971859331847874
6.45,22,347.38,1,Clear,High,Healthy,4.5,25,21,4,0,75.3,70.78827796764014
4.39,28,479.27,2,Cloudy,Medium,Fast Food,4.0,25,1,4,0,53.3,56.034250354600076
2.0,20,182.56,2,Rain,High,South Indian,4.0,17,11,3,0,63.6,58.72369760147021
4.23,13,965.05,5,Cloudy,High,Fast Food,4.0,12,13,0,0,44.5,53.909602254601545
10.95,26,181.62,2,Cloudy,High,Healthy,4.5,24,20,6,1,95.2,92.25280684555757
4.04,19,671.97,3,Cloudy,Medium,Cafe,5.0,21,0,5,1,45.4,45.62146076976584
9.32,31,511.31,3,Cloudy,Medium,Chinese,4.6,34,1,5,1,73.8,76.3787597912356
2.45,27,157.36,1,Clear,Medium,Cafe,4.3,24,13,5,1,49.4,49.16133225664598
6.5,22,301.9,1,Rain,High,Chinese,4.3,23,11,1,0,73.9,76.54775485961727
5.23,23,388.96,2,Cloudy,High,Fast Food,4.7,24,17,1,0,66.8,68.30174285218406
8.99,13,151.71,1,Clear,Medium,Fast Food,4.4,14,13,3,0,58.5,57.82026414843168
0.97,13,157.88,1,Cloudy,Low,Desserts,4.8,10,16,6,1,16.9,22.72612587736903
0.61,27,762.44,3,Rain,High,Indian,3.9,26,20,4,0,69.1,63.05054129508601
3.82,17,1013.38,5,Clear,Medium,Fast Food,3.5,13,18,1,0,46.6,44.937459896674966
0.54,9,526.33,3,Cloudy,High,Fast Food,4.4,13,22,3,0,32.1,39.048401846310576
3.12,22,356.05,2,Rain,Low,Indian,3.8,25,16,5,1,40.9,45.38857182738421
9.15,15,176.33,1,Cloudy,High,Fast Food,3.8,18,12,0,0,72.2,72.96869037530989
0.84,33,1463.62,6,Clear,Low,Biryani,3.1,36,17,2,0,34.5,40.992449694121134
1.91,45,198.09,1,Clear,High,Biryani,3.8,42,18,4,0,74.5,77.43827512047588
2.31,18,316.03,2,Clear,Medium,Desserts,4.4,18,20,5,1,38.0,41.14705577970365
7.92,30,395.71,2,Clear,High,Healthy,4.0,29,18,2,0,84.5,83.28006553685753
4.01,28,185.7,2,Rain,Low,Indian,3.8,23,8,5,1,49.0,52.6484986172717
14.51,22,548.8,2,Rain,Medium,Desserts,3.6,17,11,3,0,102.8,93.85137348252655
5.82,9,157.14,1,Cloudy,Medium,Bakery,3.2,11,22,6,1,42.0,46.98675638148237
1.22,17,334.52,2,Cloudy,Medium,Fast Food,4.2,21,9,3,0,28.6,35.70184733110615
2.14,16,1045.93,4,Clear,High,Pizza,4.3,20,22,5,1,50.3,49.869227617664855
9.87,17,1614.07,5,Cloudy,Medium,Desserts,4.4,18,21,5,1,72.2,68.87222815592493
4.98,18,980.27,4,Rain,Low,Cafe,4.2,22,21,5,1,51.7,49.08313740943217
10.11,29,208.76,1,Clear,High,Indian,4.2,26,13,6,1,89.8,88.74858531478668
5.7,18,1543.41,6,Clear,High,Bakery,3.9,17,18,4,0,67.1,63.42811621249875
7.32,32,966.96,4,Rain,Low,Chinese,3.5,31,10,4,0,69.2,68.8386799906661
1.05,6,200.68,1,Clear,Medium,Bakery,4.7,11,18,6,1,24.3,24.208421687361664
2.91,40,253.99,1,Clear,High,Pizza,4.0,35,21,4,0,74.1,76.42096928556441
9.25,44,340.81,1,Clear,Low,Biryani,4.2,43,17,1,0,78.1,81.31289450217443
5.48,20,1123.49,6,Cloudy,Medium,Chinese,4.2,23,19,2,0,60.9,56.04549530879797
3.66,12,971.07,3,Rain,Medium,Desserts,4.0,14,2,1,0,42.5,43.71625750105966
13.34,11,809.51,3,Cloudy,Low,Healthy,4.0,16,2,5,1,64.3,61.0345870011906
3.97,35,100.4,1,Clear,Medium,Chinese,3.5,31,15,6,1,66.4,63.03532183816479
5.55,13,166.53,1,Rain,Medium,Desserts,4.6,10,11,2,0,54.5,53.29205447359528
4.04,15,1567.92,5,Cloudy,High,Desserts,4.4,18,19,4,0,52.6,56.803201947318954
3.19,35,98.43,1,Rain,Medium,Chinese,4.0,35,5,3,0,64.4,65.86617309676917
9.19,16,198.59,1,Rain,High,Desserts,3.9,12,11,1,0,84.2,79.92748084904896
4.0,14,105.99,1,Cloudy,Low,South Indian,4.6,15,5,5,1,25.9,31.805422600058826
18.03,14,1243.94,5,Clear,Medium,Desserts,4.4,16,14,2,0,84.4,90.82035190149512
4.03,19,293.35,3,Cloudy,Low,South Indian,4.0,17,4,2,0,33.5,36.719885794751804
1.15,15,244.76,1,Cloudy,Low,Fast Food,4.2,15,6,5,1,25.8,23.047296683981052
9.23,20,945.0,3,Clear,Medium,South Indian,4.2,20,14,2,0,62.6,66.01853676449217
3.94,26,1027.07,3,Rain,High,South Indian,4.3,22,11,1,0,67.8,71.51865984881567
2.36,12,795.56,4,Clear,Medium,Bakery,3.6,10,15,5,1,33.7,34.22307804801877
8.77,20,202.81,1,Cloudy,High,Bakery,4.0,18,19,1,0,83.6,78.30441592259389
1.93,25,709.92,5,Clear,Low,Cafe,4.1,22,4,6,1,27.8,33.55945339923482
3.5,14,170.28,2,Clear,High,Desserts,3.7,14,19,1,0,56.8,51.91731804221962
5.89,28,247.12,1,Clear,Medium,Chinese,4.5,26,20,2,0,60.7,63.737828913949656
0.83,18,276.29,1,Storm,Low,Fast Food,4.4,19,15,4,0,38.4,40.016220680301544
0.85,24,436.66,3,Clear,Medium,Cafe,4.1,22,12,6,1,43.1,40.347370813778504
3.12,22,231.94,1,Clear,Low,Bakery,4.4,20,23,6,1,32.4,38.95302895005197
0.5,29,349.17,2,Cloudy,Low,Indian,3.6,31,7,6,1,39.3,35.24721478214992
2.49,39,1198.44,4,Storm,Low,Chinese,4.1,35,17,4,0,64.9,67.5489067750196
7.32,36,1013.27,3,Clear,Low,Indian,4.6,37,15,2,0,62.0,65.89174654033872
0.93,28,244.19,2,Rain,Low,Indian,4.4,32,13,2,0,55.7,42.945149373010835
2.13,34,615.85,3,Cloudy,High,Healthy,4.0,29,22,4,0,79.1,69.91295938091832
2.06,40,948.92,4,Clear,Medium,Biryani,3.8,44,11,0,0,58.8,60.5105347618198
3.31,27,314.73,1,Rain,Medium,Chinese,3.5,31,13,6,1,67.8,60.213113917737466
2.55,20,526.74,2,Rain,High,South Indian,4.2,15,11,0,0,65.1,60.60265527749605
2.7,40,349.82,1,Clear,High,Indian,4.6,37,2,6,1,68.8,71.27088902349932
4.56,29,231.51,2,Cloudy,Low,Indian,3.8,33,21,2,0,61.0,52.61077021555293
17.6,13,1303.64,4,Cloudy,Medium,Bakery,5.0,18,6,0,0,93.1,88.33945413748589
3.72,22,544.83,2,Cloudy,Low,Pizza,4.8,24,15,6,1,39.8,41.200397865983405
2.91,26,1169.0,4,Clear,Medium,Pizza,4.0,27,15,3,0,42.7,50.22348151119029
1.22,35,103.73,1,Rain,High,Chinese,3.5,31,13,6,1,71.3,71.67582634041521
6.44,22,2063.14,6,Cloudy,Medium,Indian,3.7,22,21,6,1,70.5,62.00658365393716
2.88,32,706.21,5,Cloudy,Low,South Indian,3.8,30,7,0,0,49.0,46.41391016123643
6.67,27,651.53,6,Cloudy,High,Cafe,4.2,22,14,4,0,87.9,76.89645750515375
5.09,15,726.12,4,Clear,High,Healthy,4.0,17,19,4,0,63.8,58.57867579911659
2.32,43,842.74,5,Cloudy,Low,Biryani,4.2,46,15,1,0,52.7,57.52434099544577
0.8,36,972.5,3,Cloudy,Medium,Indian,4.2,32,11,0,0,61.9,53.82764032337727
7.14,38,544.8,3,Cloudy,Low,Indian,3.4,33,19,1,0,66.6,70.23010442631475
11.09,19,988.4,6,Rain,Medium,Healthy,4.2,18,0,6,1,75.9,76.32686965383539
3.04,26,817.8,3,Rain,Low,Cafe,3.8,23,2,0,0,40.6,45.941504931499225
3.19,11,180.87,1,Cloudy,Low,Cafe,3.5,14,1,3,0,21.3,25.316782387435666
3.09,29,641.33,2,Clear,Low,Chinese,3.5,33,2,3,0,35.4,41.267308457633376
2.57,16,210.04,1,Clear,Medium,South Indian,4.1,17,19,5,1,44.6,39.840714178240006
2.3,28,491.74,2,Clear,Low,Chinese,3.5,33,1,6,1,45.7,37.279646309361716
3.6,9,1962.66,6,Cloudy,High,Fast Food,3.5,10,21,1,0,46.4,49.67725649273258
1.0,19,957.54,3,Clear,Low,Cafe,5.0,21,22,1,0,38.7,28.321082825384007
5.87,17,530.39,5,Rain,High,Cafe,4.6,20,20,5,1,70.7,71.37610434414744
3.46,13,173.12,1,Clear,High,Bakery,4.0,12,11,6,1,44.7,48.93656469966869
3.54,20,271.38,2,Clear,High,Fast Food,5.0,15,9,1,0,52.2,55.50367169081739
10.53,28,628.04,6,Clear,High,Pizza,4.4,23,19,5,1,83.3,90.48374714983154
11.3,22,555.21,4,Cloudy,Medium,Cafe,4.7,23,19,5,1,82.2,78.41843756017416
7.38,23,424.39,4,Cloudy,Medium,Cafe,4.6,20,11,6,1,62.1,63.86149647316396
2.08,39,182.52,1,Clear,Medium,Biryani,4.3,43,18,4,0,63.2,61.16991400408146
3.29,30,118.33,1,Clear,Medium,Chinese,4.2,33,2,3,0,48.4,52.571491566990815
4.46,12,1351.41,4,Clear,High,Desserts,3.8,15,14,4,0,49.6,52.231002552997545
5.63,33,624.75,4,Rain,Medium,Biryani,4.7,38,2,6,1,66.2,71.77950207700148
5.21,28,865.92,4,Clear,Medium,Pizza,3.2,29,21,3,0,58.0,61.73778749875894
5.46,14,274.44,2,Clear,High,Cafe,3.8,19,12,0,0,64.1,57.26656442735708
3.49,18,81.91,1,Clear,Medium,Fast Food,4.2,15,18,4,0,43.7,44.74108131351612
6.21,32,408.15,3,Clear,Medium,Pizza,3.2,29,1,6,1,63.1,64.6553730059087
3.11,21,920.51,4,Clear,High,South Indian,4.0,20,21,6,1,58.2,58.03163580301613
2.9,35,274.21,1,Clear,High,South Indian,4.3,30,12,2,0,60.3,69.19301194435603
3.96,21,677.24,2,Clear,High,Desserts,3.9,18,20,2,0,64.5,60.80249605398378
2.75,20,1341.52,5,Clear,Low,South Indian,3.8,16,4,2,0,31.0,31.344129611104453
6.14,21,228.7,2,Rain,High,Cafe,4.4,25,0,5,1,67.6,71.81237173112955
1.52,15,910.22,4,Clear,Low,Bakery,4.2,14,9,6,1,20.1,23.145869082183175
7.71,40,162.9,1,Clear,Medium,Chinese,4.1,35,20,6,1,88.1,82.22028854043361
0.61,19,438.19,2,Clear,Medium,Desserts,4.0,14,7,3,0,34.8,33.25503520954265
4.11,36,239.12,1,Clear,Medium,Indian,3.8,40,20,5,1,61.1,65.62340956445428
5.03,10,506.51,3,Clear,Low,Fast Food,4.2,14,3,5,1,23.4,28.962754708141567
10.49,38,691.0,2,Clear,Low,Biryani,4.4,34,23,0,0,70.9,80.9714500886257
1.46,28,1003.48,3,Rain,Medium,Pizza,4.1,23,1,0,0,51.4,51.79710324440962
4.71,23,254.89,2,Cloudy,Low,Healthy,4.5,25,8,0,0,40.2,44.07041430464547
2.97,20,1608.49,5,Clear,Low,Cafe,4.4,21,9,2,0,28.7,33.34895041460883
2.81,10,1166.03,4,Clear,Medium,Healthy,4.1,15,19,1,0,39.0,34.76615883816069
7.3,22,913.4,3,Clear,Medium,Pizza,4.1,26,15,3,0,54.1,61.580645145425045
4.33,9,649.22,2,Cloudy,High,Desserts,3.8,10,18,0,0,50.8,51.56220136436672
2.71,31,329.64,1,Cloudy,Medium,Biryani,4.3,35,18,5,1,55.4,57.32106541591061
1.17,14,636.99,4,Clear,Low,Fast Food,3.8,15,9,5,1,22.7,20.865264837363583
1.32,27,1202.07,6,Rain,Low,Pizza,3.8,32,10,0,0,38.9,42.6775708258659
3.38,33,693.86,2,Clear,Medium,Biryani,4.6,33,0,4,0,58.3,55.548921725070706
3.65,25,316.97,3,Clear,Medium,Chinese,3.6,24,0,0,0,46.0,48.354737297445745
15.43,9,303.7,1,Rain,Medium,Bakery,4.3,12,0,3,0,82.5,81.41368619629078
3.86,35,546.4,3,Clear,Medium,Biryani,4.2,31,20,5,1,67.0,63.818277875221966
4.57,12,449.93,5,Clear,Medium,South Indian,4.2,15,11,5,1,51.8,40.93345324354457
2.74,22,217.45,1,Cloudy,High,Healthy,4.1,27,11,5,1,60.8,57.50741684878227
0.57,17,442.47,5,Cloudy,Medium,Healthy,4.3,16,5,0,0,35.8,32.556228749052565
3.92,21,738.54,3,Clear,Medium,Pizza,3.9,21,18,6,1,54.0,49.44570724908784
8.49,22,640.24,2,Clear,Medium,Healthy,4.4,21,5,5,1,55.5,63.45842277668413
9.64,26,664.7,3,Cloudy,Medium,Biryani,4.3,31,16,5,1,77.8,76.10970903037337
2.47,30,600.76,2,Clear,Low,Indian,3.4,31,17,0,0,40.7,43.4550892766883
6.05,26,317.78,3,Clear,High,Chinese,3.6,21,0,5,1,74.0,68.60282690575426
5.06,35,89.99,1,Cloudy,Medium,Biryani,4.2,31,19,6,1,72.4,69.77284271211738
7.24,30,316.2,2,Clear,Medium,South Indian,3.4,26,9,5,1,62.2,68.0110948284221
6.43,45,261.36,1,Cloudy,High,Biryani,4.3,49,18,1,0,95.1,95.15495461691528
2.72,19,464.32,4,Cloudy,Medium,Cafe,4.6,20,21,6,1,54.4,45.8379991566492
3.18,47,808.47,3,Cloudy,Medium,Biryani,4.4,46,19,6,1,77.5,75.23386427104177
2.68,12,1772.79,6,Clear,Low,Fast Food,4.2,14,10,1,0,26.2,24.35088607002423
10.76,18,1130.01,5,Rain,High,Desserts,3.6,17,12,2,0,89.9,87.72658191781076
3.78,41,884.45,3,Cloudy,Medium,Biryani,4.0,43,14,4,0,66.9,70.23209838130953
7.0,5,405.24,2,Clear,Low,Desserts,4.6,10,17,4,0,28.6,34.13078848121495
17.53,7,1042.31,3,Clear,Medium,Bakery,4.7,11,11,1,0,89.3,81.30272935828526
7.89,18,193.62,1,Clear,Medium,Cafe,4.1,22,22,2,0,63.1,61.27996989547469
6.31,25,485.69,3,Cloudy,High,Bakery,4.4,20,12,4,0,71.7,73.0671046029839
1.99,25,1469.8,5,Clear,Medium,Cafe,3.8,23,20,5,1,43.3,47.250839373924066
4.45,33,1713.57,6,Clear,High,Indian,3.8,29,0,5,1,71.1,70.02277913576248
1.15,13,673.31,2,Cloudy,High,Bakery,4.0,12,18,3,0,48.3,44.41956857709342
3.39,33,535.1,2,Cloudy,Low,Indian,4.2,29,16,5,1,56.2,51.34782388241604
3.72,25,220.52,1,Clear,Low,South Indian,3.9,20,9,4,0,46.8,40.899274341455495
4.97,50,1025.49,5,Clear,Low,Biryani,4.4,46,23,6,1,73.1,73.71214417865109
5.22,46,441.53,2,Cloudy,Medium,Biryani,5.0,42,21,1,0,81.7,81.68328799784277
2.72,41,482.73,2,Clear,Low,Indian,4.6,37,20,4,0,60.2,55.930045130748994
2.35,16,268.46,1,Clear,Low,Fast Food,3.8,15,8,5,1,30.2,26.795984663043946
5.77,9,496.17,5,Clear,Medium,Desserts,4.6,10,22,3,0,49.9,44.6216495611188
5.86,12,142.61,1,Clear,Low,Desserts,4.4,16,19,5,1,37.1,37.63025209579624
2.78,22,97.83,1,Clear,Medium,Fast Food,3.9,17,13,5,1,45.8,45.145868591369215
4.1,24,261.85,3,Clear,High,Indian,3.5,26,22,1,0,65.5,64.76930692169543
4.93,14,1436.23,5,Cloudy,Low,Fast Food,4.4,13,6,0,0,35.1,35.22617163630767
6.39,13,647.89,2,Rain,Low,Bakery,4.7,11,20,0,0,46.0,48.52800297396662
2.44,32,205.45,2,Clear,Medium,Chinese,4.3,31,7,5,1,51.4,52.714501304256146
6.21,10,1480.5,5,Clear,High,Fast Food,4.1,11,20,1,0,52.1,57.52648966929901
1.74,17,959.17,3,Cloudy,Medium,Healthy,4.4,20,23,6,1,37.6,40.9311718616495
6.24,28,1000.27,5,Clear,Low,Healthy,4.7,26,17,6,1,51.9,54.57265891783906
2.87,28,130.2,1,Clear,Low,Pizza,4.1,23,14,2,0,42.5,42.062024641213625
1.12,31,451.45,3,Cloudy,Low,Indian,4.2,29,17,6,1,38.0,41.61509678508554
2.87,13,280.03,3,Clear,Medium,Desserts,3.8,15,21,2,0,44.3,38.36196341183279
2.11,13,1234.61,6,Clear,Medium,Desserts,4.5,15,3,4,0,25.7,31.535675995591102
4.62,14,144.96,1,Rain,Medium,Fast Food,3.8,15,11,6,1,54.6,51.08561624833324
4.36,18,147.17,1,Clear,High,Pizza,3.9,22,9,6,1,51.0,56.71872619724414
10.91,23,298.88,2,Rain,Low,Indian,4.7,23,5,2,0,71.4,70.99964502358672
5.04,13,370.84,3,Cloudy,Low,Bakery,3.4,16,2,2,0,40.4,33.883231056004576
6.58,19,438.29,2,Clear,Low,Cafe,4.9,14,8,5,1,45.4,44.653715554735584
2.99,28,253.71,1,Rain,Medium,Chinese,3.5,33,14,5,1,67.2,60.308219614596666
6.83,13,352.44,2,Cloudy,Low,Fast Food,4.4,11,2,4,0,37.2,39.98174854424347
4.07,26,1377.38,5,Clear,Low,Pizza,4.4,23,0,6,1,35.5,41.081088372281876
2.14,10,247.77,3,Clear,High,Healthy,4.1,15,4,3,0,43.3,39.75337141408501
3.77,16,238.2,2,Clear,Medium,Fast Food,4.4,13,11,3,0,40.9,42.06352016449968
3.91,19,924.03,5,Rain,High,Indian,3.8,23,21,5,1,64.1,66.80739922402313
4.59,44,364.25,2,Clear,Medium,Biryani,4.5,45,21,1,0,80.8,75.57958812857898
3.11,13,671.51,2,Clear,High,Desserts,4.4,16,6,6,1,43.2,46.58176231733722
6.27,47,694.69,3,Clear,Low,Biryani,4.3,49,13,3,0,83.2,72.98657718099886
4.52,26,596.94,2,Clear,Low,Pizza,4.3,29,9,6,1,34.6,44.746041293783655
5.02,14,785.09,4,Clear,Medium,Fast Food,3.5,13,9,4,0,40.7,44.12206044157754
0.86,15,338.8,3,Clear,High,Desserts,4.1,11,21,0,0,45.0,44.047529191166475
4.48,27,446.87,3,Clear,High,Indian,4.6,28,18,2,0,70.4,68.07779475921777
1.14,19,122.26,1,Cloudy,High,Cafe,3.5,14,0,5,1,43.4,46.429761240372116
9.62,27,620.15,6,Clear,Medium,Indian,5.0,26,8,3,0,68.6,72.895649615453
3.4,9,1030.93,3,Clear,High,Bakery,4.5,10,7,4,0,39.7,43.76699446136867
0.76,23,439.61,3,Rain,High,Bakery,5.0,18,20,3,0,57.9,59.32215259317442
5.12,34,160.35,2,Clear,Low,Chinese,4.6,34,22,3,0,55.8,57.78015689447527
2.61,12,246.65,1,Rain,Low,Bakery,4.4,17,6,4,0,35.6,31.183957003739167
7.62,46,294.47,2,Rain,High,Biryani,4.1,48,21,6,1,105.8,107.02741228597134
3.42,17,151.36,1,Rain,Low,Healthy,3.9,16,2,6,1,36.3,38.26274729206058
2.73,24,126.52,1,Clear,High,Pizza,4.0,25,13,3,0,55.3,57.90016861701708
3.8,34,861.02,5,Cloudy,Low,Biryani,4.7,38,7,5,1,60.5,51.82103390930067
2.26,26,287.14,2,Rain,Low,Indian,4.6,28,9,6,1,46.3,44.68654846202088
3.73,11,104.23,1,Clear,Medium,Desserts,4.6,10,19,0,0,36.9,38.790207498429744
1.05,30,509.46,3,Clear,High,Healthy,4.1,27,21,5,1,57.5,59.89866600107443
4.26,20,791.26,3,Clear,Medium,Healthy,4.1,15,0,4,0,42.5,45.51803012371987
7.59,15,154.4,1,Clear,Low,Healthy,4.3,16,2,5,1,44.5,42.87396928978106
8.3,31,689.55,4,Clear,Low,Chinese,4.1,30,1,5,1,65.5,61.16695662864586
8.87,30,1537.61,5,Clear,Low,Cafe,4.4,25,1,6,1,61.2,62.21922008424773
5.64,34,1035.4,3,Clear,Medium,Biryani,4.7,38,22,5,1,66.4,69.51271415763756
4.94,25,629.12,3,Cloudy,Medium,Cafe,4.3,24,18,2,0,61.0,58.97467107000207
20.0,25,881.27,3,Clear,Low,Healthy,4.1,27,19,0,0,108.5,100.2678127272702
4.08,28,231.11,1,Clear,Low,Indian,4.1,28,1,2,0,41.9,43.34270964054227
4.67,20,177.69,1,Cloudy,Medium,Cafe,4.2,16,23,3,0,48.2,54.17746157767461
6.1,20,520.73,2,Clear,Medium,South Indian,4.0,17,9,4,0,48.0,53.93856399896608
5.21,17,907.82,3,Clear,High,South Indian,3.7,18,2,6,1,63.1,57.08224819310438
6.15,21,327.52,4,Clear,Low,Desserts,4.4,16,14,6,1,43.2,46.46857568485259
7.02,28,389.39,4,Clear,High,Cafe,4.4,25,20,3,0,77.5,78.51821029369383
1.78,35,606.74,2,Clear,Medium,Indian,3.8,33,7,6,1,53.1,53.48582360117272
3.86,20,210.89,2,Clear,Medium,Cafe,4.8,23,4,6,1,43.8,44.96925851385606
2.2,11,147.84,1,Cloudy,Medium,Fast Food,4.0,12,22,1,0,32.4,36.08487427835084
6.03,17,1278.35,5,Clear,Medium,Healthy,4.4,20,5,3,0,53.6,49.82991615834317
3.01,30,688.9,3,Clear,Medium,Pizza,4.0,34,17,6,1,48.7,55.0547105470301
1.75,22,637.94,2,Cloudy,High,South Indian,3.4,26,22,6,1,59.2,56.57726180842789
8.47,15,1655.14,5,Cloudy,High,Bakery,4.4,20,20,1,0,67.9,72.48546092026378
2.63,10,286.28,1,Cloudy,Medium,Fast Food,4.2,14,11,6,1,45.9,34.11292321568233
2.83,10,458.48,2,Clear,High,Fast Food,4.9,13,19,1,0,43.3,45.33424637777145
4.83,24,547.85,2,Cloudy,Medium,Pizza,4.0,27,22,0,0,58.0,58.460760550387974
4.32,37,227.3,1,Clear,Low,Pizza,4.3,32,2,5,1,58.9,53.421642490694204
1.87,19,1030.23,3,Rain,Medium,Chinese,3.6,21,21,2,0,44.0,48.944811700060114
1.92,9,552.89,3,Cloudy,Medium,Bakery,4.2,14,5,0,0,33.6,29.240722231211954
4.24,19,1000.64,3,Clear,Low,Fast Food,4.2,23,23,4,0,34.2,39.86109383957532
3.36,22,338.12,1,Cloudy,High,South Indian,4.6,22,21,5,1,62.3,61.79677185919421
2.64,7,1336.11,5,Cloudy,Medium,Bakery,3.9,10,12,2,0,23.0,31.45022271059532
2.09,21,220.95,1,Clear,Medium,Cafe,4.9,22,17,5,1,35.4,42.73996511352024
3.15,34,686.51,5,Clear,Medium,Pizza,3.8,29,12,6,1,58.9,58.36648914342349
8.56,22,271.65,2,Clear,Low,Chinese,4.3,23,7,6,1,53.8,54.42365813324144
2.58,9,188.64,2,Clear,High,Fast Food,4.3,10,13,1,0,38.1,42.12736210195705
4.71,18,205.46,1,Clear,Medium,Chinese,3.6,21,22,3,0,53.3,50.17649994745632
2.1,20,256.22,1,Clear,Medium,Pizza,3.7,20,0,3,0,36.7,37.944743935524926
0.67,31,826.94,3,Clear,High,South Indian,4.3,27,18,3,0,53.8,58.772013800026876
2.98,23,501.45,3,Clear,Medium,Bakery,5.0,18,22,3,0,55.0,48.83110747332678
5.79,15,825.98,4,Clear,Low,Bakery,4.3,15,8,1,0,44.0,37.80373383968639
1.2,49,868.28,3,Clear,Low,Biryani,3.5,45,0,2,0,55.1,54.33950768800635
6.91,29,100.8,1,Rain,High,Healthy,4.1,27,20,3,0,93.9,87.11819308077708
3.5,26,236.57,1,Cloudy,Medium,Cafe,4.2,22,4,5,1,54.7,51.75464697762094
3.99,26,743.55,3,Cloudy,Low,Pizza,3.9,22,14,5,1,47.2,46.00789815692998
5.89,17,680.45,4,Rain,Low,Fast Food,3.9,17,7,6,1,53.7,47.876394798496925
9.46,11,80.06,1,Rain,High,South Indian,4.6,15,22,1,0,81.0,78.27126112973119
1.64,10,605.12,2,Clear,High,Cafe,4.4,11,18,5,1,38.3,41.23864433581306
3.7,42,861.97,3,Cloudy,Medium,Biryani,4.8,37,19,0,0,75.1,71.91276028488038
7.76,28,236.02,2,Cloudy,High,Pizza,4.3,32,13,5,1,87.3,81.46264705605536
4.29,21,1284.27,6,Storm,Low,Fast Food,4.2,23,3,5,1,49.3,52.401125521538596
6.3,19,201.61,1,Clear,Medium,Indian,4.0,21,6,4,0,52.2,53.00189200187991
1.59,11,963.25,3,Clear,Medium,Cafe,4.3,12,14,5,1,35.6,30.371212691567557
3.17,33,212.76,1,Rain,Low,Biryani,4.7,38,19,6,1,61.6,57.36539279140578
5.01,20,433.84,2,Clear,High,Desserts,4.4,16,13,6,1,67.7,61.81852982938817
2.27,19,319.67,1,Cloudy,High,Desserts,3.7,14,18,4,0,49.1,54.42238414604937
3.62,22,203.53,2,Rain,High,Chinese,4.3,23,2,2,0,61.0,64.38439512415623
1.3,24,484.55,6,Clear,Low,South Indian,3.4,25,0,3,0,37.1,29.351244088171192
1.99,20,285.05,2,Clear,Low,Chinese,3.9,23,9,5,1,26.7,29.91107472556589
2.99,25,141.57,1,Clear,Medium,Indian,4.6,25,19,3,0,52.8,50.30447468900968
6.43,24,143.59,1,Clear,Low,South Indian,4.5,22,7,5,1,44.3,48.84616666662378
4.98,12,762.47,5,Cloudy,Medium,Cafe,4.4,11,11,1,0,43.2,44.41243170637003
3.38,26,1479.07,6,Clear,Medium,South Indian,3.4,25,23,6,1,40.2,53.73536751590866
5.46,23,489.09,4,Clear,Low,Healthy,4.7,26,12,6,1,48.6,45.671472010058366
3.74,25,558.51,2,Cloudy,High,Fast Food,4.7,24,21,2,0,57.4,66.02940871118402
2.32,30,173.31,1,Clear,High,Biryani,3.7,31,14,2,0,67.9,62.90418301213734
6.13,15,402.3,4,Clear,Low,Desserts,4.5,15,7,3,0,36.9,38.76421658181723
6.36,32,553.96,2,Clear,High,Indian,4.6,28,19,4,0,83.7,79.94880973570277
5.19,32,674.29,3,Clear,Low,Chinese,4.3,31,23,0,0,50.3,56.263817038185984
2.48,28,339.2,1,Rain,Low,Pizza,3.8,32,7,0,0,55.3,47.07697906175123
1.71,16,553.92,3,Clear,High,Healthy,4.0,17,3,5,1,48.7,44.06936033315826
3.46,22,695.85,4,Clear,Low,Bakery,4.4,20,3,5,1,36.5,35.52442724481475
2.87,27,205.8,1,Cloudy,Medium,South Indian,4.5,26,16,1,0,51.4,53.11003427569102
4.58,11,123.06,1,Cloudy,Low,Desserts,4.0,14,23,2,0,25.2,35.052813238060764
1.55,18,798.34,3,Cloudy,High,Healthy,3.9,19,21,0,0,52.7,51.59147626086527
5.43,23,1536.78,6,Rain,Low,Desserts,3.9,18,1,6,1,51.0,51.03001369063971
4.72,27,1364.58,4,Cloudy,High,Chinese,3.2,24,22,2,0,66.9,72.06596951328844
2.78,26,219.15,2,Clear,Medium,Indian,4.7,23,19,5,1,57.6,50.54206710272382
10.36,15,669.7,5,Cloudy,Low,South Indian,4.1,17,23,6,1,54.4,59.26147681435806
3.42,12,424.4,2,Cloudy,High,Fast Food,3.5,13,19,6,1,51.4,51.59497712411353
8.6,22,514.51,2,Cloudy,High,Cafe,4.2,22,14,5,1,79.3,78.7162468513882
5.39,25,594.46,4,Rain,Medium,Healthy,4.3,27,8,2,0,67.6,64.18453522340886
4.98,33,381.09,2,Rain,High,Indian,3.4,31,11,6,1,80.7,82.36567012632263
5.75,24,378.79,4,Clear,Low,Cafe,4.6,20,0,1,0,47.7,44.89025803198612
2.45,28,337.28,1,Cloudy,Medium,Pizza,4.2,24,14,0,0,51.3,52.25596091389942
2.08,50,739.15,5,Clear,High,Biryani,3.7,46,12,3,0,82.1,81.63608829089527
10.12,25,1113.18,5,Clear,High,South Indian,4.2,20,19,0,0,82.4,86.02835246912657
2.39,12,688.69,2,Clear,High,Bakery,4.3,12,18,6,1,44.1,45.78010558054565
1.47,17,97.29,1,Rain,Low,Healthy,4.4,20,16,4,0,25.0,34.58098267233084
3.38,19,1600.74,5,Clear,Medium,Cafe,4.6,20,1,3,0,38.9,41.655816680533405
4.65,22,591.17,5,Clear,High,Chinese,3.6,24,11,6,1,63.2,62.231362281963385
2.85,21,416.61,2,Clear,Low,South Indian,4.2,20,17,3,0,34.4,35.630774005227735
0.5,33,1416.68,6,Clear,Low,Pizza,3.2,29,6,6,1,34.4,37.11132093395089
1.96,26,464.38,2,Cloudy,Medium,Chinese,4.1,29,20,2,0,46.6,50.00154925513618
0.5,26,454.54,2,Storm,Low,Pizza,4.0,29,3,0,0,43.1,44.24667783040234
7.31,15,161.17,1,Clear,High,Desserts,3.8,20,21,4,0,67.5,66.79023921572772
3.47,24,182.03,1,Clear,Medium,Chinese,4.3,23,15,1,0,46.8,50.112257273336475
3.02,45,107.13,1,Rain,Medium,Biryani,3.9,42,12,1,0,75.5,77.00984355497744
1.9,23,1316.55,4,Cloudy,Medium,Chinese,4.2,21,7,5,1,49.0,43.82650022362451
1.77,18,237.21,1,Rain,Low,Fast Food,3.9,17,14,2,0,39.5,36.037185071644004
3.79,30,584.83,3,Clear,Medium,Chinese,4.6,34,13,2,0,57.1,56.78187355695084
3.96,33,81.54,1,Rain,Low,Chinese,4.4,33,6,6,1,61.4,57.03368025190362
0.67,18,712.94,5,Cloudy,Medium,Fast Food,4.4,19,18,0,0,30.8,36.734612926145886
5.22,19,243.93,2,Rain,Medium,Cafe,3.9,22,17,1,0,51.2,59.70535794876448
4.1,21,498.42,2,Clear,Low,Desserts,4.4,16,15,5,1,45.8,39.55808451076373
5.26,21,391.4,4,Clear,High,Chinese,4.2,24,21,5,1,64.2,65.57068063970667
2.75,32,866.58,3,Clear,Low,Indian,4.3,37,10,5,1,42.1,44.788398549844636
6.01,24,298.93,1,Clear,Medium,Healthy,3.9,29,19,4,0,61.4,60.07293028248084
1.76,16,313.34,2,Cloudy,Medium,Cafe,4.3,18,1,0,0,34.5,34.88479493381796
2.34,22,380.96,4,Rain,High,Chinese,4.2,23,20,4,0,66.5,64.0461129081193
8.05,11,281.57,1,Storm,Low,Desserts,4.0,14,2,6,1,50.5,55.46887576715986
2.32,17,691.01,2,Clear,High,Desserts,4.3,19,6,6,1,42.2,47.8389808605348
3.63,42,201.59,1,Rain,Medium,Indian,4.3,37,23,5,1,82.2,78.47773245339162
3.6,28,124.24,1,Clear,High,Chinese,4.3,23,12,3,0,66.4,64.7059565348806
5.41,17,617.95,2,Clear,Medium,Cafe,4.3,17,19,3,0,56.9,50.895474413924916
3.31,34,2068.79,6,Cloudy,Medium,Biryani,5.0,32,20,6,1,63.3,62.84520048060091
1.8,14,1368.09,4,Cloudy,Medium,Bakery,3.9,17,16,5,1,34.5,36.49149695603415
8.18,26,109.59,1,Clear,High,Healthy,4.4,21,13,5,1,85.5,78.9823020227323
2.88,33,1674.01,5,Clear,Medium,Biryani,4.3,38,20,0,0,62.2,58.40488785165605
4.4,15,1445.61,6,Clear,Low,Bakery,3.7,11,23,0,0,34.6,36.43736340573823
8.09,36,1012.17,4,Clear,High,Indian,3.8,40,14,6,1,89.0,89.01137134659925
5.44,22,1158.37,4,Cloudy,Medium,Indian,3.7,22,22,2,0,61.2,58.65919240600519
3.25,20,691.86,4,Cloudy,Medium,Healthy,4.5,25,20,4,0,34.8,48.48596130151441
2.88,22,480.97,3,Clear,High,Fast Food,3.8,18,18,2,0,50.5,57.433576731481715
3.43,33,751.56,3,Cloudy,High,Pizza,4.1,30,2,2,0,63.3,68.79767957711651
4.58,17,119.55,1,Clear,High,Cafe,4.4,19,13,0,0,55.7,57.34200109798331
6.48,33,277.74,2,Rain,High,South Indian,3.8,28,22,3,0,88.3,90.00431901240667
2.03,30,820.54,4,Cloudy,High,Pizza,4.1,25,22,2,0,64.1,65.44918552629474
0.86,26,1389.28,4,Clear,Medium,Indian,4.0,21,20,0,0,47.1,44.141620600988205
2.18,13,296.01,3,Cloudy,High,Cafe,4.3,18,18,4,0,43.5,48.09399390033918
5.5,34,353.17,2,Cloudy,Medium,Biryani,4.6,33,8,5,1,70.4,67.73551914907532
5.93,22,84.99,1,Rain,Medium,Pizza,4.1,25,0,5,1,56.5,61.242039068558185
7.84,23,973.66,5,Rain,Low,Fast Food,4.2,23,6,3,0,60.1,60.44129211098977
3.86,35,391.72,3,Rain,High,Indian,4.0,40,20,1,0,89.6,82.38962561373303
1.59,19,675.67,2,Clear,High,Cafe,4.4,21,21,4,0,47.5,50.79810226585309
7.44,16,434.37,2,Cloudy,Low,Bakery,4.4,20,6,1,0,46.5,46.09988951609751
5.41,37,306.94,1,Cloudy,Medium,Chinese,4.2,33,8,1,0,66.4,70.32293265587704
2.18,38,508.12,2,Clear,Medium,Biryani,4.8,37,21,4,0,63.0,61.13112007460487
1.84,10,256.13,1,Cloudy,High,Cafe,4.0,13,18,4,0,40.9,43.961945379865064
3.02,16,304.94,2,Clear,Low,Desserts,4.4,16,6,4,0,29.8,28.705309385000213
5.37,20,253.52,1,Cloudy,Medium,Cafe,3.6,20,21,0,0,56.4,56.224125370625984
4.83,14,501.08,3,Clear,Low,Bakery,4.2,13,19,5,1,33.7,35.99728482019077
3.12,23,588.06,2,Storm,Medium,Bakery,4.4,20,14,1,0,69.4,62.56383191023792
0.83,18,148.71,1,Rain,High,Indian,4.7,23,12,6,1,57.1,52.86829631677668
4.08,14,96.22,1,Clear,Low,Cafe,4.4,11,7,2,0,27.7,30.693644169275466
6.44,32,303.94,3,Rain,Medium,Pizza,3.8,32,18,5,1,82.4,77.19435335805615
5.58,17,182.72,1,Clear,High,Desserts,3.6,16,14,5,1,59.5,61.13165162277866
4.88,16,662.29,4,Clear,Medium,Bakery,4.0,18,20,1,0,58.2,48.12235831468699
3.57,33,261.23,2,Cloudy,Medium,Pizza,3.2,29,5,3,0,47.3,59.278413346762626
7.47,46,366.66,4,Clear,Low,Biryani,4.2,46,0,6,1,74.7,73.18460954396593
4.86,24,667.48,3,Clear,Low,Indian,3.8,25,20,0,0,53.8,46.42811733866214
4.29,36,181.43,2,Clear,Medium,Biryani,4.3,35,22,4,0,61.8,66.78008815560624
0.81,24,736.24,4,Clear,Medium,Chinese,3.6,21,1,2,0,36.6,37.6735323412625
7.86,30,486.06,2,Clear,Low,Chinese,4.1,30,0,4,0,58.9,58.42763149082875
2.26,32,697.11,3,Clear,Low,Chinese,3.6,33,16,6,1,47.0,44.56232863057428
5.87,16,1293.8,4,Clear,High,Healthy,3.9,16,21,2,0,62.3,62.79780270058819
3.77,31,295.4,1,Clear,High,Pizza,4.1,30,21,6,1,68.1,70.41479514089393
1.41,15,608.67,3,Storm,Medium,South Indian,4.0,20,21,3,0,39.3,50.242591022504136
1.24,12,1289.61,4,Cloudy,Low,Healthy,3.3,15,3,3,0,23.0,19.98904663191432
2.69,15,938.34,4,Clear,Low,Desserts,4.5,15,8,6,1,24.6,27.013281353511758
1.49,20,358.5,3,Cloudy,Medium,Desserts,3.8,20,9,6,1,37.1,39.802093133886835
1.2,26,633.25,2,Clear,Low,Pizza,4.1,26,6,6,1,28.8,32.449574298328294
3.33,12,530.67,2,Clear,Low,Desserts,4.5,10,11,6,1,28.7,26.930509156069242
10.28,23,561.62,2,Clear,Medium,Chinese,4.3,23,23,2,0,71.1,74.82449087774509
2.6,37,620.67,2,Cloudy,Low,Indian,4.3,37,11,6,1,52.0,51.47058614246137
1.49,22,477.96,2,Cloudy,Medium,Desserts,3.8,19,10,5,1,38.9,42.04291287330746
4.76,22,591.75,3,Cloudy,Medium,Healthy,3.9,19,22,6,1,55.7,56.30691983811198
2.99,19,303.0,1,Clear,Medium,Cafe,3.6,20,20,3,0,46.7,44.7423418309115
7.62,28,734.28,5,Clear,Low,South Indian,3.9,25,18,6,1,56.5,59.60889295993391
2.64,13,117.6,1,Clear,High,Cafe,4.4,14,22,6,1,54.0,48.659944710243394
4.83,29,84.0,1,Cloudy,High,Cafe,4.3,24,19,1,0,75.2,73.59811105645815
4.86,17,926.39,5,Clear,Low,Desserts,3.8,15,8,5,1,28.4,36.66750457277972
5.03,14,895.04,3,Rain,Low,Healthy,4.0,17,10,2,0,41.1,42.715313641532475
14.07,30,164.99,1,Clear,Low,Indian,4.1,29,5,6,1,76.7,81.28015264060724
8.07,29,476.15,2,Cloudy,Medium,Chinese,3.5,33,22,4,0,66.4,74.979957016608
3.46,44,680.99,2,Cloudy,High,Biryani,3.8,48,22,2,0,81.8,84.7630284424058
8.37,6,613.21,2,Clear,Medium,Cafe,4.4,11,20,4,0,51.1,50.47477180958575
8.71,35,102.48,1,Clear,High,Chinese,3.6,32,22,5,1,94.7,92.0191457956263
0.5,50,283.21,2,Cloudy,High,Biryani,4.3,49,1,5,1,76.2,75.50606227407187
6.65,32,430.4,5,Clear,High,Biryani,4.3,31,21,6,1,80.5,81.57401626106838
6.91,27,329.71,1,Clear,Medium,Fast Food,4.2,23,13,0,0,62.6,64.5601697855499
11.92,30,574.47,2,Cloudy,High,Chinese,4.2,35,20,0,0,102.9,99.67309161127444
0.81,28,324.03,3,Clear,Low,Chinese,4.2,24,0,4,0,32.8,31.66984135700496
4.08,18,1336.1,4,Clear,Medium,Bakery,4.2,14,14,4,0,53.2,46.007665895187436
9.98,24,366.39,2,Clear,Medium,Cafe,4.7,23,11,5,1,78.1,72.01839069752951
2.71,29,588.24,2,Rain,High,Indian,4.2,29,12,0,0,68.9,70.4879454342248
1.5,27,342.9,1,Clear,High,Chinese,4.1,30,13,1,0,57.4,56.62005492085723
4.52,14,1637.61,5,Rain,Medium,Cafe,4.0,18,4,2,0,47.6,49.32379084758474
4.05,21,355.26,2,Rain,Medium,Chinese,4.5,26,18,1,0,59.2,57.73885840303074
1.03,20,1130.39,4,Clear,Low,Cafe,4.0,19,10,3,0,26.2,26.822020954911842
2.98,24,223.8,1,Rain,Medium,Cafe,3.8,23,21,2,0,59.0,57.8254883658938
8.96,20,209.6,1,Clear,Low,Desserts,4.4,18,15,5,1,41.4,55.580955567161666
2.95,12,170.38,2,Cloudy,High,Desserts,4.5,10,0,4,0,43.4,45.52894256222388
2.41,34,818.83,4,Rain,Low,Biryani,4.3,31,8,5,1,54.9,53.18737817149078
2.51,14,191.35,1,Clear,Low,Fast Food,4.4,15,2,0,0,23.3,23.84636231057926
2.24,17,359.59,4,Clear,Medium,Cafe,4.4,14,8,1,0,25.2,37.1566131356867
3.61,38,231.46,2,Clear,High,Chinese,4.2,35,13,6,1,83.3,75.03247962309733
2.91,47,276.31,1,Rain,Low,Biryani,4.2,43,18,5,1,67.5,70.29483444707355
0.58,19,514.65,2,Clear,High,Cafe,4.1,22,20,3,0,42.4,47.04511494279475
5.79,13,296.11,2,Clear,High,Desserts,4.4,12,21,3,0,54.4,59.339200314502165
3.91,35,939.77,6,Cloudy,High,Indian,4.2,36,18,6,1,76.4,76.14375053377115
6.71,7,1290.49,6,Cloudy,Low,Bakery,3.9,10,7,2,0,39.0,34.81427458421563
4.45,11,241.37,1,Rain,Medium,Desserts,4.6,12,21,2,0,53.2,49.745940770827765
6.49,23,611.13,6,Clear,Medium,Chinese,3.6,21,19,2,0,65.2,60.642353433015685
15.99,34,143.8,1,Cloudy,High,Indian,4.6,37,20,1,0,114.3,117.84116045168398
9.83,34,302.93,3,Rain,Medium,Chinese,4.1,35,14,6,1,89.0,90.17056296906871
1.58,12,374.16,2,Rain,Low,Fast Food,3.5,13,2,2,0,19.5,26.652122888146614
1.99,22,190.03,1,Clear,Medium,Desserts,3.6,17,9,6,1,36.9,41.62746478778473
13.76,12,405.63,3,Clear,High,Desserts,4.5,10,14,0,0,91.6,84.57293161749318
4.06,24,901.14,3,Rain,Low,Cafe,4.8,23,16,6,1,46.7,50.66703873997609
5.76,33,135.87,1,Clear,Low,Indian,3.8,33,6,2,0,57.0,55.4192843032564
1.88,25,691.98,2,Cloudy,Low,South Indian,4.4,20,3,6,1,33.2,35.00825010592719
12.72,22,198.7,2,Rain,Medium,South Indian,3.9,20,12,6,1,86.5,87.73961307965435
2.43,19,607.28,2,Cloudy,Low,Fast Food,3.8,15,10,2,0,32.0,32.488386215185166
1.67,19,486.62,3,Clear,Low,Desserts,4.4,18,0,0,0,28.3,25.544649398328723
6.26,27,683.28,3,Clear,High,Cafe,4.9,22,10,4,0,69.1,72.54937532509561
2.68,32,100.44,1,Clear,Medium,Pizza,4.0,32,14,5,1,53.8,55.17793994696721
3.53,10,1153.11,5,Rain,Low,Desserts,3.6,13,12,4,0,33.4,33.902632132209305
4.3,20,177.32,1,Clear,Low,Fast Food,4.3,24,4,3,0,36.0,36.65942751084176
3.99,25,478.95,5,Clear,Medium,South Indian,4.0,30,23,0,0,50.7,54.67938512080539
4.65,21,360.13,2,Clear,High,Chinese,4.2,23,13,5,1,62.7,61.633975267798135
3.12,19,221.49,1,Clear,Low,Pizza,4.8,24,1,6,1,30.6,30.91607424337687
1.0,22,327.05,1,Rain,Low,Healthy,4.4,21,23,4,0,37.9,39.56184630943756
2.0,21,958.72,5,Clear,High,Indian,4.5,23,21,4,0,55.5,54.111261004065724
4.03,27,494.29,2,Clear,High,Healthy,4.5,25,20,0,0,65.1,67.01612737575695
6.02,28,1385.47,6,Clear,Low,Chinese,3.2,24,10,3,0,46.0,52.355827818526606
3.21,43,557.41,2,Storm,Low,Biryani,4.3,43,8,1,0,69.1,72.07634213137304
5.62,12,399.23,2,Rain,Low,Fast Food,4.2,14,15,5,1,43.0,43.71755118600284
1.22,15,655.8,3,Clear,Low,Desserts,3.8,15,9,6,1,25.8,22.18024845761247
2.48,30,853.82,6,Clear,High,Pizza,4.1,26,18,0,0,69.6,64.07905777991513
5.24,25,342.73,4,Clear,Medium,South Indian,4.3,30,16,3,0,54.7,57.46605066632341
4.76,32,418.49,2,Cloudy,Medium,Indian,4.2,32,2,0,0,61.0,61.60610109175393
4.69,30,1006.78,5,Clear,Low,South Indian,3.4,26,21,3,0,48.1,52.1052735096157
2.66,27,521.49,2,Cloudy,Low,Indian,4.2,29,0,1,0,40.0,39.087547951648695
4.14,52,916.79,3,Clear,Medium,Biryani,4.3,49,22,4,0,78.9,82.34284314014624
5.2,27,294.43,2,Clear,Low,Biryani,4.3,31,14,5,1,55.7,49.40287463461718
0.97,16,906.5,6,Clear,Low,Fast Food,4.4,13,23,0,0,24.8,25.2222611929145
2.82,24,196.75,1,Rain,Medium,Chinese,4.5,26,3,1,0,51.4,52.997796848600956
4.73,19,233.43,2,Clear,Low,Cafe,4.6,20,7,2,0,37.9,37.965931917368664
10.48,29,263.9,2,Rain,Medium,Chinese,4.1,27,11,5,1,88.6,86.73471156090723
12.27,16,613.66,2,Cloudy,Medium,Cafe,4.0,18,20,0,0,82.0,76.11391685173757
2.57,22,451.22,3,Clear,Medium,South Indian,3.4,25,15,2,0,44.0,45.00033055106868
6.32,23,554.91,2,Rain,Medium,Cafe,4.7,23,5,2,0,57.2,64.74749310193333
13.39,18,449.66,3,Clear,Low,Desserts,4.6,19,0,6,1,71.3,65.63087311433966
15.3,17,575.97,3,Storm,Low,Cafe,4.2,22,9,5,1,90.0,88.52708721603696
1.33,9,1110.64,4,Clear,Medium,Fast Food,4.0,12,11,6,1,27.9,26.624865806003733
0.56,11,1048.76,6,Clear,High,Fast Food,4.1,11,11,0,0,39.9,36.603263283722455
3.32,23,316.53,3,Clear,Medium,Pizza,3.7,20,22,3,0,54.1,50.22570919347095
2.03,20,585.0,3,Clear,Medium,South Indian,3.8,16,19,6,1,40.7,41.99137576513731
2.1,34,748.31,3,Clear,Medium,Chinese,4.0,35,20,3,0,52.8,56.576912253807755
7.37,13,1362.09,5,Cloudy,Low,Bakery,3.6,13,7,3,0,43.5,43.214339623903825
6.33,18,568.6,4,Clear,High,Pizza,4.7,23,17,6,1,64.6,65.32885397521059
5.41,44,563.83,2,Clear,High,Indian,4.0,40,12,0,0,85.1,87.07467065695866
1.77,19,484.81,2,Cloudy,Low,Pizza,4.3,20,9,1,0,30.7,29.991350624348904
1.51,31,239.17,2,Clear,Low,Healthy,4.3,27,16,1,0,40.0,40.775472139898135
1.98,18,615.09,3,Clear,Medium,Pizza,4.0,22,13,1,0,35.7,38.43498900865279
11.43,10,440.3,3,Clear,Medium,Fast Food,4.1,11,14,2,0,66.0,63.594592134328394
4.31,46,841.23,3,Clear,Medium,Biryani,4.3,49,19,0,0,76.2,76.18622882970784
7.65,16,581.07,3,Clear,High,South Indian,4.4,20,14,3,0,70.4,67.24589088745037
0.55,20,609.69,3,Rain,Low,Desserts,4.4,18,3,2,0,28.7,31.277192148128403
6.38,35,292.23,1,Clear,High,Indian,3.8,40,22,6,1,79.8,83.85416706778203
5.71,23,1082.29,6,Clear,Medium,Fast Food,4.2,21,8,3,0,54.7,55.2152810371977
2.01,24,472.67,4,Clear,High,Chinese,3.2,24,14,3,0,57.0,55.71305960042389
5.37,42,237.88,1,Clear,High,Biryani,4.8,37,18,2,0,85.2,86.38405482650865
1.23,29,1542.84,5,Clear,Medium,Biryani,3.5,33,18,1,0,45.9,48.25838642758965
1.51,15,695.3,6,Cloudy,Medium,Desserts,4.6,10,9,0,0,23.8,34.6394938494025
3.47,7,442.4,4,Clear,Medium,Bakery,3.7,11,22,3,0,32.9,34.67011924731621
6.83,21,686.83,4,Cloudy,High,South Indian,3.9,25,8,5,1,68.0,70.04084585461165
7.53,27,294.13,2,Clear,Medium,Indian,4.2,32,18,0,0,72.8,67.99967270958756
1.77,25,139.27,1,Rain,Medium,Pizza,3.9,21,3,0,0,48.5,50.32597952248723
3.25,21,178.77,1,Clear,Medium,Pizza,3.9,21,12,1,0,44.9,45.664394698758
4.32,26,284.72,1,Rain,Low,Healthy,4.1,27,10,3,0,51.4,52.249031263678475
6.27,24,325.57,1,Clear,Medium,Indian,3.7,22,11,6,1,56.1,59.10118403411987
1.86,35,662.71,2,Cloudy,Medium,Biryani,4.4,34,20,1,0,56.1,58.75843070755199
10.32,21,1023.38,3,Clear,Low,South Indian,4.5,22,18,1,0,60.8,61.99288064536498
2.37,12,91.45,1,Clear,Low,Fast Food,4.3,16,22,6,1,32.4,26.014696141630317
3.0,27,329.32,3,Clear,High,Pizza,4.0,27,19,3,0,64.0,63.20519155444974
3.48,20,516.41,2,Clear,Medium,Bakery,4.0,18,20,6,1,49.2,47.29609632111999
5.38,13,500.23,2,Clear,High,Fast Food,4.3,16,18,3,0,56.3,57.156096834370324
5.16,16,848.41,3,Cloudy,High,Cafe,4.3,12,18,5,1,62.1,61.5487012963444
1.24,21,484.2,2,Rain,Medium,Fast Food,3.7,22,22,5,1,47.8,48.799850417172124
7.19,17,1689.37,6,Cloudy,High,Fast Food,4.5,17,11,5,1,75.0,67.86272258324323
2.77,27,377.62,3,Clear,Medium,Biryani,5.0,32,14,2,0,42.8,50.49145905174257
5.97,24,452.6,2,Storm,High,Pizza,4.8,24,23,1,0,75.8,86.40584486140281
9.68,23,607.6,2,Cloudy,Medium,Cafe,3.3,21,21,6,1,76.3,74.43647892772461
1.09,30,594.88,3,Clear,Medium,South Indian,4.3,30,13,1,0,50.7,47.25501883583338
3.34,20,1029.71,4,Clear,Low,South Indian,4.7,19,2,3,0,37.4,32.85348896564433
9.84,34,555.28,2,Clear,High,Chinese,3.5,33,12,4,0,99.1,92.72855738510773
4.45,31,1561.74,5,Clear,High,Pizza,3.8,31,12,4,0,80.2,70.79905141990521
9.42,9,505.32,2,Clear,High,Bakery,4.7,11,21,5,1,71.4,68.00344664183834
8.85,50,1302.73,4,Clear,Medium,Biryani,3.8,48,8,0,0,86.1,93.64498434121619
6.31,22,972.82,3,Cloudy,Low,Fast Food,4.0,23,9,3,0,45.6,48.875241753442204
1.2,33,327.01,1,Cloudy,Low,Healthy,3.9,29,17,1,0,32.9,43.970766080225786
4.26,31,263.94,1,Clear,Medium,Indian,3.8,33,8,0,0,60.4,58.326373502534544
8.85,46,643.36,3,Cloudy,High,Biryani,4.2,46,5,0,0,102.2,101.63097759234707
7.43,32,394.93,3,Clear,Low,Indian,4.6,28,0,0,0,56.6,58.72512513550133
2.25,11,261.84,1,Clear,Medium,Desserts,4.5,15,18,0,0,36.5,33.42141275521142
3.18,29,1294.27,6,Cloudy,High,Biryani,4.3,31,18,5,1,75.6,67.74041635192097
1.04,20,233.76,1,Rain,Low,Healthy,4.0,16,0,3,0,29.2,32.44133115617478
1.77,23,282.28,1,Clear,High,South Indian,3.8,28,21,6,1,56.4,55.395970701952066
1.85,37,570.92,3,Cloudy,Medium,Chinese,3.5,33,11,3,0,53.0,58.645897495351974
3.08,25,652.34,2,Cloudy,High,Healthy,4.0,29,18,5,1,64.7,63.33979864729183
2.28,22,253.21,1,Cloudy,Medium,Fast Food,3.8,22,12,0,0,48.9,45.12450596223929
3.25,22,751.58,3,Clear,High,Cafe,4.4,21,8,4,0,58.0,56.61749520984758
1.33,24,1173.55,4,Storm,High,Pizza,4.3,20,15,1,0,62.2,68.39502803803546
7.67,9,162.95,1,Clear,High,Desserts,3.6,13,20,6,1,61.1,61.831494326391045
2.43,10,1206.7,5,Clear,Low,Bakery,3.6,10,11,6,1,22.7,21.86225138859716
11.43,17,423.95,2,Storm,Medium,Cafe,4.4,21,20,5,1,94.1,87.1925632975383
1.69,46,679.93,3,Rain,Medium,Biryani,4.3,49,6,2,0,74.0,71.97299150273301
1.62,27,1444.59,5,Clear,Medium,Indian,3.7,22,18,6,1,38.6,47.43712526463849
4.16,16,1340.47,4,Clear,High,Bakery,3.8,15,21,4,0,66.0,56.75120876696463
2.72,24,469.38,2,Cloudy,High,Healthy,4.4,20,21,2,0,55.1,61.64738951984929
1.63,22,201.77,2,Rain,Low,Chinese,3.6,21,20,0,0,42.4,41.072972331320116
3.32,9,549.31,2,Clear,High,Desserts,4.1,11,21,3,0,49.1,46.7469341295929
4.91,29,1128.37,6,Clear,High,South Indian,4.3,30,20,1,0,71.1,72.02760548831131
6.97,34,216.05,2,Clear,Low,Pizza,4.0,34,22,3,0,67.0,64.30682327608852
9.69,22,459.23,2,Clear,Medium,Fast Food,4.3,24,18,4,0,67.4,70.4847559207992
5.62,31,130.25,1,Clear,Medium,South Indian,3.8,30,20,3,0,62.6,65.81849977328692
4.95,37,165.88,2,Rain,High,Biryani,3.5,33,3,5,1,84.7,84.55221778735607
2.3,23,319.63,1,Clear,Medium,Chinese,4.2,24,8,1,0,46.5,43.43840616207342
5.97,19,194.98,1,Clear,High,Bakery,4.4,20,21,3,0,65.4,65.97482410370044
2.33,20,282.35,1,Clear,Medium,Cafe,4.4,25,23,6,1,38.3,44.05134507709644
3.26,25,565.52,2,Clear,Low,Cafe,4.8,23,9,6,1,46.6,39.323776489909335
3.46,24,649.83,2,Cloudy,High,Pizza,3.9,21,14,1,0,66.5,62.64717806338495
8.45,5,89.37,1,Cloudy,Low,Desserts,4.8,10,7,2,0,38.6,38.81969584283742
5.83,18,314.93,2,Clear,Medium,South Indian,4.2,20,12,4,0,54.2,51.647794360229454
2.59,22,155.48,1,Cloudy,High,Indian,4.5,23,19,5,1,59.7,58.686488972083446
1.34,25,217.58,1,Clear,Low,Indian,4.2,29,23,5,1,31.0,35.80123646680893
4.24,5,709.67,3,Clear,Medium,Fast Food,4.3,10,20,1,0,41.6,34.76944788691563
6.12,47,851.12,3,Clear,Low,Biryani,4.3,43,3,1,0,72.7,70.13210079649578
0.73,27,1203.67,5,Clear,Medium,Fast Food,4.0,25,21,3,0,43.9,44.82350989855351
13.12,41,466.69,2,Clear,Low,Biryani,3.7,46,20,3,0,100.6,92.65056719168734
1.45,30,370.91,2,Clear,Medium,Healthy,4.0,29,6,6,1,47.1,47.10071874908798
5.56,18,307.34,2,Clear,Low,Fast Food,4.4,19,8,6,1,37.1,39.97204143459865
3.02,10,911.16,3,Clear,Low,Cafe,4.0,15,20,6,1,19.9,26.094616458952267
8.79,20,176.46,1,Clear,High,Pizza,3.7,25,22,2,0,73.9,77.21629971168893
6.28,17,273.34,2,Cloudy,High,South Indian,3.8,16,19,6,1,76.6,66.6381352336554
3.89,27,321.16,1,Clear,Medium,Indian,3.7,22,14,5,1,52.8,54.437744111116686
8.03,13,290.58,1,Cloudy,High,Desserts,4.1,11,12,6,1,64.1,67.16289760466755
4.54,16,1270.83,5,Cloudy,Low,South Indian,4.0,20,10,5,1,33.3,36.958481031863315
6.21,25,679.95,2,Clear,Low,Chinese,4.1,29,17,5,1,51.1,51.55228602997643
0.5,15,605.64,5,Clear,Low,Healthy,4.1,15,9,5,1,14.5,19.62976331085735
5.19,29,185.79,1,Rain,Medium,Pizza,3.2,29,10,5,1,66.8,68.0801600026206
2.34,26,134.36,1,Clear,Medium,South Indian,4.5,26,21,5,1,44.7,49.46394512528282
12.36,23,486.83,2,Cloudy,Low,Pizza,4.1,23,0,4,0,67.3,69.09651744866116
1.21,14,492.51,5,Clear,Low,South Indian,4.6,15,0,5,1,19.8,18.875696836987203
9.87,18,313.73,3,Clear,High,Chinese,3.6,21,21,1,0,80.4,78.76135108358945
2.83,20,94.68,1,Clear,High,Desserts,3.8,15,13,1,0,54.4,54.197743989226815
5.48,12,354.89,3,Clear,High,Bakery,4.7,11,19,2,0,53.3,56.69140296299526
6.76,21,980.8,3,Clear,Low,Indian,4.2,26,17,5,1,48.3,49.42477955725352
3.54,28,257.16,2,Clear,Medium,Fast Food,4.0,25,19,6,1,58.3,55.20487445684078
2.59,11,87.55,1,Cloudy,Low,Bakery,3.4,16,7,0,0,15.8,24.435207065698265
3.98,19,401.8,2,Rain,Medium,Healthy,4.4,24,22,2,0,56.9,56.457216407911794
4.97,18,586.6,2,Cloudy,Low,Healthy,4.0,17,23,3,0,38.2,43.53123527345756
8.11,21,682.36,4,Clear,Low,Healthy,4.5,24,10,4,0,55.2,52.52381763980594
4.91,10,301.29,3,Clear,High,Desserts,4.1,11,13,0,0,50.3,51.39550894500948
8.38,20,161.2,2,Rain,High,Bakery,4.0,18,14,0,0,83.2,81.71523442023364
3.67,14,85.87,1,Clear,High,Healthy,4.0,16,14,6,1,52.5,51.46661012376999
7.57,17,91.99,1,Clear,Low,Desserts,4.4,18,19,5,1,52.4,48.620378191180016
2.75,25,391.03,2,Clear,Medium,South Indian,4.5,22,15,5,1,47.7,48.51316855223962
7.46,35,703.26,5,Cloudy,Low,Biryani,4.6,33,1,6,1,71.1,64.26034667797497
1.46,29,1654.53,5,Rain,Medium,Chinese,4.6,34,19,6,1,54.3,57.013413741479916
3.56,36,545.49,2,Rain,Medium,Biryani,4.3,35,13,5,1,73.9,70.11055185516562
9.31,29,1314.12,6,Clear,Low,Chinese,4.2,24,14,5,1,68.8,65.66569365209548
5.41,14,1316.19,5,Clear,Medium,South Indian,4.6,15,4,3,0,39.5,44.28707757382102
5.64,37,423.88,2,Rain,Low,Chinese,4.6,34,9,5,1,69.9,67.57676916301716
2.14,45,747.57,4,Clear,Medium,Biryani,4.5,45,8,5,1,66.3,65.04783592382648
4.97,26,263.01,2,Cloudy,Medium,Indian,3.5,26,22,0,0,63.0,60.98451777486148
3.03,29,309.18,2,Cloudy,Medium,Pizza,3.8,29,14,5,1,54.2,55.384243203249426
6.51,26,599.91,2,Clear,Low,Indian,4.2,29,23,1,0,49.2,54.88491474652989
3.69,17,529.46,3,Clear,Low,Healthy,3.9,19,16,5,1,26.9,34.47902609626104
2.73,32,1228.82,5,Rain,Medium,Pizza,3.8,29,19,0,0,61.8,64.40965769753043
6.24,42,897.47,6,Clear,Medium,Biryani,3.9,39,21,1,0,76.6,79.38231782697227
1.64,22,800.41,6,Clear,High,Indian,3.9,26,19,6,1,55.7,53.45232645193925
5.38,17,484.32,4,Cloudy,Medium,Desserts,3.9,12,19,6,1,55.4,52.66959098866934
4.08,15,260.0,2,Clear,High,Fast Food,4.4,11,19,4,0,51.2,54.795822055895016
4.38,28,960.25,3,Rain,Medium,Biryani,3.7,31,0,6,1,59.7,62.09868949943042
3.45,38,1091.2,5,Clear,Low,Chinese,4.6,34,5,5,1,56.7,52.060388885542146
3.51,49,529.99,2,Cloudy,High,Biryani,3.5,45,19,5,1,83.3,89.28570473321571
3.19,41,428.07,3,Rain,Medium,Biryani,4.3,43,20,1,0,68.7,75.37985090045335
5.76,24,777.29,4,Clear,Medium,Healthy,3.9,19,12,4,0,64.0,57.539959142085316
7.61,31,164.26,1,Rain,Medium,Biryani,4.3,31,3,6,1,79.6,76.99120178159276
1.95,22,277.18,1,Rain,Medium,South Indian,4.3,22,0,1,0,45.5,47.200690815057406
8.18,34,160.96,1,Clear,Medium,Indian,4.3,39,13,0,0,79.6,76.14769264544294
4.67,29,330.2,1,Clear,Medium,South Indian,3.9,30,22,5,1,62.0,60.9610315929742
2.74,37,1003.44,3,Clear,Low,Indian,3.8,40,17,1,0,45.1,51.407950114984516
1.43,29,392.89,3,Storm,Low,Biryani,5.0,32,4,0,0,51.8,50.75137539762917
1.27,35,814.64,3,Clear,Medium,Indian,3.8,36,7,3,0,51.5,51.68701116358604
6.84,19,295.73,3,Clear,High,South Indian,4.0,20,21,6,1,70.7,69.06124531534579
4.09,20,290.59,2,Clear,High,Cafe,4.2,16,21,1,0,55.8,60.48446383974907
9.96,14,145.64,1,Cloudy,High,Cafe,4.4,11,18,1,0,74.3,76.28662844711148
2.87,28,1343.78,4,Rain,Medium,Chinese,4.2,33,20,0,0,63.1,61.156952262659054
5.14,9,345.17,1,Cloudy,High,Bakery,4.2,14,4,4,0,49.1,51.17217504510172
5.84,18,207.09,1,Rain,High,Fast Food,4.2,23,19,5,1,74.9,71.96030626926438
9.97,20,556.98,3,Cloudy,Medium,Fast Food,4.4,15,23,5,1,72.9,72.51440258746096
3.15,26,548.27,4,Clear,Medium,Chinese,4.3,31,6,1,0,45.7,48.92727963515226
2.51,15,93.03,1,Clear,High,Cafe,4.7,12,22,5,1,52.8,50.141587126286595
5.38,23,587.83,2,Cloudy,Medium,Chinese,4.3,23,14,5,1,56.8,57.58967894898845
1.15,32,649.85,2,Clear,Medium,Indian,4.2,29,10,2,0,46.7,48.87026483254909
1.42,7,1059.05,4,Clear,Low,Fast Food,4.0,12,22,0,0,18.9,17.672498120082935
6.01,27,392.96,2,Rain,Medium,South Indian,3.8,28,14,4,0,72.4,69.74787397221925
5.73,34,1915.8,6,Cloudy,High,Indian,3.8,29,13,4,0,82.7,80.47774617418933
5.98,22,735.54,5,Rain,High,South Indian,3.8,24,11,6,1,78.4,74.72129772790865
9.48,14,1229.27,6,Cloudy,High,Bakery,4.0,18,5,5,1,78.7,71.6081188171221
2.39,32,472.17,2,Cloudy,High,Chinese,3.5,33,18,0,0,74.4,67.91263235235573
4.09,21,1039.94,3,Clear,High,Desserts,3.6,16,20,4,0,60.7,61.330795259308694
1.57,34,371.66,4,Clear,Medium,Indian,3.6,31,21,5,1,58.0,54.90416339408394
5.85,48,414.45,2,Clear,Low,Biryani,4.2,46,22,5,1,80.1,74.58323275357684
0.9,22,313.45,1,Clear,Medium,Healthy,3.9,19,4,6,1,35.8,36.711396073298204
11.37,15,707.67,4,Clear,High,Fast Food,4.3,10,13,2,0,86.2,78.9305185919003
3.58,16,662.17,2,Clear,Medium,Healthy,4.1,15,5,0,0,36.2,40.233328344709875
2.6,22,212.53,1,Rain,High,Bakery,5.0,18,11,5,1,65.5,62.72968514336534
4.66,17,490.07,4,Clear,Low,Desserts,3.5,18,19,1,0,42.2,38.48420957609571
4.3,33,749.28,3,Cloudy,High,Pizza,3.8,32,21,1,0,78.6,76.23112076805104
1.1,16,698.75,2,Rain,Low,Desserts,4.4,18,8,1,0,29.9,30.363474384839424
0.64,22,875.67,3,Clear,High,Cafe,3.3,21,12,1,0,40.7,48.502395521821256
2.35,30,968.48,4,Clear,Low,Fast Food,4.0,25,8,6,1,43.3,40.81683048283462
2.94,22,510.06,2,Clear,Low,Cafe,4.9,22,0,1,0,35.2,33.06869219839551
2.03,12,163.12,1,Clear,Medium,Bakery,4.3,12,16,1,0,27.2,33.181987302396884
3.39,27,962.43,3,Clear,High,South Indian,3.8,30,13,1,0,68.4,63.20996128648969
6.77,44,832.19,4,Cloudy,Low,Biryani,4.2,46,1,1,0,70.5,70.91852610633262
2.66,11,327.81,1,Clear,High,Healthy,3.9,16,6,1,0,42.2,43.07930621073391
3.52,26,165.41,1,Clear,Low,South Indian,3.8,28,3,1,0,42.5,39.8143901427477
2.32,18,198.8,2,Rain,Low,South Indian,4.0,20,13,4,0,41.1,37.807392269022685
1.76,36,1508.57,6,Clear,Medium,Biryani,4.2,35,19,6,1,67.3,57.286226058253504
4.81,25,231.3,1,Clear,Medium,Fast Food,4.0,23,21,6,1,61.1,57.122728304074585
2.96,17,1032.46,3,Cloudy,Low,South Indian,4.2,20,3,4,0,28.2,30.821722956860224
3.36,23,259.42,2,Rain,Low,Indian,4.6,25,8,6,1,46.0,45.29776048811071
3.29,24,424.84,2,Clear,High,Desserts,3.8,19,14,5,1,67.0,60.09536309027528
6.28,21,759.99,3,Storm,Medium,South Indian,3.8,16,20,4,0,71.5,73.10782997241073
4.82,26,744.51,3,Clear,Low,South Indian,4.7,29,23,1,0,45.2,48.849670284876936
3.19,23,271.61,1,Clear,High,Pizza,4.7,23,19,6,1,57.8,59.823152249969915
4.01,16,550.75,2,Clear,Low,South Indian,4.2,21,23,5,1,25.4,36.091417519671595
2.31,13,1375.72,4,Clear,High,Bakery,3.2,11,18,5,1,45.6,46.6434848242681
2.63,32,620.63,5,Storm,Medium,Chinese,3.6,32,18,5,1,73.4,70.96600774907397
2.26,9,566.8,5,Clear,Low,Desserts,4.1,11,16,5,1,13.4,21.313897403100754
1.87,23,275.76,2,Cloudy,High,Desserts,3.9,18,18,0,0,48.6,56.92557826291835
4.43,31,373.64,2,Clear,High,Pizza,4.0,32,21,4,0,68.2,72.72665055252462
2.21,27,175.62,2,Storm,High,Indian,4.5,23,20,5,1,75.3,75.59354645776236
4.04,27,700.73,3,Clear,Low,Cafe,4.2,22,9,2,0,47.8,44.08518673551109
3.03,16,239.54,1,Clear,High,Desserts,4.0,14,11,5,1,59.0,50.459727242660236
0.85,16,126.09,1,Clear,Medium,Bakery,3.6,13,17,2,0,25.3,33.38322573370732
5.84,19,333.8,1,Clear,Medium,Bakery,3.9,17,13,6,1,51.0,52.970443299819166
9.55,15,113.32,1,Clear,High,Cafe,3.5,10,14,0,0,70.6,73.06282752794617
4.65,25,622.05,3,Clear,High,Bakery,4.4,20,11,4,0,70.5,65.06988258856201
2.0,9,302.29,1,Clear,High,Desserts,4.1,11,2,2,0,33.7,37.75192917631209
1.51,10,213.4,1,Clear,Medium,Desserts,4.6,10,3,0,0,20.2,26.356904397549826
1.81,8,233.4,1,Clear,Medium,Cafe,4.4,11,4,6,1,27.5,25.82490285159424
6.93,31,120.99,1,Clear,Low,Pizza,4.0,29,5,6,1,61.4,57.28573699236015
2.43,7,480.31,2,Clear,High,Bakery,3.2,11,14,6,1,43.0,40.12520719304626
7.48,15,928.11,5,Clear,Low,Healthy,3.9,16,5,4,0,39.1,43.22409279000139
2.0,20,1047.15,4,Clear,Medium,Cafe,4.0,18,11,6,1,42.1,40.17880525517465
1.99,15,526.59,4,Rain,High,Healthy,4.2,18,20,3,0,53.0,55.82380226830424
5.61,29,411.76,2,Cloudy,High,Indian,3.9,26,19,5,1,74.3,76.3518091301501
2.92,29,662.39,2,Clear,Medium,South Indian,3.8,30,21,0,0,54.2,54.574032755520165
5.47,18,544.41,3,Clear,High,Cafe,3.6,20,20,4,0,65.2,63.22655689726726
4.0,10,598.48,3,Clear,Medium,Bakery,4.7,11,12,5,1,32.6,37.14341940018898
7.26,17,679.95,2,Clear,Low,Bakery,3.8,16,5,5,1,43.2,44.39494379476661
4.87,11,243.24,2,Rain,High,Bakery,3.9,10,18,6,1,65.5,61.399498547854435
10.79,30,461.94,2,Clear,Medium,Indian,4.4,32,21,5,1,81.3,83.14330312576658
3.78,12,801.04,5,Cloudy,Medium,Healthy,3.3,15,14,1,0,45.9,41.034644425002725
2.32,45,583.13,3,Clear,Medium,Biryani,3.7,46,21,5,1,69.3,68.77111979113212
1.08,36,1181.04,4,Clear,Medium,Biryani,4.4,32,23,1,0,44.6,55.74634344752938
1.88,30,1147.82,4,Clear,High,Pizza,3.4,25,13,4,0,59.6,61.04298777119997
1.3,15,166.3,1,Cloudy,High,Desserts,3.5,18,13,6,1,44.2,45.912534770138656
0.6,10,965.88,3,Cloudy,Low,Cafe,3.5,14,17,5,1,12.1,18.94873180081872
3.78,7,562.11,3,Clear,Low,Desserts,3.9,12,16,6,1,22.7,24.721274381216887
1.54,24,281.9,1,Storm,Medium,Pizza,4.1,25,23,4,0,56.5,60.23183942801497
7.75,16,659.15,3,Clear,High,South Indian,4.2,15,13,0,0,75.4,67.33798713907133
3.76,10,324.64,2,Clear,Low,Bakery,4.2,13,1,4,0,28.0,24.13741296964951
1.92,27,1327.48,4,Clear,High,Chinese,4.3,23,22,5,1,60.0,60.165746741387835
4.66,12,653.13,4,Cloudy,High,Fast Food,4.0,12,8,2,0,52.6,53.29199116717052
1.7,43,308.67,2,Clear,Medium,Biryani,3.8,48,23,1,0,59.7,65.012924095545
4.19,33,1105.27,5,Rain,Medium,Biryani,4.3,31,17,1,0,61.8,70.17384087140893
1.39,33,693.31,3,Rain,Low,Pizza,4.3,29,1,6,1,51.2,46.86411483895704
3.86,15,149.03,1,Rain,High,Fast Food,4.2,14,18,4,0,58.8,61.76986923695786
2.01,18,980.19,6,Clear,Medium,Indian,3.8,23,21,1,0,35.9,40.37261480202589
6.42,24,170.38,1,Clear,High,South Indian,3.8,27,21,0,0,67.1,72.60259245023806
1.2,37,1114.86,4,Clear,Low,Indian,4.2,36,9,1,0,36.9,44.10473730071513
7.12,40,142.55,1,Clear,Medium,Biryani,4.5,45,2,3,0,67.2,76.11567321660667
3.0,11,473.55,2,Clear,High,Desserts,4.5,10,0,5,1,48.5,42.75600172136417
3.11,22,255.49,1,Clear,Low,Healthy,3.7,23,15,6,1,38.0,37.287776902788984
4.0,25,239.04,2,Clear,Medium,Chinese,3.6,24,16,2,0,52.8,53.2912679931555
11.72,18,586.06,5,Cloudy,High,Indian,4.0,20,16,5,1,81.9,85.98714596230174
1.01,39,500.28,2,Clear,High,Biryani,4.4,34,22,0,0,73.2,69.04672839410485
0.7,28,683.63,4,Rain,Low,Chinese,3.6,32,14,4,0,39.9,42.53778461126594
11.78,17,940.51,3,Clear,Low,Cafe,4.6,20,20,5,1,65.1,63.699863085104056
2.61,32,181.39,1,Clear,High,Pizza,4.0,29,13,3,0,67.2,65.49649865676064
4.98,23,197.68,2,Clear,Low,South Indian,4.5,23,0,0,0,40.3,41.10097351263238
4.94,11,948.14,3,Clear,High,Healthy,4.0,16,19,2,0,59.1,54.06043480777809
9.28,34,905.77,4,Clear,Medium,Indian,4.1,29,22,5,1,78.8,82.11036219015466
7.07,32,2008.67,6,Rain,Medium,Pizza,3.2,29,2,6,1,76.8,75.90276497231349
9.98,34,252.3,2,Cloudy,Low,Indian,4.1,39,23,4,0,69.4,77.06336970210252
2.56,27,1293.24,4,Cloudy,Low,Pizza,4.0,25,3,4,0,34.8,39.51124482645312
5.49,27,360.92,4,Clear,Low,Indian,4.6,28,23,6,1,51.3,52.24732405544584
5.15,18,409.76,2,Rain,Low,Cafe,3.3,21,20,4,0,54.1,49.561156946172204
1.34,24,297.97,1,Storm,Low,Pizza,3.7,25,20,2,0,48.3,49.14729121221846
5.49,16,209.1,1,Clear,High,Bakery,4.4,17,21,5,1,65.2,61.2916758358657
5.49,46,649.06,3,Cloudy,Low,Biryani,5.0,42,19,3,0,72.7,72.47808130932643
2.13,40,475.77,2,Clear,Low,Indian,4.2,36,0,4,0,46.8,48.32663839111845
2.28,28,227.79,1,Rain,Low,Indian,4.2,32,0,3,0,41.1,44.75203813651025
2.83,21,390.47,3,Clear,Low,Fast Food,3.7,22,20,3,0,37.1,36.228334867762115
1.31,24,1140.72,4,Clear,Low,Chinese,3.2,24,12,2,0,35.0,32.32358443798698
1.95,29,670.14,2,Clear,Low,South Indian,4.3,27,16,5,1,38.0,40.28698113753397
6.71,12,991.22,3,Clear,High,Cafe,3.5,10,5,4,0,52.1,58.149258445385115
3.33,22,249.0,2,Cloudy,High,Cafe,4.4,25,18,4,0,62.6,61.146380638586145
2.79,23,528.63,3,Clear,Medium,Pizza,4.0,22,20,2,0,50.0,47.88266905329638
9.37,17,315.45,1,Clear,High,Fast Food,3.5,13,20,5,1,73.8,75.69097736939099
14.81,26,192.16,1,Clear,Low,Pizza,3.9,22,15,5,1,74.3,82.1573418479788
2.58,29,170.41,1,Clear,Medium,Pizza,4.3,29,4,5,1,45.1,49.49284793433956
0.86,23,1422.43,5,Clear,Medium,Fast Food,3.7,22,21,0,0,35.4,41.28286788501214
5.11,17,257.0,1,Clear,High,South Indian,3.9,20,11,3,0,51.9,58.7386556902751
2.13,30,342.77,1,Clear,High,Pizza,4.0,27,16,4,0,61.7,62.525541182096774
4.99,11,1078.42,6,Clear,High,Cafe,3.6,14,13,4,0,54.3,52.908293010586334
4.67,27,151.43,1,Clear,Low,South Indian,3.8,27,5,6,1,46.6,45.3462177392449
3.65,8,874.19,5,Cloudy,High,Bakery,4.7,11,11,3,0,45.4,46.435251975151544
7.87,38,1059.46,4,Rain,Low,Indian,4.4,39,0,6,1,67.6,74.35872995877938
2.13,15,279.53,1,Rain,Medium,South Indian,3.7,18,23,4,0,36.3,46.21397415493786
2.68,17,366.43,3,Rain,Low,South Indian,3.7,18,3,0,0,34.2,35.74335295880795
5.93,26,581.15,2,Clear,Low,Pizza,4.3,29,10,4,0,50.5,49.905781548827406
12.1,11,1128.44,5,Cloudy,High,Bakery,3.8,16,22,0,0,87.0,81.6615185066495
5.69,22,814.26,3,Clear,Medium,Healthy,3.9,19,13,0,0,62.4,55.48852373627018
5.76,23,361.34,2,Rain,Medium,South Indian,4.2,21,13,5,1,68.4,64.55698969533367
3.42,20,294.37,1,Cloudy,Low,Desserts,4.4,18,9,1,0,43.2,36.74060738911395
3.18,16,693.54,2,Cloudy,Low,Fast Food,3.8,15,5,5,1,31.8,30.99806383576616
5.77,31,200.16,2,Storm,Low,Healthy,4.3,27,4,5,1,62.0,67.97052848182712
1.63,32,449.29,3,Storm,Medium,Pizza,4.0,32,18,0,0,64.5,67.3514358596629
2.92,35,928.87,3,Clear,Medium,Chinese,4.1,35,4,5,1,57.0,56.78947805589259
2.27,30,1043.29,4,Clear,High,South Indian,3.8,30,20,6,1,61.4,63.929238057540886
7.84,44,169.05,1,Clear,Low,Biryani,3.9,39,22,6,1,72.1,77.58183009823516
5.66,18,464.56,2,Clear,High,South Indian,4.1,17,22,5,1,58.0,64.15460394203436
3.02,40,284.87,1,Cloudy,Low,Biryani,4.0,38,15,4,0,56.2,57.05066260783178
7.34,39,373.81,4,Clear,Medium,Indian,4.6,37,19,0,0,88.1,79.49316349193705
3.6,31,152.97,1,Cloudy,Medium,Chinese,4.0,35,20,5,1,66.8,60.79159611628239
8.93,17,469.77,3,Clear,Medium,Desserts,3.8,15,14,4,0,67.7,62.02579948920172
3.63,14,293.7,1,Clear,Medium,Desserts,3.9,18,22,3,0,46.0,42.3058281980051
2.22,13,345.1,4,Clear,Medium,Desserts,4.0,14,22,1,0,35.9,36.25639757270754
3.34,23,710.63,3,Storm,High,Indian,4.6,28,20,3,0,72.6,75.57639591466275
1.65,13,693.54,2,Cloudy,Medium,Healthy,3.9,16,13,5,1,39.7,34.35747008452006
3.13,9,869.63,3,Clear,High,Bakery,3.6,13,13,6,1,42.4,44.3159781627795
2.42,8,1335.01,4,Clear,Low,Bakery,3.2,11,4,6,1,11.1,18.309150868508937
2.22,25,906.49,3,Storm,Medium,Bakery,4.4,20,12,4,0,61.7,61.00485053130369
1.77,43,530.73,3,Clear,Medium,Biryani,3.9,39,21,4,0,69.7,64.79938123115735
15.27,37,376.65,4,Clear,Medium,Pizza,4.3,32,12,3,0,111.0,103.73049641111393
1.74,44,341.8,2,Clear,Medium,Biryani,4.2,43,7,5,1,56.7,62.454541320767696
4.15,29,291.63,1,Cloudy,High,Chinese,4.1,27,22,5,1,68.1,71.95095213736425
2.45,18,110.04,1,Cloudy,High,Desserts,4.6,19,14,6,1,53.0,53.024890802201185
9.1,15,985.53,3,Clear,Low,Cafe,4.7,12,15,5,1,46.1,51.13156027505803
1.03,21,333.58,2,Cloudy,Low,Cafe,4.3,18,1,4,0,34.6,27.667914844622693
4.24,21,118.19,1,Clear,High,Bakery,3.8,16,20,6,1,62.4,61.7645406851329
0.79,34,1018.48,3,Clear,Medium,Chinese,3.5,33,13,6,1,60.3,50.486516615963225
2.9,7,109.06,1,Clear,Low,Fast Food,4.4,12,1,3,0,23.5,18.011544928053098
3.75,27,848.22,3,Cloudy,Low,Indian,4.2,32,13,6,1,47.6,45.954593776462815
10.6,18,1194.82,4,Clear,High,Fast Food,4.2,21,19,2,0,87.0,80.70152128430799
4.37,14,341.96,1,Rain,Medium,Bakery,4.3,12,20,6,1,49.5,52.28719158537361
3.35,33,1055.38,5,Rain,Low,Biryani,4.3,31,1,2,0,60.8,53.85445768495715
8.66,11,165.23,2,Clear,High,Bakery,3.4,16,12,1,0,66.0,65.39806509854188
1.4,27,169.7,2,Rain,Low,Pizza,4.1,26,20,3,0,49.2,45.22539405495969
4.39,37,224.86,1,Clear,High,Biryani,3.9,39,11,6,1,85.7,76.50632706208214
6.15,29,447.68,4,Clear,Medium,Pizza,4.2,24,10,4,0,56.2,63.33987519576823
4.14,14,1344.17,4,Clear,Medium,Desserts,4.8,10,18,2,0,48.7,43.047516254284574
5.05,18,1041.69,5,Clear,High,Cafe,4.8,23,11,6,1,63.4,59.55695179730827
5.47,19,551.57,4,Rain,Medium,Healthy,3.9,16,18,0,0,69.8,60.73934408611456
12.76,31,272.57,1,Clear,Low,Biryani,4.3,31,22,4,0,88.4,81.73934860386534
5.03,10,1428.46,6,Cloudy,Medium,South Indian,4.6,15,2,5,1,30.7,40.46085335255677
6.05,13,100.93,1,Rain,Low,Desserts,3.8,10,0,5,1,38.1,42.920370160150675
2.27,15,282.22,3,Clear,High,Healthy,3.9,19,22,2,0,48.0,49.361834655390595
6.78,14,1081.14,5,Clear,Low,Desserts,4.5,15,19,6,1,50.2,42.85189751298431
4.83,23,1514.87,5,Cloudy,Medium,Healthy,4.5,25,11,5,1,61.7,54.99841357262779
3.17,37,619.99,6,Rain,Low,Chinese,3.5,33,10,1,0,58.9,59.195874032541084
1.48,25,816.58,5,Clear,High,South Indian,4.0,20,19,6,1,51.4,55.83462653887297
7.33,32,1270.43,5,Clear,High,Biryani,3.7,31,20,1,0,77.6,83.82604039032859
6.92,16,336.65,2,Cloudy,High,Cafe,4.3,18,11,0,0,70.7,66.05343462235456
4.56,22,649.47,4,Cloudy,Medium,Chinese,4.5,26,12,4,0,48.8,53.21801035343863
5.39,20,766.68,3,Clear,Medium,Chinese,3.9,23,4,2,0,43.3,50.39308308175677
2.19,12,604.11,4,Clear,Medium,Desserts,4.8,10,22,0,0,37.3,35.04197607017013
0.5,20,539.78,2,Rain,Medium,Chinese,3.6,21,14,5,1,44.6,43.54025144403475
0.79,23,186.36,2,Clear,High,Chinese,3.6,24,21,0,0,51.6,51.96426041245658
4.29,22,628.25,2,Clear,Medium,Bakery,4.4,17,21,6,1,50.5,52.31618515302195
5.78,12,196.68,1,Cloudy,High,Desserts,4.6,10,21,5,1,58.6,60.25533053667808
10.8,25,80.09,1,Clear,Medium,Indian,3.8,23,20,6,1,78.1,77.99858121809291
1.47,11,304.51,1,Rain,Low,Cafe,4.9,14,9,3,0,23.8,26.91776884141514
2.95,20,673.26,4,Cloudy,Medium,South Indian,4.6,15,18,2,0,48.1,46.795189074416356
7.15,12,1179.84,5,Clear,High,Desserts,4.6,10,19,3,0,66.3,62.62804704775511
4.71,15,830.63,6,Cloudy,High,Desserts,4.4,16,12,6,1,62.9,57.460592523487314
5.56,13,371.11,3,Storm,Medium,Desserts,3.5,18,21,6,1,61.8,62.869920045773526
5.94,37,146.56,1,Clear,High,Biryani,5.0,32,14,0,0,87.8,82.3839853979355
0.8,23,291.15,3,Rain,Medium,Fast Food,4.7,24,22,5,1,49.6,49.099251209328834
2.68,12,925.51,3,Rain,High,Desserts,4.5,15,19,2,0,55.3,54.933485530873845
2.97,18,590.74,2,Clear,Medium,South Indian,4.7,19,1,5,1,39.0,39.0569087174495
7.0,26,511.73,5,Cloudy,Medium,South Indian,3.8,28,18,5,1,71.2,67.11316890725601
2.31,33,565.49,3,Clear,Medium,Indian,3.4,31,12,1,0,55.9,54.459507024364356
3.97,53,193.41,2,Clear,Medium,Biryani,4.3,49,22,1,0,86.8,82.66014049236021
5.97,24,263.97,3,Rain,Low,Indian,4.1,28,20,6,1,59.9,58.244866454926516
13.15,18,586.71,2,Cloudy,Medium,Bakery,4.0,18,13,1,0,90.9,79.47995886838126
6.67,20,339.0,3,Clear,Medium,Healthy,4.4,21,21,6,1,63.2,58.72163380159509
1.1,22,979.44,3,Cloudy,Medium,Cafe,4.3,24,20,5,1,51.0,43.03671759741569
15.96,10,638.84,2,Clear,High,Cafe,4.9,14,12,1,0,94.1,89.92784387859551
6.23,36,600.28,2,Cloudy,Low,Biryani,3.9,33,16,0,0,61.1,64.46709768278113
5.63,17,906.6,3,Clear,High,Bakery,3.8,15,22,6,1,70.6,63.117137921339115
0.5,37,641.47,4,Clear,Low,Biryani,4.6,33,9,0,0,39.9,41.701394881418125
5.78,14,796.99,3,Cloudy,Low,Desserts,3.9,12,14,4,0,32.0,40.2456999125294
6.01,27,326.02,1,Clear,Medium,Cafe,4.7,23,18,6,1,53.4,62.74975456716104
4.44,15,343.17,2,Cloudy,High,Bakery,3.2,11,13,1,0,53.2,56.83710931554111
3.22,10,347.11,2,Clear,Low,Bakery,3.7,11,7,6,1,26.0,23.687780267350668
7.42,15,577.22,2,Clear,Medium,South Indian,4.0,17,12,5,1,59.5,54.246869210598256
3.01,37,570.28,2,Rain,High,Indian,4.2,36,20,1,0,84.3,81.40800751571612
5.75,34,1012.13,4,Rain,Medium,Indian,4.2,36,13,3,0,78.5,75.62553575054727
3.57,18,2066.63,6,Cloudy,High,Cafe,4.2,22,18,6,1,55.2,58.087534799503786
2.47,14,780.2,5,Rain,Low,Fast Food,4.1,11,4,4,0,34.1,32.14764418242117
5.72,24,838.59,3,Cloudy,High,South Indian,4.2,20,22,6,1,80.3,72.3540199842672
2.07,31,569.43,2,Cloudy,Low,Indian,3.9,26,0,0,0,36.0,41.03816125491397
4.24,15,534.27,3,Rain,High,Cafe,4.6,20,21,2,0,68.0,63.91626206438646
6.66,26,269.77,1,Cloudy,Low,Chinese,3.6,24,1,5,1,54.2,52.45798663639418
6.11,24,1601.25,6,Clear,Low,Healthy,4.4,21,2,3,0,42.0,46.71224369537279
3.71,20,662.87,2,Clear,High,South Indian,4.2,20,14,2,0,57.2,57.48422160395953
1.4,37,1061.96,5,Clear,High,Indian,4.4,39,13,0,0,65.0,66.18984363099784
3.2,11,1574.24,6,Cloudy,Low,South Indian,3.8,16,3,5,1,25.1,25.68041118052482
3.93,30,106.67,1,Cloudy,High,Indian,3.8,33,11,2,0,78.0,69.64319211112932
3.02,16,470.01,2,Rain,High,Desserts,4.4,18,21,6,1,60.7,60.621357257790116
8.45,42,284.98,1,Clear,Medium,Biryani,4.0,43,13,3,0,88.1,85.36510154979862
5.72,8,668.58,2,Clear,Low,Desserts,3.8,10,6,2,0,26.1,30.222200015124898
2.64,18,306.82,1,Clear,Low,Bakery,3.9,19,1,3,0,34.4,28.276025615631013
5.02,26,1521.13,5,Clear,Low,Pizza,4.1,22,21,0,0,52.1,49.20491948630977
4.79,18,348.95,1,Clear,Medium,Indian,4.0,20,13,4,0,50.6,48.32784162539939
2.98,20,1313.59,5,Clear,Low,Cafe,4.0,15,10,6,1,31.3,33.65467647328565
4.04,15,763.13,3,Clear,Low,Healthy,3.9,19,16,2,0,29.3,33.704446097753234
0.85,12,751.32,3,Cloudy,Low,Cafe,4.3,17,6,1,0,13.8,19.154406841424375
4.13,13,846.57,3,Clear,High,Fast Food,4.5,17,21,0,0,46.9,53.40936858014873
2.67,27,505.39,5,Clear,High,Cafe,3.8,23,11,6,1,59.4,60.3024232747361
6.12,32,197.48,1,Cloudy,High,Pizza,3.2,29,11,4,0,77.3,79.41659187048276
4.15,15,90.73,1,Clear,High,Cafe,3.8,19,18,0,0,60.4,55.05790541504184
5.16,17,697.33,2,Clear,High,Desserts,4.4,18,22,1,0,62.6,61.38690258451687
5.28,11,276.1,2,Clear,Low,Bakery,4.2,14,3,6,1,21.7,30.92460851070968
4.24,21,598.99,2,Clear,High,Indian,4.6,25,22,6,1,63.8,62.214322649550496
2.16,19,235.95,1,Rain,Medium,Pizza,4.0,24,3,4,0,48.8,45.75813305377559
4.34,13,277.4,3,Cloudy,Medium,Cafe,4.0,13,3,6,1,42.8,41.443809291900436
3.76,30,1141.8,4,Storm,Low,South Indian,3.4,25,13,6,1,62.6,62.05749740066897
3.59,15,857.14,4,Clear,High,Fast Food,4.1,11,14,6,1,51.4,51.99048301764764
2.07,41,582.74,2,Cloudy,Medium,Biryani,4.5,45,17,4,0,55.9,64.86698552681271
8.89,28,136.7,1,Cloudy,Low,Chinese,4.2,24,2,2,0,61.4,62.38652058394367
5.48,21,596.83,2,Clear,Low,Indian,4.6,25,19,1,0,47.6,45.2960270540316
0.66,25,525.59,2,Rain,Medium,Indian,4.6,25,19,0,0,43.9,50.04059055301151
1.68,40,553.56,4,Rain,Low,Biryani,4.2,43,9,4,0,59.8,56.89824374107194
2.43,20,243.26,2,Clear,High,South Indian,3.8,24,21,6,1,58.2,54.671126963032364
1.94,8,273.5,1,Cloudy,Medium,Cafe,4.0,13,22,5,1,35.0,32.42011416837253
3.07,44,177.58,2,Clear,Low,Biryani,4.1,47,9,5,1,60.6,57.86354450115435
5.82,25,565.27,2,Clear,High,Fast Food,4.7,24,14,3,0,63.6,69.75859411931079
4.49,34,932.76,5,Clear,High,Chinese,4.6,34,20,3,0,75.6,75.64491185157758
5.91,22,205.89,1,Cloudy,Low,Pizza,4.4,23,1,3,0,54.6,45.67856079512721
7.28,8,668.0,3,Rain,Medium,Bakery,3.2,11,20,6,1,61.8,56.60742907001246
5.59,21,248.84,2,Cloudy,Low,Fast Food,4.5,17,8,2,0,42.5,44.981733413064106
6.84,19,983.03,3,Clear,High,Chinese,3.9,23,19,4,0,71.9,68.76119981011654
2.23,17,632.38,2,Clear,Medium,Cafe,4.0,13,22,6,1,37.7,40.49351630122956
2.24,18,344.45,1,Cloudy,Medium,Cafe,5.0,21,6,4,0,45.1,39.7131138710383
4.5,17,388.4,2,Clear,Low,Fast Food,4.4,12,23,6,1,34.4,38.68165870504462
1.23,24,245.81,1,Rain,Low,Cafe,3.8,19,0,0,0,44.8,37.12095863903297
0.5,22,1004.47,3,Clear,Medium,South Indian,4.5,23,20,6,1,40.9,38.83154658047361
4.46,18,174.15,1,Storm,High,Fast Food,4.2,14,11,6,1,69.9,72.34097306182954
0.53,8,884.98,3,Storm,High,Desserts,4.6,10,8,4,0,45.9,47.945548109862216
5.21,24,339.31,4,Clear,Medium,Pizza,4.3,29,1,2,0,59.7,52.95098531828742
5.95,32,708.58,3,Clear,Medium,Indian,4.1,28,8,3,0,56.8,65.23195692545467
5.57,38,174.24,1,Clear,Medium,Biryani,5.0,42,22,3,0,74.4,73.20046624894447
3.27,34,1128.99,4,Rain,Low,Indian,4.6,37,1,5,1,57.2,54.43713712494941
2.92,23,364.7,2,Clear,Medium,Healthy,4.4,21,2,5,1,40.6,44.23910472063498
5.74,42,1201.38,4,Rain,Low,Biryani,4.3,43,5,6,1,75.8,72.24931538538027
7.45,37,1181.92,4,Storm,High,Indian,3.8,40,12,6,1,100.6,102.31997601916696
1.76,7,1636.07,5,Rain,High,Fast Food,4.4,12,20,4,0,57.2,46.89199176797359
4.65,28,452.9,3,Clear,Low,Pizza,3.7,25,0,3,0,49.5,45.14801499957526
1.66,23,633.73,5,Cloudy,High,Healthy,4.3,27,2,1,0,54.6,52.55618503646178
5.51,18,529.62,2,Clear,High,Chinese,3.9,23,21,4,0,64.8,63.54260177839118
0.79,40,1279.19,4,Clear,High,Biryani,4.2,35,13,5,1,72.8,67.32032765385111
0.77,51,122.25,1,Clear,Low,Biryani,4.1,47,5,6,1,52.8,55.91962873037154
2.45,32,1097.0,4,Rain,Low,Pizza,3.9,32,10,0,0,42.1,51.65169249360471
2.25,22,1291.71,6,Storm,Low,Pizza,4.1,26,15,5,1,45.8,49.14783029201881
3.27,21,488.2,2,Cloudy,High,Desserts,4.3,19,22,5,1,66.9,60.76691047368754
7.35,15,256.7,1,Clear,High,Desserts,4.4,18,21,6,1,71.2,66.86040119382429
2.22,24,224.16,2,Clear,Medium,Indian,3.8,25,21,6,1,50.3,47.17831969809209
5.87,29,515.38,5,Clear,High,Biryani,3.9,33,14,6,1,70.4,74.30420368564869
2.2,37,537.16,3,Clear,High,Indian,4.6,37,21,6,1,70.4,70.85267662962659
4.79,35,111.75,1,Clear,Low,Chinese,4.2,33,15,6,1,51.2,56.10451177611453
2.36,23,785.46,6,Clear,Medium,Indian,4.0,20,12,6,1,47.0,44.531530355036445
5.35,34,237.11,1,Cloudy,Medium,Pizza,3.8,32,14,4,0,67.3,68.54070178750003
8.22,22,1305.23,4,Clear,Medium,Pizza,4.0,25,19,5,1,66.8,65.74954110917479
3.3,28,977.65,3,Clear,Medium,South Indian,4.5,23,15,2,0,52.0,53.45194863601763
6.74,24,253.43,3,Rain,Medium,Cafe,3.9,22,17,0,0,59.1,69.99370717268327
2.66,15,825.01,3,Clear,Medium,Fast Food,4.2,14,22,6,1,42.7,39.779352889410305
2.85,24,1243.41,5,Cloudy,High,Indian,5.0,26,5,5,1,51.9,58.347282543749486
6.92,23,579.48,3,Rain,Medium,Indian,4.2,26,22,6,1,76.4,70.75818317478242
8.66,35,160.36,1,Clear,High,South Indian,3.8,30,8,5,1,89.3,88.52479408833457
6.38,30,305.37,1,Clear,Medium,South Indian,3.8,27,22,5,1,61.2,67.95010021820299
1.16,22,121.78,1,Rain,Medium,Desserts,4.6,19,18,5,1,54.7,48.56798560166061
4.57,26,246.71,1,Cloudy,Medium,Biryani,3.7,31,12,2,0,58.1,57.49652615199419
5.11,26,722.57,3,Cloudy,High,Fast Food,4.2,21,6,6,1,66.0,68.47299858529438
0.81,20,380.89,2,Cloudy,Medium,Chinese,3.2,24,21,5,1,42.7,40.317761870411154
8.91,31,888.08,3,Rain,High,Indian,4.2,26,12,1,0,96.7,94.2118738542175
4.72,40,1294.39,6,Cloudy,High,Biryani,4.7,38,11,5,1,84.7,82.4987966370573
4.68,27,494.26,2,Clear,Medium,Healthy,4.0,29,14,5,1,62.6,57.24357507898137
7.08,41,382.65,2,Cloudy,Medium,Biryani,3.1,36,18,4,0,82.5,82.77532632529729
1.33,16,865.85,5,Clear,Low,Healthy,3.3,15,11,5,1,25.6,24.120930364553303
7.29,28,420.59,2,Rain,Medium,South Indian,4.3,27,22,5,1,68.0,76.99030103292927
4.81,20,354.31,2,Clear,Low,Cafe,4.0,18,1,2,0,35.9,37.95159038131319
0.55,31,261.89,1,Clear,High,Chinese,4.5,26,11,6,1,60.6,56.81160147490582
2.94,20,1079.93,4,Clear,Low,Healthy,4.4,24,0,0,0,31.6,31.113229918855218
4.02,16,381.7,2,Clear,Medium,Bakery,4.4,17,17,2,0,36.5,44.39778439830837
2.43,30,588.89,3,Clear,High,Pizza,3.9,32,13,1,0,65.4,62.85573492953801
6.56,13,282.7,1,Cloudy,Medium,Desserts,3.6,16,11,6,1,58.6,51.0639835413608
5.2,12,587.19,2,Cloudy,High,Fast Food,4.1,11,22,2,0,61.3,58.41045896150669
2.65,26,1025.24,3,Clear,High,South Indian,4.0,30,21,2,0,64.3,61.44690168578666
4.28,25,88.35,1,Cloudy,High,Pizza,4.3,29,22,4,0,67.4,68.34413460626324
1.1,27,383.35,3,Cloudy,Medium,South Indian,3.4,26,18,6,1,49.0,47.53809401686441
2.66,37,544.26,2,Cloudy,Medium,Chinese,3.5,33,22,5,1,63.5,64.02837805648574
7.74,21,134.64,1,Cloudy,High,South Indian,4.3,22,13,0,0,77.7,74.27334504802545
1.57,20,463.44,2,Clear,Medium,Desserts,3.8,15,20,1,0,46.8,40.59916103737092
0.67,31,599.92,2,Cloudy,High,Pizza,3.2,29,14,1,0,56.9,59.988006282292396
0.74,24,476.08,2,Cloudy,Low,Pizza,3.8,29,12,3,0,35.8,32.195029670507694
2.07,17,229.17,1,Clear,Medium,Fast Food,4.4,19,22,4,0,34.3,39.68577096883798
5.63,35,2028.76,6,Cloudy,High,Biryani,5.0,32,12,5,1,73.8,80.92045091712889
6.79,16,747.01,3,Clear,Low,South Indian,4.0,17,1,1,0,46.0,40.7574621809043
7.09,27,176.64,1,Rain,Low,Indian,4.1,28,7,1,0,67.7,62.16800471908431
3.15,13,112.94,1,Clear,High,Cafe,4.0,13,19,4,0,48.9,49.79994528677588
1.15,36,454.3,2,Rain,High,Indian,3.4,33,19,6,1,79.8,73.79861985367822
3.35,33,664.16,2,Rain,High,Indian,4.2,32,7,3,0,74.0,75.64338901115327
2.14,30,190.46,2,Clear,High,Chinese,4.2,35,22,6,1,61.0,63.94580386190612
3.04,33,856.5,3,Cloudy,High,Pizza,4.0,34,12,6,1,80.4,69.79595217783013
4.58,26,334.48,1,Clear,High,Indian,4.6,28,9,6,1,64.2,65.43092766322027
2.95,25,1032.95,3,Clear,High,Fast Food,4.2,23,21,2,0,60.7,61.379014135777204
4.16,22,294.15,1,Cloudy,Medium,South Indian,4.5,23,8,3,0,48.7,50.8219938250361
2.48,18,317.9,3,Clear,Medium,Pizza,4.4,23,5,3,0,32.8,38.30759139571286
4.35,18,680.16,2,Rain,Low,Healthy,4.4,22,9,5,1,41.9,44.091391377870494
1.09,26,535.91,4,Clear,High,Indian,4.0,21,6,6,1,48.7,52.53166549895493
1.75,11,495.63,2,Rain,Low,Fast Food,4.4,14,8,1,0,29.0,27.505986361005533
6.67,30,541.21,3,Clear,Medium,Indian,3.4,31,10,2,0,60.3,66.28414256964325
6.47,11,526.98,3,Clear,Medium,Desserts,4.5,15,11,1,0,50.4,46.59401488409726
4.02,7,438.15,2,Cloudy,High,Cafe,3.5,10,18,6,1,50.8,48.654071392363264
2.4,20,195.3,1,Cloudy,Medium,Chinese,4.2,23,22,6,1,48.3,46.001366316162844
6.38,19,156.02,1,Cloudy,Medium,Healthy,4.4,24,16,2,0,48.3,57.52445068381419
2.33,17,629.49,2,Clear,High,Healthy,4.0,17,14,6,1,48.3,49.80351505490678
2.0,12,315.81,1,Clear,High,Fast Food,4.4,11,22,6,1,40.7,45.23067759498873
3.95,22,707.85,3,Storm,Medium,Pizza,4.0,25,0,1,0,68.0,61.36558734130287
6.32,8,401.86,3,Rain,High,Bakery,3.7,11,1,5,1,53.5,59.58953325481033
6.95,26,540.07,3,Rain,Low,Pizza,4.3,29,5,4,0,59.4,60.23564709705443
3.26,34,1653.1,5,Clear,Low,Pizza,3.8,31,3,6,1,41.0,47.05913115960123
3.96,17,223.51,1,Cloudy,High,Fast Food,4.5,17,6,0,0,58.8,55.32618024636359
8.89,35,349.32,1,Clear,High,Biryani,4.0,38,18,6,1,89.6,91.8660366625773
11.35,23,307.05,3,Clear,High,Fast Food,4.0,25,12,5,1,87.3,86.72595828451756
2.96,25,275.06,1,Cloudy,Medium,Cafe,4.7,23,19,6,1,55.9,52.259312712088956
1.47,27,152.26,1,Clear,Low,South Indian,3.6,27,5,3,0,32.9,34.14393143597607
1.41,16,614.12,2,Clear,Medium,Fast Food,4.5,17,20,6,1,33.0,35.91595072317516
5.25,35,348.68,2,Cloudy,Medium,South Indian,4.0,30,19,0,0,71.4,70.18733751112697
6.93,25,1951.98,6,Rain,Low,South Indian,3.8,28,11,5,1,66.0,60.60963895890732
4.65,32,325.91,1,Clear,Low,Chinese,4.6,34,21,6,1,55.1,53.96065424519984
6.67,19,222.6,1,Clear,Low,Healthy,4.4,20,21,4,0,46.0,48.02194220705336
2.92,15,740.87,3,Clear,Low,Desserts,4.5,15,7,3,0,25.1,27.571271887271543
8.4,14,392.34,2,Clear,High,Fast Food,4.4,11,21,3,0,71.0,69.38090957053997
2.35,12,1630.77,5,Clear,Medium,South Indian,4.6,15,6,5,1,32.8,32.06275694075532
5.13,21,987.23,4,Clear,Medium,Bakery,5.0,18,11,5,1,54.5,51.868085164376296
10.98,21,272.23,2,Rain,High,Fast Food,4.2,21,18,3,0,96.5,92.70440433145453
1.88,29,344.45,4,Clear,Medium,South Indian,3.4,25,12,5,1,50.8,48.88629164375023
8.28,18,428.29,2,Clear,Low,Fast Food,4.9,13,7,5,1,52.7,49.17926696137606
5.92,14,825.51,4,Clear,Medium,Cafe,3.5,14,6,3,0,37.0,46.77340981622126
3.83,22,624.7,2,Rain,Medium,Chinese,4.1,27,16,6,1,57.5,57.63878670734508
4.72,24,334.61,3,Clear,Low,Cafe,4.9,22,17,5,1,36.7,45.200231717232036
20.0,40,314.86,2,Clear,Low,Biryani,3.1,36,5,6,1,116.9,112.35861361021591
7.24,15,410.47,3,Clear,Medium,Fast Food,3.8,18,0,6,1,45.6,50.80564338325943
3.41,33,986.9,3,Rain,High,Indian,3.6,31,21,2,0,71.9,79.13050988437561
6.17,26,453.72,5,Rain,Low,Indian,4.2,26,13,6,1,61.0,59.29688440312933
5.71,14,429.73,2,Storm,High,Healthy,3.9,19,20,6,1,84.6,75.01387811576852
1.53,21,250.39,3,Rain,Low,Healthy,3.7,23,10,4,0,32.3,37.48897345881291
0.84,19,567.73,4,Clear,Low,Desserts,3.8,19,23,3,0,25.4,28.02310473840024
3.7,17,290.68,2,Clear,Low,Desserts,3.9,12,21,3,0,35.3,35.56030630296545
8.98,9,400.3,3,Clear,Low,Fast Food,4.2,14,0,2,0,41.8,41.07879468533831
5.64,39,1206.72,6,Clear,Low,Chinese,4.0,35,13,5,1,66.1,62.635226779880504
5.58,32,577.9,3,Storm,Medium,Pizza,4.6,29,22,4,0,86.8,82.08459945408597
1.77,15,869.23,3,Storm,High,Desserts,4.0,14,20,0,0,58.0,62.068575691606036
4.69,9,225.21,1,Rain,High,Cafe,3.6,14,14,6,1,55.1,58.0465999544755
1.94,30,203.16,1,Clear,High,Indian,4.0,27,19,4,0,55.2,62.53311443901243
0.63,19,638.87,2,Storm,Low,Desserts,4.6,19,23,2,0,37.8,42.20940501956917
1.42,23,1527.14,5,Clear,Low,Pizza,4.1,23,10,4,0,26.7,31.13887967972715
3.68,10,635.79,4,Rain,High,Bakery,4.3,15,13,4,0,53.7,55.03912493142337
8.54,25,335.79,3,Clear,Medium,Cafe,4.4,25,11,5,1,76.6,67.99805848868621
3.12,20,1909.07,6,Clear,High,Bakery,5.0,18,22,4,0,64.5,57.20166758792206
3.05,8,684.52,3,Clear,High,Bakery,3.6,13,11,4,0,44.3,42.555200902032745
1.52,16,97.87,1,Clear,Medium,Healthy,4.4,20,17,1,0,29.6,35.7339168775337
3.53,31,344.8,1,Cloudy,High,Chinese,3.6,33,9,6,1,65.2,68.90350475949145
3.35,11,540.69,3,Rain,High,Fast Food,3.5,10,19,5,1,65.6,56.27637829465052
6.83,31,496.33,2,Clear,High,Healthy,4.1,27,21,1,0,79.5,81.12427335571316
2.18,15,450.39,2,Clear,Low,Cafe,4.0,15,3,5,1,28.0,24.219489255381248
8.98,15,367.02,2,Clear,Low,Fast Food,4.2,14,16,6,1,44.6,50.79828549509784
4.13,25,319.63,1,Clear,Medium,Chinese,3.2,24,18,6,1,54.3,54.31956074433989
1.22,41,213.08,2,Clear,Medium,Biryani,5.0,42,19,6,1,60.0,60.28180138987649
4.48,18,159.04,1,Rain,High,Chinese,3.9,23,12,6,1,68.6,65.79345007117854
4.55,15,1390.71,4,Cloudy,Medium,South Indian,4.0,17,16,4,0,39.8,47.11765096613169
7.97,30,118.69,1,Clear,Medium,Indian,3.4,33,22,1,0,70.6,73.58338606515584
4.62,38,1341.78,4,Clear,Low,Indian,3.8,36,12,6,1,58.3,57.89194843059756
3.43,37,680.55,3,Clear,Medium,Chinese,3.5,33,22,2,0,61.8,64.72985113816831
1.38,22,137.14,1,Clear,High,Fast Food,4.3,24,20,5,1,57.1,52.62576153088248
0.5,20,290.17,1,Clear,Medium,Indian,4.7,23,2,5,1,39.8,32.68716785982555
1.24,31,150.41,1,Clear,High,Biryani,3.5,33,18,1,0,57.7,61.054522633097996
2.27,19,283.41,2,Clear,Medium,South Indian,4.7,19,14,1,0,39.7,40.52290472853004
3.1,26,426.64,4,Rain,Medium,Biryani,4.3,31,20,0,0,59.0,59.99216679353806
8.68,15,181.59,1,Rain,Medium,Healthy,3.9,19,14,1,0,68.6,67.11823112304202
1.06,31,679.9,2,Clear,Medium,Indian,3.4,33,0,5,1,45.1,45.403708327368165
4.71,41,760.59,3,Rain,Low,Indian,4.4,39,12,4,0,67.5,69.02969768543315
1.95,34,297.74,2,Clear,Medium,Biryani,4.2,31,2,5,1,56.3,52.001079216106056
2.13,18,702.28,4,Rain,Medium,Cafe,4.3,17,12,2,0,44.8,46.68315549151693
4.7,9,986.81,3,Clear,High,Desserts,4.0,14,22,2,0,58.0,51.835724346405726
3.89,14,470.39,2,Cloudy,High,South Indian,4.2,15,20,6,1,54.7,55.459632370510576
1.04,29,495.56,5,Clear,Low,South Indian,4.0,30,2,4,0,30.4,33.873171921595045
7.96,34,884.15,5,Clear,High,Chinese,4.6,34,12,5,1,89.2,85.96574538973906
13.92,29,257.51,1,Clear,High,South Indian,3.9,30,18,1,0,104.1,103.20012161978468
0.88,26,178.9,2,Clear,Medium,Healthy,3.9,29,21,2,0,46.4,44.50462144928375
1.25,25,422.44,2,Rain,Low,Pizza,3.9,21,5,2,0,44.0,39.27756519368036
3.28,20,344.28,1,Clear,High,Pizza,4.1,23,17,5,1,54.2,56.749705075296994
5.86,11,887.76,3,Clear,Low,Cafe,4.2,16,19,2,0,34.9,36.75115636448563
2.85,33,643.31,3,Cloudy,Low,Indian,4.2,32,2,5,1,45.0,46.246859537269806
4.23,31,403.07,4,Clear,Medium,Biryani,3.1,36,16,6,1,57.0,60.33999808697922
5.98,20,1114.93,4,Clear,High,Healthy,4.0,16,21,6,1,68.5,67.18952508919408
7.67,25,1037.29,4,Rain,Low,South Indian,3.8,30,15,6,1,53.0,64.10054220535396
8.49,17,220.43,1,Clear,Medium,Desserts,3.8,15,9,3,0,64.1,59.34199788935871
11.62,21,369.34,2,Rain,Low,Indian,4.0,21,15,3,0,73.0,73.88380431848486
2.99,45,1291.66,5,Rain,Medium,Indian,3.8,40,10,3,0,69.7,76.33879669665833
1.7,26,315.79,1,Clear,Low,Chinese,4.3,31,13,6,1,40.4,35.82409404756163
3.2,38,97.7,1,Clear,High,Biryani,4.8,37,13,2,0,78.7,73.62674766864279
8.55,15,1527.88,5,Clear,High,Fast Food,3.8,18,0,5,1,65.3,66.23832315994238
10.13,13,1031.54,3,Clear,Medium,Desserts,4.4,12,22,5,1,57.0,64.01568950214113
12.07,21,839.31,3,Clear,High,Healthy,3.7,23,21,4,0,86.6,89.5705108629895
1.21,47,269.54,2,Cloudy,Low,Biryani,3.9,42,3,1,0,54.8,54.920037815064546
3.25,29,670.21,2,Rain,Medium,Pizza,4.2,24,19,0,0,70.3,63.173943992227635
7.25,31,906.86,3,Clear,Low,Chinese,4.3,31,9,5,1,63.6,59.33991464522813
16.7,18,149.63,1,Clear,High,Cafe,4.2,16,19,5,1,99.6,102.23319505783675
2.41,11,330.83,1,Clear,Medium,Desserts,4.6,10,13,2,0,35.8,32.8409291762124
10.39,23,166.13,1,Clear,Medium,South Indian,3.6,27,16,0,0,71.2,73.58339808646798
4.74,8,302.92,1,Cloudy,High,Desserts,4.6,12,19,6,1,54.1,52.186301048505044
1.02,11,421.48,5,Cloudy,High,Bakery,3.6,10,22,0,0,49.0,42.80076331413029
1.8,31,1645.75,5,Clear,Low,Biryani,4.2,31,17,1,0,43.5,42.21647974806929
0.5,16,821.05,6,Clear,Medium,Fast Food,4.4,14,7,2,0,30.0,29.65370299274829
1.81,29,457.36,2,Clear,High,Pizza,4.3,32,19,2,0,57.8,61.03163961599428
2.17,16,174.61,2,Clear,High,Bakery,4.2,14,20,3,0,46.4,49.42137316354458
8.66,30,284.83,2,Rain,High,Healthy,4.5,25,21,5,1,91.5,94.4198274741714
4.7,28,894.29,4,Cloudy,Medium,Healthy,4.0,29,18,4,0,60.1,61.199771140368156
6.56,38,257.52,3,Rain,Low,Indian,4.3,36,10,4,0,72.6,72.01009988215104
6.38,18,247.59,2,Rain,Low,Cafe,4.1,22,6,2,0,49.5,50.515706972582215
3.72,26,111.38,1,Cloudy,Medium,Indian,4.2,26,22,6,1,59.6,56.58834438718277
0.5,13,243.85,1,Clear,Medium,Fast Food,4.7,14,12,5,1,33.3,27.832486553836986
4.09,36,542.1,2,Clear,Medium,Pizza,4.0,32,21,5,1,65.8,65.73825523149334
1.9,15,633.53,3,Clear,High,Bakery,3.8,15,21,4,0,45.3,47.79506660863083
3.5,15,607.23,4,Cloudy,High,South Indian,4.6,15,13,6,1,57.5,53.409041421195724
1.62,18,676.9,2,Rain,Low,Fast Food,4.2,23,2,0,0,29.2,32.73124289549945
5.3,26,433.33,2,Rain,Low,Pizza,3.2,29,2,0,0,49.3,53.86306752548326
3.24,12,674.23,3,Cloudy,Medium,Healthy,4.0,16,11,1,0,38.4,38.397383899488005
3.34,29,887.16,4,Clear,High,Indian,4.6,25,20,6,1,66.3,66.58705153520606
17.15,18,1045.94,3,Cloudy,High,Fast Food,4.4,15,21,3,0,109.5,106.04104729779169
2.35,29,287.35,2,Rain,Low,Pizza,3.8,31,13,4,0,51.9,49.0282431491368
4.34,20,532.86,3,Clear,Low,Cafe,4.2,22,12,6,1,44.3,38.84658827442879
9.55,34,515.84,2,Clear,High,Pizza,4.0,34,22,5,1,91.9,93.89735026331168
4.48,22,549.59,2,Clear,Low,Desserts,4.6,19,20,0,0,47.4,42.97318453516552
3.11,27,773.74,3,Cloudy,High,Healthy,3.7,23,2,4,0,54.5,61.793649724917394
0.57,25,885.69,3,Cloudy,Medium,South Indian,4.2,20,8,5,1,43.1,41.294477633675925
1.59,14,908.39,6,Rain,Medium,Bakery,3.9,17,13,1,0,38.5,40.91402194222219
2.03,10,331.52,1,Storm,Low,Bakery,4.2,14,2,5,1,32.6,33.31732842358637
2.79,17,341.83,1,Clear,High,Cafe,4.0,15,18,3,0,57.2,52.3208578193249
4.68,22,888.51,3,Cloudy,Low,South Indian,3.4,25,2,1,0,43.4,41.679009920447854
2.35,23,317.55,2,Cloudy,Medium,Healthy,4.3,27,21,6,1,45.5,48.60893072181202
7.98,16,479.52,2,Cloudy,Medium,Desserts,4.9,16,18,6,1,61.1,60.4701551241439
5.28,35,217.97,1,Clear,Low,Chinese,3.5,33,23,0,0,57.0,59.68897642918078
4.01,40,179.41,1,Clear,High,Indian,4.3,36,12,3,0,78.1,78.15087980862891
4.08,12,157.45,1,Cloudy,Low,Cafe,4.2,16,16,0,0,31.5,32.742253079222294
2.51,21,262.05,2,Clear,Medium,South Indian,3.7,18,2,0,0,37.6,40.72126106781712
2.97,20,993.12,3,Clear,Medium,Pizza,4.0,22,11,6,1,52.4,43.526604472636905
8.42,17,346.04,1,Rain,Low,Healthy,4.4,22,23,4,0,57.3,60.55470862314975
10.7,38,527.39,3,Clear,High,Chinese,4.1,35,11,1,0,100.9,99.37286099628697
4.03,43,307.75,2,Clear,Medium,Biryani,3.8,42,19,3,0,65.0,72.26499334998883
8.51,25,1556.38,5,Rain,High,Fast Food,4.7,24,2,3,0,83.8,84.38201893652405
3.83,12,636.75,2,Cloudy,Medium,Cafe,4.3,12,22,4,0,53.2,43.01617939946491
1.47,16,493.42,2,Clear,Low,Bakery,3.2,11,1,1,0,24.1,22.208660860005544
2.97,12,245.64,1,Clear,Medium,Cafe,4.9,14,13,2,0,35.5,35.86063671169109
3.0,16,941.2,3,Clear,Medium,Fast Food,4.2,14,14,1,0,44.4,40.095290127503276
5.8,35,285.42,1,Clear,Medium,Chinese,4.2,33,22,2,0,68.2,70.94565265652523
12.57,45,603.78,2,Cloudy,Low,Indian,4.0,40,15,3,0,94.4,95.32957897536724
3.75,25,601.78,2,Cloudy,High,Fast Food,3.8,22,22,0,0,68.6,66.37744489988222
4.75,25,502.7,2,Clear,High,South Indian,4.2,21,22,1,0,68.9,67.93416082753467
1.28,27,332.56,1,Clear,Medium,Pizza,3.2,29,20,4,0,48.1,46.77329058486226
8.56,10,668.56,4,Clear,High,Fast Food,3.5,13,20,0,0,60.4,65.77604782124672
3.63,28,873.75,3,Rain,Low,Chinese,4.1,29,8,5,1,52.9,51.37672520050465
2.28,9,679.41,2,Cloudy,Low,Desserts,4.8,10,7,5,1,21.9,21.26222233284801
1.17,20,506.83,2,Rain,Medium,Desserts,4.4,18,2,6,1,36.7,42.9861141281479
7.95,12,920.42,5,Cloudy,Medium,South Indian,3.8,16,4,6,1,43.1,53.24303810326979
7.48,25,104.66,1,Clear,Low,Cafe,4.1,22,3,5,1,54.6,52.78004709232493
8.73,12,325.56,2,Clear,Medium,Bakery,3.6,10,21,6,1,62.5,57.92172488092281
0.91,18,278.8,2,Clear,Medium,Desserts,3.7,14,19,0,0,47.2,36.03763744401874
10.42,15,1054.07,4,Cloudy,Low,Cafe,3.5,10,15,5,1,54.3,57.85499510665264
5.59,18,335.32,2,Clear,Low,Fast Food,4.2,14,3,6,1,39.0,38.941971144954614
3.56,27,231.05,1,Clear,Low,Pizza,3.8,32,8,5,1,43.2,42.20283996293702
6.52,30,318.32,1,Clear,Medium,South Indian,3.9,30,19,5,1,69.3,67.75114778340934
1.99,30,214.49,2,Clear,Low,Chinese,4.6,34,23,5,1,34.5,43.0593432178353
2.45,11,669.77,4,Cloudy,Low,Bakery,4.3,15,7,0,0,19.0,23.81571803684882
3.02,7,277.57,1,Storm,Low,Desserts,4.4,12,6,0,0,40.9,34.646196624948125
11.6,26,619.48,3,Clear,High,Cafe,4.4,21,19,1,0,86.3,92.3262155389883
8.01,21,132.55,1,Clear,Medium,Healthy,3.9,16,22,4,0,54.7,64.70679735342894
6.42,39,211.51,1,Clear,Low,Biryani,4.0,38,22,2,0,71.1,67.56128733419632
3.69,27,386.72,2,Clear,Medium,Pizza,4.6,29,14,0,0,51.3,53.58270157238918
2.17,22,306.03,3,Clear,Medium,Chinese,3.6,21,1,3,0,35.1,40.43447298644535
0.87,25,436.7,2,Clear,High,South Indian,4.5,22,18,3,0,53.1,53.416937117815344
8.61,10,1339.68,5,Cloudy,High,Desserts,4.1,11,22,6,1,76.2,68.49865875933821
7.68,20,1044.82,3,Clear,Medium,Chinese,3.6,24,15,4,0,46.6,61.03087611520144
5.02,12,835.5,3,Cloudy,Low,Healthy,3.9,16,7,1,0,37.5,34.02133314368618
7.37,9,1796.39,6,Clear,Medium,Bakery,4.3,12,18,6,1,44.8,49.435705214839984
0.73,14,162.68,2,Clear,Low,Bakery,3.6,10,23,5,1,16.2,22.613041834861164
7.13,19,460.23,5,Clear,Low,Cafe,3.9,22,10,6,1,37.5,47.152266996312775
7.19,27,1316.87,4,Cloudy,Low,Cafe,4.2,22,13,6,1,68.2,58.06962361146493
3.79,44,210.76,2,Cloudy,Medium,Indian,4.0,40,21,5,1,71.7,74.64787566842656
9.82,29,562.01,2,Cloudy,Low,Pizza,3.2,29,2,4,0,61.6,66.80148590437568
1.15,47,598.99,3,Cloudy,Medium,Biryani,4.0,43,18,0,0,67.7,67.8529589923159
2.16,14,877.04,6,Rain,Medium,Bakery,3.6,13,16,6,1,44.9,43.67104443775256
5.02,5,531.55,3,Clear,High,Fast Food,3.5,10,19,2,0,54.7,48.17735633850971
4.07,24,1551.72,5,Rain,High,Cafe,3.8,19,7,2,0,69.5,69.25760168525893
3.58,29,330.53,1,Clear,High,South Indian,4.3,27,12,3,0,62.1,65.58530598894542
2.2,32,306.41,3,Clear,Medium,South Indian,3.8,27,19,3,0,56.8,54.576494672518976
0.53,27,1260.06,5,Storm,High,Fast Food,4.2,23,19,5,1,66.5,69.43962718153524
1.35,23,382.7,2,Clear,Medium,Bakery,5.0,18,19,0,0,43.7,42.39999199704502
2.26,27,275.15,1,Clear,Low,Chinese,3.6,32,2,6,1,31.3,36.35382086034798
1.96,13,655.15,2,Clear,Medium,Desserts,4.5,15,12,6,1,30.4,33.109350918020375
4.39,49,361.31,3,Clear,Low,Biryani,3.7,46,2,0,0,63.6,65.87423541681596
3.85,23,799.65,5,Clear,Medium,Chinese,4.3,23,22,4,0,56.4,52.06630476075563
0.51,29,171.45,1,Clear,Low,Pizza,3.7,25,0,5,1,31.1,31.67025550649085
15.24,17,1535.62,5,Clear,Low,Fast Food,3.7,22,21,4,0,85.9,75.99544369389953
4.96,23,252.9,2,Clear,Low,Fast Food,4.3,24,16,0,0,44.3,44.66351570430699
3.82,8,1285.78,4,Clear,High,Cafe,4.4,11,12,6,1,50.2,45.53240078668803
11.14,25,612.2,4,Clear,Low,Healthy,4.1,27,5,1,0,70.2,66.00003206546769
3.21,7,1389.98,4,Clear,High,Desserts,4.1,11,20,4,0,49.5,44.18068764204781
2.24,26,603.53,2,Clear,High,Chinese,3.6,24,11,5,1,53.7,57.83604264761366
7.38,36,334.82,1,Clear,High,Biryani,3.1,36,19,5,1,86.0,87.90021112508225
15.35,32,117.73,1,Cloudy,Medium,Indian,4.3,36,8,0,0,103.6,100.06496186886218
5.43,21,580.71,3,Cloudy,High,Healthy,4.5,25,19,3,0,64.2,67.68941094171663
1.7,29,264.27,1,Clear,Medium,Biryani,4.2,31,1,0,0,41.2,45.86382846276237
14.45,27,340.3,1,Cloudy,High,Chinese,3.6,32,19,5,1,106.6,105.42279299587014
1.45,41,827.81,4,Clear,Medium,Indian,4.3,36,19,6,1,59.0,61.0046321995304
6.66,23,227.92,2,Clear,Medium,Healthy,4.1,27,18,4,0,66.8,61.06156207807873
0.5,32,160.72,2,Clear,High,Chinese,3.5,31,13,0,0,55.7,58.14722901204999
6.1,34,647.84,2,Clear,Medium,Indian,4.3,37,18,2,0,73.8,70.05424995727702
4.71,14,590.45,3,Rain,High,Desserts,4.5,15,13,1,0,56.0,62.62323945176291
4.7,33,410.18,5,Clear,High,Biryani,3.1,36,22,6,1,75.3,76.14435327461865
3.83,25,843.39,4,Cloudy,Medium,Fast Food,4.2,23,20,6,1,53.4,55.39476645449232
0.62,44,952.7,3,Cloudy,Low,Biryani,3.7,46,22,6,1,53.3,54.33973336283849
4.96,28,645.01,2,Clear,High,Chinese,4.3,31,18,1,0,64.3,70.86763466076127
10.34,46,674.39,3,Clear,Medium,Biryani,4.2,46,14,6,1,101.0,96.21205122661064
6.93,28,114.65,1,Rain,Low,Indian,3.5,26,3,1,0,60.1,61.75579045145349
1.87,14,171.17,1,Clear,Medium,Fast Food,4.2,14,21,3,0,40.6,35.74567857255229
7.84,30,684.83,3,Cloudy,High,Indian,3.3,35,21,5,1,79.0,85.7323558447959
6.24,14,215.86,1,Clear,High,Desserts,4.3,19,19,1,0,58.4,61.4768528285358
7.42,14,598.29,2,Clear,Low,Healthy,3.9,16,20,2,0,49.1,45.454575594070874
4.68,16,417.54,2,Cloudy,Medium,South Indian,4.0,17,14,4,0,54.3,48.06972575684064
0.72,13,547.38,2,Clear,Low,Bakery,3.8,16,17,5,1,12.7,20.230803699442788
0.5,28,458.86,2,Rain,Low,South Indian,3.8,27,17,0,0,42.7,42.36129299163905
4.33,24,202.89,2,Rain,Low,Pizza,4.0,24,2,1,0,46.4,48.34050821963073
4.51,31,328.21,1,Clear,Medium,Indian,3.4,31,9,6,1,57.0,59.54704703775695
6.38,28,1291.81,6,Cloudy,Low,South Indian,4.7,29,2,5,1,59.9,53.48799769336997
1.33,40,1748.11,5,Clear,Low,Indian,4.6,37,10,5,1,45.6,47.81104909505429
15.45,41,1390.66,6,Rain,Low,Biryani,3.9,39,1,3,0,103.9,104.33277372849004
5.67,28,441.45,2,Rain,Low,Fast Food,4.0,23,21,3,0,64.0,61.318536989415776
7.39,23,1693.7,5,Clear,Low,Cafe,4.3,24,1,0,0,55.7,49.99517766859233
4.04,38,113.32,1,Clear,High,Biryani,4.2,43,20,0,0,80.6,78.24342670748692
3.68,28,515.3,3,Clear,Low,South Indian,3.8,24,7,0,0,39.3,43.253248571180364
0.92,15,935.77,4,Cloudy,Medium,Pizza,4.3,20,12,1,0,33.4,33.42232737167795
7.26,20,625.62,2,Rain,Medium,Pizza,4.3,20,13,4,0,75.3,66.87310906763936
5.26,20,526.36,2,Clear,Medium,Desserts,3.8,15,20,6,1,60.1,53.57849961480757
1.25,12,197.79,1,Cloudy,Medium,Fast Food,4.2,14,9,4,0,22.6,30.806896019898694
1.65,27,680.57,2,Clear,Medium,Pizza,4.0,29,18,2,0,44.9,47.487785716019275
5.29,27,93.62,1,Cloudy,Medium,Indian,4.5,23,12,4,0,63.1,60.73714282724445
4.53,14,896.43,4,Cloudy,High,Desserts,4.4,18,22,0,0,66.1,58.109920891854756
5.83,10,136.96,1,Rain,Medium,Desserts,4.6,10,13,4,0,61.4,51.758892590452376
2.23,23,188.94,2,Clear,Medium,South Indian,3.4,25,21,5,1,49.3,46.203112508535916
2.24,12,240.68,1,Clear,Medium,Fast Food,4.2,15,20,5,1,29.5,34.828482445619436
2.63,23,1704.31,5,Clear,Medium,Cafe,5.0,21,8,4,0,40.7,44.60838736568615
8.6,19,176.03,2,Rain,Medium,Cafe,3.6,20,22,4,0,80.5,72.75957694308697
7.34,8,329.64,2,Clear,High,Bakery,3.6,13,22,4,0,60.5,60.09073798554393
0.62,20,359.7,2,Cloudy,High,Desserts,3.6,16,22,0,0,46.1,50.50471511275845
5.64,14,661.29,2,Rain,Low,Desserts,3.7,14,13,6,1,50.1,45.534577984246745
0.5,27,207.36,1,Rain,Medium,Fast Food,4.0,25,12,6,1,52.6,49.89645511643813
9.16,27,553.68,6,Cloudy,Medium,Cafe,4.2,22,12,6,1,75.3,74.35378556990541
2.72,33,113.78,1,Rain,Medium,Indian,3.4,31,17,6,1,64.4,65.0203221421376
3.52,43,924.24,3,Storm,High,Biryani,4.4,46,20,2,0,100.6,96.4595620194914
4.33,31,649.5,2,Clear,Low,Chinese,4.3,31,10,2,0,48.7,49.31917571984102
5.95,17,702.82,3,Clear,Low,Healthy,3.9,16,23,5,1,44.5,44.00355394793519
8.54,23,430.25,4,Rain,Medium,Cafe,4.9,22,21,0,0,68.6,76.08100321236957
1.79,26,583.72,5,Clear,Low,Pizza,4.1,25,8,3,0,32.8,34.88586765736983
8.76,29,534.25,2,Rain,Medium,Biryani,3.5,33,10,6,1,74.8,80.7465260194038
3.97,19,346.27,2,Cloudy,High,Cafe,3.6,14,22,5,1,63.0,61.371189152604735
1.62,25,911.33,3,Clear,Medium,Fast Food,4.7,24,22,4,0,50.0,46.10549988859097
1.42,24,244.8,2,Clear,High,Healthy,4.1,27,1,5,1,49.5,50.60786266086345
4.49,24,303.64,1,Cloudy,High,Pizza,3.7,20,22,5,1,74.9,68.13671696956112
2.97,35,129.78,1,Clear,Low,Biryani,4.8,37,20,2,0,51.3,50.906995088550374
5.79,7,298.52,1,Clear,Low,Fast Food,4.4,11,7,1,0,31.9,29.491937479297246
1.41,39,343.76,1,Clear,Low,Biryani,5.0,42,7,1,0,55.0,46.4573394411414
3.94,30,998.79,4,Clear,Medium,Indian,3.8,33,4,3,0,57.8,55.33714759862717
1.8,21,226.37,1,Rain,Medium,Chinese,3.9,23,20,4,0,53.7,50.437734019904674
2.86,24,180.18,2,Rain,High,Healthy,4.7,26,19,6,1,66.3,67.6330466001493
5.52,27,144.08,1,Cloudy,High,Chinese,4.3,23,19,3,0,70.4,74.00303826954959
4.88,11,715.75,5,Clear,High,Cafe,4.2,16,6,4,0,48.8,50.83602150661352
0.5,40,711.71,6,Clear,Medium,Biryani,4.2,43,1,0,0,54.1,52.63897333370624
2.55,26,418.2,2,Clear,Low,Pizza,4.3,29,0,6,1,40.4,35.76788568379014
3.63,13,713.32,4,Clear,Low,Fast Food,4.3,16,1,4,0,29.4,26.600826669001933
6.62,23,473.84,2,Clear,High,Cafe,4.4,19,6,0,0,58.0,68.8911569084677
1.74,17,988.09,3,Clear,High,South Indian,4.3,22,5,2,0,37.0,45.524452599344556
2.93,51,278.01,1,Cloudy,High,Biryani,4.1,48,22,6,1,100.2,89.88722927096805
4.3,19,97.26,1,Clear,Low,Cafe,4.4,14,17,1,0,29.2,38.75108774263142
6.9,13,1714.23,6,Clear,Medium,Healthy,4.2,18,17,3,0,47.1,51.66568407967982
9.64,36,984.64,3,Rain,High,Biryani,4.3,38,21,2,0,103.5,104.04808507019467
6.22,16,334.22,1,Clear,Low,South Indian,4.4,20,12,2,0,50.8,41.26035498016229
1.23,28,340.84,3,Clear,High,Chinese,4.2,24,11,2,0,65.3,56.15694105779016
1.93,30,500.99,5,Clear,Medium,South Indian,3.6,27,6,5,1,48.9,48.660299660891944
5.69,29,171.09,2,Clear,Medium,Pizza,4.0,34,1,3,0,63.9,59.7268924490462
4.24,13,274.31,2,Clear,High,Bakery,3.9,10,19,5,1,51.3,53.48246828058899
14.15,18,604.45,3,Rain,High,Pizza,3.9,21,19,0,0,93.0,101.15639460209539
4.64,13,314.36,2,Cloudy,Medium,Healthy,3.9,16,14,1,0,45.2,44.9897103428982
6.14,20,655.4,5,Clear,Medium,Cafe,4.4,19,13,1,0,56.8,54.98377564418057
7.99,47,94.21,1,Cloudy,Low,Biryani,4.2,46,5,1,0,82.2,79.10335709373538
4.83,29,354.42,4,Cloudy,Medium,Healthy,4.0,29,18,5,1,64.3,62.59958141598069
2.29,17,294.99,3,Clear,Low,Pizza,4.3,20,12,1,0,37.8,28.498324382308
2.17,24,202.04,1,Clear,High,Healthy,4.1,27,18,4,0,53.2,57.156509448581595
6.27,8,360.96,4,Clear,Low,Desserts,4.5,10,6,5,1,33.2,32.01247650796111
2.32,20,387.45,3,Storm,Medium,Healthy,4.0,16,12,2,0,63.5,56.42062604026192
5.13,19,1434.36,6,Clear,Low,Fast Food,3.7,22,5,3,0,35.6,38.875866311838124
3.77,26,927.84,3,Rain,Medium,Fast Food,4.0,23,22,4,0,64.7,62.65094435995065
5.43,34,222.18,1,Rain,Medium,Chinese,3.6,32,20,6,1,74.7,76.22344084051193
4.09,23,587.09,2,Clear,High,Healthy,3.7,23,20,4,0,65.1,63.39099813506245
2.62,14,630.33,6,Clear,Low,Healthy,3.9,16,1,5,1,27.9,24.232268149242856
3.34,21,708.33,3,Rain,High,Pizza,4.4,23,21,5,1,66.0,66.75682124552303
1.09,15,680.96,2,Cloudy,Medium,Cafe,4.9,14,6,5,1,28.5,32.67589932379327
3.05,17,833.56,3,Clear,Low,Bakery,4.2,13,7,5,1,30.2,30.040367897085595
3.82,25,564.2,3,Storm,High,Indian,4.0,20,18,2,0,74.1,78.8211737145563
1.82,50,128.57,1,Cloudy,High,Biryani,4.1,48,18,3,0,87.2,84.04895490742234
4.02,12,1485.0,5,Clear,Medium,Fast Food,4.3,16,16,5,1,36.2,40.16409665572877
2.32,22,350.46,3,Clear,High,Cafe,4.2,22,12,1,0,51.8,54.22765326067438
9.9,12,138.15,1,Cloudy,Medium,South Indian,4.1,17,21,2,0,64.5,63.91032603512316
4.98,14,307.36,1,Cloudy,Medium,Desserts,4.6,10,18,6,1,45.8,47.9871173144617
6.92,19,283.27,3,Clear,Medium,Healthy,4.2,18,19,4,0,52.3,58.14337090643918
1.25,29,360.03,2,Cloudy,High,Cafe,4.4,25,11,3,0,55.7,59.25014355634438
6.12,23,559.33,2,Clear,Low,Pizza,4.7,23,7,1,0,47.0,46.765569025818884
7.59,22,684.88,3,Clear,Low,Fast Food,4.0,25,10,1,0,51.1,51.57366073687439
8.31,21,232.56,2,Rain,High,Fast Food,3.9,17,13,1,0,82.4,82.19925066308936
5.35,26,634.56,2,Cloudy,Low,Chinese,4.1,27,23,1,0,48.7,52.835046550114235
2.36,15,1344.95,6,Clear,High,Fast Food,4.2,15,21,4,0,52.6,49.284435868273505
1.24,23,606.51,2,Rain,Low,Indian,3.9,26,0,4,0,41.3,36.156771996047574
5.83,19,378.33,2,Rain,Medium,Bakery,3.8,16,16,5,1,57.7,61.529159140543975
9.25,17,242.85,3,Clear,Low,Chinese,3.6,21,22,5,1,64.9,55.326678400384125
6.91,15,503.03,4,Rain,High,South Indian,4.4,20,10,3,0,71.7,70.63810733214653
7.64,9,471.02,2,Clear,High,Fast Food,4.3,10,20,1,0,59.9,61.477902480052606
3.96,40,167.14,2,Cloudy,Medium,Indian,3.8,40,12,1,0,77.1,69.16717897426662
9.87,22,398.12,2,Cloudy,Low,Chinese,4.2,21,2,2,0,65.6,59.812562624426896
10.79,40,611.5,5,Storm,Medium,Biryani,3.9,39,14,4,0,101.2,106.74675591583465
5.82,14,169.78,1,Clear,High,Bakery,3.4,16,18,1,0,55.2,59.846816369196716
6.13,26,157.96,1,Clear,Medium,Pizza,3.7,25,23,2,0,54.0,63.324017281381124
1.81,20,613.34,3,Cloudy,Low,Cafe,3.3,21,0,3,0,31.8,29.299876369667373
8.31,33,829.63,4,Cloudy,Medium,Pizza,3.9,32,20,4,0,83.9,79.2617279355642
3.64,26,318.73,1,Cloudy,High,South Indian,3.4,26,19,3,0,65.0,66.47896852860818
1.47,22,263.24,2,Rain,Medium,Fast Food,3.9,17,23,3,0,44.0,50.76588904474492
1.05,16,1204.93,6,Clear,High,South Indian,4.0,20,12,2,0,54.4,43.70390753471072
2.34,22,171.74,1,Cloudy,High,Bakery,3.9,19,21,6,1,56.9,58.307380804463136
4.03,16,1411.0,5,Clear,Low,Healthy,4.1,15,0,2,0,31.7,30.97783616895341
9.03,33,256.02,3,Cloudy,Low,Chinese,3.5,31,7,5,1,56.8,69.12811733326281
9.7,18,305.03,3,Clear,Medium,Indian,3.8,23,2,6,1,63.5,63.00091103633903
8.3,38,310.92,2,Storm,Low,Indian,3.8,36,1,6,1,85.0,83.20301031107611
6.79,15,385.96,3,Clear,Medium,Bakery,4.3,12,1,2,0,52.3,49.40740692370844
1.79,26,215.97,2,Rain,Medium,Indian,4.6,28,3,1,0,49.3,51.328117607049876
3.99,28,603.04,2,Clear,Medium,Indian,3.8,29,10,2,0,56.2,54.86526334688652
2.23,20,773.47,3,Clear,Medium,Pizza,4.2,24,0,3,0,44.7,38.35407066431251
4.05,20,998.34,3,Clear,Medium,Healthy,4.0,16,23,3,0,44.3,50.07488571283838
6.84,31,996.43,4,Rain,Medium,South Indian,3.8,30,6,0,0,71.5,74.77997441078526
3.64,23,272.45,1,Clear,Low,Cafe,3.8,23,21,5,1,42.0,41.5152499435534
3.52,12,585.83,2,Clear,Medium,Cafe,4.0,15,19,5,1,41.3,39.31289115099527
5.25,26,521.56,2,Clear,Low,South Indian,4.5,23,13,0,0,58.3,48.054194814301525
1.53,37,266.61,3,Clear,High,Biryani,4.6,33,18,6,1,65.3,67.94731112624723
1.78,23,306.17,2,Clear,Low,Cafe,5.0,21,15,5,1,31.4,33.446461032507
5.37,34,316.04,2,Rain,Low,Biryani,4.6,33,18,0,0,68.9,65.76020774615483
4.56,31,1588.3,5,Clear,Low,South Indian,4.0,30,10,5,1,52.6,50.120755563884636
2.79,19,234.25,2,Rain,Medium,Bakery,4.4,20,20,1,0,61.7,51.68714463362788
5.01,22,1314.09,5,Clear,Low,Chinese,4.5,26,22,5,1,45.4,45.42971351519568
2.08,22,708.5,5,Cloudy,Medium,Pizza,4.4,23,4,1,0,40.5,42.60702109222134
1.94,29,202.07,1,Rain,Medium,Chinese,3.5,31,1,3,0,47.9,54.63271735536603
2.02,16,225.66,1,Cloudy,High,Desserts,3.8,15,21,5,1,46.5,51.209165038766216
2.34,29,205.61,1,Clear,Medium,Pizza,3.8,32,15,4,0,46.3,51.26060960851913
2.57,28,565.41,3,Cloudy,Medium,South Indian,4.5,23,19,1,0,58.4,53.72790545647364
4.25,14,241.86,1,Clear,Medium,Cafe,4.0,18,17,1,0,44.0,43.375112116077986
2.93,19,165.54,1,Cloudy,High,Desserts,4.4,18,13,3,0,56.0,55.482646628031546
7.15,20,253.05,1,Clear,High,Healthy,4.0,16,22,4,0,71.3,71.49516995397815
4.11,32,675.79,2,Clear,Low,Indian,4.4,32,4,1,0,48.7,48.113340804600824
1.81,18,1489.16,5,Cloudy,High,Chinese,4.3,23,21,3,0,49.8,52.50724778521718
1.17,20,319.0,1,Rain,Low,Fast Food,3.8,18,1,4,0,41.6,33.00811031958255
0.61,21,432.98,3,Rain,Low,Indian,4.6,25,15,5,1,35.4,35.25219195698766
13.77,39,612.77,2,Clear,Medium,Biryani,3.8,42,18,3,0,98.6,102.17489562856892
6.46,19,216.92,2,Cloudy,High,Indian,4.5,23,14,2,0,71.3,68.05893249624003
5.64,27,425.34,2,Cloudy,Medium,Fast Food,4.3,24,23,3,0,58.0,64.39412512765837
3.1,13,439.61,2,Cloudy,Low,Desserts,4.6,12,18,5,1,39.9,30.666855767055853
3.96,26,1256.01,4,Storm,Medium,Indian,3.8,25,22,5,1,77.9,70.52984196944217
4.54,23,365.11,3,Rain,Medium,South Indian,4.2,21,21,1,0,60.8,62.062837576255774
4.63,43,262.57,2,Rain,Medium,Biryani,3.9,42,12,4,0,85.7,80.68681064794276
5.35,13,493.33,2,Clear,Low,Desserts,4.6,12,10,3,0,33.1,34.74516021076056
2.48,23,362.25,2,Clear,Low,Pizza,4.8,24,21,4,0,32.7,37.2447180652485
8.46,24,460.23,2,Clear,Low,Pizza,4.0,29,1,5,1,49.2,54.723506734101164
2.79,38,221.0,2,Clear,Low,Biryani,4.7,38,1,6,1,46.7,48.960316642072556
3.29,38,269.49,3,Clear,High,Indian,4.2,36,19,5,1,65.5,75.2217268417962
1.35,36,432.82,3,Clear,Medium,Indian,3.6,31,10,3,0,51.4,53.63033512421722
8.59,19,829.05,3,Cloudy,Low,Fast Food,4.7,24,10,2,0,47.4,53.97594114774596
0.67,6,396.83,2,Rain,Low,Fast Food,3.5,10,23,3,0,17.6,22.287235971855623
8.6,30,302.88,3,Clear,Low,Indian,3.3,35,0,1,0,50.0,61.0222665662343
7.28,29,402.01,2,Clear,Medium,Pizza,4.1,30,0,5,1,58.6,65.06581620850768
6.26,20,542.74,2,Clear,Medium,Pizza,3.7,25,18,1,0,54.4,56.63311117386958
4.62,24,161.01,1,Clear,Low,Pizza,3.8,29,23,5,1,43.2,46.33832745813767
7.29,21,665.51,3,Clear,Low,South Indian,4.5,26,1,0,0,49.1,47.451786048135396
4.52,13,472.31,3,Cloudy,High,Desserts,4.8,10,22,1,0,56.9,56.99385088096144
8.96,18,140.25,1,Clear,High,Healthy,4.3,16,6,3,0,68.7,72.10329806200863
2.93,39,252.5,2,Clear,High,Biryani,5.0,42,14,0,0,74.3,73.86540104226002
1.25,32,429.87,3,Clear,High,Biryani,4.2,31,18,5,1,59.1,62.012113625252155
4.65,14,272.97,1,Cloudy,Low,Fast Food,4.2,14,2,3,0,39.7,33.38106487211836
2.9,20,939.91,5,Storm,High,South Indian,4.6,15,20,5,1,69.8,70.93341064351924
1.31,18,191.92,2,Clear,Medium,Desserts,4.2,14,8,2,0,35.4,34.874103278338445
2.58,44,237.34,2,Clear,Medium,Biryani,4.1,47,20,4,0,71.6,68.40280852232571
14.34,19,452.76,2,Clear,Medium,Cafe,4.4,14,11,2,0,77.5,82.28362707502602
5.79,17,468.42,2,Clear,High,Fast Food,4.4,13,22,6,1,63.5,63.503150198164185
2.43,21,918.15,3,Clear,Low,Fast Food,4.4,19,3,5,1,28.0,30.881288249494084
0.5,20,493.27,2,Clear,High,Desserts,4.5,15,20,5,1,48.3,47.60220041323015
7.12,17,539.26,2,Rain,Low,Desserts,4.0,14,12,5,1,57.0,53.4237619321469
10.1,22,642.3,2,Rain,Low,Chinese,4.1,27,4,5,1,63.0,67.11360213238848
2.65,34,310.14,1,Clear,Medium,South Indian,3.8,30,20,4,0,56.5,58.4465061727067
1.17,24,95.31,1,Cloudy,High,Pizza,4.0,29,18,1,0,55.5,55.53048774728822
2.33,29,129.66,1,Cloudy,Low,Pizza,4.1,25,0,0,0,35.3,39.904387382048036
1.7,21,310.36,1,Clear,Medium,South Indian,3.9,20,11,5,1,40.0,40.00343999379986
3.58,35,1282.83,4,Clear,High,Biryani,3.7,31,18,0,0,73.7,73.23964179911917
4.51,30,407.95,4,Cloudy,High,Pizza,4.6,29,11,4,0,70.1,71.5558337476553
2.24,8,1382.08,5,Clear,Medium,Fast Food,4.1,11,20,5,1,24.7,30.847855014686537
6.42,19,323.82,2,Rain,High,Healthy,4.0,16,21,5,1,78.4,75.61457276003108
1.67,18,466.82,3,Clear,Low,Indian,3.7,22,18,2,0,29.1,28.81370958251545
11.18,25,658.46,3,Clear,Low,Indian,4.0,21,23,2,0,64.9,70.2389307609449
4.18,26,876.41,3,Clear,Medium,Healthy,4.0,29,15,0,0,45.7,54.68450232729022
1.71,29,949.2,3,Cloudy,Low,Pizza,4.0,25,22,6,1,45.2,42.88606293455507
8.47,26,304.3,2,Clear,Medium,Pizza,4.0,25,9,3,0,61.3,68.27845559024419
1.31,22,574.24,2,Cloudy,Medium,Desserts,3.5,18,1,4,0,45.2,39.40144272827443
6.88,30,742.91,4,Clear,Medium,Indian,4.2,29,1,5,1,65.1,64.86460737511669
4.44,9,324.24,1,Cloudy,High,Cafe,4.7,12,22,4,0,52.7,52.89690269619563
10.18,19,266.85,1,Storm,Low,South Indian,3.8,24,2,1,0,58.0,70.90081241514537
2.84,17,443.0,4,Clear,Medium,Cafe,4.9,22,11,6,1,36.0,39.96636427054743
1.11,23,257.41,2,Cloudy,High,Pizza,4.1,22,14,4,0,55.5,53.40506480501865
2.63,23,303.24,1,Clear,High,Cafe,4.4,19,20,4,0,58.6,58.191007586784146
0.94,20,781.86,3,Clear,Low,Fast Food,4.0,25,10,6,1,24.9,26.343295600729462
0.85,30,895.48,4,Clear,Medium,South Indian,4.3,27,4,0,0,43.3,44.33225715714927
5.08,43,451.48,2,Clear,Medium,Biryani,3.8,44,20,6,1,71.8,76.21199129360264
1.51,24,684.31,2,Clear,High,Healthy,3.9,29,18,1,0,53.8,54.855307104897086
5.59,27,992.71,4,Rain,Low,Healthy,4.0,29,9,0,0,63.2,57.44445165386891
2.55,46,1019.12,5,Cloudy,Medium,Biryani,4.2,43,12,4,0,72.1,70.41062823699805
5.31,19,346.26,3,Clear,Medium,Bakery,4.0,18,15,3,0,51.1,51.50344304418761
11.29,32,289.16,1,Clear,High,Indian,3.3,35,21,5,1,97.4,97.85407675359205
1.9,24,462.09,2,Clear,High,Fast Food,4.7,24,12,0,0,50.9,54.51828487774967
5.38,17,337.75,1,Clear,Medium,South Indian,3.7,18,13,5,1,57.3,49.37250089669472
3.91,24,716.62,3,Cloudy,Medium,Chinese,4.1,29,14,3,0,53.0,53.47259179978618
4.45,18,364.16,2,Clear,Medium,South Indian,4.2,21,19,6,1,54.3,48.43346852073611
3.08,19,1356.86,6,Rain,Medium,Fast Food,4.4,15,18,0,0,55.3,52.15813265719064
3.54,17,307.62,2,Clear,High,Bakery,3.4,16,18,0,0,57.3,54.838256520119074
5.28,28,602.43,2,Cloudy,Medium,Indian,3.4,31,12,5,1,67.4,61.88736843419375
0.79,26,815.0,5,Rain,Medium,Pizza,4.8,24,12,5,1,51.1,49.880209302272
4.92,32,1355.22,4,Clear,Low,Indian,4.1,29,9,6,1,53.8,52.194587034844304
1.28,20,148.53,1,Clear,Low,Bakery,4.4,20,0,4,0,23.3,25.22307090166123
10.43,18,734.07,3,Clear,Medium,Bakery,4.0,18,11,2,0,73.2,67.53693665073523
3.48,45,1307.92,4,Rain,Medium,Biryani,5.0,42,7,5,1,72.9,77.41243117677206
3.95,30,173.34,2,Cloudy,High,Indian,3.8,29,5,4,0,58.2,68.33940698380678
7.44,21,252.44,1,Cloudy,Medium,Indian,3.9,26,18,5,1,69.5,63.73709626140723
4.21,22,334.58,2,Rain,High,Pizza,4.0,27,19,5,1,70.5,70.39805691318558
4.52,33,212.54,1,Clear,Medium,Biryani,4.3,35,19,5,1,64.0,63.91268059382852
1.6,15,425.61,2,Rain,Medium,Fast Food,4.9,13,18,4,0,39.3,42.962299310711856
2.02,18,259.95,1,Cloudy,High,Bakery,3.6,13,12,6,1,54.3,51.15018776018247
7.87,26,477.63,2,Clear,High,Cafe,4.4,25,22,6,1,83.1,80.02262782758004
3.59,25,841.22,5,Clear,High,Cafe,4.3,24,20,3,0,64.6,63.534979148394534
6.7,26,199.31,1,Clear,Low,Indian,4.2,29,10,3,0,52.8,52.584833261132026
3.6,20,1150.32,5,Rain,Low,Bakery,3.9,17,17,4,0,42.7,45.23437350315113
0.94,15,355.24,4,Clear,Medium,Desserts,3.7,14,10,1,0,31.7,31.06173018971073
2.68,18,490.97,2,Clear,High,Fast Food,4.5,17,8,5,1,50.3,50.38940823469825
1.56,18,405.35,2,Clear,High,South Indian,4.5,22,21,4,0,45.7,49.53495914914076
3.31,10,203.61,1,Clear,Medium,Fast Food,4.2,14,0,5,1,41.3,31.9846651839571
2.43,33,299.55,1,Clear,High,Indian,4.2,32,14,1,0,71.8,66.05755298109344
5.54,16,1173.39,4,Clear,Low,Fast Food,3.9,17,20,0,0,57.1,40.68109591155233
2.03,22,944.44,3,Clear,Low,Fast Food,4.5,17,10,6,1,34.0,32.08216693997226
8.91,42,570.49,2,Clear,Low,Biryani,4.3,38,8,2,0,76.7,76.04398928254457
1.48,32,511.71,5,Cloudy,Low,Biryani,5.0,32,16,1,0,42.6,43.63404610370749
2.61,24,1465.01,5,Clear,Low,South Indian,4.7,29,19,6,1,39.7,38.266417993163174
1.34,37,460.72,2,Clear,Medium,Indian,4.3,36,1,0,0,50.9,52.43640785340893
14.01,14,582.01,2,Cloudy,Medium,Desserts,4.5,15,19,1,0,83.0,79.82492814935247
5.08,8,259.97,1,Cloudy,Low,Cafe,4.7,12,16,4,0,26.6,32.2350015491802
4.34,15,470.79,2,Clear,Medium,Desserts,4.4,18,21,1,0,36.1,45.46410842458279
4.99,28,451.06,3,Clear,Medium,Chinese,4.3,31,22,6,1,61.1,61.10107586742268
1.38,16,434.72,4,Rain,Medium,Desserts,4.1,11,12,6,1,45.2,41.98375244679123
3.61,31,830.89,3,Clear,High,Pizza,3.8,32,4,4,0,66.7,66.00310681142933
1.57,6,163.97,1,Rain,Medium,Cafe,4.4,11,12,4,0,29.7,32.73385485119296
8.6,39,338.49,4,Clear,Low,Indian,4.2,36,4,4,0,71.6,70.85164561465986
4.06,47,821.43,3,Cloudy,High,Biryani,4.0,43,21,5,1,85.5,89.60468574348292
4.84,14,1315.91,5,Clear,Medium,Bakery,3.6,10,10,2,0,40.3,43.765976877314266
2.6,23,742.34,3,Clear,High,Chinese,3.9,23,18,2,0,61.3,57.63110979274863
2.68,6,474.86,2,Clear,Medium,Bakery,3.6,10,13,0,0,27.0,28.848117442520035
6.35,26,1304.14,4,Rain,High,Cafe,4.3,24,8,1,0,78.5,79.4076516697949
11.95,26,1320.78,4,Rain,Medium,Indian,4.6,28,2,5,1,93.5,86.77332444386249
5.24,32,477.21,4,Cloudy,High,South Indian,3.9,30,9,1,0,70.4,75.66209879468327
6.15,22,277.36,2,Cloudy,Medium,Cafe,4.4,25,22,6,1,60.2,61.14589029208535
4.18,15,312.45,2,Rain,High,Cafe,3.6,20,18,3,0,59.1,63.16322821365704
5.65,17,976.63,4,Clear,High,Cafe,3.9,22,19,4,0,62.4,62.61352991547178
9.39,25,256.7,2,Cloudy,Low,Cafe,4.3,24,19,5,1,63.7,65.07767304832893
2.22,25,1245.74,4,Rain,Low,Cafe,4.7,23,3,6,1,50.6,42.26528852731012
1.47,19,168.9,1,Rain,High,Pizza,3.9,21,22,3,0,51.5,58.48198067584956
2.41,17,313.52,1,Clear,Medium,Fast Food,4.2,14,0,2,0,40.1,35.81943605367666
10.11,37,347.49,2,Cloudy,Medium,Indian,4.2,32,9,0,0,83.3,86.94049601702596
1.64,29,308.54,1,Cloudy,Low,Indian,4.2,32,15,6,1,32.8,41.01597665158834
9.11,32,810.97,3,Rain,High,South Indian,3.6,27,20,1,0,98.8,97.77609530632883
0.5,15,823.49,3,Cloudy,High,Fast Food,4.5,17,21,5,1,50.4,44.71047920613833
8.58,25,203.6,1,Clear,Medium,Healthy,3.9,29,20,0,0,66.6,70.23532006853382
4.12,30,694.11,2,Clear,Medium,South Indian,4.5,26,18,1,0,66.9,59.00194161735553
7.7,16,692.4,2,Clear,Medium,Desserts,3.6,17,14,4,0,55.6,56.79022549886258
1.99,6,486.51,4,Clear,Medium,Bakery,3.9,10,21,5,1,23.0,28.238600681609206
1.07,36,740.1,4,Clear,High,Biryani,4.2,35,13,0,0,71.1,64.20457252305158
6.97,22,234.16,2,Rain,High,Cafe,4.1,22,14,6,1,82.3,78.9722777576215
4.09,50,287.63,3,Clear,Medium,Biryani,3.8,48,4,2,0,81.9,76.01887171884712
3.9,34,258.05,1,Clear,High,Indian,4.3,36,19,3,0,73.1,73.37863102445074
5.07,21,196.6,1,Storm,Medium,Healthy,4.2,18,20,3,0,63.6,68.90461667861645
2.18,14,218.51,1,Clear,Low,Fast Food,3.5,10,15,5,1,20.9,25.823152090248783
3.47,15,564.22,2,Clear,High,Healthy,4.1,15,18,5,1,49.6,52.67330490676106
5.76,19,920.33,6,Clear,Low,Bakery,4.2,14,8,4,0,37.8,41.71991232461569
4.66,35,529.43,2,Rain,Low,Indian,4.2,36,4,5,1,61.4,61.028967922162664
2.38,17,255.35,2,Clear,Low,Fast Food,4.9,13,8,5,1,34.6,27.73057946955258
1.73,23,994.93,5,Rain,Low,Pizza,4.0,27,5,4,0,39.8,38.986206151281635
2.21,13,167.5,1,Rain,High,Healthy,4.0,17,22,5,1,58.7,55.11063491936216
2.79,47,509.89,4,Clear,Medium,Biryani,4.3,49,18,6,1,77.4,71.65014505160791
11.58,25,817.53,5,Clear,Low,Pizza,4.1,30,10,5,1,67.2,68.67523377581378
2.04,18,551.71,2,Clear,Low,Healthy,4.4,22,8,2,0,28.2,27.812458636730156
8.05,24,668.81,2,Clear,High,South Indian,3.8,28,19,4,0,70.9,77.93854988638188
4.84,40,535.96,2,Rain,Low,Biryani,3.8,42,15,4,0,69.7,69.42743426633835
3.45,23,328.69,2,Clear,Low,Indian,4.0,27,1,1,0,34.0,36.12075218127467
9.51,25,1148.13,4,Cloudy,Medium,Indian,3.5,26,11,6,1,81.9,73.4654011552666
4.13,50,137.0,1,Clear,Low,Biryani,3.5,45,5,0,0,66.5,66.69400251791689
2.74,9,603.72,2,Clear,High,Desserts,3.7,14,20,5,1,46.0,44.55945465565223
1.15,12,665.58,3,Clear,High,Healthy,4.1,15,18,4,0,44.4,41.5461784181426
9.3,51,298.54,3,Clear,Medium,Biryani,3.7,46,13,0,0,101.7,97.30600927242043
0.58,17,167.65,1,Clear,High,Cafe,4.7,12,22,2,0,41.5,45.36718264469449
0.95,8,492.52,2,Clear,Low,Bakery,3.7,11,9,6,1,14.1,14.209275805990984
4.34,32,309.11,1,Rain,Medium,Chinese,4.1,35,15,1,0,67.8,69.1627279113089
7.69,27,686.42,2,Clear,Medium,Cafe,4.4,25,1,4,0,50.1,64.78692520604261
0.98,14,386.97,2,Rain,Medium,Desserts,3.8,19,21,6,1,39.8,40.748580093207615
1.94,36,587.35,2,Clear,High,Pizza,4.0,34,11,6,1,69.5,66.74405655691758
9.84,23,529.22,3,Clear,Low,Bakery,5.0,18,2,3,0,56.3,58.553887256725396
4.13,19,325.95,1,Clear,Low,Desserts,3.6,16,17,1,0,31.0,38.194748931908826
2.22,19,344.68,2,Clear,Medium,Indian,4.0,21,11,6,1,45.1,39.85780656626036
6.43,8,838.65,3,Clear,Low,Desserts,4.4,12,0,5,1,26.6,31.278417602180863
10.17,40,964.91,3,Clear,Low,Indian,3.8,36,7,1,0,73.6,78.1192594200844
9.5,18,558.59,4,Storm,Medium,South Indian,4.2,15,18,0,0,80.2,80.77558133015931
4.82,33,391.38,2,Cloudy,Low,Chinese,4.1,30,10,2,0,45.3,55.000948920712474
9.07,17,199.89,2,Rain,Medium,Healthy,4.0,16,3,6,1,67.8,67.97092451026332
4.49,20,952.56,5,Cloudy,High,Cafe,4.3,17,19,3,0,61.7,63.41058907550635
2.95,44,259.71,1,Clear,High,Biryani,4.2,46,4,0,0,77.1,76.77952230215499
4.62,27,218.18,1,Clear,Medium,Cafe,3.9,22,14,4,0,54.2,57.04906873859901
0.76,14,337.6,2,Clear,Medium,Healthy,4.0,17,20,6,1,28.7,31.853383310680236
1.51,13,586.12,2,Cloudy,Low,Cafe,4.9,14,5,4,0,23.7,22.198395973661334
10.08,15,975.78,3,Rain,High,Cafe,3.5,14,14,1,0,87.5,82.90973096169037
1.33,19,294.88,1,Rain,Medium,Pizza,4.2,24,16,2,0,40.8,45.7812213692602
0.5,25,744.37,3,Rain,High,Healthy,3.7,23,21,5,1,61.5,60.95928979700078
4.82,20,824.1,4,Clear,Low,Healthy,3.9,19,9,5,1,41.6,39.83669087143063
3.49,14,124.2,1,Clear,Low,Fast Food,5.0,15,1,3,0,34.7,27.010194482095528
2.35,23,140.95,1,Clear,High,Chinese,4.3,23,12,3,0,62.7,55.33079320655557
10.33,41,589.17,2,Clear,Medium,Indian,4.3,36,1,0,0,90.9,87.93169406534628
1.93,16,583.62,2,Clear,Medium,Cafe,4.0,15,12,1,0,31.9,36.10257579782179
3.04,21,585.26,4,Clear,Low,Bakery,3.9,17,20,2,0,39.1,36.97473553903011
7.23,32,1161.35,5,Clear,High,Indian,3.8,36,22,0,0,86.9,83.74826742541468
3.2,25,193.55,2,Clear,Low,Indian,4.5,23,4,2,0,34.9,37.85711545151996
3.64,20,319.19,3,Clear,Medium,Chinese,3.6,21,20,5,1,51.6,47.9464590983232
1.41,27,1145.49,6,Rain,Medium,Indian,4.2,32,13,1,0,52.5,53.35592022223134
1.61,31,286.35,2,Clear,High,Pizza,4.0,34,19,0,0,64.4,62.33203303022365
3.64,32,311.28,1,Cloudy,Low,Indian,3.4,31,3,0,0,44.5,48.303608846268325
4.18,18,320.32,3,Clear,Medium,Cafe,4.2,22,19,3,0,45.0,47.571912790937226
5.47,37,286.38,1,Clear,Medium,Biryani,3.8,42,12,2,0,73.9,69.70815227809567
6.22,10,642.29,3,Rain,Medium,Fast Food,4.3,10,22,0,0,53.2,55.067890955846444
7.76,22,638.41,2,Clear,Medium,Fast Food,4.4,19,19,6,1,62.5,63.94639302580374
3.23,20,312.51,1,Clear,Low,Pizza,4.8,24,3,2,0,30.8,32.731615057435505
1.14,25,569.5,2,Rain,Low,Cafe,4.9,22,16,3,0,41.0,41.39400325076954
4.06,26,261.31,1,Clear,High,Healthy,4.7,26,21,3,0,67.8,66.3723089823178
7.51,12,368.02,4,Storm,Medium,Fast Food,5.0,15,5,0,0,66.8,64.63772741652672
4.12,10,940.46,3,Cloudy,High,Bakery,3.6,10,6,6,1,39.9,49.14008889499726
5.92,34,476.77,3,Clear,Low,Indian,4.3,36,4,3,0,48.2,56.4710058161745
1.3,31,363.57,2,Cloudy,Low,South Indian,3.6,27,12,3,0,45.7,41.11682857715597
5.56,18,532.55,3,Cloudy,High,Indian,3.7,22,14,3,0,64.3,64.02943492246169
9.04,14,183.49,1,Clear,Medium,Fast Food,4.2,14,3,6,1,54.2,56.75232564077925
6.01,15,401.23,5,Clear,High,Cafe,3.5,14,19,0,0,64.1,61.77021234768581
4.45,15,748.26,4,Clear,High,Desserts,4.5,15,19,1,0,61.8,56.15438115672922
3.51,25,618.9,2,Cloudy,Low,Pizza,4.0,25,21,0,0,42.2,44.887670740297914
0.56,8,1294.07,6,Rain,Medium,Desserts,4.4,12,2,5,1,22.8,28.80575394802772
2.11,18,203.55,1,Clear,High,Healthy,4.4,21,21,4,0,41.1,51.576256477784085
5.08,26,227.29,1,Clear,Low,Chinese,3.9,23,6,6,1,36.0,46.07349351609453
1.29,32,500.47,3,Clear,High,Biryani,3.1,36,22,5,1,57.6,63.23482302109113
0.88,13,386.88,2,Cloudy,Medium,Fast Food,4.2,14,16,6,1,27.0,32.11836184053837
10.52,18,290.93,1,Clear,Low,Fast Food,3.9,17,15,6,1,56.8,59.024206497861336
2.4,7,196.2,2,Clear,Medium,Desserts,4.5,10,20,6,1,33.6,30.42884192660746
5.91,18,497.54,2,Cloudy,Medium,Desserts,4.9,16,19,6,1,53.6,55.45086371714503
2.35,13,766.33,5,Rain,Medium,Bakery,4.0,12,21,0,0,50.8,44.37268368455838
2.91,16,208.09,1,Clear,Medium,Desserts,4.4,12,12,0,0,42.1,39.354168159142255
2.4,10,676.15,2,Clear,Low,Fast Food,3.5,10,21,6,1,22.2,24.00461331901566
6.06,18,589.2,2,Clear,High,South Indian,4.2,20,18,2,0,56.4,64.62557859865741
4.9,40,690.36,2,Cloudy,High,Chinese,4.1,35,19,5,1,90.1,84.92937847646004
6.99,17,765.9,6,Cloudy,High,Bakery,4.3,15,21,6,1,77.4,69.48039091649687
2.4,13,220.03,1,Clear,Medium,Bakery,3.7,11,3,3,0,27.0,32.605983794145565
3.85,29,1214.97,6,Clear,Medium,Indian,4.2,32,18,6,1,63.6,57.176505472025205
5.57,17,576.04,4,Clear,Low,South Indian,4.1,17,17,2,0,31.0,41.119649643270506
6.28,13,981.5,3,Clear,Medium,Desserts,4.5,10,11,1,0,48.4,47.950307527508215
6.26,21,176.02,1,Clear,Medium,Cafe,4.1,22,15,5,1,55.8,56.98540185927132
4.8,24,201.67,1,Clear,Medium,South Indian,3.6,27,7,6,1,45.8,53.01088285395156
7.83,11,927.92,4,Clear,Medium,Bakery,3.6,13,21,6,1,56.5,53.79261193784643
5.06,25,1661.22,5,Cloudy,Medium,Cafe,4.4,21,17,6,1,53.1,59.227878258575416
5.15,16,688.71,2,Cloudy,Medium,Desserts,4.0,14,18,5,1,50.0,50.67173767093363
3.99,17,363.19,2,Storm,Low,Cafe,4.3,18,1,1,0,49.9,47.02171683415371
1.47,27,234.72,2,Rain,Medium,Cafe,4.7,23,19,5,1,63.8,54.963566255455035
4.56,30,273.43,2,Cloudy,Low,Healthy,4.5,25,10,2,0,45.4,51.03308732177337
5.01,34,429.64,2,Clear,High,Indian,3.8,29,22,6,1,76.2,78.01054184177505
0.74,26,530.03,2,Clear,High,Fast Food,4.0,23,22,2,0,52.9,54.87030958974857
7.07,21,220.97,2,Clear,Low,Desserts,4.4,18,0,3,0,57.0,46.4974902409712
5.52,21,178.16,2,Clear,High,Cafe,4.1,22,22,6,1,69.0,66.79612516613233
1.81,17,488.25,2,Clear,Low,Cafe,4.6,20,1,5,1,33.2,24.407511945947213
3.15,32,900.78,6,Clear,High,Indian,3.6,31,2,1,0,62.2,64.85510181733858
2.25,30,580.61,3,Clear,High,Chinese,4.1,29,19,0,0,64.0,63.58408965260987
2.37,34,252.95,1,Rain,High,Indian,3.4,33,19,2,0,81.5,76.03843562769798
4.88,19,760.5,3,Clear,Medium,South Indian,4.0,17,20,4,0,46.6,51.188702310216044
3.11,25,976.88,6,Clear,Medium,Cafe,4.8,23,14,6,1,57.3,49.62062615047853
1.08,19,333.79,1,Clear,Medium,Healthy,4.4,24,16,5,1,41.8,37.033002495771896
6.58,18,1045.67,5,Clear,Low,South Indian,4.2,21,10,0,0,40.5,44.04392313808664
14.05,27,420.77,2,Clear,Low,Biryani,5.0,32,4,5,1,81.5,78.02896262190347
3.6,14,220.66,2,Rain,Medium,Fast Food,4.4,14,21,3,0,53.8,49.69036045542255
3.29,29,1323.74,4,Cloudy,Medium,Pizza,3.8,32,18,2,0,67.6,57.249122353383356
6.29,29,269.4,1,Cloudy,Low,Indian,3.8,29,0,5,1,53.7,53.885875514802834
3.02,37,408.16,4,Rain,Low,Biryani,4.2,35,0,0,0,54.4,56.429490214099204
6.08,24,183.29,1,Clear,High,Healthy,4.4,22,11,0,0,74.6,69.1287593547134
2.22,12,1374.45,4,Cloudy,High,Bakery,4.3,15,8,1,0,44.0,44.83752645214251
3.06,18,678.16,2,Cloudy,High,South Indian,4.2,20,12,0,0,60.1,54.68757247814805
11.78,28,400.66,5,Clear,High,Chinese,4.3,31,12,2,0,91.3,93.31126432183613
5.64,41,698.65,3,Cloudy,High,Indian,4.3,36,21,5,1,95.3,88.90007876345
2.66,34,221.02,1,Clear,High,Biryani,4.7,38,11,4,0,66.3,67.33459765344611
4.17,14,946.05,4,Storm,Low,Desserts,3.8,19,15,2,0,46.7,47.864786848747805
2.26,26,317.68,1,Rain,High,Pizza,3.2,29,11,6,1,56.8,65.87733230937884
9.83,13,127.81,1,Clear,Medium,Fast Food,3.8,15,0,6,1,51.4,57.88193917576745
3.49,37,804.53,4,Clear,Low,Pizza,3.8,32,7,0,0,49.9,51.66537180065371
0.91,13,470.08,2,Rain,Medium,Bakery,4.0,18,21,6,1,45.1,39.449557189476835
2.7,7,257.68,1,Clear,Low,Bakery,4.7,11,2,6,1,18.6,17.603850431878406
2.3,24,1394.28,4,Cloudy,High,Fast Food,3.7,22,21,6,1,57.7,60.17736488658975
4.48,21,415.73,2,Rain,Medium,Cafe,4.9,22,19,3,0,59.6,59.48679020241262
1.98,28,132.99,1,Clear,Low,Chinese,4.1,30,3,2,0,34.6,36.482478257662564
3.76,18,905.92,3,Clear,High,Bakery,4.0,18,5,1,0,51.0,53.60417208099086
3.23,20,336.01,1,Clear,High,Cafe,4.3,24,22,5,1,57.5,57.77603754829287
4.58,32,617.38,3,Rain,High,Biryani,5.0,32,20,5,1,93.1,81.97654902095988
2.87,15,628.99,2,Clear,Low,Healthy,4.3,16,22,5,1,36.8,30.949648648421277
4.14,30,193.87,1,Rain,Medium,Pizza,4.1,25,2,5,1,58.5,63.439073648152664
5.62,14,265.24,3,Cloudy,Low,Cafe,3.5,10,16,2,0,37.5,40.20425355464844
4.7,34,456.07,3,Clear,High,Indian,4.4,39,18,1,0,72.9,75.896312420979
1.85,19,338.35,2,Clear,Medium,Cafe,4.2,16,6,0,0,37.3,37.38770978051029
2.58,51,321.16,4,Clear,Low,Biryani,3.8,48,16,2,0,67.9,64.74434375419011
4.84,22,816.48,3,Cloudy,Medium,Pizza,4.0,22,21,6,1,54.0,56.31860036751579
5.59,26,290.07,2,Clear,Medium,Healthy,4.7,26,0,3,0,56.5,56.096463093686104
4.38,23,990.74,4,Cloudy,Medium,Desserts,4.4,18,18,5,1,55.5,54.92168832055533
3.52,44,1980.73,6,Cloudy,High,Biryani,4.5,45,18,1,0,85.9,83.97344580766577
1.34,34,413.78,2,Clear,Medium,Indian,4.3,36,20,3,0,60.3,53.83317670810146
10.12,26,216.98,1,Rain,Medium,Healthy,3.7,23,12,5,1,83.1,82.77888041043374
0.77,16,615.92,2,Cloudy,Medium,Cafe,4.6,20,12,6,1,38.0,33.999031031923344
0.72,32,259.84,1,Clear,Low,Biryani,4.6,33,0,2,0,39.2,35.466034909795276
2.76,26,236.99,1,Clear,High,Chinese,4.3,23,21,3,0,66.4,61.83758508315916
4.83,11,528.78,2,Rain,High,Desserts,4.1,11,12,5,1,57.4,59.903400918395796
1.68,24,140.24,1,Rain,Medium,Cafe,4.3,24,18,0,0,47.7,52.48677383513516
4.08,15,179.91,1,Rain,Low,Fast Food,4.3,10,8,5,1,37.4,39.69286407550771
4.12,44,955.25,3,Clear,Low,Indian,4.0,40,16,0,0,64.5,62.965296166440524
1.28,15,670.61,5,Clear,Medium,Bakery,4.7,11,19,3,0,33.0,34.18104512501352
3.22,30,559.64,3,Rain,Medium,South Indian,3.8,30,11,6,1,60.7,62.29586360870636
12.43,5,108.69,1,Rain,High,Desserts,4.6,10,6,5,1,76.8,79.06170691387253
9.22,42,689.86,2,Cloudy,Low,Biryani,4.2,43,8,3,0,77.1,79.15098530786338
1.65,32,1560.04,5,Clear,Medium,Indian,3.8,33,4,2,0,54.7,49.33047712799835
0.84,30,193.37,2,Rain,Medium,Pizza,3.9,32,18,6,1,58.1,55.59447449701061
4.29,14,447.16,2,Cloudy,High,Desserts,4.5,15,3,1,0,47.1,52.906035868284135
0.8,35,260.83,1,Rain,High,Indian,4.6,37,18,4,0,74.3,71.19916021425152
1.98,28,1596.45,5,Clear,High,Pizza,3.2,29,1,6,1,53.4,56.707528754921846
0.5,25,223.54,2,Rain,High,Pizza,4.1,30,11,4,0,58.9,58.566263878966616
3.05,16,197.03,1,Rain,High,Bakery,4.2,13,23,6,1,58.3,61.15790079554342
6.8,19,956.67,5,Clear,Medium,Fast Food,4.5,17,22,4,0,68.5,58.21444491996899
2.7,21,452.18,2,Clear,High,Healthy,3.9,19,11,6,1,55.3,54.41508977991116
1.26,16,984.3,5,Clear,High,Bakery,3.7,11,22,5,1,47.8,46.76392908631089
5.99,38,636.32,3,Clear,Low,Indian,4.0,40,8,4,0,55.4,61.7133772498432
11.91,26,441.62,4,Clear,Medium,Cafe,4.3,24,9,4,0,74.5,80.34909688007319
2.95,26,639.37,2,Cloudy,Medium,Fast Food,4.2,21,21,4,0,57.6,53.55079083913112
1.7,14,1463.89,5,Rain,Medium,South Indian,4.2,15,7,0,0,41.7,39.929054740883984
2.84,25,487.18,2,Clear,High,Chinese,4.1,30,12,4,0,70.6,59.12119952851144
13.15,39,168.33,1,Clear,Low,Biryani,3.8,42,19,0,0,94.1,90.4499050240791
3.71,15,251.4,1,Clear,High,South Indian,4.2,15,13,1,0,58.0,52.20846691451911
8.07,43,749.48,4,Cloudy,Medium,Biryani,4.0,43,22,0,0,91.3,88.99951899891596
0.73,25,1045.13,3,Clear,High,Cafe,4.2,22,22,3,0,59.7,54.040633502528294
5.5,14,588.39,3,Clear,Medium,Healthy,4.0,16,4,6,1,37.5,44.7843329803118
3.06,22,286.02,2,Clear,Medium,Desserts,3.8,19,21,4,0,43.1,48.08898327811307
12.15,38,1004.76,5,Rain,Medium,Biryani,3.9,39,12,6,1,100.0,102.02536645163428
2.76,15,242.66,1,Clear,High,Desserts,4.9,16,19,0,0,54.7,50.188438795312656
8.43,13,299.52,2,Clear,High,Bakery,3.9,17,11,1,0,80.5,66.31320137814019
3.88,14,591.66,3,Clear,Medium,Bakery,3.6,13,23,5,1,42.2,43.39257359979281
1.19,34,847.27,3,Rain,Medium,Pizza,3.2,29,21,6,1,68.5,61.62405519210618
5.1,24,903.78,3,Clear,Medium,Cafe,4.2,22,20,1,0,59.5,57.042779917063406
9.0,25,903.02,3,Cloudy,Medium,Pizza,4.1,25,18,6,1,73.3,73.20430270855712
6.42,21,1186.64,4,Clear,Medium,Healthy,4.4,24,20,6,1,55.8,58.680403472145315
7.15,21,861.8,3,Clear,Low,Bakery,4.0,18,16,5,1,47.8,50.50735758286539
1.75,33,640.85,2,Cloudy,Medium,Biryani,3.9,33,22,6,1,59.4,56.94215924454519
1.0,39,457.04,2,Clear,High,Chinese,4.2,35,19,2,0,72.8,68.25059936986065
1.84,23,566.47,2,Clear,Medium,Healthy,3.9,19,14,5,1,39.3,43.28300837059558
3.56,17,722.5,4,Cloudy,Low,Desserts,3.6,16,4,5,1,34.5,33.19521796043732
2.33,28,320.66,1,Clear,Medium,Healthy,4.7,26,19,4,0,51.2,51.071821419975194
2.93,14,621.23,2,Rain,High,Healthy,4.2,18,21,5,1,61.3,58.39970743204889
1.56,16,1084.29,5,Clear,Medium,Pizza,3.7,20,22,3,0,36.0,37.090114861243606
0.5,21,192.78,1,Clear,Medium,Cafe,4.4,25,13,4,0,39.9,36.335439548134715
2.67,32,289.33,3,Clear,Medium,South Indian,3.6,27,20,1,0,55.3,56.44663654926646
1.43,35,131.04,1,Cloudy,High,Pizza,4.0,35,15,3,0,55.7,66.80397222178817
9.0,12,183.45,1,Cloudy,Medium,Cafe,4.3,12,9,6,1,58.7,58.12941183223767
11.36,13,1059.52,4,Clear,Low,Desserts,4.5,10,23,6,1,57.3,58.81024540234439
10.38,29,242.97,1,Clear,Medium,South Indian,4.3,30,9,0,0,78.5,77.86858542048287
1.58,20,107.78,1,Rain,Medium,South Indian,4.2,20,17,5,1,49.3,47.82986981171855
5.44,22,347.36,1,Clear,Low,Cafe,4.8,23,15,5,1,45.0,45.32110887828639
15.19,17,1005.23,3,Clear,High,Fast Food,4.2,21,14,2,0,98.8,94.63425284939711
0.73,37,123.91,1,Rain,Medium,Indian,4.1,39,14,5,1,56.9,61.285182779118486
4.46,34,195.12,1,Cloudy,High,Indian,4.3,36,19,3,0,76.5,77.30050102202046
1.16,34,687.09,2,Cloudy,High,Indian,3.8,33,18,2,0,66.4,65.57617681889134
4.41,25,994.98,5,Clear,Medium,South Indian,3.6,27,18,5,1,57.2,55.1408431356797
4.65,29,1541.44,5,Clear,Low,Indian,4.6,28,17,6,1,44.0,50.011804068264595
4.29,11,363.66,2,Cloudy,High,Bakery,4.7,11,11,2,0,56.5,51.67670007045838
1.58,23,264.57,1,Rain,Medium,Cafe,4.7,23,7,3,0,38.0,48.61493448648017
3.09,31,299.35,1,Clear,Medium,Biryani,3.7,31,0,6,1,51.1,52.63535480365471
0.5,29,1294.66,4,Rain,High,South Indian,4.7,29,20,2,0,65.1,64.52386552307195
1.54,31,628.7,2,Cloudy,Medium,Indian,4.2,32,20,6,1,50.5,53.539292142765575
5.03,29,686.77,4,Cloudy,Low,Biryani,4.4,34,17,2,0,45.1,53.431300984249916
3.82,43,94.13,1,Storm,Medium,Biryani,4.1,47,16,4,0,88.6,85.83038995263341
3.62,27,1844.9,6,Cloudy,High,Cafe,3.9,22,13,3,0,62.5,66.11278550613571
1.84,51,484.72,2,Rain,Medium,Biryani,4.4,46,22,3,0,75.0,81.15970732897848
4.81,41,1299.71,5,Rain,Low,Indian,4.4,39,17,1,0,67.3,70.48872251353939
1.96,27,791.07,3,Clear,Medium,Healthy,4.4,24,16,4,0,50.9,48.12134578587544
2.93,25,111.21,1,Clear,Medium,Indian,3.5,26,19,6,1,53.2,50.258542599200524
5.59,25,515.55,2,Cloudy,High,Cafe,4.2,22,19,4,0,78.0,72.32863402223192
3.71,15,211.96,1,Clear,Medium,Desserts,4.6,10,20,6,1,44.6,43.023211858921215
5.23,18,392.12,3,Clear,High,South Indian,4.3,22,22,0,0,64.4,62.56312476188412
5.34,15,710.15,4,Cloudy,Low,Cafe,4.4,14,1,0,0,37.9,36.67098011921132
4.01,14,1091.66,4,Clear,Low,Bakery,3.9,17,1,6,1,27.1,29.097497195336743
3.73,28,386.15,3,Storm,Medium,Indian,4.1,29,18,0,0,77.9,70.67570264086056
2.88,41,331.99,4,Clear,High,Indian,4.3,36,20,4,0,81.3,76.99539809492866
6.09,17,591.82,2,Clear,Low,Cafe,4.3,12,1,5,1,38.3,39.417386358300035
3.83,6,1020.67,4,Clear,Medium,Desserts,4.6,10,5,3,0,29.1,30.996078961022803
4.05,24,295.98,2,Cloudy,Medium,Cafe,4.3,24,21,5,1,50.8,55.557803458502455
5.71,11,282.95,1,Rain,Low,Healthy,4.0,16,6,4,0,37.7,41.19346145195945
3.52,13,927.79,3,Clear,Medium,Bakery,5.0,18,11,0,0,47.4,38.19550602613674
5.45,27,1086.39,5,Clear,High,Indian,4.2,29,18,5,1,69.1,71.56680451544317
2.46,26,488.68,2,Clear,High,Cafe,4.9,22,20,2,0,56.3,60.507127138398346
4.67,19,853.02,3,Clear,Low,Pizza,3.7,20,7,0,0,46.4,37.79809904970824
2.31,14,120.17,1,Cloudy,Medium,Desserts,4.4,16,10,0,0,34.9,36.766991345215956
1.52,5,140.61,1,Clear,Low,Fast Food,3.5,10,17,6,1,15.2,14.980344646721221
3.79,48,785.07,3,Cloudy,Medium,Biryani,4.0,43,21,2,0,78.6,78.8320586219112
2.05,40,180.7,1,Rain,Medium,Indian,4.0,40,19,6,1,71.3,70.08975544721875
8.14,32,290.52,1,Clear,Medium,Pizza,4.0,34,18,2,0,75.4,75.21941870175907
4.94,28,290.15,2,Clear,Low,Chinese,4.2,33,11,1,0,52.0,48.65940732268443
1.59,7,445.82,3,Clear,High,Cafe,4.4,11,20,2,0,37.9,38.46796324380722
7.37,27,223.06,1,Rain,Medium,Pizza,4.1,25,21,3,0,73.0,76.10402639484485
14.19,28,265.53,2,Clear,High,South Indian,3.8,27,22,3,0,103.0,104.07594539153268
1.08,17,167.87,1,Rain,Medium,Bakery,5.0,18,11,4,0,50.5,41.60952357948508
5.34,18,463.96,3,Rain,High,Bakery,3.9,19,16,5,1,65.0,69.60073637849555
6.49,24,1106.24,4,Cloudy,Medium,Cafe,3.9,22,12,0,0,60.7,62.06460465128081
4.49,22,319.84,1,Clear,Medium,Bakery,3.9,17,22,5,1,57.7,53.28899150404412
0.96,11,427.8,3,Cloudy,Low,Desserts,4.5,15,1,5,1,15.2,17.277573281277142
8.79,27,517.0,2,Cloudy,Medium,Cafe,4.7,23,14,2,0,76.8,73.49581041569778
3.68,19,1404.82,6,Clear,Low,Chinese,3.6,24,9,5,1,34.7,34.88969663899963
2.71,16,566.79,2,Clear,Medium,Healthy,3.9,16,0,1,0,37.2,36.075952101307465
3.7,32,696.96,3,Clear,Low,Pizza,4.0,29,3,4,0,42.4,46.51854429504864
1.37,25,934.44,3,Clear,Low,South Indian,3.8,27,1,4,0,31.2,30.894009063982278
3.16,19,651.23,6,Cloudy,Medium,Cafe,4.1,22,2,2,0,35.2,43.035274057125896
4.09,35,556.28,2,Clear,Low,South Indian,4.3,30,4,5,1,53.8,51.029766888341896
5.64,24,1132.53,5,Cloudy,Low,Cafe,4.4,21,21,6,1,49.4,51.41069502930394
0.5,9,441.25,4,Storm,Low,Desserts,4.0,14,13,5,1,40.9,29.488557833406922
1.54,38,163.75,1,Cloudy,Medium,Biryani,3.8,42,13,0,0,55.5,59.09926492795274
11.42,18,371.15,3,Cloudy,Medium,Desserts,3.9,18,11,4,0,76.4,73.01327071514118
10.32,18,783.46,3,Clear,High,Chinese,4.2,23,22,6,1,76.4,80.58717362931114
3.18,11,965.67,4,Clear,Medium,Desserts,4.8,10,0,5,1,27.5,32.54783784588486
2.82,15,575.33,2,Cloudy,Medium,Bakery,3.6,13,3,3,0,30.1,38.073192566363666
3.66,20,1070.43,4,Rain,Medium,Chinese,3.6,21,18,4,0,52.7,55.53895366589799
6.69,30,290.82,1,Clear,Medium,Pizza,3.8,31,4,6,1,66.5,64.98357432360147
0.5,16,372.81,2,Cloudy,High,Desserts,3.6,13,17,5,1,39.5,44.980599291898386
3.77,30,377.46,4,Clear,Medium,Pizza,4.3,32,19,2,0,61.7,58.04648758028403
2.49,12,1047.18,4,Rain,Medium,Desserts,4.6,10,21,3,0,42.1,43.899297324065486
5.87,27,550.65,2,Cloudy,Low,Pizza,3.8,31,16,2,0,56.2,54.0763517605983
3.13,10,565.63,6,Clear,Low,Fast Food,4.2,15,2,5,1,24.8,22.028081727016634
2.14,20,315.05,1,Cloudy,Low,Healthy,4.5,24,22,5,1,28.6,35.3522233363818
8.11,6,447.03,2,Cloudy,Medium,Bakery,3.6,10,4,5,1,43.7,47.81628847801866
1.35,12,514.35,3,Cloudy,Low,Desserts,4.6,10,13,2,0,28.1,22.350535614617193
0.97,17,397.38,2,Clear,Medium,Fast Food,3.7,22,19,1,0,32.0,35.19675182169694
3.78,35,309.05,2,Cloudy,Low,Biryani,4.4,34,1,1,0,56.2,51.37637435831478
3.75,30,600.5,5,Clear,High,Chinese,4.0,35,5,4,0,56.4,65.68249002964895
10.36,41,1571.39,5,Clear,High,Indian,4.3,36,21,6,1,93.7,103.5151231662249
1.05,34,1134.61,4,Clear,Medium,Pizza,4.0,35,21,3,0,53.4,53.107441722444925
3.3,37,274.77,1,Clear,Medium,Indian,4.4,32,3,4,0,63.9,59.795534424048746
4.3,18,83.21,1,Clear,High,Fast Food,4.2,14,22,1,0,61.7,59.249800473398835
5.91,14,409.61,2,Clear,High,Cafe,4.9,14,14,6,1,58.7,59.218699855301516
2.52,34,1408.59,5,Cloudy,Low,Indian,3.4,31,23,5,1,47.1,51.031712239168385
1.88,26,1514.13,5,Cloudy,Medium,Indian,4.6,28,0,3,0,50.2,45.07659423477948
13.45,20,970.58,4,Clear,Medium,Healthy,4.4,24,19,3,0,81.2,82.03232153548794
4.42,34,663.01,4,Cloudy,Low,South Indian,3.9,30,7,3,0,47.3,53.85444707210609
1.99,24,976.41,5,Cloudy,Medium,Healthy,4.4,20,1,2,0,44.1,43.68734862240055
3.09,22,352.27,3,Clear,Medium,Healthy,4.1,27,18,5,1,46.0,47.54119432187157
2.97,17,328.49,1,Rain,Medium,Healthy,3.9,16,17,0,0,43.2,49.795379366247616
1.16,20,788.3,5,Clear,High,Cafe,4.2,22,22,6,1,49.8,50.50679303117684
1.81,17,161.71,1,Cloudy,High,South Indian,4.0,20,16,4,0,47.2,50.287189391175495
2.07,38,315.9,2,Clear,Low,Chinese,3.6,33,23,5,1,41.7,51.472355438759536
7.7,17,91.42,1,Clear,Low,Desserts,4.4,18,8,2,0,44.4,46.53277170995532
3.84,15,301.0,1,Clear,Medium,Cafe,3.6,20,22,0,0,37.8,44.13418462908627
2.03,16,146.67,1,Clear,Low,South Indian,4.0,17,16,4,0,24.0,27.557749613514677
2.77,38,421.24,2,Cloudy,Medium,Chinese,4.2,35,8,5,1,62.7,62.1095087529432
6.88,24,609.18,2,Cloudy,Low,South Indian,3.4,25,19,4,0,56.1,55.320790737589526
10.81,30,923.39,4,Cloudy,Medium,Biryani,4.6,33,8,3,0,77.3,82.33661930338869
4.54,9,263.86,1,Cloudy,High,Cafe,4.0,13,2,3,0,44.2,48.736081543367746
5.92,29,180.22,2,Clear,Low,Pizza,4.0,24,0,6,1,49.5,50.570735910479456
2.54,26,464.38,5,Clear,Medium,South Indian,3.4,26,3,4,0,51.1,46.13760748009203
1.65,24,346.08,1,Clear,Low,Cafe,3.6,20,14,4,0,40.7,33.971226982012105
6.56,23,429.05,2,Clear,Medium,Chinese,4.2,21,13,6,1,54.9,59.53409116892281
3.15,32,988.24,6,Clear,Medium,Pizza,4.6,29,0,6,1,51.1,53.518661137110286
8.28,29,1332.28,4,Cloudy,Medium,Indian,3.4,31,17,1,0,64.0,74.52764462640495
1.44,8,379.99,2,Clear,Medium,Cafe,3.5,10,14,2,0,35.5,26.891534144083664
7.07,32,677.54,2,Clear,Medium,South Indian,3.9,30,17,4,0,62.9,71.23808689123105
2.13,25,1451.06,6,Clear,High,Pizza,3.2,29,13,5,1,60.8,56.93731676555705
3.26,45,681.83,4,Clear,Medium,Biryani,4.1,48,23,4,0,69.9,72.47396592869939
7.27,26,176.62,2,Clear,Medium,Indian,4.5,23,22,5,1,74.0,66.97705826701771
5.28,12,1062.32,4,Rain,High,Cafe,4.7,12,11,2,0,62.6,62.25218708525618
4.54,13,678.66,4,Clear,High,Desserts,3.6,17,11,5,1,51.0,52.78918284814677
3.5,6,603.75,2,Clear,High,Bakery,4.7,11,11,6,1,42.4,42.001701928855226
3.57,22,191.87,1,Clear,Medium,Desserts,4.4,18,20,5,1,56.2,49.56808067498358
8.0,35,145.31,1,Clear,Medium,Chinese,4.1,35,7,6,1,69.2,75.25532397398713
3.57,12,517.37,2,Clear,Medium,Desserts,4.1,11,20,3,0,43.0,39.587203818864666
3.67,23,569.95,3,Cloudy,Medium,Cafe,4.9,22,18,4,0,50.5,52.467237634145285
3.62,25,1464.51,5,Storm,Medium,Cafe,4.9,22,13,2,0,62.3,66.18150561442583
4.09,20,457.65,2,Cloudy,Medium,Cafe,4.7,23,1,3,0,48.6,47.066320484432694
2.68,31,233.63,1,Rain,Medium,Indian,3.3,35,3,5,1,60.3,59.69346228074502
4.45,25,281.99,1,Clear,Medium,South Indian,4.5,22,19,1,0,64.1,55.35858717915686
1.55,20,572.94,2,Clear,High,Indian,3.7,22,21,4,0,50.1,51.661873340297525
0.92,26,694.23,2,Cloudy,Medium,South Indian,4.5,26,13,0,0,48.0,44.60077221986573
3.84,20,221.94,1,Clear,High,Indian,3.8,23,10,5,1,46.2,57.13174705102516
1.41,21,626.38,6,Clear,Low,Indian,4.0,21,12,1,0,32.3,29.423969508475444
2.27,27,373.61,2,Clear,Medium,Indian,4.4,32,0,6,1,36.9,45.49779515435838
2.46,26,645.17,2,Clear,Medium,South Indian,4.3,27,19,6,1,58.0,49.49413644013486
7.41,7,629.48,2,Clear,High,Bakery,3.6,10,11,5,1,58.4,56.82154407702245
3.06,35,311.88,1,Rain,Low,Indian,4.0,40,3,5,1,61.5,55.23682116168993
2.86,21,1492.24,6,Clear,High,Healthy,4.5,25,12,0,0,62.7,55.09272045950024
5.15,24,569.88,2,Clear,Medium,Pizza,4.0,22,22,5,1,56.2,57.65077358702461
2.04,21,1059.37,5,Storm,Low,Cafe,3.9,22,8,4,0,42.9,45.90657597136521
1.33,21,345.59,1,Cloudy,Medium,Desserts,4.3,19,13,3,0,41.2,41.10800298397189
9.98,8,162.75,2,Cloudy,High,Bakery,3.6,13,19,4,0,71.2,70.60049993650807
2.96,24,328.4,1,Clear,High,Cafe,3.8,19,22,4,0,56.7,60.884820569972064
3.77,34,293.2,2,Clear,Medium,South Indian,4.7,29,18,6,1,63.9,61.775550090490206
1.72,12,562.57,2,Rain,Medium,Desserts,4.5,15,22,5,1,40.7,41.466083214485025
9.74,28,212.22,1,Rain,Medium,Indian,4.5,23,19,2,0,82.0,84.86858020390015
2.27,19,867.24,3,Cloudy,Low,Healthy,4.3,16,19,4,0,30.7,34.13487962895183
1.23,27,740.88,4,Cloudy,High,Healthy,3.9,29,22,3,0,56.1,59.751685271137795
1.24,24,1215.65,4,Clear,Medium,Fast Food,4.4,19,22,4,0,44.1,43.80297393762183
9.78,9,188.64,1,Clear,Low,Fast Food,3.5,10,23,4,0,46.9,49.281245941125945
1.53,12,727.74,4,Clear,Low,Healthy,3.3,15,10,2,0,16.8,20.57994359365646
3.9,25,1013.29,3,Cloudy,High,Cafe,4.1,22,13,2,0,68.3,65.04092620732129
7.76,12,943.36,4,Cloudy,Medium,Bakery,4.2,14,19,6,1,51.2,55.981926870426626
4.43,27,150.65,1,Clear,Medium,Healthy,4.1,27,13,6,1,55.6,56.12388043345715
4.84,40,231.42,2,Storm,High,Indian,3.8,36,13,6,1,104.5,96.35142525499138
3.57,29,1478.1,5,Rain,Medium,Healthy,4.5,25,21,1,0,73.5,64.7988940697379
3.65,42,310.89,2,Clear,High,Indian,4.0,40,19,5,1,85.4,80.54469743009342
11.94,12,266.93,1,Storm,High,Bakery,4.7,11,22,0,0,96.1,95.00032323795035
7.24,20,163.92,2,Clear,High,Chinese,3.2,24,22,1,0,70.6,71.84823839930682
7.0,23,546.39,2,Clear,Medium,Healthy,4.4,21,12,0,0,60.7,60.78585230841856
0.84,18,204.82,1,Cloudy,Low,Healthy,4.4,22,11,1,0,35.7,26.238681923291885
5.13,34,831.23,3,Cloudy,Low,South Indian,3.8,30,11,1,0,62.2,57.275902789229846
2.54,14,1431.22,5,Clear,Low,Cafe,4.0,18,0,2,0,26.1,23.807234937257277
5.88,11,124.63,1,Rain,High,Desserts,4.0,14,20,2,0,66.7,65.40183541782471
4.25,27,232.52,2,Cloudy,Medium,South Indian,3.8,30,14,1,0,61.3,57.57133141988054
4.38,27,314.31,1,Rain,Medium,Pizza,4.1,26,17,6,1,66.0,64.74774709380459
6.4,21,711.25,5,Clear,Medium,Healthy,3.9,19,16,3,0,56.9,57.658700960874924
2.62,23,709.69,4,Clear,High,Indian,4.0,21,12,1,0,54.1,56.230727721068305
1.58,26,1314.44,4,Clear,Medium,Chinese,4.3,23,22,5,1,51.3,47.17153391526095
2.62,22,963.23,3,Clear,Medium,Healthy,4.5,25,6,2,0,40.0,43.117339473242424
5.07,20,576.12,3,Cloudy,High,Healthy,3.7,23,20,1,0,62.6,65.72477293695941
1.59,22,614.13,4,Clear,High,South Indian,4.5,26,14,3,0,49.5,52.01154332705832
1.13,30,950.28,6,Clear,High,South Indian,4.3,30,20,4,0,64.1,59.81782503606243
4.38,27,699.12,6,Clear,Medium,Chinese,4.1,30,2,1,0,44.4,53.313474720223255
5.73,31,487.44,2,Clear,High,Chinese,4.5,26,19,1,0,77.8,76.73619550659397
3.51,15,240.64,1,Clear,Medium,Desserts,4.4,16,22,2,0,48.4,42.79438603543372
2.18,25,701.79,4,Cloudy,High,Pizza,4.0,27,21,3,0,64.9,60.77075679673385
1.42,33,687.06,2,Clear,Medium,Pizza,3.9,32,10,5,1,46.3,50.891717414528635
2.52,45,934.02,3,Cloudy,High,Indian,3.8,40,11,1,0,86.5,79.74259679606551
3.55,35,846.67,3,Storm,Low,Biryani,4.4,32,3,6,1,59.4,64.12779124271545
5.66,9,376.6,4,Clear,High,Bakery,3.7,11,12,1,0,57.0,52.814326833022506
1.18,50,212.26,2,Cloudy,Medium,Biryani,4.3,49,16,5,1,59.5,70.51765654781882
3.94,24,238.8,1,Rain,Medium,Pizza,4.3,20,23,6,1,49.3,61.52995560814852
1.8,23,700.83,4,Clear,Medium,Fast Food,3.8,22,18,6,1,43.6,43.897096672576325
1.87,19,1120.57,4,Cloudy,High,Desserts,3.5,18,19,3,0,54.7,53.28522499491247
0.5,11,335.8,2,Rain,Medium,Desserts,3.8,15,21,1,0,40.2,35.99940825782303
2.83,18,447.62,4,Clear,High,Fast Food,4.2,15,19,4,0,53.7,53.43336612972366
3.47,24,265.71,1,Clear,High,South Indian,3.8,28,18,3,0,67.4,61.63926828786844
4.82,16,1233.19,5,Clear,Medium,Fast Food,3.9,17,18,3,0,48.7,47.45052081828158
2.9,29,211.78,1,Rain,Medium,South Indian,4.3,27,7,0,0,62.3,59.12765358368606
2.37,28,205.81,1,Clear,Medium,Biryani,4.3,31,18,3,0,50.1,51.13418206003355
4.39,21,948.73,5,Clear,High,Pizza,4.3,20,20,6,1,65.1,62.27602190467295
1.95,22,297.65,3,Clear,High,Chinese,4.2,24,12,5,1,56.2,52.92656155566435
1.56,20,107.58,1,Clear,Medium,Bakery,3.8,15,18,3,0,44.1,40.09228813407663
4.3,27,549.2,6,Clear,High,Indian,4.2,29,19,6,1,67.5,67.71682400191973
0.61,14,1489.3,6,Cloudy,Low,Bakery,3.4,16,1,5,1,18.1,19.197060718902165
3.1,9,360.03,4,Rain,High,Cafe,4.4,14,5,6,1,52.6,50.26322143889399
8.91,12,694.78,3,Clear,Medium,Bakery,4.4,17,18,0,0,61.7,57.73157305711469
6.23,24,227.72,1,Cloudy,Medium,Pizza,3.9,21,7,6,1,53.5,59.97503269357904
1.65,23,222.93,1,Storm,Low,Indian,4.6,25,8,6,1,48.1,46.392446854894565
0.73,20,1098.43,5,Rain,Medium,Cafe,4.2,16,10,0,0,37.7,43.3153948910119
2.4,36,991.63,5,Clear,Medium,Chinese,4.0,35,11,2,0,62.5,57.53032027008359
4.43,17,1535.63,6,Rain,Low,Pizza,3.9,22,19,1,0,53.8,45.631542549995274
3.52,14,247.07,2,Clear,Low,Healthy,4.0,17,3,5,1,30.9,27.879722236960898
2.17,22,596.77,2,Clear,High,Cafe,4.2,22,20,2,0,64.4,55.59235606093126
1.82,49,527.81,2,Clear,High,Biryani,4.4,46,21,1,0,82.6,81.71030779723083
1.77,34,874.15,3,Storm,High,Pizza,3.2,29,19,6,1,77.5,81.06849952788961
3.36,15,301.95,2,Cloudy,Medium,Bakery,3.9,17,19,0,0,41.2,43.53934203496666
2.78,17,1158.68,4,Cloudy,Medium,Desserts,4.4,12,11,1,0,40.2,41.672845843973775
4.12,25,266.35,3,Cloudy,Low,Pizza,4.1,30,8,5,1,36.2,44.04818863606808
3.9,23,335.17,2,Rain,Low,South Indian,4.3,22,9,2,0,45.0,47.37304400475212
2.71,20,116.43,1,Clear,Medium,Pizza,4.8,24,18,1,0,46.5,44.03739905459168
10.69,27,170.33,2,Clear,Low,Cafe,3.8,23,22,0,0,73.2,70.35493318582235
4.15,22,592.3,4,Rain,High,Healthy,4.4,20,8,4,0,62.4,67.63741688566802
3.7,27,925.25,3,Rain,Medium,Pizza,4.0,22,4,1,0,56.7,59.347611934379756
8.82,44,922.85,3,Clear,High,Biryani,4.0,43,12,1,0,103.0,99.21963716778617
3.66,33,349.86,2,Clear,Medium,Chinese,4.3,31,21,4,0,73.0,61.217509573543595
5.69,23,672.6,2,Clear,Medium,Cafe,4.6,20,2,6,1,58.1,53.97469862317524
5.52,21,528.25,3,Cloudy,Medium,Chinese,3.6,21,8,0,0,61.5,54.71294570224043
2.61,15,689.88,2,Clear,High,Healthy,3.9,16,13,5,1,52.7,48.55531788347285
8.61,10,454.96,3,Cloudy,Medium,Desserts,4.6,10,21,3,0,59.1,57.340830121057884
0.57,6,135.56,1,Cloudy,Low,Desserts,4.6,10,17,6,1,10.0,14.5800853726399
3.05,16,901.29,3,Rain,Medium,Healthy,4.0,16,1,6,1,39.6,45.47003678514873
4.08,19,1186.0,4,Cloudy,Medium,South Indian,4.0,17,18,0,0,48.2,49.85230758650333
2.84,18,231.6,2,Clear,Low,South Indian,4.0,17,5,5,1,33.4,29.851282193116695
10.3,10,594.04,2,Storm,Medium,Bakery,3.9,10,19,5,1,80.4,75.92594218979428
5.05,19,1209.26,4,Clear,Medium,Cafe,4.0,15,17,5,1,44.8,51.225331756285556
5.86,40,1445.42,5,Clear,Medium,Indian,4.3,36,8,6,1,72.1,72.9615488948349
0.92,29,1275.51,6,Cloudy,Medium,South Indian,3.8,27,21,6,1,53.1,49.56420508968144
4.85,20,570.43,2,Cloudy,High,Healthy,4.0,17,21,0,0,59.1,65.12874246691202
2.93,11,1852.96,6,Cloudy,High,Desserts,4.4,12,13,5,1,56.3,47.51684164392128
7.22,19,303.75,1,Clear,Medium,Fast Food,4.2,14,7,5,1,54.8,56.2897147161159
5.4,23,572.05,3,Clear,Low,South Indian,4.0,20,17,3,0,42.7,46.580434505392944
3.15,16,1376.86,5,Clear,High,Desserts,3.9,12,0,6,1,49.2,48.3979457378215
1.03,16,206.62,1,Cloudy,Medium,Bakery,3.9,19,18,0,0,35.0,36.16816446568993
1.18,24,393.93,2,Cloudy,Low,Pizza,3.9,22,17,2,0,29.3,34.823391863424966
4.2,34,360.52,2,Clear,Medium,Biryani,4.8,37,19,4,0,65.4,63.73529793412317
10.18,5,242.58,2,Clear,High,Fast Food,3.5,10,18,6,1,62.7,66.05038133633128
5.32,35,246.15,2,Clear,Low,Biryani,3.9,33,16,3,0,54.2,58.32789440385525
2.97,36,250.74,1,Clear,Medium,Chinese,4.6,34,8,5,1,49.2,58.794314811475374
3.34,9,372.66,3,Clear,Medium,Bakery,4.2,14,6,5,1,31.1,32.51210600733364
8.48,20,640.33,2,Clear,Low,Healthy,4.4,20,15,6,1,53.6,54.00781350517822
3.45,15,1040.36,3,Rain,High,Fast Food,4.1,11,23,0,0,54.3,61.46111332788961
1.53,21,115.45,1,Clear,High,Cafe,4.2,22,13,4,0,51.8,50.75417482895097
3.07,14,249.63,3,Storm,Low,Bakery,3.8,16,17,1,0,47.6,44.37334128858811
3.86,24,312.31,2,Clear,High,Indian,3.9,26,11,6,1,73.2,61.43016146413231
1.99,30,250.77,2,Clear,High,Indian,4.4,32,7,6,1,53.2,59.913140905141844
6.24,13,975.44,3,Clear,Low,Fast Food,4.9,13,23,3,0,37.4,40.725105572793794
7.84,33,314.75,2,Clear,Medium,South Indian,4.7,29,12,5,1,77.6,73.64146677390423
3.01,34,161.78,1,Cloudy,Low,Pizza,3.2,29,15,6,1,49.4,50.92188333586808
18.05,37,166.01,1,Cloudy,Medium,Chinese,3.6,32,21,0,0,118.4,117.61868721541893
7.06,31,220.18,1,Cloudy,Medium,Biryani,4.3,31,14,1,0,77.9,71.57970843679648
3.87,23,1272.11,5,Clear,Medium,Pizza,4.0,25,20,6,1,56.6,51.735827212829285
0.5,30,717.84,3,Cloudy,Low,Pizza,4.0,35,15,6,1,37.1,38.057671521841215
4.09,9,513.0,4,Clear,Low,Cafe,4.4,14,12,0,0,26.1,26.833232603119313
4.05,18,480.71,2,Cloudy,High,Cafe,3.8,19,13,5,1,61.1,58.5912841729382
3.33,42,669.26,5,Clear,High,Biryani,4.5,45,19,0,0,81.7,79.46321250051558
5.19,20,836.04,4,Clear,Low,Bakery,4.0,18,18,5,1,44.5,43.07957395732328
1.68,17,310.11,1,Clear,Low,Cafe,4.0,18,7,0,0,35.4,25.352334528665047
5.51,16,1067.24,6,Cloudy,Low,Fast Food,4.9,13,15,0,0,41.1,41.20370123657453
7.63,21,143.82,1,Clear,Medium,Pizza,3.9,21,18,0,0,63.1,62.36189678438432
2.6,54,1105.05,4,Clear,Low,Biryani,4.3,49,10,5,1,58.9,66.46588617507108
2.47,15,938.39,4,Clear,Low,South Indian,4.0,20,0,0,0,24.7,24.390979723936432
1.55,28,472.8,2,Cloudy,Medium,South Indian,4.0,30,22,3,0,49.6,50.9735647683582
6.91,25,219.57,2,Cloudy,Medium,Indian,4.0,21,23,5,1,61.5,66.9733500617596
3.07,23,622.64,6,Clear,Low,Indian,4.7,23,1,1,0,39.3,34.63141758793168
10.56,32,843.13,5,Clear,Low,Indian,4.1,29,12,2,0,79.1,72.53483697867928
6.81,20,328.38,2,Cloudy,High,South Indian,4.0,20,12,6,1,73.3,69.8814794734953
9.39,15,1651.53,5,Clear,Medium,Bakery,4.0,18,21,4,0,68.4,63.25704848866329
0.77,23,221.31,2,Clear,Medium,Chinese,4.2,23,12,0,0,42.5,38.950351552239624
4.21,41,862.4,3,Cloudy,Low,Biryani,3.7,46,7,1,0,56.5,60.416239201432916
4.93,22,2097.61,6,Clear,Low,Chinese,3.9,23,23,0,0,35.4,45.44343099569571
2.48,26,181.55,1,Cloudy,Medium,Chinese,3.5,31,19,4,0,54.0,51.702929621347096
2.88,15,951.56,3,Clear,Low,Bakery,3.2,11,10,3,0,23.0,28.259650798113974
10.14,34,538.73,5,Clear,Medium,Chinese,4.1,35,11,5,1,78.5,82.60701648625927
2.41,15,248.49,1,Storm,Medium,Cafe,3.5,14,10,5,1,57.5,51.407448548034644
4.28,45,906.18,3,Clear,Medium,Indian,3.8,40,22,0,0,70.5,75.64248586572168
8.03,22,862.57,3,Clear,Low,Pizza,4.0,22,16,4,0,51.6,54.65617074861098
4.11,28,307.99,1,Clear,High,Chinese,4.4,33,13,3,0,75.5,66.75868231809727
4.18,22,230.87,1,Clear,Medium,Indian,4.0,21,11,6,1,50.6,49.7315307237325
12.36,39,2037.8,6,Clear,High,Indian,3.3,35,12,5,1,104.3,106.5884603068524
6.73,43,285.62,2,Clear,Low,Indian,4.4,39,23,5,1,68.7,72.66848900879397
2.08,20,1155.26,5,Clear,High,Fast Food,4.2,15,19,5,1,50.2,52.83911796955074
3.67,15,849.03,3,Clear,High,Fast Food,4.4,19,13,0,0,56.4,51.98387255689313
3.13,14,444.46,5,Cloudy,Medium,Healthy,4.2,18,13,3,0,47.4,40.42100003653748
19.12,9,295.9,1,Rain,High,Desserts,3.9,12,13,0,0,111.2,108.15850460052516
1.27,25,201.63,1,Clear,Low,South Indian,4.4,20,8,2,0,28.0,31.99365739295861
0.85,15,249.06,1,Rain,High,Fast Food,4.4,14,18,2,0,60.3,51.181366560247056
5.92,12,1611.68,5,Clear,Medium,Desserts,4.5,10,13,0,0,54.9,46.14823028972141
5.04,24,198.27,2,Rain,Low,Pizza,4.6,29,9,6,1,47.9,52.42164338871505
1.18,31,458.76,2,Cloudy,Medium,Pizza,3.8,32,19,1,0,51.2,52.038297584997615
4.4,27,116.05,1,Clear,Medium,Pizza,4.1,26,5,5,1,49.5,54.10750596976343
3.53,18,128.31,1,Clear,Low,Cafe,4.3,17,23,6,1,34.9,36.50668315394826
4.37,30,503.5,2,Clear,Medium,Indian,3.3,35,11,3,0,66.1,58.516352132919664
7.26,15,1202.12,4,Clear,High,Desserts,4.6,10,16,6,1,59.9,65.367742108234
4.39,23,908.86,3,Clear,Medium,South Indian,4.5,23,2,6,1,49.6,49.320194582967844
6.2,11,231.42,1,Clear,Low,Healthy,4.0,16,1,6,1,36.6,33.83782121998978
8.8,21,429.34,2,Clear,Low,Desserts,3.9,18,0,5,1,57.7,52.645396736629834
7.35,47,650.33,2,Rain,Medium,Biryani,4.4,46,12,2,0,93.3,94.16502653570495
5.38,34,1426.64,5,Rain,Low,Pizza,4.0,34,2,3,0,59.5,62.125670308001595
3.68,34,1026.45,3,Clear,Medium,Pizza,4.0,34,21,2,0,64.5,62.31065042891692
1.67,19,285.03,1,Rain,High,Cafe,4.4,21,14,4,0,50.2,57.38690184394545
1.71,35,238.87,1,Rain,High,Pizza,3.9,32,13,6,1,74.4,73.3203858582796
4.35,18,716.39,6,Clear,Medium,Cafe,3.6,14,9,2,0,40.4,45.884718370759295
7.73,15,580.8,2,Clear,Low,Cafe,4.4,19,7,4,0,45.0,44.5556775343634
7.36,8,307.22,2,Storm,High,Fast Food,4.0,12,21,5,1,81.2,74.78819233533474
2.16,46,1022.52,3,Cloudy,High,Biryani,5.0,42,20,2,0,83.5,81.58494526713417
0.83,16,901.98,3,Rain,Medium,Fast Food,4.2,15,13,2,0,45.9,40.208312999319105
2.1,39,954.13,4,Clear,Medium,Chinese,4.6,34,1,6,1,46.6,57.15787164624028
4.14,31,583.83,2,Cloudy,Low,Biryani,4.4,34,4,3,0,47.7,49.37924239798305
5.23,39,518.94,2,Clear,High,Biryani,3.9,42,20,5,1,78.2,83.5120898293118
1.13,17,641.62,4,Storm,Medium,Cafe,4.2,22,1,1,0,47.7,46.73622993260775
5.03,16,343.61,4,Rain,Medium,Fast Food,5.0,15,11,4,0,58.4,54.316982833256354
6.08,31,418.33,2,Cloudy,Low,Chinese,3.6,32,15,6,1,57.9,58.670252858396154
4.06,21,1198.16,5,Cloudy,High,Cafe,4.3,24,21,5,1,62.1,63.41451379432167
3.84,30,1391.7,4,Clear,Medium,Pizza,4.3,32,21,5,1,55.8,58.85907572741047
7.52,30,467.7,5,Cloudy,High,Pizza,4.0,34,0,6,1,78.7,79.66216574695736
5.58,30,1541.86,5,Clear,Low,Healthy,4.0,29,19,4,0,52.5,54.86069926371636
0.91,6,1062.28,4,Cloudy,Low,Bakery,3.6,10,15,2,0,22.2,15.394419593736465
4.76,22,1719.2,6,Rain,Medium,South Indian,4.7,19,11,4,0,60.6,59.57138333091226
2.89,14,896.93,3,Rain,Low,Cafe,4.2,16,7,2,0,35.4,34.52588448419598
9.83,39,279.08,3,Rain,Medium,Biryani,3.9,42,21,6,1,100.8,96.95047578093423
4.53,13,591.48,4,Clear,Medium,Fast Food,4.2,14,17,4,0,34.2,43.136315385272155
8.25,23,279.06,1,Rain,High,Desserts,3.9,18,10,6,1,80.4,83.48268535372821
10.79,12,1542.87,5,Clear,Low,Fast Food,4.2,14,15,4,0,54.5,53.94461699966931
8.64,24,598.52,2,Cloudy,Medium,Healthy,4.5,25,4,5,1,66.1,67.71729084826092
2.97,13,221.79,2,Clear,Low,Desserts,4.6,10,1,5,1,22.9,24.322476157479066
3.38,17,631.48,3,Cloudy,High,Cafe,3.6,20,22,5,1,54.0,57.33075170990433
6.21,28,1198.34,4,Rain,Medium,Chinese,4.2,24,19,2,0,79.9,72.61121182465683
5.64,14,382.29,2,Rain,Medium,Fast Food,4.3,16,1,3,0,52.6,52.283694359153664
2.22,15,1086.75,4,Clear,Medium,Fast Food,4.9,13,16,2,0,37.1,36.735760932462675
6.04,27,843.54,4,Clear,Medium,Pizza,4.1,26,14,3,0,71.2,61.911429401344066
1.89,19,354.38,3,Rain,Low,Healthy,3.3,15,9,3,0,28.9,36.53949742977649
2.39,19,522.59,2,Clear,Medium,Bakery,3.8,16,22,0,0,40.0,42.89152556053061
4.0,31,807.01,3,Cloudy,Low,Chinese,4.6,34,1,2,0,42.0,48.03146475545962
3.02,31,1243.75,4,Clear,Medium,Pizza,3.8,32,14,4,0,62.3,55.44259804792726
6.78,28,648.7,2,Clear,Medium,Indian,4.6,25,0,1,0,61.6,62.21591347920744
2.05,31,1264.53,5,Clear,High,Chinese,4.1,27,21,2,0,51.4,64.38401717813552
5.77,43,288.53,2,Cloudy,Medium,Biryani,4.0,43,20,2,0,84.4,80.51532087183541
1.16,6,657.69,2,Clear,Low,Bakery,3.7,11,12,0,0,23.4,13.58186788832105
9.0,21,312.32,1,Rain,Low,Cafe,3.6,20,8,6,1,59.8,63.26855141018588
2.27,22,629.31,2,Cloudy,High,Cafe,4.4,19,19,3,0,58.1,57.660810830734945
7.22,33,628.57,2,Clear,Medium,Pizza,4.6,29,11,3,0,65.3,71.32170493380937
2.42,32,684.72,2,Clear,Medium,Biryani,4.4,34,21,5,1,61.3,56.0213404618074
3.57,15,418.21,4,Cloudy,Medium,Fast Food,3.5,13,22,0,0,40.8,44.89902871696213
1.1,23,231.33,1,Clear,Medium,South Indian,3.9,25,0,0,0,38.9,37.33955009406502
9.39,16,182.23,2,Clear,Low,Pizza,3.9,21,23,0,0,50.3,54.936764580845384
4.97,12,1017.55,3,Clear,High,Healthy,3.3,15,21,2,0,53.5,55.71691218902416
1.6,16,347.69,1,Cloudy,Medium,South Indian,4.0,20,7,2,0,32.5,35.67268060052185
1.18,12,460.27,4,Rain,High,Bakery,4.3,15,12,1,0,58.6,47.99426674083535
2.18,42,935.26,3,Cloudy,Medium,Biryani,4.2,43,16,2,0,58.1,66.03575298832527
1.76,23,384.48,2,Cloudy,High,Fast Food,3.7,22,11,2,0,49.7,54.91037112732352
6.45,27,149.83,1,Clear,High,Cafe,4.7,23,12,6,1,73.6,73.70252602098667
3.91,37,263.51,2,Cloudy,Medium,Pizza,4.0,34,20,5,1,66.2,67.82717221394799
4.33,50,282.74,1,Clear,Low,Biryani,4.2,46,8,2,0,75.1,68.03725599168968
2.4,23,1163.93,5,Clear,Medium,Fast Food,3.8,18,12,5,1,43.7,44.61460940723596
2.13,14,178.3,1,Clear,High,Fast Food,4.4,11,17,6,1,44.7,46.52732395324063
0.91,28,597.76,2,Cloudy,High,Biryani,4.6,33,14,1,0,59.0,57.825075938366
0.5,26,263.18,1,Cloudy,Low,Healthy,4.4,21,12,6,1,43.3,33.32753143305466
3.57,23,671.12,5,Clear,Low,Healthy,4.1,27,2,6,1,34.9,36.8366475234615
8.32,40,110.99,1,Rain,Medium,Biryani,4.8,37,17,5,1,80.0,91.62171256820541
2.7,30,628.44,2,Cloudy,High,Indian,3.8,25,22,5,1,68.1,67.87608974851675
6.88,17,89.09,1,Cloudy,Low,Cafe,4.2,16,20,5,1,52.9,48.50905222446839
6.81,15,676.0,2,Storm,High,Cafe,4.6,20,13,0,0,80.0,78.15238524861286
7.17,29,484.53,2,Clear,Low,South Indian,3.4,25,5,3,0,61.7,56.13408320496007
1.76,9,87.76,1,Clear,Medium,Cafe,4.9,14,13,3,0,28.7,28.624745289226247
2.99,41,114.35,1,Clear,High,Biryani,4.3,43,14,4,0,76.9,76.23612287986786
5.06,12,1023.01,3,Clear,Medium,Cafe,3.5,14,14,4,0,46.8,43.647770818166165
14.5,20,1494.48,5,Clear,Medium,South Indian,4.6,22,11,0,0,90.4,83.72090526237042
3.84,20,316.76,2,Clear,Low,Desserts,3.8,19,4,1,0,38.7,35.162313488871845
8.55,24,794.96,5,Clear,Medium,Fast Food,3.7,22,14,0,0,66.0,67.55571820555116
3.04,16,324.38,3,Clear,Medium,Indian,4.0,21,19,2,0,42.1,41.50684367423682
2.88,17,650.22,2,Rain,Low,South Indian,4.0,17,8,5,1,42.7,37.6429353142929
1.87,23,514.17,4,Clear,High,Chinese,4.2,23,21,5,1,50.5,55.70482245967119
7.27,43,276.85,2,Clear,Medium,Biryani,4.4,46,11,4,0,84.5,81.726441054567
2.62,10,1457.84,5,Rain,High,Bakery,3.9,10,19,5,1,63.2,52.77965371808935
2.08,25,130.02,1,Cloudy,Low,Healthy,4.5,24,20,2,0,40.4,39.645296390877775
8.97,11,1676.81,5,Rain,Low,Cafe,4.9,14,4,3,0,50.1,52.077513253960426
4.3,31,1015.61,4,Cloudy,Low,South Indian,4.5,26,2,3,0,54.7,49.22780065572326
4.41,32,275.82,1,Clear,Low,Chinese,3.6,32,7,5,1,53.8,50.01398316353885
3.93,50,122.09,1,Cloudy,Medium,Biryani,4.3,49,5,5,1,76.7,77.63913548301764
9.84,19,940.58,5,Cloudy,Medium,South Indian,4.3,22,21,6,1,74.4,70.71555747485662
14.19,27,568.62,2,Rain,Medium,South Indian,3.9,25,18,3,0,106.4,99.29036966786673
2.3,18,867.71,3,Clear,Medium,Cafe,4.1,22,22,5,1,41.6,41.742112884154835
8.45,43,492.79,3,Clear,Low,Biryani,3.9,39,22,1,0,77.4,78.6560197019841
3.21,11,1300.36,4,Clear,Medium,Desserts,4.4,16,18,3,0,37.9,36.87449727799687
1.98,26,376.53,2,Clear,Low,Indian,4.7,23,6,4,0,33.3,35.062184538411486
0.66,28,174.93,2,Clear,Low,Pizza,3.4,25,1,5,1,35.0,31.444286597983652
3.85,31,127.44,1,Rain,Low,Pizza,4.1,26,18,5,1,61.8,57.3689686142333
6.29,32,619.15,2,Rain,High,Biryani,4.3,35,19,2,0,89.9,87.83598111162894
1.22,41,270.31,2,Cloudy,Medium,Biryani,3.8,42,17,5,1,57.0,61.934801432287315
6.97,19,203.57,1,Clear,Medium,Desserts,4.4,18,8,5,1,64.6,55.72638724633303
7.2,41,105.22,1,Clear,High,Biryani,4.8,37,14,5,1,96.1,90.88596366172808
0.52,29,729.09,6,Clear,High,Pizza,4.3,32,20,6,1,57.8,56.72276181268395
8.49,20,276.36,1,Clear,Medium,Desserts,3.8,19,22,3,0,59.5,65.34014823972707
8.07,26,504.2,2,Cloudy,Low,Cafe,4.1,22,9,3,0,62.1,59.196109610750305
8.74,25,90.62,1,Rain,High,South Indian,4.5,26,12,5,1,82.8,87.54131247100321
5.04,27,160.0,1,Clear,Medium,Indian,4.1,29,1,6,1,51.8,55.45815750888024
1.86,30,140.29,1,Clear,Medium,South Indian,4.0,30,18,1,0,49.4,51.137258051078256
5.57,16,583.47,3,Rain,Low,Cafe,4.6,20,4,6,1,46.3,45.194343562376616
1.21,28,744.61,3,Clear,Medium,Pizza,3.4,25,18,4,0,34.9,47.02564708748958
3.16,23,339.88,1,Clear,Low,Fast Food,3.8,22,23,0,0,42.8,40.04951571567466
7.47,9,542.22,3,Rain,Medium,Cafe,4.9,14,16,4,0,51.1,57.25190877985908
0.9,34,699.9,2,Clear,High,Indian,4.1,29,13,5,1,67.0,61.522897364222
5.15,17,771.28,3,Cloudy,Medium,Pizza,3.9,21,3,2,0,48.8,48.24867614165008
5.62,22,292.67,2,Clear,Low,Indian,3.8,25,14,6,1,53.4,45.767638068348084
1.89,20,1389.2,5,Clear,Low,Bakery,3.8,16,18,4,0,27.6,31.57768328475302
1.82,32,449.51,3,Clear,Low,Indian,4.3,36,7,2,0,43.6,40.782924705455315
3.19,17,240.68,1,Cloudy,High,Indian,4.0,21,14,6,1,57.7,54.72273516564762
5.38,17,1858.64,6,Rain,Medium,Cafe,4.4,19,9,4,0,57.0,56.46173988198459
2.87,24,1011.62,3,Clear,Medium,Pizza,4.0,25,6,5,1,51.1,46.02630299491197
3.55,35,258.47,1,Cloudy,Medium,Indian,3.4,33,9,3,0,58.5,62.12977332883531
7.67,23,786.26,3,Clear,High,Chinese,4.1,27,19,3,0,75.6,75.62315119752476
3.91,17,823.5,3,Clear,High,Bakery,3.8,15,4,0,0,48.9,52.89414431630845
3.68,29,865.19,4,Cloudy,Medium,Indian,3.6,31,14,3,0,64.6,57.69282357097537
17.18,20,160.91,1,Rain,Low,Healthy,3.9,19,1,1,0,81.7,89.18406071226889
2.17,31,508.19,2,Cloudy,High,Chinese,3.5,33,12,5,1,62.5,64.82062080184133
3.11,12,797.7,3,Clear,Medium,Desserts,4.6,10,12,1,0,38.3,36.04884756759873
13.63,21,126.1,1,Clear,High,Cafe,4.4,21,12,0,0,93.5,92.81448199453047
2.32,12,600.15,2,Cloudy,Medium,Desserts,3.7,14,22,1,0,32.4,37.67365112239076
2.31,7,834.63,3,Clear,Medium,Cafe,4.3,12,5,6,1,25.5,26.834142463300523
3.05,30,433.02,2,Clear,Low,Indian,3.5,26,3,5,1,37.1,42.28284983012148
8.63,14,411.62,3,Clear,High,Healthy,3.9,19,14,6,1,71.8,68.84934636477948
1.53,25,332.69,1,Clear,Medium,Cafe,3.6,20,21,4,0,45.4,45.87425655322291
5.15,13,164.61,1,Rain,Medium,Fast Food,4.4,11,5,6,1,53.2,50.476858431039005
5.25,33,718.29,5,Clear,High,Pizza,3.8,31,22,1,0,72.7,77.77549113419838
4.42,28,508.62,2,Cloudy,Medium,South Indian,4.3,27,9,4,0,56.9,58.01347011406017
0.82,35,443.42,4,Cloudy,Low,Pizza,4.1,30,22,1,0,47.6,45.65753589081609
5.83,17,955.27,3,Clear,Medium,Healthy,3.9,19,20,2,0,50.1,52.62655756684496
8.52,40,365.32,3,Cloudy,Low,Chinese,4.1,35,16,4,0,62.3,76.35764638564481
0.92,22,319.98,1,Clear,Low,Desserts,4.3,19,1,5,1,23.1,26.238905732608686
5.2,12,396.95,3,Rain,Low,South Indian,4.1,17,17,4,0,41.3,42.786273365100314
3.78,18,311.38,2,Clear,Low,Desserts,3.8,19,1,6,1,27.0,32.315066637428714
2.92,18,112.11,1,Clear,Low,Indian,4.0,21,10,6,1,27.8,31.360190549907394
4.82,22,1055.54,5,Clear,Medium,Bakery,3.9,19,2,4,0,49.9,49.859131409542904
2.27,19,665.46,2,Clear,High,Indian,4.0,20,14,3,0,51.1,51.52650678844042
4.38,33,107.02,1,Rain,Medium,Pizza,3.2,29,12,2,0,67.7,69.67300415984792
2.56,32,1206.7,4,Rain,Medium,Healthy,4.1,27,19,4,0,65.9,63.901782005152754
3.4,8,1027.86,6,Clear,Medium,Desserts,4.8,10,19,0,0,29.2,34.589760738258036
4.74,23,739.25,3,Rain,Low,Healthy,4.1,27,1,1,0,49.6,48.62740832456123
6.54,27,692.38,2,Rain,Medium,Pizza,4.0,22,13,3,0,76.0,71.38652824531658
2.52,19,271.07,3,Clear,Medium,South Indian,4.5,23,21,3,0,41.9,43.051425763925224
5.9,14,318.37,1,Rain,Medium,Healthy,4.3,16,19,6,1,58.7,57.52893298616217
3.61,5,664.3,2,Rain,Medium,Desserts,4.5,10,19,5,1,44.5,40.390848205120164
2.01,34,259.62,2,Clear,High,South Indian,3.8,30,2,3,0,56.2,62.84203593956048
5.78,37,439.8,2,Clear,Low,Chinese,4.4,33,1,1,0,58.7,58.29371969935796
11.23,26,126.63,1,Clear,High,Fast Food,4.2,23,11,6,1,96.7,89.08194945014068
4.03,46,310.03,2,Cloudy,Medium,Biryani,4.1,48,18,5,1,80.4,76.98939261509116
1.07,23,682.37,4,Clear,Low,Indian,3.8,23,23,4,0,22.6,32.87625859671172
9.61,37,587.14,3,Cloudy,High,Pizza,3.8,32,6,3,0,93.1,95.40378503515615
5.23,22,327.26,1,Cloudy,Low,Desserts,4.6,19,23,3,0,42.0,48.29867484051866
1.26,15,910.04,5,Rain,High,Desserts,4.4,12,20,3,0,58.3,53.16510235902661
6.84,20,233.93,2,Cloudy,Medium,Pizza,4.1,22,9,6,1,52.7,58.52903708437788
8.83,36,761.34,3,Cloudy,Low,Indian,3.6,31,15,5,1,70.4,73.25421573074917
4.98,30,167.64,1,Rain,Low,Healthy,4.5,25,6,1,0,60.2,57.54422878909462
1.08,43,277.89,2,Cloudy,High,Biryani,3.8,44,12,1,0,71.6,73.0719862140511
3.75,18,699.7,2,Clear,Low,Fast Food,4.2,14,13,6,1,31.0,34.82193631426044
2.62,24,504.02,2,Storm,Medium,Pizza,4.1,23,19,6,1,70.6,63.09600446671799
6.59,12,446.47,2,Clear,High,South Indian,4.1,17,20,2,0,53.6,60.9319588079158
8.14,28,514.82,3,Clear,Medium,Chinese,4.4,33,1,1,0,67.0,67.2676521415124
7.57,47,605.46,3,Clear,Medium,Biryani,4.2,46,19,0,0,92.3,88.58549333028047
2.78,26,327.9,2,Cloudy,Low,Pizza,3.4,25,5,3,0,39.3,39.75953059121498
1.83,31,802.1,3,Cloudy,Low,Biryani,4.3,35,9,5,1,35.3,42.4570033038818
2.17,20,169.95,1,Clear,Medium,Healthy,3.9,16,3,5,1,36.3,38.892943659625146
8.06,25,385.28,3,Storm,Medium,South Indian,4.3,22,11,1,0,80.4,81.15672488062899
7.16,18,711.49,3,Cloudy,Low,Cafe,4.0,13,3,5,1,45.3,46.621820946529965
5.2,30,80.03,1,Clear,High,Pizza,3.9,32,22,2,0,71.9,74.63071924281857
4.66,28,250.94,1,Clear,Low,Pizza,3.7,25,20,5,1,48.3,49.796698525819394
0.64,25,482.0,2,Clear,Medium,Indian,3.8,29,19,3,0,46.3,42.20104347325275
5.22,24,342.45,1,Rain,Medium,Healthy,3.9,19,16,0,0,64.5,64.45601658796068
2.54,14,1678.19,5,Clear,High,Cafe,4.4,11,20,3,0,55.1,48.87513426632812
4.04,32,205.88,1,Clear,Low,Chinese,4.1,30,10,2,0,46.0,49.30721470774712
1.84,6,457.34,3,Clear,Low,Bakery,4.7,11,15,1,0,10.0,16.499279372615547
2.05,28,1378.56,4,Clear,Low,Pizza,4.2,24,4,1,0,29.6,36.92179189229751
9.81,23,570.33,6,Rain,Medium,Fast Food,4.2,21,1,2,0,81.3,75.8378756499226
2.19,10,542.23,2,Clear,Medium,Desserts,4.2,14,1,6,1,20.0,28.419403496379836
1.02,29,681.01,3,Clear,Medium,Healthy,4.3,27,13,2,0,53.5,46.12516687273941
2.47,31,247.28,1,Cloudy,Low,Healthy,4.1,27,15,2,0,37.6,45.9357027617559
12.59,30,263.19,1,Rain,High,Biryani,3.7,31,18,4,0,97.3,107.75381647126922
7.72,24,1243.8,5,Clear,Low,Pizza,4.4,23,5,5,1,50.0,52.984636730748605
1.76,16,96.17,1,Cloudy,Medium,Cafe,4.4,19,22,6,1,42.4,39.75609503783275
1.97,20,1353.35,6,Clear,Medium,Indian,3.8,25,12,3,0,46.4,40.23753540711351
6.08,33,85.37,1,Rain,Low,Pizza,4.0,32,14,6,1,71.3,66.30616121236602
7.28,24,902.86,3,Rain,High,Pizza,4.0,22,13,4,0,82.6,81.79455558031478
7.88,37,1171.82,4,Clear,Medium,Indian,4.2,36,20,3,0,77.5,79.77587314796527
6.07,21,436.2,2,Cloudy,Low,South Indian,3.4,25,3,3,0,43.3,45.78689735899088
2.43,19,562.16,3,Clear,High,South Indian,4.0,20,21,6,1,48.7,53.63945873742318
3.67,18,546.29,4,Clear,High,Cafe,4.6,20,22,6,1,51.9,57.23820469223584
1.63,21,1277.65,4,Clear,Medium,Healthy,3.7,23,18,0,0,45.7,41.47578598372041
3.48,18,264.76,3,Clear,Medium,Healthy,4.0,17,1,1,0,40.4,40.94587934626293
2.93,15,816.52,3,Cloudy,Medium,Bakery,3.2,11,19,2,0,44.3,42.157553655824906
8.53,10,218.79,1,Cloudy,Low,Fast Food,4.2,14,3,5,1,43.0,43.20154841083338
5.29,10,764.05,3,Rain,High,Bakery,3.7,11,18,6,1,67.1,61.9251888612649
5.44,46,532.5,2,Clear,Medium,Biryani,4.3,49,12,5,1,82.4,78.58279576311921
4.55,11,684.64,2,Clear,Medium,Fast Food,3.8,15,8,2,0,38.5,39.217084597144385
6.26,31,1171.8,4,Clear,High,Indian,3.8,33,11,4,0,71.6,76.89918783993102
7.01,23,210.58,1,Clear,High,South Indian,4.0,20,13,5,1,80.6,71.83932593327609
1.35,24,257.23,1,Clear,Low,South Indian,4.5,22,2,3,0,28.1,29.912089839744553
1.62,32,453.97,2,Rain,High,Biryani,4.6,33,20,4,0,74.2,71.67935261861285
5.52,42,439.66,2,Clear,Medium,Indian,4.0,40,12,0,0,86.1,74.64707561618047
3.42,34,648.07,2,Storm,Low,Chinese,4.4,33,7,0,0,56.7,63.401998075381535
8.26,29,629.43,4,Cloudy,Medium,Indian,4.6,28,5,3,0,61.0,71.50969185215808
2.34,20,911.49,3,Cloudy,High,Chinese,3.6,24,12,2,0,47.7,54.368697424919375
2.33,30,450.87,2,Rain,High,Healthy,4.5,25,14,6,1,74.0,70.67506649689376
5.23,17,280.68,2,Clear,High,Healthy,4.4,21,22,6,1,59.5,61.725793486895896
2.0,13,578.97,4,Clear,High,South Indian,4.6,15,22,2,0,43.0,46.215055604363485
10.88,38,577.29,2,Clear,Medium,Indian,4.2,36,19,4,0,90.7,91.05619523066606
4.76,26,318.48,1,Storm,Medium,Cafe,4.8,23,11,3,0,70.8,70.72683795892944
5.05,29,252.72,3,Cloudy,Low,Healthy,4.1,27,8,2,0,49.8,51.327837086860036
2.5,25,452.03,2,Rain,Low,Fast Food,4.2,23,8,3,0,44.8,44.21192292761483
5.74,32,789.98,3,Clear,High,South Indian,3.6,27,19,4,0,80.8,77.85951359218201
0.5,13,1293.64,4,Clear,Low,Fast Food,4.2,15,13,3,0,14.6,18.434837958297535
1.25,46,476.27,2,Cloudy,Low,Biryani,4.3,43,9,4,0,56.7,55.44980245241963
4.79,30,1295.67,6,Clear,High,Biryani,4.4,32,11,5,1,79.1,70.79856749990815
2.97,21,1134.56,4,Cloudy,Low,South Indian,4.7,19,16,5,1,39.2,37.748398968234106
11.61,31,541.52,2,Rain,High,Indian,3.6,31,22,3,0,108.1,106.07468782585711
2.3,17,795.07,4,Clear,Medium,Cafe,4.3,17,14,6,1,43.5,38.85385870353389
3.54,18,387.06,2,Clear,Low,Cafe,3.6,20,10,6,1,31.4,33.664807239345585
2.5,18,632.48,2,Clear,Low,Fast Food,4.2,15,13,5,1,42.0,30.42697440956335
1.7,26,384.08,2,Rain,High,Indian,4.5,23,21,6,1,65.3,66.0029673393545
3.39,38,405.26,2,Cloudy,Low,Biryani,4.6,33,3,6,1,54.9,53.497951384068145
2.99,9,713.68,5,Clear,High,Bakery,3.6,13,11,5,1,49.4,43.29905573070431
4.46,21,350.31,3,Clear,Low,Indian,3.8,23,19,5,1,48.1,41.81497334362595
3.32,26,995.92,4,Clear,Low,Chinese,4.1,30,7,4,0,36.3,40.13753259379254
1.02,9,296.91,2,Rain,High,Fast Food,4.2,14,7,2,0,44.6,43.266509762101926
3.51,31,462.29,2,Clear,Medium,Indian,4.1,29,20,6,1,65.3,58.46084781473404
11.26,28,327.02,1,Cloudy,High,Indian,3.6,31,6,6,1,88.3,92.24274930919006
4.08,23,771.34,5,Clear,Low,Pizza,4.1,22,1,6,1,32.1,38.32895900527614
4.87,27,272.82,1,Cloudy,High,Indian,4.6,28,14,5,1,76.7,70.53854718429149
2.26,40,788.55,4,Cloudy,Medium,Chinese,4.1,35,13,3,0,70.9,63.46779088383766
10.71,35,126.0,1,Storm,Medium,Biryani,4.3,31,18,4,0,107.8,102.34311711251395
2.91,15,277.21,3,Cloudy,Low,Desserts,4.5,15,0,5,1,33.3,27.86369112335416
3.21,17,131.38,1,Rain,High,Desserts,3.6,17,13,5,1,60.1,60.52839826970603
6.23,35,732.02,3,Clear,High,Chinese,4.3,31,14,2,0,87.3,81.39921481885953
2.99,18,224.56,1,Clear,Low,South Indian,3.8,16,23,6,1,23.9,34.55967133412212
2.27,39,196.99,1,Rain,Low,Biryani,3.8,44,0,3,0,56.6,55.970784653640514
5.29,10,257.33,2,Clear,Medium,Desserts,4.4,12,14,0,0,48.4,42.13377357071657
6.93,15,549.4,3,Rain,Medium,Desserts,4.0,14,13,1,0,67.5,60.65310758067641
3.73,32,730.42,3,Clear,High,Indian,4.1,28,20,1,0,68.7,70.98290775124715
2.34,21,195.87,2,Clear,High,Cafe,3.6,20,9,6,1,49.9,52.738091033561616
4.07,32,188.45,1,Clear,Medium,Biryani,4.3,35,15,4,0,56.9,60.42629812670227
2.28,29,213.78,1,Clear,High,Healthy,4.5,25,13,6,1,51.1,61.34300179195413
2.61,24,693.31,3,Clear,Medium,Indian,3.5,26,13,2,0,51.7,46.73729811269399
3.51,45,370.86,2,Cloudy,Medium,Biryani,4.2,46,8,6,1,63.1,71.87618625334002
3.55,19,1725.56,5,Clear,Low,Desserts,4.3,19,10,6,1,37.8,34.57065677738902
1.15,34,901.58,3,Clear,Medium,South Indian,4.7,29,16,3,0,49.2,52.15289625728842
7.31,32,307.56,1,Clear,High,Pizza,4.6,29,21,1,0,82.1,83.69476827765779
6.59,38,1001.07,4,Clear,High,Biryani,3.9,33,10,6,1,81.4,84.96865151593126
9.34,18,100.6,1,Clear,Medium,Desserts,4.3,19,7,0,0,62.1,62.75449314067647
6.91,18,937.66,3,Cloudy,High,Fast Food,3.8,15,4,2,0,64.7,66.33433124665773
6.23,27,584.78,3,Cloudy,Medium,Indian,3.9,26,11,3,0,68.3,63.87587439615943
6.91,21,587.35,3,Cloudy,High,Fast Food,3.8,22,14,5,1,67.9,71.64092182983532
6.31,29,735.23,4,Rain,High,South Indian,3.4,26,21,5,1,84.1,85.23162250883018
4.88,21,341.09,1,Cloudy,Medium,Pizza,3.9,21,20,0,0,56.1,55.17240482621859
0.74,20,1617.55,5,Clear,Low,Indian,4.0,20,1,5,1,21.3,23.69411912805053
7.36,24,661.38,2,Clear,High,Cafe,4.1,22,19,5,1,74.9,75.57885013069021
6.59,41,449.71,2,Clear,Low,Biryani,4.2,46,0,4,0,62.4,65.144540629625
2.19,28,1302.63,4,Clear,Low,Chinese,3.6,33,5,4,0,34.1,37.822590833990844
3.86,21,97.36,1,Clear,Low,South Indian,3.8,24,17,5,1,33.2,39.23208212457385
1.83,16,1016.29,4,Clear,Medium,Healthy,4.4,21,11,4,0,39.7,35.511695153730344
2.28,34,104.56,1,Clear,High,Chinese,4.3,31,14,3,0,71.3,66.56586517922757
4.71,43,566.36,3,Cloudy,Medium,Biryani,3.8,48,22,4,0,76.0,77.33822152409897
2.92,11,556.71,5,Clear,High,Fast Food,4.4,15,22,6,1,52.8,47.4079439206077
3.45,17,242.32,1,Cloudy,Medium,Fast Food,4.2,14,13,1,0,51.5,44.387159148185845
2.51,12,1069.62,4,Rain,Low,Desserts,4.2,14,3,2,0,33.2,30.175535459741702
2.02,13,325.35,1,Rain,Medium,Cafe,3.5,10,4,5,1,35.3,39.59269145335871
9.98,9,250.46,2,Clear,Low,Fast Food,3.5,13,14,5,1,43.9,47.90569688014021
2.07,16,473.82,3,Rain,High,South Indian,4.0,17,20,0,0,61.1,56.994051355173745
2.64,14,474.32,2,Clear,Medium,Fast Food,4.3,16,8,4,0,36.3,35.47718690078262
5.23,9,446.13,5,Clear,High,Bakery,4.7,11,4,5,1,48.7,49.366937670662765
3.61,30,1787.38,6,Cloudy,Medium,Chinese,3.5,33,20,4,0,62.9,59.93517885776283
3.91,23,639.1,2,Cloudy,Medium,Pizza,4.2,24,19,6,1,54.7,53.588319112915215
5.0,32,341.9,1,Clear,High,Pizza,4.0,35,19,1,0,71.2,75.24731396776542
4.12,26,161.44,1,Clear,Low,Pizza,4.0,24,17,6,1,40.6,45.18298592459615
3.0,30,217.19,2,Clear,High,Indian,4.2,32,13,1,0,65.0,64.79824414218677
0.5,22,334.38,1,Storm,High,Healthy,4.7,26,14,6,1,69.5,63.3220106963939
5.66,32,192.77,2,Rain,High,Indian,3.4,33,0,2,0,79.2,81.1803604644206
6.63,19,358.39,2,Clear,Medium,South Indian,4.1,17,1,6,1,53.4,52.94026940344925
10.49,16,273.05,1,Clear,Low,Indian,4.0,21,7,3,0,56.8,55.17770446412454
2.09,12,323.55,1,Cloudy,Low,Desserts,4.5,10,1,5,1,27.0,22.248474640832434
20.0,7,693.59,2,Cloudy,High,Cafe,4.7,12,12,1,0,109.2,103.06740724958513
1.61,17,1144.64,5,Clear,High,Fast Food,3.8,18,14,5,1,54.9,47.10865751113361
7.52,9,850.65,3,Cloudy,Medium,Bakery,4.7,11,21,2,0,57.1,52.50163073780628
3.59,10,334.74,2,Rain,Low,Fast Food,4.2,14,6,2,0,36.8,32.51855465259912
0.5,28,871.17,3,Clear,High,Indian,4.2,26,21,1,0,54.4,55.89326536251379
1.58,40,750.49,3,Clear,Medium,Indian,3.8,40,10,5,1,56.5,58.47375845507783
5.41,13,1323.67,4,Cloudy,Medium,South Indian,3.7,18,22,2,0,52.9,49.512445079636294
2.94,27,481.46,3,Storm,Low,South Indian,3.9,25,4,5,1,58.9,54.00634969848138
5.68,17,223.08,2,Rain,High,Fast Food,4.9,13,18,1,0,66.8,69.99163119630173
1.05,25,955.81,3,Rain,High,Pizza,4.2,24,13,1,0,59.2,60.91662756044448
17.46,45,719.02,3,Clear,Low,Biryani,4.1,47,9,1,0,106.0,109.25162732204393
1.75,26,613.12,2,Cloudy,High,South Indian,4.5,22,21,5,1,58.1,60.174071239204245
1.51,17,267.29,1,Clear,Medium,Desserts,4.4,12,22,6,1,40.3,37.81386060484633
1.46,44,289.59,2,Cloudy,Medium,Biryani,3.5,45,14,0,0,68.4,65.08702734545462
1.55,25,829.75,3,Cloudy,Medium,Indian,4.1,29,11,6,1,46.5,45.51260636290912
9.27,17,173.64,2,Clear,Medium,South Indian,4.1,17,6,0,0,56.4,61.25149143017477
1.73,24,1073.18,6,Clear,Low,Fast Food,4.0,23,3,4,0,23.1,31.456688020680758
5.65,44,550.74,4,Cloudy,Low,Indian,4.3,39,23,5,1,69.7,71.84798827977612
4.84,24,89.6,1,Clear,Medium,Bakery,3.9,19,1,0,0,57.2,51.6363033815623
2.2,14,262.59,1,Clear,Medium,Fast Food,4.7,14,1,5,1,33.3,32.26590416337541
4.92,38,250.44,3,Rain,Medium,Indian,4.2,36,19,5,1,73.9,78.05347386349123
5.22,17,1684.13,5,Clear,Medium,Fast Food,4.4,14,1,1,0,44.1,45.88839986344568
0.65,19,496.61,5,Clear,High,Desserts,3.8,20,20,2,0,49.7,47.15500238360976
1.54,20,1016.68,4,Cloudy,Low,Bakery,5.0,18,3,6,1,31.8,28.724743740071524
7.06,23,1646.72,5,Clear,Medium,Indian,3.7,22,11,4,0,63.6,60.89668819053973
7.79,26,230.23,1,Clear,Medium,Chinese,3.6,21,4,6,1,61.3,64.85818072420088
3.76,18,235.66,1,Cloudy,Low,Cafe,4.1,22,7,1,0,28.2,35.6119525679952
1.84,24,790.07,5,Rain,Medium,Chinese,4.2,23,20,3,0,60.9,53.49270835397126
5.77,17,1440.91,5,Clear,Low,Healthy,4.3,16,17,4,0,40.8,41.97848170977884
6.74,21,173.75,2,Rain,High,Desserts,4.4,16,18,1,0,76.8,77.87756965329399
2.37,16,627.83,3,Clear,Medium,Cafe,4.3,18,18,2,0,40.3,38.989262867723156
1.99,15,131.88,1,Clear,Medium,Desserts,4.8,10,18,2,0,41.5,36.47219231021303
3.65,14,325.8,3,Clear,High,South Indian,4.0,17,18,3,0,54.0,52.17376071903705
4.68,21,347.44,1,Clear,Medium,Healthy,3.9,16,18,6,1,55.3,52.15225233907246
9.12,24,281.96,3,Storm,Low,Chinese,4.1,29,5,3,0,73.1,72.92640295731154
3.77,25,1181.5,5,Clear,High,South Indian,4.4,20,14,5,1,59.0,62.673565988569216
6.38,35,538.81,2,Cloudy,Medium,Biryani,5.0,32,20,5,1,71.1,74.52916499922186
2.25,25,348.89,2,Clear,Medium,Cafe,4.4,21,21,3,0,43.6,48.262512431877894
2.71,6,233.55,1,Clear,High,Desserts,3.8,10,12,6,1,47.7,39.59702823106651
3.83,22,690.79,2,Rain,Medium,Bakery,4.0,18,21,5,1,56.2,58.678293351965564
7.1,18,762.66,3,Clear,Medium,Pizza,3.7,20,18,6,1,57.8,57.60806119775125
3.7,21,523.0,4,Cloudy,High,Bakery,4.0,18,19,5,1,60.9,61.55170092699262
2.55,14,993.81,5,Cloudy,Low,Fast Food,3.8,18,23,1,0,34.1,30.859394879588358
4.63,26,267.42,1,Clear,Medium,Healthy,3.9,29,16,1,0,52.8,56.50454720906049
7.69,20,307.19,1,Clear,Medium,Bakery,4.4,17,8,4,0,58.8,59.22979135402456
1.34,27,148.5,1,Clear,High,South Indian,4.5,23,8,4,0,48.4,54.78315582705339
8.54,15,901.57,3,Storm,Low,Healthy,4.2,18,3,1,0,57.8,61.43327269650955
3.33,14,937.81,4,Clear,Medium,Desserts,4.4,16,13,1,0,39.2,39.086833686333314
4.11,11,1210.39,4,Rain,Low,Fast Food,4.2,15,13,6,1,34.9,37.01956373872983
1.62,23,809.17,4,Clear,Medium,Desserts,3.5,18,20,2,0,39.1,43.82758964500925
3.02,17,835.12,4,Clear,Low,Desserts,4.5,15,3,6,1,28.6,29.01334517457742
2.46,21,220.02,1,Rain,High,Cafe,5.0,21,20,5,1,60.4,63.436965184865365
2.84,15,940.35,6,Clear,High,Fast Food,4.3,16,18,5,1,54.7,50.22472446081127
4.0,29,952.43,4,Clear,Medium,Pizza,4.2,24,8,0,0,54.8,55.33616623824551
1.87,27,591.76,5,Clear,Medium,South Indian,4.3,22,10,5,1,40.1,46.26800194583146
2.72,14,343.24,1,Clear,Low,Fast Food,4.2,15,8,1,0,20.9,26.011155157885867
1.35,17,285.07,2,Cloudy,Medium,Desserts,3.5,18,13,5,1,37.0,37.26021191465159
4.59,28,368.69,2,Rain,Medium,Pizza,4.6,29,9,2,0,59.3,64.54352553861872
4.52,31,1272.8,4,Clear,Medium,Indian,3.6,31,5,4,0,52.3,58.6549781021307
16.36,25,564.74,3,Rain,Medium,Cafe,4.2,22,16,4,0,102.4,104.50300252687109
12.85,16,398.94,3,Clear,Medium,South Indian,4.0,17,16,1,0,74.3,75.10957807747236
3.77,19,97.32,1,Rain,High,Pizza,3.7,20,9,6,1,61.8,63.59416785587137
2.1,16,145.21,1,Clear,Medium,Bakery,4.4,20,19,6,1,33.8,38.1775812149893
0.84,31,617.33,2,Clear,Low,Pizza,4.0,35,1,5,1,33.8,35.069024156985904
1.28,50,322.93,1,Clear,High,Biryani,3.8,48,13,6,1,79.9,79.12214546600089
8.69,18,550.11,4,Clear,Medium,Fast Food,3.9,17,18,4,0,66.2,62.97922456350822
4.49,19,415.33,3,Clear,Medium,Cafe,4.4,14,12,1,0,61.1,47.977916635266375
3.18,12,2086.53,6,Clear,High,Desserts,3.6,16,11,1,0,42.8,47.06921418435286
3.06,22,287.48,1,Clear,High,Cafe,4.1,22,19,5,1,56.4,58.50722912786493
2.07,18,281.04,1,Clear,High,Cafe,4.9,22,0,6,1,39.0,46.59589281568138
4.24,19,662.84,2,Cloudy,High,Cafe,4.3,24,14,6,1,56.2,60.468765728522214
2.63,35,542.24,3,Rain,Medium,Indian,3.9,40,3,4,0,62.7,63.45234502781505
6.67,31,694.82,2,Rain,High,Indian,4.0,27,18,6,1,94.0,87.82549130329753
3.43,36,314.44,3,Clear,High,Chinese,3.5,31,20,2,0,74.8,74.03556166725154
1.06,15,575.47,2,Clear,Low,Bakery,4.3,15,7,1,0,18.9,21.027021957825
5.58,28,215.31,1,Rain,High,Chinese,4.3,31,19,5,1,81.8,81.21413002824733
3.42,51,1571.03,5,Clear,High,Biryani,3.7,46,11,0,0,91.9,87.12731469868639
3.34,20,401.39,2,Cloudy,High,Healthy,4.4,24,19,4,0,64.0,59.398631807894034
3.45,25,631.76,3,Clear,High,South Indian,4.2,20,13,5,1,68.1,61.341675892819886
2.52,18,145.19,1,Clear,Low,Desserts,4.0,14,6,2,0,28.8,28.975112296478763
4.8,32,509.76,5,Rain,Low,Indian,4.1,29,7,5,1,58.1,59.13520599812841
5.5,5,1732.44,5,Clear,Medium,Desserts,4.6,10,20,6,1,44.9,39.346649426059464
2.29,14,516.97,4,Clear,Medium,Cafe,4.0,19,22,5,1,41.8,37.6603808341745
0.69,28,226.33,2,Rain,Low,Indian,5.0,26,12,0,0,49.7,41.74601354762257
3.6,25,762.33,5,Rain,Medium,Chinese,4.3,23,4,5,1,53.8,56.979334283882466
2.86,23,626.11,6,Clear,Medium,Cafe,4.6,20,7,5,1,42.9,45.111185464797614
2.02,11,348.26,3,Clear,High,Fast Food,3.8,15,14,3,0,49.5,42.50023046601006
2.94,27,1288.36,5,Cloudy,High,Indian,3.8,29,13,2,0,69.0,63.644168762020136
4.19,34,413.55,2,Cloudy,Medium,Biryani,4.0,38,18,4,0,64.1,65.54862580694534
7.68,20,541.96,6,Rain,Medium,Desserts,3.9,18,16,0,0,63.2,68.91788479461763
1.33,29,292.16,1,Clear,High,Pizza,4.0,25,21,4,0,54.6,59.858993617811805
6.37,38,671.21,3,Clear,Medium,Biryani,4.4,34,10,5,1,66.3,73.31090291507198
2.37,21,561.62,2,Clear,Medium,Cafe,4.4,25,0,5,1,30.6,39.90790491548963
3.22,12,156.18,1,Cloudy,High,Fast Food,4.4,14,14,4,0,45.0,49.62564144932512
5.63,23,459.42,3,Clear,Medium,Cafe,4.0,18,12,1,0,53.5,56.03883195120257
7.28,12,330.16,3,Clear,Medium,Desserts,4.2,14,13,5,1,54.7,50.94328016896936
4.04,18,1416.49,6,Rain,Low,Cafe,4.9,22,23,3,0,44.8,46.15063986027526
1.93,24,100.35,1,Clear,Medium,Cafe,3.3,21,21,4,0,45.6,46.29751351995557
19.36,11,240.98,3,Cloudy,Low,Fast Food,4.2,15,2,1,0,83.5,81.83096670258696
5.21,9,241.18,3,Clear,Low,Desserts,4.8,10,6,6,1,25.5,29.28536734604293
6.78,17,498.1,2,Cloudy,Medium,Cafe,5.0,21,18,5,1,58.5,57.34944699311728
7.17,16,748.15,3,Clear,High,Desserts,4.6,19,20,2,0,75.4,66.94496271527565
3.87,30,252.31,2,Clear,Low,Biryani,4.3,35,7,5,1,40.9,46.14951902742804
2.54,17,1705.56,6,Cloudy,Medium,Fast Food,4.0,12,14,1,0,44.1,41.47557695631429
6.76,44,314.75,1,Cloudy,Medium,Biryani,3.5,45,13,5,1,86.1,83.49235370288064
9.52,28,618.07,2,Clear,Low,Biryani,4.3,31,17,3,0,55.7,66.24179117531969
0.5,17,402.27,3,Clear,Low,South Indian,4.0,17,5,3,0,24.7,20.644861261933315
5.11,14,1602.05,5,Clear,Medium,Desserts,4.1,11,8,2,0,51.2,44.248596938211236
5.24,33,292.4,1,Clear,High,Indian,4.2,36,8,6,1,73.8,74.58708458171851
3.65,46,652.47,2,Clear,Low,Biryani,4.3,43,18,5,1,57.9,63.95915031596451
6.7,31,747.97,3,Clear,Medium,Biryani,4.2,35,5,2,0,69.9,66.33692449879719
1.56,30,1300.12,4,Rain,Medium,Biryani,4.3,31,18,4,0,61.1,58.27404509480706
4.76,33,200.42,1,Cloudy,High,Indian,4.2,29,14,2,0,74.1,76.17971895542053
3.48,12,334.14,3,Clear,Low,Desserts,4.8,10,17,4,0,12.7,28.74931183433239
14.99,35,241.3,1,Clear,Medium,Indian,3.4,33,9,5,1,100.1,100.23410405974465
2.1,10,534.55,3,Cloudy,Low,Desserts,4.6,10,12,5,1,31.9,22.771261886855953
8.51,30,610.61,4,Storm,Low,South Indian,3.8,30,2,5,1,76.8,76.07598666086183
3.1,45,200.08,2,Cloudy,Medium,Biryani,3.5,45,13,0,0,79.7,71.59345352853114
7.84,7,523.88,2,Clear,Medium,Bakery,3.2,11,7,3,0,46.5,46.64768180946281
5.0,35,1521.68,6,Clear,High,Biryani,4.3,31,14,6,1,70.6,77.26446580570686
3.02,19,629.84,2,Rain,Medium,Healthy,4.5,24,11,4,0,53.0,50.60967035502531
8.17,13,122.96,1,Clear,Medium,Desserts,4.5,10,0,4,0,53.5,52.057555011249455
4.62,26,1950.49,6,Clear,Low,Chinese,3.5,31,23,3,0,47.9,48.467620232773314
2.81,22,555.71,5,Cloudy,High,South Indian,4.2,20,22,4,0,63.4,60.092366602434986
0.63,48,1221.26,5,Cloudy,High,Biryani,4.1,47,12,4,0,80.2,76.53260857414031
5.56,34,1002.88,3,Rain,Low,Indian,3.4,33,21,6,1,69.3,67.2075779084854
8.66,7,1281.21,4,Clear,Medium,Cafe,4.7,12,12,2,0,49.0,50.60927318779572
9.37,30,617.71,3,Clear,Medium,Pizza,3.2,29,20,2,0,72.6,78.06099718298212
9.5,42,375.36,2,Cloudy,Low,Biryani,3.9,42,2,4,0,78.8,78.77901686736895
5.23,10,377.62,2,Clear,Low,Desserts,3.9,12,6,3,0,39.9,30.489139698955768
3.19,27,366.32,3,Clear,Medium,Pizza,4.0,22,1,0,0,48.9,48.88321221962187
8.91,16,603.79,4,Clear,Medium,Cafe,4.2,16,3,1,0,52.7,58.424409051684336
3.15,18,660.45,4,Cloudy,High,Cafe,4.9,14,21,3,0,52.7,57.08324174623653
2.0,20,176.18,2,Clear,Medium,Fast Food,3.9,17,12,5,1,37.2,40.17222338571134
3.41,18,86.71,1,Clear,Low,Desserts,3.7,14,20,5,1,41.4,35.356455628828755
2.94,29,789.62,3,Clear,Low,Indian,4.0,27,8,3,0,44.5,41.987526073694994
4.07,44,660.09,2,Clear,High,Biryani,4.5,45,22,1,0,90.3,84.81586172602795
9.65,23,294.59,1,Clear,Medium,Pizza,4.0,24,8,3,0,71.0,69.198186796382
4.15,14,1167.33,5,Rain,Low,Bakery,5.0,18,16,1,0,35.1,40.751026326076634
1.99,42,188.59,2,Clear,High,Indian,4.0,40,9,1,0,72.7,72.39201606303608
1.31,45,948.83,3,Clear,Medium,Biryani,3.7,46,6,1,0,60.0,61.79090207379187
1.19,18,243.96,2,Clear,Medium,Cafe,4.1,22,18,1,0,39.9,36.86764807405871
0.5,13,865.99,4,Rain,Medium,Fast Food,3.5,13,18,5,1,41.6,37.28129171754394
1.25,36,884.07,4,Clear,Medium,Indian,4.2,32,0,1,0,58.9,50.90301786551444
3.73,22,281.96,1,Clear,Medium,Indian,4.0,21,0,1,0,46.1,45.587543443069315
1.82,12,853.52,4,Clear,Low,Bakery,3.9,17,9,2,0,25.2,21.205605090396517
3.72,28,712.97,3,Cloudy,High,Pizza,3.2,29,18,3,0,70.4,68.60698820396067
7.37,17,933.17,3,Clear,Low,Bakery,4.4,20,9,0,0,39.5,45.58469989800771
1.79,38,1243.6,4,Clear,Medium,Indian,4.4,39,1,5,1,51.7,55.088173482738625
3.35,27,304.07,2,Clear,Medium,South Indian,4.5,26,20,1,0,47.6,53.73065000753016
9.35,15,1207.05,4,Cloudy,Low,Cafe,4.4,14,12,5,1,59.7,53.33039573361355
3.37,33,1384.86,5,Cloudy,High,Indian,3.8,33,22,1,0,79.9,73.21929712769617
13.67,25,583.71,3,Storm,Medium,Indian,4.2,26,19,3,0,110.2,102.75610362743205
14.85,16,355.71,2,Rain,Medium,South Indian,4.2,15,13,1,0,91.3,89.33702431491349
8.64,23,1046.06,3,Clear,Medium,Indian,3.8,23,9,0,0,60.8,65.89089030090224
4.54,28,1797.24,6,Clear,Medium,South Indian,4.5,26,0,6,1,54.0,54.413369252958795
11.29,51,589.27,3,Rain,Medium,Biryani,4.2,46,14,4,0,110.3,112.4516313116274
2.26,27,844.93,3,Clear,Medium,South Indian,4.3,22,22,5,1,46.0,50.44664456273187
9.54,20,779.22,3,Clear,Medium,Cafe,3.3,21,3,4,0,58.2,64.84293255797289
7.22,18,474.05,2,Clear,Low,South Indian,4.2,21,18,6,1,49.3,48.19499934759571
0.5,25,233.09,2,Clear,Medium,Pizza,4.1,26,18,0,0,41.7,41.369125100952274
6.12,12,1058.22,4,Cloudy,Low,Desserts,4.4,16,0,5,1,39.8,36.170695795615416
6.15,47,343.51,1,Cloudy,High,Biryani,3.8,48,10,0,0,86.9,94.39343061476694
1.46,32,515.34,2,Clear,Low,Chinese,4.1,29,13,6,1,42.9,40.99851546553387
1.25,13,739.95,5,Clear,High,Bakery,3.8,16,18,3,0,47.2,42.789386968309906
6.85,34,382.28,4,Clear,High,Pizza,4.0,34,12,3,0,90.4,82.09110710698894
3.1,18,2044.71,6,Rain,High,Fast Food,4.7,14,18,5,1,64.6,62.098939222539514
12.53,14,553.75,2,Cloudy,High,South Indian,4.7,19,20,3,0,92.5,85.65415293557542
4.25,19,337.2,4,Clear,Medium,Cafe,4.3,24,21,3,0,43.5,49.250821973856795
5.49,15,449.41,2,Clear,Medium,Bakery,5.0,18,4,0,0,42.8,45.46814808610428
3.85,9,417.36,3,Clear,Low,Desserts,4.4,12,9,1,0,23.9,25.233329949390523
8.63,20,612.97,6,Clear,Low,Cafe,3.9,22,6,6,1,53.1,52.48169817947822
5.92,31,201.62,2,Clear,Low,Chinese,4.2,33,1,1,0,61.2,52.79070083615784
1.4,32,847.39,5,Rain,High,Indian,4.3,36,19,6,1,74.8,70.54331150231656
2.9,33,695.94,2,Rain,Medium,Indian,4.4,32,0,6,1,55.8,61.658012502802976
4.79,33,1897.83,6,Cloudy,High,Biryani,3.9,33,6,3,0,66.8,74.73165102438736
9.86,8,537.1,3,Cloudy,High,Bakery,3.2,11,20,6,1,77.5,70.47317873253809
3.83,11,582.03,2,Clear,High,Desserts,4.0,14,20,4,0,49.3,50.34420678286637
2.28,22,610.0,3,Clear,Medium,Desserts,4.4,18,20,1,0,53.2,45.01073830049862
6.78,33,992.71,4,Clear,High,Pizza,3.2,29,12,1,0,86.3,80.95583072927873
3.48,23,269.31,1,Clear,High,South Indian,3.4,26,16,3,0,54.4,60.26121716257689
4.77,27,457.7,3,Rain,High,Cafe,4.4,25,14,5,1,80.6,76.22233807115681
2.29,24,779.38,3,Clear,Medium,Indian,4.6,25,23,5,1,47.9,47.79187852725019
6.16,43,499.77,6,Clear,Low,Biryani,4.7,38,17,1,0,72.8,69.32357440238722
4.92,28,617.25,2,Clear,High,Cafe,4.7,23,19,6,1,65.4,70.96920766474489
5.65,23,227.74,2,Clear,Medium,Cafe,4.9,22,7,0,0,55.0,54.84497866736022
1.97,19,104.07,1,Clear,Low,Cafe,4.7,23,4,6,1,27.0,27.65393150271839
3.48,20,628.26,2,Clear,Medium,Fast Food,4.4,19,5,6,1,47.8,43.746887894039155
0.5,32,275.17,1,Clear,High,Biryani,3.1,36,18,5,1,51.5,59.57135182556105
6.55,32,324.01,1,Clear,Medium,Indian,3.4,31,0,0,0,62.8,65.5623278918239
2.9,21,1187.89,5,Cloudy,High,Pizza,3.9,22,13,6,1,55.4,57.498333032299804
5.13,39,385.21,4,Clear,Low,Biryani,3.8,44,23,2,0,54.9,63.2744611344809
7.31,16,882.23,3,Cloudy,Medium,Bakery,4.7,11,18,1,0,57.2,58.06470226858953
0.54,27,185.87,1,Cloudy,Medium,Fast Food,4.2,23,7,1,0,44.3,42.84379848534411
8.25,12,292.69,1,Clear,High,Bakery,3.2,11,20,3,0,65.9,66.86513249393471
2.88,19,1489.37,5,Rain,Low,Chinese,3.6,24,10,6,1,40.4,40.286481995002475
2.05,21,643.64,2,Rain,Low,Healthy,3.9,16,6,2,0,39.1,38.36761732403447
1.68,28,628.94,2,Clear,High,Fast Food,4.3,24,21,1,0,59.9,59.89109553099996
11.34,29,437.74,3,Clear,Low,Indian,4.2,29,20,1,0,75.5,74.07829542208026
4.16,31,259.66,2,Cloudy,Medium,Chinese,3.5,31,14,6,1,64.7,61.43239684605298
4.76,9,353.25,3,Cloudy,Low,Desserts,4.6,10,8,3,0,23.6,30.14843951040285
1.03,13,362.41,3,Cloudy,Medium,South Indian,4.2,15,20,4,0,33.6,33.605352487733626
0.5,24,549.01,5,Clear,High,Indian,5.0,26,20,3,0,52.7,51.523291654115226
19.65,21,105.51,1,Clear,High,Fast Food,3.7,22,20,6,1,110.3,115.69466108683562
1.48,30,292.16,1,Clear,Low,Indian,3.8,33,7,6,1,46.5,37.709067433742106
1.38,26,289.0,2,Clear,Medium,Cafe,3.8,23,22,0,0,42.7,46.47955643428324
4.63,15,1034.64,3,Cloudy,High,Bakery,3.9,10,19,1,0,60.3,58.82402750308898
3.52,15,152.35,1,Rain,Low,Bakery,4.2,14,0,5,1,34.5,35.99369019392674
11.23,49,283.4,1,Clear,Low,Biryani,3.5,45,13,6,1,93.8,92.47223065183698
1.28,29,552.92,2,Clear,High,South Indian,3.9,25,19,6,1,68.4,59.20023682251806
7.87,24,198.01,2,Clear,Low,Chinese,3.9,23,6,5,1,49.1,53.80798371185119
4.25,24,274.62,1,Cloudy,Medium,Fast Food,3.7,22,7,0,0,50.9,52.891971318394695
6.11,20,597.61,2,Rain,Medium,Chinese,4.2,21,11,3,0,71.7,62.42112639707919
3.73,34,249.54,1,Rain,High,Biryani,4.6,33,19,3,0,86.5,80.826769077432
5.23,28,991.68,3,Clear,Low,South Indian,4.5,23,0,1,0,48.6,47.03899160523959
6.51,25,309.07,1,Clear,Low,Cafe,4.4,21,9,0,0,50.4,50.68320947137254
3.89,27,1486.66,5,Cloudy,High,Healthy,4.7,26,21,3,0,58.7,68.76925985226947
2.2,17,351.9,3,Cloudy,Medium,Fast Food,4.4,19,14,6,1,40.3,40.25022465280298
5.09,30,570.93,6,Clear,High,Pizza,4.3,32,19,2,0,79.2,73.4489394577495
6.1,47,657.02,2,Clear,Medium,Biryani,4.3,49,19,0,0,79.8,83.45894896296528
8.3,7,540.0,2,Clear,Medium,Fast Food,4.4,11,20,4,0,45.7,51.028102427894
1.61,38,273.88,3,Clear,Low,Chinese,4.1,35,7,1,0,48.9,46.076071558811336
3.89,12,1227.03,5,Clear,Medium,Desserts,4.4,16,15,6,1,36.7,39.562841484323314
3.69,8,693.09,2,Cloudy,Medium,Fast Food,4.1,11,1,2,0,27.6,33.51535240804547
5.14,19,1645.65,5,Rain,High,Fast Food,4.4,19,17,6,1,55.6,70.07012798263497
2.49,24,335.11,1,Clear,Low,Fast Food,4.3,24,13,0,0,36.1,36.35202817034961
7.18,18,708.22,3,Clear,High,Indian,4.5,23,14,0,0,66.1,67.60779956563033
6.6,47,135.49,1,Clear,Medium,Biryani,3.8,44,20,2,0,84.7,85.49112598887675
8.77,25,511.26,2,Clear,Medium,Cafe,3.6,20,2,6,1,69.3,66.87652016451487
2.69,11,543.13,2,Cloudy,High,Bakery,4.3,15,1,5,1,39.8,43.882718885456015
1.77,11,201.22,1,Cloudy,Medium,Healthy,4.3,16,22,4,0,35.6,34.77547424905716
1.35,29,615.08,3,Cloudy,Low,Pizza,4.1,26,16,2,0,30.6,40.17544707903727
3.27,19,260.84,1,Cloudy,High,South Indian,4.6,15,21,2,0,64.8,58.43046232670328
4.77,13,120.9,1,Clear,Medium,Fast Food,4.1,11,5,0,0,36.8,41.18831167118147
6.72,41,605.05,3,Clear,Medium,Indian,3.8,36,20,0,0,74.8,79.69056266114552
8.57,28,184.97,1,Clear,Low,Indian,4.5,23,23,5,1,56.0,64.05944486453829
5.54,12,155.7,1,Clear,Medium,Fast Food,4.2,14,2,2,0,45.4,42.22745616929937
6.21,29,383.49,2,Clear,Low,Pizza,4.0,24,16,0,0,49.2,55.206607819949156
4.24,21,637.82,3,Clear,High,Pizza,4.8,24,13,2,0,62.5,60.072006713241834
4.7,29,322.29,2,Clear,High,Healthy,4.3,27,20,1,0,75.4,71.39478009452128
1.21,35,325.84,2,Clear,High,Pizza,4.0,34,12,2,0,63.2,63.35840542766934
3.01,15,642.49,2,Clear,Medium,Cafe,4.3,18,19,1,0,40.6,40.46658328626861
2.59,9,305.81,1,Clear,Medium,Cafe,4.7,12,22,4,0,37.8,33.64754020848101
2.16,29,836.79,5,Rain,High,Pizza,4.0,25,15,6,1,55.9,69.29148517193639
1.12,19,206.96,1,Clear,Medium,Desserts,4.2,14,21,6,1,29.4,38.24578395730737
0.53,35,1175.68,4,Clear,High,Indian,4.3,37,19,1,0,66.8,62.56948870106535
2.51,31,460.35,2,Clear,High,Indian,3.8,33,12,3,0,62.9,63.95846727283477
2.14,34,516.15,3,Clear,High,Biryani,3.9,39,22,1,0,60.7,68.08355394698886
4.85,41,1727.2,5,Clear,High,Indian,4.2,36,22,5,1,87.8,84.45870551057942
2.21,29,187.79,1,Clear,Low,Chinese,4.5,26,23,2,0,37.8,42.8120458963358
5.87,30,604.8,2,Rain,Medium,South Indian,3.9,25,16,3,0,69.9,72.69567876330535
1.75,25,335.23,1,Clear,High,Fast Food,4.0,25,22,2,0,53.4,57.417712931691746
2.57,21,88.65,1,Rain,Medium,Indian,3.8,25,20,0,0,50.2,53.04563045238743
3.14,15,468.49,5,Rain,High,Bakery,4.3,15,21,0,0,62.6,59.88723056407628
2.85,20,505.34,3,Clear,Low,Cafe,4.2,22,10,1,0,31.8,33.11673298180945
10.48,34,509.89,2,Clear,High,South Indian,4.3,30,22,0,0,100.1,97.00366933757888
1.32,34,378.08,2,Cloudy,Medium,Healthy,4.0,29,5,4,0,52.4,52.37561939105322
2.48,7,182.09,2,Cloudy,Medium,Desserts,4.4,12,22,0,0,43.2,33.086765893210845
4.98,12,241.75,1,Cloudy,Medium,Healthy,4.0,17,21,5,1,44.0,46.82544449985494
3.39,11,1047.22,4,Rain,High,Healthy,4.1,15,19,3,0,67.8,56.5463571815899
4.8,19,694.71,2,Clear,Low,Healthy,4.4,21,9,6,1,41.9,38.75245362714551
0.78,33,270.16,2,Cloudy,Medium,Indian,3.4,33,9,6,1,46.3,50.431231838245935
6.74,27,940.59,4,Clear,Low,Indian,4.1,29,23,2,0,54.3,56.70759979255786
1.67,43,131.15,1,Cloudy,Medium,Biryani,4.2,43,14,5,1,65.2,64.7821166631456
1.47,14,141.11,1,Cloudy,Medium,Cafe,4.4,11,18,0,0,31.0,35.73490710398426
1.89,22,220.19,2,Clear,Low,Cafe,4.4,25,10,5,1,31.6,31.769608095609513
1.12,16,1098.92,6,Clear,Medium,Bakery,4.4,17,14,2,0,34.0,33.53602906554658
4.03,36,596.7,3,Clear,Medium,Biryani,4.8,37,6,1,0,60.5,62.11537963861223
1.08,19,1016.44,6,Clear,Medium,Healthy,4.4,24,19,2,0,33.4,37.65926478867349
3.0,32,326.19,3,Clear,Low,Chinese,4.6,34,5,6,1,42.3,44.47413887129648
6.14,21,892.58,4,Clear,High,South Indian,3.9,20,19,4,0,74.6,68.18913045220847
1.2,22,274.31,3,Clear,High,South Indian,4.2,21,4,6,1,38.6,48.38634032636
2.83,24,388.62,2,Clear,Medium,Cafe,4.1,22,9,4,0,50.6,46.60349415518114
2.57,9,327.57,1,Clear,High,Desserts,3.6,13,22,6,1,41.2,44.44284969078396
0.5,23,333.57,2,Clear,High,Healthy,4.5,25,1,3,0,42.2,46.32880956223586
3.33,38,614.85,3,Cloudy,High,Chinese,4.4,33,10,4,0,62.9,75.30441981517177
3.32,21,102.84,1,Clear,Low,Desserts,3.5,18,1,1,0,32.5,33.689916450103716
5.49,21,134.61,1,Rain,High,Pizza,4.7,23,22,4,0,76.0,74.47567329373294
4.32,10,472.99,3,Cloudy,Medium,Desserts,4.5,15,2,1,0,38.2,37.96256748814196
7.05,11,403.22,3,Cloudy,Medium,Healthy,4.0,16,20,2,0,52.5,52.79571504379225
3.8,8,517.85,2,Clear,Medium,Bakery,3.9,10,16,2,0,32.6,35.452371681427415
0.62,14,437.78,2,Clear,High,Desserts,3.8,19,13,4,0,39.4,40.52711163491268
3.92,21,332.65,1,Cloudy,High,Chinese,4.2,21,12,6,1,59.7,60.83959574529858
6.06,46,325.31,2,Clear,Low,Biryani,4.0,43,22,4,0,74.8,73.33550644030305
0.5,25,346.73,1,Clear,Medium,Pizza,4.0,25,22,3,0,47.8,42.369724970350056
1.39,35,450.12,2,Clear,Medium,Chinese,4.4,33,9,0,0,40.6,52.459436026920365
9.24,17,132.44,1,Clear,Low,Pizza,3.9,21,19,2,0,53.4,54.539339032874466
2.99,45,122.25,1,Clear,Low,Biryani,4.1,48,1,5,1,55.1,56.76766540506452
0.58,22,587.77,2,Cloudy,Medium,Chinese,3.6,24,17,0,0,35.8,40.51029757784333
0.76,20,589.8,2,Clear,High,Healthy,3.9,19,13,1,0,53.1,47.040776651249104
4.69,12,1271.92,4,Clear,Medium,Bakery,3.8,15,14,3,0,43.0,42.18030246277421
2.28,11,170.58,1,Cloudy,Low,Fast Food,5.0,15,23,4,0,20.7,26.801605858197306
0.95,13,830.41,5,Clear,Medium,Desserts,4.6,10,14,6,1,35.4,29.955932821458294
2.37,25,1320.71,4,Clear,Medium,Chinese,3.9,23,23,0,0,42.9,49.16945052098828
3.29,13,319.01,1,Rain,High,Desserts,4.4,18,12,0,0,63.0,56.445821005310265
5.73,26,1238.14,6,Cloudy,High,Chinese,4.3,31,19,1,0,73.1,73.73188983486418
5.18,33,303.22,2,Cloudy,Medium,Indian,3.3,35,12,6,1,64.5,66.55150203861909
8.24,17,1068.84,4,Clear,High,Bakery,4.4,20,19,3,0,70.5,71.4828357326585
8.63,26,674.08,3,Cloudy,High,Cafe,4.3,24,21,5,1,85.1,84.41297443040293
7.02,22,569.55,3,Rain,High,Healthy,4.4,24,18,5,1,86.5,80.00455496360328
1.67,50,1029.31,6,Clear,Medium,Biryani,4.1,48,14,6,1,66.9,69.83753427908165
5.72,19,1027.23,3,Clear,High,Fast Food,4.4,15,20,0,0,67.4,64.76896620418933
0.9,13,1270.27,6,Clear,Medium,Desserts,4.6,12,19,6,1,33.3,30.952141960916364
5.89,34,250.85,1,Clear,Low,Indian,4.2,32,14,5,1,53.5,58.68420140945096
2.22,36,469.27,3,Clear,High,Chinese,4.2,33,4,4,0,68.9,66.08909788027746
2.73,33,410.59,2,Clear,Low,South Indian,3.8,28,3,5,1,49.1,44.083147383050424
7.94,16,876.1,3,Clear,Low,Pizza,3.9,21,3,2,0,46.4,45.343233256836015
4.58,10,306.81,1,Clear,Medium,Fast Food,4.3,10,16,4,0,40.6,40.09127640453747
2.04,34,414.81,2,Cloudy,Low,Pizza,4.0,32,0,5,1,45.4,43.97996510212353
2.46,10,319.24,1,Rain,Medium,Desserts,3.6,13,20,0,0,38.2,41.657478366527926
9.8,22,561.17,3,Cloudy,Low,Indian,3.8,25,23,3,0,63.0,64.41859387849328
3.36,25,754.32,5,Rain,Medium,South Indian,4.2,21,20,6,1,66.4,59.74500118856986
3.24,23,956.01,4,Clear,Low,South Indian,3.8,28,20,2,0,40.4,39.755288732115886
6.07,35,235.94,1,Cloudy,Low,Chinese,4.6,34,17,1,0,59.4,62.92375192674567
2.51,18,181.19,2,Clear,Medium,Bakery,4.4,17,3,4,0,40.1,37.91159652161195
5.4,23,337.18,2,Rain,Medium,Pizza,4.7,23,4,0,0,60.1,61.16942420903574
2.71,24,129.34,1,Cloudy,High,Cafe,3.3,21,22,5,1,61.6,62.02116799092007
1.32,14,739.03,5,Clear,High,Desserts,4.4,18,20,4,0,38.4,44.468742342494195
3.08,12,324.35,4,Clear,Low,Cafe,4.0,13,4,3,0,21.2,24.5375608726345
4.12,36,214.72,2,Clear,Low,Pizza,4.0,34,9,6,1,46.8,53.36566124579053
6.02,19,962.94,3,Clear,High,Pizza,4.4,23,14,4,0,65.0,64.64175033664888
5.38,9,164.38,2,Clear,Medium,Desserts,4.6,10,20,5,1,42.9,42.83455998020511
6.75,10,2049.07,6,Rain,Medium,South Indian,4.2,15,11,1,0,57.5,54.57886284043188
3.18,37,511.17,2,Rain,High,Chinese,3.5,33,18,3,0,84.1,81.68717226089677
3.77,14,565.97,4,Rain,High,Cafe,4.4,19,9,6,1,58.2,58.56055812784629
0.76,26,1009.31,4,Clear,High,Pizza,4.0,27,12,5,1,47.5,52.80094249067175
3.53,29,977.71,6,Cloudy,Medium,Pizza,3.9,32,22,6,1,56.1,58.959793978517325
3.69,23,80.07,1,Clear,Low,Pizza,4.0,24,20,6,1,45.0,41.358442933743476
2.94,14,667.33,2,Cloudy,High,South Indian,4.1,17,12,2,0,48.8,50.299503869036606
1.17,39,948.22,5,Cloudy,Low,Indian,4.2,36,4,4,0,46.4,46.828998880814716
4.05,33,322.98,3,Clear,High,South Indian,4.7,29,19,0,0,68.5,72.70548142330163
5.87,16,421.77,2,Clear,Low,Chinese,3.6,21,10,5,1,41.6,39.773739084221106
2.75,27,84.26,1,Clear,Low,South Indian,3.9,25,2,6,1,37.6,37.90854015771697
0.5,25,352.47,2,Clear,High,South Indian,4.2,20,19,6,1,56.9,52.39608583069602
3.03,30,316.71,1,Clear,Medium,Cafe,4.4,25,13,6,1,60.1,54.21099739615941
2.4,20,293.12,2,Cloudy,Medium,Chinese,3.6,24,22,3,0,56.4,46.049917493675515
5.29,13,305.21,1,Cloudy,High,Desserts,3.9,12,13,0,0,63.4,57.76118575577318
6.47,15,991.72,6,Clear,Medium,Desserts,3.7,14,13,1,0,57.8,51.13216703733549
4.78,18,675.16,2,Clear,Low,Pizza,4.3,20,6,6,1,33.1,36.94661893117625
1.29,26,1361.52,5,Clear,Medium,Healthy,4.5,25,23,5,1,38.9,46.37145623839389
2.64,51,861.03,6,Clear,Low,Biryani,4.2,46,9,1,0,63.8,63.28325569321589
1.38,36,385.45,3,Clear,Medium,Indian,3.4,33,10,5,1,51.5,53.77034426348287
5.13,7,148.31,1,Cloudy,Medium,Bakery,4.3,12,14,4,0,38.4,40.59072529921924
4.76,16,103.36,1,Clear,Medium,Cafe,4.4,21,8,3,0,42.7,45.073627251278104
2.13,23,1314.45,6,Rain,Low,South Indian,4.5,22,10,6,1,45.4,41.41850248570907
3.82,18,791.31,3,Cloudy,High,Pizza,3.9,21,17,6,1,55.6,58.64014174466772
6.39,10,596.73,2,Rain,Medium,Desserts,4.0,14,18,5,1,63.4,54.96920925782055
3.5,13,338.31,1,Clear,Low,Bakery,4.5,10,1,1,0,24.6,26.153755340550163
0.5,20,216.08,1,Rain,High,Fast Food,3.7,22,19,5,1,47.0,55.319921743881785
5.8,48,224.78,1,Cloudy,Low,Biryani,4.3,49,0,0,0,63.2,71.28086103558653
9.31,30,140.92,1,Clear,Low,Pizza,4.0,32,4,4,0,62.5,64.39778068356195
2.67,22,748.64,4,Clear,Low,Healthy,4.5,24,11,5,1,43.9,34.697924303377924
5.59,10,318.55,2,Rain,Low,Bakery,3.2,11,19,0,0,43.6,42.66321816303464
9.18,16,331.47,3,Clear,Medium,Desserts,4.9,16,18,3,0,60.6,62.65296119923692
9.29,26,593.05,2,Rain,Medium,Chinese,4.1,29,11,6,1,85.7,79.6179212361206
4.77,28,183.55,1,Clear,Medium,Pizza,4.0,25,22,4,0,61.7,60.324209588442116
14.26,30,293.73,1,Clear,High,Indian,4.6,25,15,0,0,99.4,104.62789236961119
0.84,16,571.45,3,Cloudy,High,Desserts,4.4,18,14,1,0,40.7,45.358717223745614
2.74,24,138.06,1,Clear,High,Cafe,4.2,22,18,6,1,67.7,59.14568592282154
3.37,26,685.02,2,Rain,Medium,Cafe,4.8,23,20,5,1,56.4,60.873370751736296
1.51,15,271.27,3,Rain,Medium,South Indian,3.7,18,16,4,0,29.3,42.3972901275458
4.07,22,849.76,3,Clear,Low,Healthy,4.2,18,21,1,0,42.8,41.90458811345404
0.71,13,410.09,2,Rain,High,Desserts,4.6,12,11,3,0,47.8,47.16662596930112
1.98,17,463.93,2,Clear,High,Cafe,4.4,19,21,6,1,47.0,50.145535034427
4.36,26,334.37,1,Clear,Medium,Healthy,3.7,23,22,5,1,58.7,56.981372804807336
4.23,43,472.32,2,Clear,Low,Biryani,4.1,48,19,6,1,72.3,63.262639528566325
9.5,29,2055.15,6,Clear,Medium,Biryani,4.2,31,11,4,0,71.2,75.58848600128877
1.73,44,211.0,2,Rain,Medium,Biryani,3.5,45,20,5,1,71.8,73.41321328432787
1.2,43,1395.2,6,Clear,High,Indian,4.4,39,14,2,0,74.8,71.75573926094992
2.76,28,1092.36,5,Clear,Low,South Indian,3.4,25,18,0,0,43.8,42.61831491747049
4.25,30,729.09,4,Clear,Low,Healthy,4.5,25,1,2,0,47.4,45.91770818184053
9.38,20,310.98,1,Cloudy,Medium,Healthy,3.9,16,11,4,0,73.9,67.96485112492712
4.28,22,918.84,4,Cloudy,High,Cafe,4.6,20,19,5,1,61.9,64.66942370755369
3.43,9,788.66,4,Rain,High,Fast Food,3.5,10,20,0,0,59.1,54.737217573331776
1.31,16,761.34,5,Rain,Medium,Cafe,4.0,13,15,4,0,41.4,42.53938802615439
3.53,15,344.19,4,Rain,Medium,Healthy,4.3,16,15,6,1,41.5,49.25389605893281
2.83,31,468.19,4,Cloudy,High,Healthy,4.0,29,13,1,0,64.0,67.22493269057654
3.31,9,130.36,1,Clear,Medium,Fast Food,4.9,13,3,3,0,31.4,31.56601300857994
5.74,15,119.97,1,Rain,Medium,South Indian,4.7,19,21,1,0,57.7,58.214441328812285
5.19,38,258.98,1,Rain,High,Indian,3.9,40,20,6,1,91.1,90.13878327844128
4.41,21,1155.6,4,Cloudy,Low,Chinese,4.5,26,22,5,1,43.2,44.30085796361943
5.31,25,1619.79,5,Clear,Low,Pizza,3.7,20,0,4,0,51.0,44.51905846609551
0.69,22,628.52,2,Clear,Low,South Indian,4.7,19,16,5,1,26.6,28.792980375460672
9.41,25,583.79,2,Clear,Medium,Indian,4.1,29,20,6,1,76.0,73.13599094046296
2.7,15,849.91,3,Clear,Medium,Desserts,4.6,10,19,4,0,39.5,39.26584225554462
10.09,36,1677.97,5,Cloudy,Medium,Biryani,4.3,31,19,5,1,86.6,88.4190493173156
5.68,6,469.84,4,Storm,Low,Bakery,4.7,11,23,3,0,44.3,46.78668919826559
3.96,15,873.65,4,Clear,Medium,South Indian,4.0,20,11,2,0,44.0,41.87496549255061
6.31,15,184.02,1,Clear,High,Desserts,4.0,14,21,5,1,64.6,63.235010946942275
4.26,26,119.82,1,Clear,High,Cafe,4.1,22,14,3,0,72.4,65.54188541480772
1.63,41,790.05,3,Clear,Low,Indian,3.9,40,22,2,0,57.2,52.64913633688214
11.38,15,567.08,2,Cloudy,Medium,Desserts,4.6,10,15,3,0,63.1,70.69494996545475
4.1,37,97.21,1,Rain,Medium,Chinese,3.6,32,18,0,0,79.4,74.03001234605844
7.25,13,285.17,2,Rain,Medium,Cafe,3.5,10,21,3,0,60.1,61.77698488492121
1.28,19,120.41,1,Clear,Medium,South Indian,4.2,20,11,4,0,31.8,36.486188559350296
12.45,22,228.84,2,Clear,Low,South Indian,4.0,20,0,0,0,66.9,66.32000214521446
4.74,15,661.85,3,Rain,High,Bakery,3.8,15,19,5,1,63.4,65.20419794282836
3.6,23,563.23,3,Cloudy,High,Cafe,4.2,22,19,3,0,60.9,63.329098631951474
1.89,17,324.19,3,Clear,Medium,Pizza,4.1,22,10,6,1,38.8,36.444768860128434
2.75,45,1009.17,4,Storm,Medium,Biryani,3.8,48,12,6,1,79.7,83.23359344033179
5.19,18,515.94,2,Clear,Medium,Bakery,3.8,16,14,4,0,53.0,49.92255049105161
5.43,29,263.03,1,Clear,Low,Indian,4.6,25,23,0,0,49.0,54.01224371282574
6.89,15,1124.77,6,Rain,Medium,Fast Food,4.2,15,23,6,1,59.4,62.72004970402297
2.21,6,374.18,2,Cloudy,High,Bakery,3.2,11,19,4,0,38.7,41.451789471955564
5.17,13,559.23,5,Clear,Low,Desserts,4.4,12,4,5,1,24.0,32.71740066272348
0.99,37,1233.99,5,Cloudy,High,Biryani,4.0,38,21,5,1,69.6,68.8339282346667
1.14,25,635.38,3,Cloudy,High,South Indian,3.6,27,11,6,1,59.8,54.87584355010786
4.89,18,88.6,1,Cloudy,High,South Indian,4.6,15,19,3,0,68.7,62.645679164113545
6.76,26,563.92,2,Clear,High,Cafe,4.1,22,22,1,0,82.9,76.12049205841373
7.86,13,185.93,2,Clear,Medium,Fast Food,4.3,10,0,4,0,48.9,50.87949169783148
2.12,44,601.22,2,Cloudy,Medium,Biryani,4.5,45,9,4,0,63.5,66.2089716209903
5.93,12,1357.09,4,Clear,High,Bakery,3.4,16,20,2,0,54.1,58.74893357997092
4.41,6,689.1,2,Cloudy,Medium,Bakery,3.9,10,20,0,0,43.9,38.45756119153981
2.43,35,588.44,2,Cloudy,Medium,Biryani,3.1,36,6,5,1,50.3,57.74966849346383
5.49,21,384.94,2,Clear,High,Cafe,3.8,19,12,0,0,68.8,64.37954343515094
3.69,22,292.96,3,Clear,High,Cafe,3.6,20,5,6,1,61.2,57.537366442432564
4.58,47,611.72,3,Cloudy,Low,Biryani,3.8,48,6,6,1,66.1,67.50424727192325
6.62,8,254.88,1,Rain,Medium,Desserts,4.6,10,19,0,0,50.8,53.852742833339796
4.22,27,493.56,6,Rain,Medium,South Indian,4.3,22,11,5,1,69.7,62.626406253672464
2.16,17,223.45,1,Cloudy,High,Desserts,3.8,15,11,2,0,53.3,50.385453737962976
5.74,19,285.9,3,Cloudy,High,Cafe,3.8,19,13,3,0,65.7,65.46674630233414
4.88,27,546.29,4,Cloudy,Medium,Pizza,3.9,32,9,1,0,52.8,58.65982772431079
1.58,17,341.14,1,Clear,Low,Bakery,4.2,14,3,1,0,20.6,23.93981805770254
2.43,11,213.56,1,Clear,Medium,Fast Food,5.0,15,19,1,0,35.0,34.12318252593984
3.49,50,1016.03,3,Clear,Medium,Biryani,4.1,48,6,5,1,75.0,74.42138811655987
2.95,13,233.1,2,Cloudy,Low,Fast Food,3.8,15,13,6,1,41.4,29.00217274421545
2.48,17,184.83,2,Clear,Medium,Bakery,3.4,16,17,3,0,36.2,40.127775222809746
4.1,27,522.3,2,Rain,Medium,Pizza,4.3,29,22,3,0,59.3,64.87484020279834
4.52,10,1349.75,4,Clear,Medium,Healthy,3.3,15,1,5,1,31.2,36.78372359833409
1.22,30,262.66,1,Clear,High,Pizza,4.3,29,20,1,0,61.1,60.17229391712425
4.05,22,1054.18,4,Cloudy,Medium,Pizza,3.7,25,9,0,0,47.1,50.78519707545106
4.04,50,551.22,2,Storm,High,Biryani,4.4,46,22,6,1,99.6,105.76102471010371
10.04,21,328.82,2,Clear,Medium,Cafe,4.4,21,15,5,1,65.7,70.1749328023025
0.52,20,273.16,1,Clear,Low,South Indian,4.7,19,17,5,1,16.9,26.416454950559697
6.37,27,258.99,1,Rain,Medium,Cafe,3.9,22,21,5,1,70.3,72.70511107412769
8.6,37,369.04,4,Clear,Low,Indian,4.0,40,9,4,0,70.2,70.04064381135314
2.1,38,1162.94,5,Rain,High,Indian,3.4,33,19,5,1,78.9,79.11214460255056
4.16,35,458.69,2,Clear,High,Biryani,4.7,38,8,1,0,69.8,72.85629995592141
2.37,22,368.18,2,Rain,Low,Fast Food,3.8,22,14,6,1,58.9,42.19498573409044
1.68,27,403.66,2,Cloudy,Medium,South Indian,4.3,22,19,4,0,52.0,49.68382856458285
5.64,19,1349.89,5,Clear,Low,Pizza,4.1,23,5,6,1,44.9,40.763952231154576
6.27,11,1040.39,3,Clear,Medium,Desserts,4.1,11,21,5,1,52.5,48.304423253069515
1.95,24,711.9,3,Clear,Low,Indian,4.5,23,3,1,0,29.2,32.26051453905961
8.89,51,349.46,1,Cloudy,High,Biryani,4.3,49,19,5,1,115.5,110.04177358203484
2.82,21,688.62,2,Storm,Low,South Indian,4.5,23,15,5,1,41.8,50.062627627040364
2.13,19,313.31,1,Clear,Medium,Indian,3.7,22,5,6,1,43.1,38.226535718568776
0.87,30,590.66,4,Clear,Low,Indian,3.4,33,17,0,0,41.2,37.81768830126231
5.71,9,687.89,3,Clear,High,Fast Food,3.5,13,12,1,0,58.6,52.99725742064781
2.24,19,1768.59,6,Clear,Low,Cafe,4.3,24,5,2,0,36.2,28.892749962653568
5.8,26,479.2,3,Clear,Low,Chinese,4.3,31,4,0,0,44.2,48.02891920731097
2.23,40,302.98,1,Cloudy,High,Biryani,4.3,43,18,6,1,71.8,75.48037233468503
1.68,37,201.52,2,Clear,Low,Indian,4.2,36,4,5,1,54.4,44.63611451472897
2.32,19,272.97,1,Clear,Medium,Bakery,3.9,19,21,2,0,47.7,42.442331426787455
10.05,17,693.7,4,Clear,Low,Pizza,4.1,22,13,6,1,60.6,56.00294184413297
5.48,33,353.79,4,Clear,High,Indian,4.4,32,18,0,0,74.5,77.56069791740649
5.19,28,649.99,2,Clear,High,Chinese,4.5,26,13,5,1,76.4,70.52012292493717
8.2,14,223.07,1,Clear,Medium,Cafe,4.0,15,22,1,0,59.8,58.3432727064714
5.34,31,651.52,2,Clear,High,Pizza,4.0,32,11,5,1,78.8,73.63675485041936
9.18,26,1390.86,4,Rain,High,Fast Food,3.8,22,14,0,0,91.8,90.55011063303822
8.5,5,388.04,3,Rain,Low,Bakery,4.5,10,16,0,0,49.7,46.98263522387771
3.03,37,602.9,4,Rain,Low,Biryani,3.9,42,1,5,1,60.0,56.82413047836701
4.2,15,812.36,4,Clear,High,Fast Food,4.4,15,14,3,0,51.9,54.076819578020206
0.5,28,546.12,2,Storm,Low,Pizza,3.8,32,4,5,1,48.4,46.570205926436024
4.65,13,1031.77,6,Storm,Medium,Desserts,4.4,12,21,0,0,55.6,59.47791127300725
5.07,35,1576.57,5,Storm,Medium,Biryani,4.4,32,21,2,0,81.7,83.28520472850875
3.4,16,446.14,2,Clear,Medium,Indian,4.0,21,18,3,0,38.9,42.58363180524847
0.53,20,1253.56,4,Clear,Medium,Bakery,3.9,17,9,6,1,29.6,34.47626114108984
9.52,23,1225.23,4,Cloudy,Low,Healthy,4.2,18,7,4,0,63.9,60.805033116370524
6.02,20,1680.9,6,Cloudy,Low,Fast Food,4.0,23,0,1,0,49.4,43.76884633344753
3.67,35,324.48,2,Clear,Medium,Indian,3.8,36,18,0,0,66.8,62.54726596533306
4.88,22,1362.82,6,Clear,Low,Fast Food,3.9,17,23,5,1,41.5,45.083177659618464
2.61,17,471.41,4,Rain,Medium,Bakery,3.6,13,5,5,1,40.7,45.71447349216264
3.3,16,556.75,5,Clear,High,Cafe,4.4,21,19,6,1,53.0,53.26540406189201
4.1,27,140.41,1,Cloudy,Medium,South Indian,4.5,22,13,1,0,63.3,56.71062370671512
1.18,38,658.07,3,Clear,High,Biryani,3.8,42,19,5,1,66.7,68.10409614401904
9.27,22,270.3,1,Rain,High,Cafe,4.8,23,12,5,1,87.5,86.49004755934432
4.49,18,925.12,3,Clear,Low,South Indian,3.7,18,6,5,1,36.5,35.94163640717292
0.89,16,323.52,1,Clear,High,Healthy,3.9,19,22,1,0,47.8,45.557127522636144
2.18,14,202.56,2,Cloudy,Low,Healthy,4.1,15,22,1,0,27.6,29.449059110692623
9.79,25,424.04,3,Clear,Low,Pizza,4.6,29,20,5,1,61.8,64.63635822307104
0.99,22,1279.96,4,Clear,Low,Cafe,4.9,22,21,0,0,33.8,31.06570999904278
2.87,30,1012.15,4,Cloudy,High,Indian,4.1,29,21,0,0,66.6,68.15992840197642
4.53,15,422.28,2,Clear,Low,South Indian,4.0,17,7,5,1,33.7,33.24579348135305
4.37,19,540.33,2,Rain,Medium,Fast Food,4.2,14,1,6,1,57.9,52.875501404950796
8.68,18,394.79,2,Cloudy,Low,Bakery,3.8,15,9,1,0,45.7,53.18696754274718
3.61,25,956.9,4,Storm,Medium,Chinese,4.1,29,4,6,1,65.1,64.17915020427438
3.69,36,208.52,1,Cloudy,Low,Pizza,3.8,32,11,5,1,52.6,54.30786982211603
1.88,23,309.35,2,Clear,High,Bakery,4.0,18,22,4,0,56.7,55.92863729469764
2.81,31,805.26,3,Rain,Medium,Healthy,4.7,26,6,3,0,60.7,60.68659748590149
3.37,12,654.39,4,Clear,High,Cafe,3.5,14,11,5,1,49.5,47.78347544574076
5.05,13,277.7,3,Rain,High,South Indian,4.0,17,13,5,1,62.0,62.86031220839176
6.49,22,443.49,2,Storm,High,Healthy,4.0,17,13,4,0,83.4,84.11404790795748
5.29,43,283.44,1,Rain,Low,Biryani,4.0,43,20,6,1,75.0,75.13088283625537
6.83,22,166.81,1,Cloudy,High,Healthy,3.9,19,22,5,1,77.2,74.34734189999931
2.95,11,84.12,1,Clear,Medium,Desserts,4.6,10,13,6,1,43.6,34.746623554544705
2.45,23,1374.0,6,Clear,Low,Indian,5.0,26,17,4,0,30.8,36.208971701620655
3.52,31,135.27,1,Clear,Medium,South Indian,3.4,26,19,3,0,55.8,58.27299590733294
6.94,11,519.54,3,Clear,Low,Desserts,4.5,10,5,3,0,34.8,37.156359291419776
7.37,30,1609.65,5,Cloudy,High,Pizza,4.0,25,19,4,0,86.4,83.5543118156519
6.42,21,386.5,2,Cloudy,Low,Fast Food,3.7,22,6,6,1,44.6,47.5985484731531
1.52,20,304.66,1,Cloudy,Low,Pizza,3.4,25,8,3,0,32.6,30.053786509178913
13.05,18,1034.18,5,Clear,High,Cafe,4.2,22,18,5,1,86.6,89.238372866457
6.21,32,1391.41,5,Rain,Medium,Pizza,3.8,29,9,2,0,65.5,74.34856374495959
6.92,19,266.17,1,Rain,Low,Cafe,4.8,23,23,6,1,56.1,57.27420336927935
8.78,13,932.5,3,Clear,High,Desserts,4.4,12,13,3,0,74.3,68.01208618979318
5.29,34,1956.05,6,Cloudy,Medium,Pizza,4.0,32,21,0,0,67.8,69.89968264302293
7.98,18,566.92,2,Clear,Medium,Desserts,4.6,19,7,4,0,53.4,58.03223530932699
4.79,39,553.35,3,Clear,Medium,Biryani,4.3,35,18,4,0,70.4,70.62579331127179
0.76,15,1441.85,5,Rain,Medium,Cafe,4.6,20,19,3,0,44.4,40.520987412869346
6.44,12,388.5,3,Cloudy,Medium,Fast Food,4.4,12,13,1,0,47.5,49.80012828357761
5.99,22,1040.17,3,Clear,Low,Healthy,3.9,19,0,4,0,44.6,43.917672490358356
2.9,29,938.34,5,Cloudy,Low,South Indian,4.5,26,23,6,1,33.7,47.133908172994694
0.5,30,933.71,3,Clear,Low,Healthy,4.5,25,1,0,0,33.7,32.792395090724455
5.35,14,260.45,2,Clear,Medium,Cafe,4.3,18,23,4,0,47.1,48.59030785398139
4.93,24,600.33,2,Clear,High,Cafe,4.4,25,22,4,0,66.3,67.73085605237961
7.42,28,174.1,2,Clear,Low,Pizza,3.8,29,15,3,0,55.2,58.28455371658539
6.29,13,597.04,2,Cloudy,Low,Desserts,4.5,15,10,6,1,43.6,40.056635684017614
4.7,18,801.12,3,Cloudy,Medium,Healthy,3.3,15,3,4,0,43.6,47.81767146841322
0.88,25,654.2,3,Clear,Low,Pizza,3.7,25,0,1,0,32.4,28.93317154302517
0.99,19,406.42,2,Clear,High,Cafe,4.7,23,1,6,1,43.1,44.06275467999919
4.29,7,571.89,3,Clear,High,Bakery,3.6,10,5,4,0,33.6,44.50263773238264
2.7,29,1161.78,5,Clear,Low,Fast Food,4.3,24,8,4,0,40.2,40.99113664136199
4.25,15,740.27,4,Storm,Low,Desserts,4.4,16,1,4,0,49.4,45.859000604153586
8.3,35,103.54,1,Cloudy,Medium,Pizza,4.3,32,18,6,1,81.4,80.71910843987733
3.14,21,336.19,1,Cloudy,Medium,Pizza,4.1,22,18,6,1,50.1,48.66255797038461
4.78,33,500.76,3,Clear,High,Indian,4.4,32,11,0,0,75.2,73.53700817693128
5.74,30,548.61,2,Clear,Low,Pizza,3.2,29,3,0,0,46.9,51.71502961596662
4.37,28,901.65,4,Rain,Low,Cafe,4.3,24,10,4,0,51.7,54.41823584895611
8.89,10,1024.44,3,Cloudy,High,Desserts,4.0,14,11,1,0,69.3,66.94263685092464
2.29,24,427.06,2,Clear,High,Indian,3.8,23,10,5,1,56.6,55.7001896773224
9.53,18,340.54,4,Cloudy,High,Cafe,4.9,14,21,3,0,78.6,79.39980242016543
13.87,47,1820.42,6,Clear,High,Biryani,5.0,42,12,0,0,127.6,119.77564334845073
2.31,10,936.58,4,Clear,Low,Fast Food,4.3,10,1,1,0,19.2,18.932973118352045
10.27,12,162.23,2,Clear,Medium,Healthy,3.9,16,19,5,1,67.0,62.9104104106591
1.83,40,1373.92,6,Clear,High,Indian,3.8,36,0,5,1,60.7,67.83988861536842
2.22,14,668.19,3,Cloudy,Medium,Fast Food,4.4,11,15,5,1,30.5,37.53536536410076
5.72,31,83.0,1,Cloudy,Medium,Pizza,4.0,35,18,6,1,65.9,67.73162766859254
3.41,16,215.84,2,Cloudy,High,Cafe,4.4,14,19,0,0,51.4,55.55745441794758
0.6,30,1052.76,4,Clear,Medium,Chinese,4.0,35,20,4,0,47.8,47.34574587193224
3.06,18,909.64,3,Storm,Medium,Desserts,3.7,14,14,0,0,64.6,57.449993206469124
1.57,9,284.71,2,Cloudy,High,Bakery,4.5,10,19,0,0,38.6,41.97114963748172
1.34,44,446.56,2,Cloudy,Low,Biryani,3.9,42,4,2,0,50.7,52.63540373779563
1.36,24,1571.62,5,Rain,Low,Pizza,3.8,29,15,2,0,33.8,41.035801229060496
6.45,18,184.53,1,Clear,High,Fast Food,4.2,21,22,2,0,63.6,66.8272133491661
1.58,21,1642.51,6,Clear,High,Cafe,4.3,24,13,1,0,50.9,50.911606446985374
9.43,42,739.2,3,Clear,High,Biryani,4.0,38,20,6,1,99.2,101.20804102443317
1.8,44,344.0,1,Clear,Low,Biryani,4.3,43,15,0,0,54.8,54.73528599749787
4.13,24,290.04,2,Rain,High,Indian,3.5,26,19,2,0,72.5,72.1510593726657
5.13,21,620.0,2,Clear,High,Healthy,3.9,16,14,0,0,78.1,63.552096301128685
5.64,13,1305.71,6,Storm,Medium,South Indian,4.2,15,18,4,0,61.7,62.342144230298004
5.57,19,110.47,1,Clear,Low,Healthy,3.9,16,1,1,0,42.8,39.58134244669146
2.47,24,721.24,4,Clear,Low,South Indian,3.4,25,2,0,0,41.7,33.9233475819968
2.47,23,1021.25,4,Clear,Medium,Indian,3.8,23,14,4,0,49.8,45.46540721779793
3.02,42,742.9,4,Clear,Medium,Biryani,4.2,46,18,1,0,71.3,67.42902401241594
4.26,29,333.12,2,Clear,Medium,South Indian,4.0,30,15,6,1,53.6,57.902535806515445
5.29,49,578.74,5,Clear,Medium,Biryani,4.1,48,5,2,0,80.1,79.39762719639569
1.93,42,489.38,3,Clear,Medium,Indian,4.3,39,21,0,0,60.9,64.07946038923967
9.71,20,384.11,2,Cloudy,High,Chinese,3.9,23,22,5,1,83.2,82.42575720954815
5.29,19,789.73,6,Cloudy,Low,Chinese,3.2,24,23,4,0,43.4,45.710849100969206
1.65,13,120.8,1,Rain,Low,Fast Food,4.4,15,17,5,1,31.4,31.245289633746047
2.7,16,237.9,2,Clear,High,Bakery,3.8,15,20,2,0,48.5,51.32344964106058
5.7,26,301.26,1,Clear,Medium,Pizza,4.4,23,5,0,0,57.5,57.57693723139772
1.48,14,99.63,1,Clear,Medium,Bakery,3.9,17,22,3,0,39.5,34.723783440351674
3.55,14,715.05,3,Rain,High,Fast Food,3.5,13,20,2,0,61.8,60.20969877235997
3.72,25,635.12,2,Clear,High,Healthy,4.5,25,22,6,1,74.0,64.46702430651885
5.01,25,797.31,4,Clear,Low,Healthy,4.5,25,7,5,1,42.9,44.98309071426047
0.85,10,933.66,4,Cloudy,Medium,Desserts,4.8,10,18,5,1,30.1,29.477693307529854
6.58,17,544.85,3,Clear,Medium,Fast Food,4.4,13,19,6,1,57.5,54.766312582686886
2.74,34,193.12,1,Rain,Medium,Indian,4.6,37,20,5,1,61.1,66.63533433934893
6.82,34,1059.63,5,Clear,Low,South Indian,3.8,30,23,6,1,55.3,64.01023761328261
2.39,12,1011.02,3,Clear,High,Desserts,4.6,10,21,3,0,38.5,46.44109957951301
2.18,11,195.78,2,Clear,High,Bakery,3.8,15,22,5,1,48.3,44.979404114937914
1.03,6,892.87,4,Cloudy,High,Bakery,4.7,11,18,2,0,41.7,36.87137730788487
13.12,27,799.51,5,Clear,Medium,Indian,5.0,26,21,2,0,90.3,88.1544189318171
7.5,26,175.42,1,Clear,Medium,Pizza,4.1,23,11,5,1,69.7,65.3350243015376
2.08,30,258.34,1,Clear,Low,Chinese,3.5,31,15,2,0,36.6,41.675172594385245
6.64,37,940.46,3,Clear,Low,Biryani,4.4,34,6,2,0,54.9,62.622049679795666
4.83,33,136.71,1,Storm,Low,Biryani,4.2,31,10,5,1,67.4,68.20187688393958
2.82,31,715.01,4,Rain,Low,Indian,3.4,33,5,1,0,51.5,50.84865099506272
3.4,16,330.97,1,Clear,Low,Cafe,3.5,14,4,0,0,28.4,29.741418422079473
16.82,31,1340.72,6,Clear,Medium,Pizza,3.8,32,22,3,0,102.8,105.56128232086986
9.32,17,181.1,1,Cloudy,High,Fast Food,4.3,16,23,1,0,72.1,78.02899808492492
6.35,19,111.98,1,Clear,Low,Desserts,4.9,16,17,5,1,38.7,45.81884121012328
1.98,14,1166.35,4,Cloudy,Low,Fast Food,4.1,11,7,4,0,23.7,25.211417630028862
3.77,21,226.02,2,Clear,Low,South Indian,4.5,22,14,1,0,37.7,38.087066183929394
11.4,13,530.96,2,Clear,Medium,Desserts,4.5,15,17,2,0,60.0,67.27011244932835
1.74,31,194.49,1,Clear,High,South Indian,3.9,30,14,4,0,56.9,61.664274843429034
8.48,24,619.43,2,Cloudy,Medium,Cafe,4.4,21,12,1,0,77.6,68.97836082509069
4.13,16,453.99,2,Rain,Medium,Desserts,3.8,15,1,5,1,52.3,49.17239743690185
3.77,35,1373.19,6,Clear,Low,Indian,4.2,36,19,2,0,56.9,53.39581552151267
3.29,35,441.15,2,Cloudy,Low,Indian,3.9,40,1,2,0,59.2,49.605738091881975
9.17,29,361.88,2,Clear,Medium,Biryani,3.7,31,12,4,0,82.5,74.65966048565147
5.74,31,162.7,1,Clear,Medium,Pizza,3.8,32,19,6,1,67.9,66.08732914363733
0.94,25,297.58,2,Rain,High,Pizza,4.0,22,22,5,1,61.8,62.612404840356085
4.72,13,673.51,2,Clear,Medium,Cafe,4.7,12,21,2,0,39.7,44.85948628817319
8.48,15,266.51,3,Rain,Low,South Indian,4.0,20,4,2,0,47.2,54.2750121087527
8.5,18,368.94,4,Clear,Low,Bakery,4.2,13,7,4,0,51.6,50.07564902096652
6.43,30,380.75,4,Cloudy,High,Biryani,3.9,33,20,1,0,79.9,80.56441183707327
2.37,21,430.78,4,Clear,Low,Desserts,3.8,20,3,4,0,28.6,30.802366975732404
1.19,21,625.21,3,Cloudy,High,Pizza,3.9,22,19,5,1,50.2,52.86132107484294
7.08,16,114.27,1,Cloudy,High,Fast Food,4.4,19,22,6,1,74.3,68.99718771214766
4.4,27,1129.4,4,Rain,High,Indian,3.6,31,6,6,1,67.3,73.1886575830029
5.53,14,1057.09,5,Cloudy,High,Bakery,4.3,15,18,0,0,54.2,60.65979793304108
2.24,25,1037.88,4,Cloudy,High,Healthy,4.7,26,21,0,0,53.9,60.92774310826442
9.12,11,554.86,3,Clear,Medium,Fast Food,4.7,14,18,3,0,47.3,57.37857561758091
2.8,29,909.39,4,Cloudy,High,Indian,4.2,32,22,2,0,73.2,67.16228657937535
2.98,29,510.56,2,Clear,High,Indian,4.2,32,14,1,0,60.7,63.9830993302449
5.33,32,229.92,1,Cloudy,High,Pizza,4.3,29,12,2,0,81.3,76.7100090425605
4.04,26,698.04,2,Clear,Medium,Fast Food,4.7,24,11,1,0,48.8,53.01600209434019
1.59,19,893.52,6,Rain,High,Desserts,3.7,14,3,3,0,57.8,54.49870765281174
8.21,15,308.72,1,Clear,Medium,South Indian,4.0,17,16,4,0,54.6,57.93577758796263
11.1,28,840.2,5,Clear,Low,Indian,4.1,28,5,2,0,67.9,68.81854030668842
6.99,29,217.51,1,Cloudy,High,South Indian,3.9,30,17,2,0,75.2,80.67775165614587
3.83,25,1612.83,5,Clear,Low,Pizza,3.7,25,1,6,1,39.5,39.5878725653146
3.5,26,465.58,3,Clear,Medium,Chinese,3.6,21,16,6,1,42.1,52.56517502930449
3.76,35,249.64,2,Rain,Low,Chinese,4.1,30,9,6,1,56.0,59.043673542064404
4.64,12,241.05,1,Clear,Medium,Bakery,4.4,17,1,2,0,37.5,38.909815231999026
3.46,20,336.03,1,Clear,Medium,Fast Food,3.8,15,11,5,1,48.9,45.0960592002198
7.71,40,924.88,3,Clear,High,Indian,4.0,40,18,1,0,88.8,92.53241794546204
7.46,20,891.02,4,Cloudy,Low,Indian,3.8,23,0,6,1,58.9,48.97390736882769
5.19,23,679.0,2,Clear,Low,Fast Food,4.3,24,10,0,0,48.2,44.13042638615735
14.21,15,215.8,1,Cloudy,Low,Desserts,3.9,12,1,0,0,57.5,67.71940472708704
3.81,24,294.79,1,Clear,High,Indian,4.1,28,21,5,1,65.0,63.53217613489298
7.04,36,281.92,2,Clear,Low,Indian,3.4,31,4,2,0,65.1,62.48055512345531
5.96,24,865.32,4,Cloudy,High,Cafe,4.1,22,21,0,0,76.7,73.02750212638436
0.5,28,276.42,1,Clear,Low,Chinese,4.2,33,23,0,0,24.4,35.864439964882116
2.78,33,101.51,1,Rain,Low,Biryani,4.4,32,22,4,0,62.2,56.68954342802539
1.55,46,1040.36,5,Clear,High,Biryani,3.8,44,14,6,1,75.1,76.26671253362427
0.51,24,198.79,2,Cloudy,Low,South Indian,3.6,27,21,0,0,38.7,33.35637803668456
2.31,13,161.62,1,Cloudy,Medium,Fast Food,4.9,13,8,6,1,38.6,35.198940404808475
1.33,34,214.87,2,Clear,Medium,Healthy,4.0,29,14,2,0,61.7,52.46414573273551
7.37,13,498.98,4,Clear,High,Desserts,4.6,12,19,4,0,64.3,64.38088705197976
3.05,28,311.25,1,Rain,Medium,Indian,3.9,26,9,5,1,50.7,59.26368718265839
1.32,20,112.42,1,Rain,High,Desserts,3.8,19,11,3,0,55.5,56.42301059630265
3.2,10,422.97,2,Cloudy,High,Fast Food,4.4,13,22,6,1,51.0,49.39614783013857
9.71,29,637.0,4,Clear,High,Chinese,4.1,30,9,3,0,85.7,86.45124163948918
3.8,11,831.16,4,Cloudy,Medium,Bakery,4.2,13,15,6,1,36.5,40.18314472915855
4.58,28,112.22,1,Cloudy,High,Healthy,4.0,29,14,5,1,71.2,70.64856036188078
5.74,19,903.0,5,Clear,High,Fast Food,3.9,17,0,0,0,64.0,60.27495552784859
3.71,44,607.21,2,Clear,Medium,Indian,3.9,40,9,5,1,71.2,69.69788315479468
1.88,30,209.71,2,Clear,Low,Healthy,4.3,27,0,2,0,36.8,37.41573351445574
6.25,31,451.9,2,Cloudy,Medium,Biryani,4.3,35,18,6,1,67.3,69.72444323428677
6.01,38,435.0,3,Cloudy,Low,Indian,3.4,33,10,0,0,62.7,64.18502002311043
6.89,10,684.56,2,Clear,High,Desserts,4.6,10,19,0,0,58.9,59.69043007339089
2.76,16,164.67,2,Cloudy,High,Cafe,4.0,15,12,2,0,47.5,51.75655112597801
3.5,34,698.46,2,Clear,Low,Indian,4.2,36,5,6,1,52.7,48.297971203759005
9.6,16,123.47,1,Rain,High,Desserts,4.4,12,19,1,0,80.3,83.12621585556698
11.71,30,631.78,2,Clear,High,Indian,3.3,35,13,6,1,93.3,95.51602173290749
6.41,15,783.29,3,Cloudy,Low,Bakery,3.4,16,18,5,1,55.5,44.405654129567154
6.62,18,277.44,1,Clear,Low,Healthy,4.1,15,20,6,1,51.5,46.650500131635596
9.6,15,343.17,1,Clear,Medium,Fast Food,4.4,13,18,5,1,60.9,63.121860066931475
4.68,21,1087.38,5,Cloudy,Low,Indian,4.0,21,7,3,0,40.4,41.78549036842092
6.23,16,886.1,3,Clear,Medium,Fast Food,4.4,13,14,5,1,64.8,51.409286344764375
2.22,44,1199.79,4,Clear,Medium,Biryani,3.9,39,13,0,0,75.1,65.52006222228394
1.2,14,485.85,2,Clear,High,Bakery,3.9,19,20,4,0,39.5,44.12240754031346
5.52,36,500.48,3,Cloudy,Low,Chinese,4.3,31,9,1,0,55.2,60.17487255857436
1.63,28,391.62,2,Cloudy,High,Pizza,4.0,27,18,5,1,61.9,61.17530975503298
3.94,12,406.47,5,Rain,High,Healthy,4.3,16,12,1,0,70.3,57.7401787531177
6.91,10,895.41,3,Rain,Low,Healthy,3.3,15,4,6,1,38.1,44.04453927486533
1.07,28,307.27,1,Cloudy,Low,Pizza,4.8,24,23,5,1,31.3,39.736616779007406
7.71,22,212.28,1,Clear,Medium,Cafe,4.4,21,2,5,1,55.2,60.04402407395902
4.44,18,311.54,1,Cloudy,Low,Healthy,4.4,20,15,0,0,45.7,39.75133555574901
8.77,14,210.97,1,Cloudy,Medium,Desserts,4.4,12,19,5,1,67.0,61.49946570224859
2.84,8,1587.15,5,Clear,High,Desserts,4.6,12,22,6,1,50.7,44.28533865005993
7.91,21,968.33,3,Clear,High,Healthy,4.4,24,19,5,1,69.5,74.45826487380134
0.94,29,1057.25,6,Cloudy,High,Pizza,4.0,25,21,3,0,62.3,60.411134625301976
2.56,47,718.32,3,Rain,Medium,Biryani,4.1,48,9,3,0,77.6,76.74800121119259
4.26,12,511.25,2,Clear,Medium,Fast Food,3.8,15,20,6,1,41.3,41.97305916139883
0.58,22,1016.88,3,Clear,Medium,South Indian,3.6,27,4,4,0,36.7,35.56865736267349
6.47,32,1017.49,3,Rain,Low,Chinese,4.1,35,1,6,1,62.7,63.76520864811768
5.5,21,296.36,1,Clear,Medium,Fast Food,4.5,17,22,6,1,53.6,55.68980325827755
6.31,26,315.3,1,Rain,Low,Cafe,4.9,22,6,3,0,61.8,58.205702124683945
5.14,24,196.56,2,Rain,Medium,South Indian,3.6,27,19,5,1,65.3,64.8448464729465
6.16,18,957.62,4,Cloudy,High,Desserts,3.8,19,6,5,1,59.4,64.28658745316542
15.33,23,415.42,2,Rain,Medium,Cafe,3.8,19,11,0,0,97.5,97.73921833429202
0.67,15,326.79,3,Clear,High,Bakery,3.8,15,14,3,0,42.7,41.841203911186426
1.65,25,796.35,3,Rain,Low,Healthy,4.4,24,0,0,0,43.3,39.51681656622699
3.14,28,157.78,1,Cloudy,Medium,Fast Food,4.2,23,20,0,0,54.6,55.912439688268066
2.56,22,273.57,1,Cloudy,Low,Cafe,4.0,18,15,6,1,37.1,37.29545025427509
2.36,21,866.48,3,Cloudy,High,Pizza,4.4,23,11,2,0,53.3,55.06348899418757
5.23,21,881.09,4,Clear,Medium,South Indian,4.0,20,20,4,0,54.9,54.4148536706224
3.9,43,398.88,2,Rain,Medium,Biryani,5.0,42,17,3,0,75.5,79.1311456995579
3.45,10,309.36,3,Cloudy,High,Bakery,4.5,10,13,5,1,51.5,48.21246712974753
1.95,12,570.1,3,Clear,Low,Desserts,4.0,14,23,4,0,18.2,24.904086498191425
2.84,34,1032.46,3,Cloudy,Medium,Pizza,4.0,32,9,5,1,54.8,58.59854323745104
4.08,34,850.71,3,Clear,Low,Indian,3.3,35,23,6,1,46.7,54.56208888612598
2.23,33,217.78,1,Cloudy,Medium,Pizza,4.0,34,11,0,0,61.1,55.846408636361794
5.46,29,323.65,1,Cloudy,High,Chinese,3.5,31,21,1,0,79.1,76.36791883512683
11.26,15,272.07,2,Rain,High,Bakery,3.2,11,11,0,0,88.3,86.20416536818819
4.1,16,1016.5,5,Cloudy,Low,South Indian,4.2,20,1,3,0,34.6,33.300026189874956
1.93,16,1645.84,6,Clear,Medium,South Indian,4.4,20,23,5,1,36.3,38.51260185931618
6.37,24,133.9,1,Rain,Low,South Indian,4.5,23,1,5,1,57.2,55.19042826438129
3.52,9,113.63,1,Cloudy,Low,Desserts,4.8,10,2,3,0,16.2,24.423341330518454
5.85,48,265.48,1,Clear,Low,Biryani,4.1,47,14,0,0,77.0,72.72196191663824
2.79,17,236.72,2,Clear,Low,Chinese,4.2,21,4,1,0,30.1,28.481588104509203
2.15,36,221.69,1,Storm,Low,Indian,3.8,40,9,1,0,62.7,61.474031130095135
3.06,16,894.2,3,Clear,High,Fast Food,3.8,15,22,4,0,53.2,53.03745375810943
1.56,20,579.63,6,Clear,High,Cafe,3.8,23,22,3,0,51.9,51.903815261862576
1.76,30,1388.85,4,Rain,Low,South Indian,3.9,25,16,5,1,44.4,48.61594607499194
2.54,15,296.71,2,Clear,High,Bakery,3.8,15,3,5,1,44.7,45.89221713439651
3.75,11,563.53,6,Rain,High,Desserts,4.5,15,11,5,1,54.5,55.77709607371948
2.96,30,256.14,2,Clear,Low,Biryani,5.0,32,7,6,1,46.9,42.876720897365615
4.57,12,445.37,3,Cloudy,Low,Bakery,4.0,12,2,0,0,27.9,31.12294338371187
8.55,19,447.93,3,Cloudy,Medium,Fast Food,5.0,15,12,4,0,64.7,63.94109928705474
5.0,24,1366.86,4,Clear,High,Indian,4.0,27,20,4,0,66.8,67.52170222678197
5.13,10,1373.19,4,Clear,Medium,Desserts,4.4,12,17,5,1,41.0,42.368640987237036
0.78,33,661.62,3,Clear,Low,Chinese,4.4,33,7,2,0,30.4,38.173078962208734
0.89,15,86.52,1,Rain,Low,Healthy,4.0,16,8,0,0,26.9,28.694105401579993
5.45,19,660.77,3,Clear,Medium,South Indian,4.0,20,21,6,1,53.7,53.422195185261195
6.2,27,622.33,3,Rain,High,Indian,4.2,32,5,2,0,76.6,79.12937072430702
8.94,16,483.28,3,Clear,Medium,Desserts,3.8,20,1,1,0,56.2,58.054794687119966
4.01,30,547.12,3,Clear,Medium,Chinese,4.4,33,2,5,1,59.3,55.0708458537778
1.5,6,119.66,1,Clear,Low,Bakery,3.6,10,15,5,1,13.6,15.49382812426147
5.29,37,725.73,3,Clear,Medium,Pizza,3.8,32,6,4,0,73.7,67.53227751957377
5.5,19,360.26,3,Clear,Medium,Indian,4.5,23,21,5,1,55.2,53.54650386287729
6.32,14,549.54,2,Cloudy,Low,Bakery,3.9,10,8,3,0,37.5,40.706231499640225
4.17,33,663.91,3,Clear,Medium,Pizza,4.0,34,11,1,0,69.4,60.688282998096945
5.0,10,302.06,2,Rain,Low,Desserts,4.5,10,10,0,0,34.5,38.392562089142366
0.73,26,176.05,2,Cloudy,Low,Chinese,3.6,21,2,5,1,32.3,31.880641041492197
1.61,32,1076.44,4,Clear,Medium,Indian,4.1,28,21,2,0,47.8,53.009699113054126
7.39,24,331.65,1,Clear,High,Pizza,4.0,25,19,2,0,69.3,75.59909211299724
9.37,19,271.32,1,Clear,Medium,Desserts,3.6,16,23,0,0,57.1,67.62240144324771
8.49,28,1090.95,4,Cloudy,Medium,Indian,5.0,26,18,6,1,75.9,74.29814717069195
2.51,10,677.3,5,Clear,Low,Bakery,4.2,14,6,0,0,14.3,20.821014752428738
2.55,22,1317.4,4,Rain,Low,Fast Food,4.4,19,23,1,0,42.7,44.792485813059486
1.93,15,846.85,4,Clear,High,Desserts,4.0,14,21,6,1,45.1,47.90767810641843
9.73,23,538.89,2,Clear,High,Fast Food,3.7,22,21,6,1,86.6,83.1988794204516
3.45,21,476.01,2,Clear,Low,Pizza,4.3,20,18,2,0,39.8,37.98585006215333
5.06,10,951.58,3,Clear,High,Desserts,3.8,10,21,1,0,53.9,53.86134415459552
6.65,31,1030.76,3,Clear,High,South Indian,3.9,30,14,5,1,82.1,78.88439318671408
4.86,13,971.67,4,Cloudy,High,Cafe,4.0,13,10,4,0,51.6,55.70622459195164
3.33,31,622.01,3,Clear,Medium,South Indian,4.0,30,21,1,0,56.1,57.97497172816288
3.76,16,276.73,1,Clear,High,Desserts,4.0,14,19,6,1,61.8,54.868375739982646
4.04,36,380.54,3,Clear,Medium,Pizza,4.0,34,12,0,0,65.1,63.422209132036286
11.96,16,1192.34,5,Clear,Medium,Cafe,4.6,20,22,0,0,72.7,73.44029750053635
3.75,26,397.68,3,Cloudy,Low,Pizza,4.0,24,7,1,0,41.5,43.49071657442843
6.83,23,959.3,3,Rain,Low,Pizza,4.7,23,6,5,1,56.1,57.0008073879742
6.53,18,501.1,2,Clear,Low,Desserts,4.3,19,17,6,1,44.9,45.56599070311577
2.95,49,383.95,4,Clear,Medium,Biryani,3.8,48,15,5,1,67.9,73.5578405512675
1.46,22,505.11,3,Clear,Low,Cafe,4.3,24,2,1,0,28.1,28.408047518955634
0.66,13,620.69,2,Clear,Medium,Desserts,3.8,15,22,1,0,30.0,30.885909338648137
0.5,15,1040.7,5,Clear,Medium,Fast Food,4.2,14,11,2,0,28.2,29.63575867252758
4.4,18,105.54,1,Clear,High,South Indian,4.2,20,11,2,0,51.7,57.185118007876
3.71,20,323.62,2,Cloudy,High,Pizza,4.0,25,20,3,0,59.3,60.90130355738023
1.96,30,276.58,1,Clear,Low,Indian,4.6,25,2,6,1,36.3,38.111542730140044
1.54,15,321.11,2,Rain,Medium,Bakery,4.2,14,14,1,0,41.2,41.947572083267744
6.5,16,685.78,3,Clear,Medium,South Indian,4.1,17,13,5,1,56.5,52.230382127760194
1.75,17,212.31,2,Clear,Medium,Desserts,4.4,18,14,6,1,38.3,36.81632388266853
6.36,33,1296.53,4,Clear,Medium,Pizza,3.9,32,22,4,0,64.3,70.96524353515407
8.6,27,395.19,2,Clear,Medium,Indian,4.2,32,1,5,1,74.5,67.90917208952771
6.07,29,549.49,2,Clear,High,Indian,4.2,32,14,0,0,77.9,74.79360383492966
5.76,25,581.49,2,Clear,High,South Indian,3.4,25,19,6,1,77.9,70.958370961937
4.88,30,166.47,1,Clear,Low,Indian,4.2,26,16,4,0,50.0,51.58695362536482
0.5,12,176.61,2,Clear,Medium,Bakery,3.9,17,8,5,1,24.2,26.07559514914756
1.61,37,402.13,2,Clear,Medium,Chinese,3.6,32,22,4,0,58.1,58.364757900342376
6.22,13,646.12,3,Clear,Medium,Desserts,4.8,10,0,5,1,45.7,45.18639406323806
2.77,6,330.59,4,Cloudy,Low,Cafe,4.4,11,8,1,0,26.9,20.24872442844631
6.66,18,275.32,2,Clear,Medium,Desserts,3.8,19,20,1,0,65.0,56.42346783175044
2.65,30,610.62,3,Clear,Low,Biryani,4.2,31,10,5,1,34.1,42.574868641506185
8.29,28,248.81,2,Clear,Medium,Pizza,4.1,23,16,1,0,70.3,71.19816852976165
10.07,16,534.61,4,Cloudy,High,Desserts,3.8,20,16,5,1,77.8,78.24012183530287
2.98,19,399.9,2,Clear,Low,Cafe,4.3,24,17,3,0,26.3,34.21129151511681
1.63,33,759.5,6,Clear,High,Indian,4.6,37,22,5,1,61.8,65.03135363622008
2.82,27,478.14,2,Rain,Low,Cafe,4.8,23,0,1,0,53.0,45.58815845510114
5.43,23,248.5,1,Clear,Medium,Pizza,3.9,22,16,2,0,51.9,56.240058805952856
1.16,18,161.18,2,Cloudy,Low,Cafe,4.4,14,18,2,0,28.0,28.950028019541776
10.0,23,196.17,2,Clear,High,Chinese,4.5,26,18,5,1,89.9,83.47401774774933
1.4,23,1160.52,4,Clear,High,Fast Food,3.8,18,21,1,0,55.1,53.96195765624597
1.31,11,1552.95,6,Rain,Medium,Fast Food,4.2,14,11,4,0,44.1,36.454848430644255
2.62,27,96.16,1,Rain,Medium,Indian,4.7,23,19,4,0,57.6,58.926520647676256
1.4,25,401.47,4,Cloudy,Low,Cafe,4.8,23,21,0,0,47.5,37.407265268250484
2.99,32,464.53,3,Clear,Medium,Indian,3.4,33,11,0,0,64.8,55.59536023886519
4.01,15,446.34,2,Clear,Low,Fast Food,3.5,13,13,1,0,30.7,32.7477799928336
4.27,7,919.54,5,Clear,Medium,Desserts,4.6,10,13,1,0,33.0,35.31261441404908
1.71,35,449.54,2,Clear,Low,Chinese,4.2,35,23,5,1,36.9,47.153079182570394
2.19,18,336.13,1,Clear,Low,Fast Food,3.8,18,1,5,1,24.8,26.646557301013345
8.0,11,477.66,2,Clear,Low,Healthy,4.3,16,2,1,0,44.3,40.283069376723795
4.68,36,350.75,2,Clear,High,Pizza,3.8,32,21,0,0,65.5,78.56580181085019
4.42,18,510.62,2,Rain,Medium,Fast Food,4.4,15,21,0,0,57.4,56.54546032101737
7.39,35,127.24,1,Cloudy,High,Chinese,4.3,31,21,5,1,88.2,89.04115183283662
7.88,42,854.69,5,Clear,Low,Indian,4.4,39,8,1,0,69.6,72.21122751316952
3.55,12,683.72,2,Cloudy,Low,Cafe,4.4,11,7,0,0,33.7,28.805421455806822
4.83,8,436.2,2,Clear,High,Desserts,3.8,10,10,3,0,44.8,48.539359198231345
1.04,31,1318.72,4,Clear,Medium,Pizza,4.0,27,20,5,1,50.2,49.83863926742548
13.75,7,310.44,2,Clear,High,Cafe,3.5,10,14,5,1,86.2,79.82191808256215
0.77,36,317.9,1,Rain,High,Indian,4.4,39,6,6,1,56.6,69.3868214873363
12.16,32,162.25,1,Cloudy,Medium,South Indian,3.8,27,9,6,1,83.6,89.18073032158377
1.39,28,135.13,1,Clear,Medium,Indian,3.5,26,13,5,1,48.9,46.47616821212083
2.03,20,512.72,3,Clear,Medium,Desserts,3.6,16,16,5,1,31.2,41.34270932233569
6.75,37,545.33,3,Clear,High,Chinese,3.5,33,21,0,0,87.6,86.88931456696236
0.72,49,253.55,1,Clear,Low,Biryani,4.3,49,20,4,0,60.5,57.16983955079732
5.72,26,975.02,3,Cloudy,Low,Healthy,4.1,27,8,3,0,51.7,50.75238971254448
8.42,18,551.98,2,Cloudy,Low,South Indian,4.0,20,18,3,0,54.5,54.37186567579802
3.82,21,201.46,2,Clear,Medium,Healthy,4.0,17,23,1,0,47.4,50.193897077841044
3.3,19,462.2,2,Clear,Low,Cafe,3.8,19,23,5,1,24.3,36.76672580133396
2.95,17,683.19,5,Storm,High,Desserts,3.9,12,19,3,0,57.9,67.96596062478369
2.86,24,750.1,4,Clear,High,South Indian,4.5,26,13,5,1,60.4,58.24773315647549
1.65,23,204.31,1,Clear,High,South Indian,3.6,27,20,4,0,59.2,54.75583976253517
6.69,21,132.67,1,Cloudy,Medium,Desserts,4.4,18,17,6,1,60.6,60.78326021806733
2.94,21,523.99,2,Clear,Low,Cafe,4.7,23,23,5,1,37.6,37.4080975175599
2.23,11,426.8,2,Clear,Low,Fast Food,5.0,15,19,5,1,28.4,23.737220759189192
4.93,16,2030.3,6,Cloudy,Low,Bakery,4.0,18,4,5,1,40.6,36.99010744699562
0.93,15,138.3,1,Clear,Medium,Cafe,4.4,19,19,4,0,35.7,33.19300300029451
5.62,42,151.55,1,Clear,High,Indian,4.3,37,11,5,1,88.4,85.56707512435132
2.27,18,277.12,2,Rain,High,Cafe,4.4,19,10,5,1,51.2,57.53552660286563
2.8,31,462.09,3,Clear,Low,South Indian,3.9,30,23,5,1,38.6,46.89230081536083
2.49,12,241.86,1,Cloudy,Medium,South Indian,4.1,17,13,5,1,44.4,36.154796374226365
4.33,15,216.66,2,Cloudy,Medium,Desserts,4.6,12,11,2,0,51.7,45.048912726902145
2.3,34,1947.37,6,Clear,Low,Indian,3.4,33,3,2,0,51.0,43.72266642294619
2.94,43,1151.45,5,Cloudy,Low,Biryani,4.4,46,16,3,0,57.7,59.95540125064337
2.54,37,165.27,1,Clear,High,Chinese,4.2,33,1,0,0,59.6,67.476191263914
1.24,10,347.13,4,Rain,High,Desserts,4.5,10,22,6,1,52.3,48.52716570876274
2.33,22,333.82,2,Clear,Medium,Bakery,3.9,17,18,6,1,46.4,44.80323325999887
6.44,17,874.62,3,Rain,Medium,South Indian,3.9,20,11,4,0,66.3,60.54983909885351
9.66,21,252.96,2,Cloudy,Medium,Bakery,4.4,20,1,4,0,63.3,67.47596570252048
7.46,35,127.48,1,Clear,Medium,Biryani,3.9,39,4,2,0,73.0,72.80705397320614
1.7,43,491.12,2,Clear,Low,Indian,4.0,40,1,6,1,54.4,50.096463105535875
0.91,27,407.07,2,Clear,High,Chinese,3.6,24,14,3,0,64.4,54.84227180769271
6.8,13,394.29,3,Storm,High,Desserts,4.6,12,19,6,1,84.0,77.39582485516613
1.12,22,938.0,3,Cloudy,Medium,Cafe,4.3,17,19,5,1,46.2,42.84987228252359
15.19,49,604.22,4,Clear,Medium,Biryani,4.3,49,15,2,0,107.3,116.36196562359598
0.94,25,1242.3,4,Cloudy,Medium,Pizza,4.1,23,20,5,1,46.0,45.42260656756038
0.5,12,286.1,1,Clear,Low,Bakery,3.4,16,0,2,0,10.0,14.591219613462371
1.28,19,1696.88,6,Clear,Medium,Fast Food,4.4,19,20,6,1,38.0,38.49390712279605
1.84,22,1518.08,5,Cloudy,Low,Cafe,4.4,21,23,1,0,36.0,36.54393365898607
1.57,7,275.46,2,Clear,Medium,Bakery,3.7,11,18,5,1,23.1,27.130518039043693
3.48,22,147.2,1,Clear,Low,Indian,5.0,26,8,1,0,36.2,36.70219187472903
0.99,22,538.83,3,Cloudy,Medium,South Indian,4.0,17,9,1,0,37.3,39.9450497301901
1.7,12,1304.19,4,Rain,High,Cafe,4.3,17,4,5,1,45.5,48.2203733302089
0.53,23,296.15,2,Cloudy,Low,Cafe,3.8,19,8,1,0,26.5,29.541632637238024
6.58,30,263.54,2,Clear,Low,Indian,4.6,25,10,2,0,57.0,56.06899719264834
7.4,18,308.14,1,Rain,High,South Indian,4.4,20,13,1,0,74.0,76.0545365150975
9.45,19,1570.1,5,Clear,Low,Cafe,4.3,17,0,1,0,48.4,52.96150608991559
4.92,5,527.1,2,Clear,Medium,Desserts,4.8,10,16,5,1,38.1,36.3130132377923
6.24,26,635.35,3,Cloudy,Low,Pizza,3.8,31,2,3,0,45.6,51.16509600896268
1.62,18,229.57,2,Clear,Low,Fast Food,4.5,17,9,4,0,20.9,26.369637335229022
2.73,17,876.53,4,Cloudy,High,Cafe,3.8,19,21,6,1,55.3,54.8118296002615
11.33,40,171.26,2,Clear,Medium,Chinese,4.1,35,15,0,0,93.3,93.66752686955161
7.65,17,456.05,2,Storm,Low,Fast Food,3.5,13,7,2,0,62.9,61.12963007494723
3.01,26,266.8,3,Clear,Medium,Indian,4.2,29,18,3,0,57.4,51.18155381383621
1.2,36,188.32,1,Clear,Medium,Indian,4.4,32,20,5,1,58.8,55.322387431041676
0.55,23,349.86,3,Rain,Low,Healthy,4.2,18,23,3,0,36.3,38.948550670547846
3.29,34,320.71,2,Clear,Medium,Chinese,4.2,33,10,1,0,56.5,58.37262097687873
2.57,27,95.68,1,Clear,Low,Chinese,4.3,31,14,4,0,44.1,40.074691731321245
2.75,14,664.86,3,Cloudy,Low,Cafe,3.5,14,1,6,1,29.7,26.798267521088256
10.11,17,87.3,1,Cloudy,Medium,Healthy,3.9,19,20,4,0,73.6,69.57639429472457
2.2,13,536.74,2,Clear,High,Bakery,4.2,13,20,2,0,54.9,46.54030358530916
0.94,10,317.88,1,Rain,Low,South Indian,4.6,15,16,0,0,26.8,25.540258548867868
4.73,9,151.81,1,Rain,Medium,Cafe,4.3,12,13,3,0,47.4,47.030005075688535
4.01,22,820.41,3,Clear,High,Cafe,4.7,23,19,5,1,67.5,61.7665034329781
2.17,19,897.98,4,Clear,Medium,Fast Food,4.2,14,14,4,0,35.8,40.2084068933551
1.03,17,624.23,2,Rain,High,Healthy,3.9,16,20,3,0,56.0,54.54139995463909
3.59,14,627.65,5,Clear,Medium,Fast Food,5.0,15,9,0,0,33.8,38.833998454315605
7.74,34,408.2,2,Clear,Medium,Chinese,4.3,31,19,3,0,83.5,76.03816883576908
6.33,17,959.47,3,Clear,Low,Desserts,3.8,15,4,0,0,38.8,40.89083365402955
0.62,23,193.54,1,Cloudy,Medium,Bakery,5.0,18,11,1,0,45.7,39.99371584020864
1.95,21,575.39,2,Clear,Medium,Cafe,5.0,21,14,3,0,40.7,41.550016281270366
8.83,19,322.35,1,Clear,High,Cafe,4.3,17,18,5,1,80.7,75.4465608432501
6.61,21,671.48,2,Cloudy,High,Pizza,4.8,24,13,5,1,73.2,70.3822776648468
2.3,11,205.06,1,Cloudy,Medium,Bakery,4.3,15,20,3,0,41.5,36.054401642097694
8.1,17,484.01,4,Cloudy,Medium,Cafe,4.2,22,18,1,0,68.5,62.00244531100733
12.29,25,173.35,1,Clear,Low,South Indian,4.0,20,2,2,0,68.6,69.26209788885102
5.2,14,98.12,1,Clear,Medium,Fast Food,3.8,18,9,5,1,41.3,44.72256902949672
5.8,23,614.54,3,Clear,Medium,Pizza,3.7,20,0,4,0,52.2,53.908306213629466
1.93,13,550.78,6,Clear,Medium,Cafe,4.0,15,21,5,1,30.3,35.119928755860805
5.4,9,570.61,3,Clear,High,Fast Food,4.2,14,12,5,1,53.9,51.85013007617886
1.18,13,209.93,2,Rain,High,Desserts,4.6,12,15,1,0,47.1,49.68278939578838
5.75,16,197.8,2,Clear,Low,Desserts,3.5,18,16,5,1,39.0,40.66448758499987
1.64,22,250.72,2,Cloudy,Low,South Indian,3.4,26,5,1,0,29.7,31.68806691384445
4.37,45,1167.2,5,Cloudy,Medium,Indian,3.8,40,14,1,0,79.1,76.08730969483827
4.43,33,194.05,1,Cloudy,Medium,Biryani,4.2,35,13,1,0,63.9,64.16351671566684
1.77,19,658.43,2,Clear,Medium,Cafe,4.7,23,22,6,1,39.8,40.828058075616745
2.06,13,1517.11,5,Rain,Medium,Desserts,4.9,16,22,4,0,43.1,43.63972319169207
2.37,36,168.92,1,Cloudy,Medium,Indian,3.8,33,22,5,1,64.4,61.92396044101163
9.3,24,82.09,1,Clear,Low,Pizza,4.3,29,1,5,1,52.4,57.613726885157035
3.79,32,415.68,2,Rain,Medium,Indian,4.4,32,3,2,0,61.8,64.40286465521653
13.13,26,887.72,3,Cloudy,Low,Pizza,4.0,27,0,6,1,71.6,74.84032151786033
12.93,30,330.55,1,Rain,Medium,Biryani,4.3,35,15,1,0,92.4,97.35187202100758
7.5,13,470.86,4,Clear,Medium,Bakery,3.2,11,13,5,1,58.2,52.79289743592379
3.81,37,665.59,2,Storm,Medium,Indian,3.4,33,18,6,1,82.6,80.16758485024344
2.54,17,409.0,4,Cloudy,High,Indian,4.0,21,19,4,0,45.2,53.541094905478815
0.95,34,626.93,2,Cloudy,Low,Chinese,4.1,30,1,1,0,45.7,40.38941211619077
12.62,18,456.54,2,Cloudy,Low,Bakery,4.3,15,7,4,0,57.7,66.51227170428824
2.11,19,290.61,1,Rain,Medium,Fast Food,3.8,22,20,2,0,47.3,49.35789259710235
1.42,15,228.75,1,Cloudy,High,Bakery,3.8,15,22,5,1,47.7,48.30558923099979
0.57,39,1705.83,5,Rain,Medium,Indian,4.3,39,19,3,0,70.5,63.895821417936425
5.04,20,380.25,3,Clear,Medium,South Indian,4.2,20,12,2,0,53.2,50.83674374570283
3.22,19,711.29,5,Cloudy,Medium,South Indian,3.8,16,14,4,0,49.5,45.943905974676035
6.15,27,322.86,1,Clear,Low,Pizza,4.1,25,3,0,0,57.5,50.021827835404565
1.39,14,313.31,1,Cloudy,High,Cafe,4.3,12,12,5,1,49.9,44.96370076436876
2.26,23,309.91,2,Clear,High,Pizza,4.0,24,4,2,0,47.1,53.16884815949112
2.9,39,399.36,2,Cloudy,Low,Biryani,4.3,35,6,3,0,50.4,53.49347161820563
7.82,17,1580.22,5,Clear,High,Bakery,3.6,13,18,6,1,58.6,69.90756281352452
4.33,37,266.91,1,Clear,Low,Indian,4.4,32,6,3,0,52.4,54.355202675730915
8.18,12,82.71,1,Clear,Medium,Desserts,4.4,12,17,5,1,51.6,54.99793847848028
3.88,37,611.68,2,Cloudy,High,Chinese,4.6,34,12,0,0,76.8,76.62746850421355
1.04,24,270.79,2,Rain,High,Cafe,3.3,21,20,6,1,59.9,61.68229351898988
5.52,19,232.52,1,Clear,Medium,Healthy,4.4,22,19,0,0,53.5,53.20441159326522
3.49,39,198.14,1,Rain,Medium,Chinese,4.0,35,12,1,0,63.4,72.49973780442969
4.27,49,554.38,3,Clear,Medium,Biryani,3.8,48,2,2,0,75.3,75.21411276445629
3.03,13,450.05,3,Clear,Low,Fast Food,4.2,14,7,0,0,27.0,25.819052295889563
11.46,14,341.63,2,Rain,High,Fast Food,3.5,10,22,0,0,85.9,88.31859506429775
5.31,25,979.91,4,Storm,Medium,Indian,3.8,23,20,2,0,76.6,73.74773180727533
11.17,29,924.06,3,Clear,High,Healthy,4.5,24,13,1,0,97.1,92.4455202247155
4.93,20,602.76,2,Clear,Low,Desserts,4.4,18,18,5,1,42.9,42.168842521499656
2.85,21,697.05,2,Rain,High,South Indian,4.6,22,14,6,1,63.5,63.3933070700579
5.8,28,237.58,2,Clear,Medium,Indian,4.2,26,6,5,1,60.4,60.21466674354424
3.44,22,269.65,1,Clear,Medium,Healthy,4.3,27,19,3,0,44.0,48.996717114634
3.18,29,142.23,1,Storm,High,Indian,3.8,29,21,6,1,84.9,81.36247013190325
0.68,21,290.65,1,Clear,Low,Cafe,4.9,22,10,4,0,29.5,26.491634983806847
2.85,17,435.64,2,Rain,Low,Fast Food,3.5,13,0,6,1,36.3,35.68145567437448
3.22,24,851.43,5,Rain,High,Chinese,4.3,23,14,3,0,65.1,67.74522020062557
1.03,9,787.72,5,Cloudy,High,Cafe,4.9,14,10,3,0,33.3,38.12997682701847
4.73,31,97.97,1,Storm,Medium,Pizza,4.1,26,21,0,0,76.0,77.87219920850536
6.2,31,518.93,2,Cloudy,High,Indian,3.5,26,18,5,1,76.8,80.2494381235371
1.96,20,531.95,2,Clear,Low,Desserts,4.5,15,20,5,1,31.8,32.196325094063425
2.35,22,529.23,2,Clear,Medium,South Indian,4.3,22,19,0,0,49.0,45.017204434362036
17.28,12,342.55,1,Clear,High,Fast Food,4.2,14,21,4,0,91.9,98.54780444321165
3.92,22,623.58,3,Clear,Low,Pizza,4.0,27,9,5,1,36.3,38.64520997882723
7.36,26,1354.19,4,Clear,Medium,South Indian,4.2,21,21,6,1,63.8,67.12752040410012
1.04,28,507.83,2,Clear,Low,Pizza,4.3,32,23,1,0,36.3,37.71926318642049
7.81,21,189.62,2,Clear,Medium,Cafe,4.6,20,19,0,0,65.6,63.18994855666566
0.82,18,389.08,2,Clear,Low,Cafe,4.0,18,3,3,0,23.1,22.45443442482555
2.1,20,216.34,1,Rain,Medium,Fast Food,4.2,15,9,0,0,36.0,47.68906969896648
4.65,24,971.7,5,Cloudy,Medium,South Indian,4.0,20,17,2,0,50.6,56.619538801632984
2.33,17,529.93,2,Clear,Medium,Healthy,4.4,21,5,5,1,40.9,36.87627485487867
1.86,29,482.47,2,Cloudy,Medium,Biryani,5.0,32,20,2,0,55.6,52.674520282393495
3.91,9,305.74,1,Cloudy,High,Cafe,4.4,14,18,5,1,53.6,50.159311313219334
0.5,21,940.4,5,Clear,Medium,Chinese,4.2,21,19,1,0,37.2,37.62045126913909
1.28,12,1031.23,3,Clear,High,South Indian,4.2,15,20,4,0,34.9,42.375571843934296
2.78,15,226.46,2,Clear,High,Desserts,3.9,12,11,6,1,50.4,48.5842090871749
3.9,29,586.52,2,Rain,High,Biryani,3.9,33,12,6,1,77.9,74.93949409576457
9.63,34,778.92,4,Clear,Low,Indian,4.2,36,19,5,1,73.8,72.92858101971908
1.11,30,491.5,2,Rain,Low,Pizza,4.0,27,15,1,0,50.2,46.077463716430486
1.42,19,217.2,2,Rain,High,Pizza,4.8,24,0,3,0,48.8,53.14146461682843
5.33,20,606.88,3,Cloudy,High,Desserts,4.5,15,6,5,1,63.1,63.26447681509961
1.43,41,938.18,5,Clear,Low,Indian,4.2,36,12,1,0,56.9,49.56184653097325
1.06,40,557.28,2,Cloudy,Low,Indian,4.3,36,16,4,0,47.3,50.20746597174089
4.37,12,252.17,3,Rain,High,Desserts,4.8,10,18,6,1,66.4,60.54455461049747
1.37,11,795.81,3,Clear,High,Cafe,4.3,12,22,1,0,37.8,42.186936632107596
5.08,16,895.82,4,Rain,Medium,South Indian,4.6,15,11,1,0,49.7,54.61687947846818
4.78,16,312.34,1,Clear,Medium,Healthy,4.1,15,22,6,1,53.2,48.388316829323564
6.29,12,227.12,1,Cloudy,High,Desserts,4.5,15,21,4,0,58.7,62.08270498189627
6.22,30,289.72,2,Clear,Low,South Indian,3.9,25,4,4,0,51.9,53.51068380512331
4.78,20,296.32,3,Rain,Low,South Indian,3.7,18,3,1,0,47.5,46.1060453161796
6.79,15,357.03,2,Clear,Low,Desserts,4.4,16,7,4,0,36.4,41.14274279503333
4.58,19,214.63,2,Clear,High,Indian,4.7,23,12,0,0,55.6,58.99452257040916
0.5,20,497.6,3,Cloudy,Low,Cafe,4.3,17,0,2,0,31.1,24.54401862569224
0.62,41,1700.99,6,Clear,Medium,Indian,4.2,36,22,5,1,61.9,58.819504728472864
3.0,31,186.79,1,Clear,Medium,Indian,3.8,36,18,6,1,60.6,56.2751124387984
9.22,8,373.24,3,Rain,High,Desserts,4.6,10,22,6,1,76.9,74.48472171884082
0.7,33,294.39,1,Cloudy,Low,Chinese,3.6,32,7,6,1,36.1,40.002903585832115
4.78,25,128.39,1,Clear,Low,Pizza,4.1,25,3,4,0,42.1,43.26650936727414
7.36,27,504.46,2,Clear,Low,Healthy,4.3,27,7,0,0,54.4,55.20943778219389
0.72,9,447.46,2,Clear,Low,Cafe,4.0,13,16,6,1,10.0,16.095574954452466
1.57,15,562.31,4,Clear,Low,Desserts,3.6,13,5,5,1,15.2,22.465242736316483
3.84,21,239.04,1,Clear,High,South Indian,4.3,22,8,2,0,59.3,57.540894913973965
1.75,19,324.96,2,Clear,Low,Pizza,4.3,20,10,1,0,26.6,28.170643745559573
4.87,36,687.81,2,Clear,Low,Biryani,3.9,33,22,2,0,62.8,59.15063868833661
4.63,28,581.11,3,Clear,High,Chinese,3.5,33,21,4,0,67.0,70.52892153110861
3.61,26,959.63,3,Cloudy,High,Pizza,4.0,27,22,6,1,73.0,67.07128971701624
4.12,18,259.6,1,Clear,High,Desserts,4.5,15,20,6,1,61.4,58.295219909848285
6.63,18,1535.9,5,Clear,High,Desserts,4.2,14,14,4,0,55.9,65.77031682717084
11.66,42,257.21,2,Rain,Medium,Biryani,3.8,44,3,6,1,105.6,102.27014754705067
2.49,26,349.21,2,Clear,Medium,South Indian,4.6,22,18,4,0,38.7,49.28202650009936
0.87,31,1348.21,4,Clear,Low,Pizza,4.1,26,7,6,1,26.9,36.544012472862235
2.02,36,555.27,2,Cloudy,Medium,Pizza,3.8,31,4,6,1,53.2,56.5957714650264
5.57,33,342.35,1,Clear,Low,Pizza,4.0,29,6,2,0,57.0,54.73479054543847
5.59,26,496.95,4,Rain,Medium,Cafe,4.2,22,22,4,0,73.1,69.13340615508046
0.5,24,675.18,2,Clear,Medium,Cafe,4.9,22,20,5,1,41.3,40.8778883277637
1.7,11,1050.08,4,Clear,Medium,Healthy,4.1,15,10,5,1,24.5,29.84098442475492
3.27,31,259.44,1,Cloudy,Low,Chinese,3.6,32,15,4,0,55.3,48.828816356349996
5.04,18,260.82,3,Cloudy,High,Indian,4.0,20,19,0,0,62.1,63.240972143639844
2.55,12,1921.65,6,Clear,Medium,Bakery,3.8,16,13,0,0,42.0,34.431821786693746
4.06,16,474.57,2,Clear,Medium,Chinese,3.6,21,3,5,1,42.2,41.554432037397426
1.03,31,271.29,2,Clear,High,Biryani,3.5,33,18,4,0,56.2,60.35395124857342
2.97,27,103.12,1,Clear,High,Chinese,4.3,31,1,4,0,51.4,59.01844734872985
3.0,18,664.25,2,Cloudy,Medium,Desserts,4.4,16,6,6,1,33.8,42.358210569088435
5.18,20,659.75,2,Cloudy,Medium,South Indian,3.8,16,13,6,1,56.1,53.640362166024346
1.96,34,297.74,1,Clear,Low,Chinese,4.1,30,12,3,0,42.0,44.50332774973899
3.01,23,857.97,3,Clear,High,Pizza,4.1,26,22,6,1,54.2,59.97941135979881
1.34,16,405.06,2,Clear,Medium,Cafe,4.0,18,21,1,0,29.1,36.094363498280586
4.04,17,98.22,1,Cloudy,Low,Bakery,3.6,13,2,5,1,38.2,34.38114487183883
3.82,22,220.22,1,Clear,Medium,Cafe,4.3,24,4,4,0,46.0,46.91124068908763
2.29,41,451.91,2,Clear,High,Indian,4.3,39,20,2,0,72.5,74.96003242497648
3.31,23,660.36,5,Clear,Medium,Indian,3.5,26,9,3,0,42.7,47.24419986359746
4.24,41,352.22,3,Clear,Medium,Indian,4.2,36,18,6,1,67.7,70.53827375179058
5.31,17,238.47,1,Cloudy,Medium,Desserts,4.5,15,22,1,0,59.3,53.03266565585207
6.8,19,286.92,2,Clear,Medium,Cafe,4.3,24,12,2,0,56.8,56.138942681565446
4.45,19,317.96,3,Clear,Medium,Bakery,4.3,15,21,2,0,50.1,49.800679583344234
1.47,36,573.29,4,Clear,Low,Chinese,4.3,31,6,0,0,41.9,43.308608077072236
3.57,29,382.6,3,Clear,Low,Pizza,3.2,29,5,0,0,47.4,43.53962817382516
4.31,42,1080.18,4,Rain,Low,Biryani,4.4,46,12,3,0,74.5,68.81167378297314
1.43,28,1175.35,4,Rain,Low,Chinese,4.1,30,16,6,1,41.9,45.53024887354043
1.34,11,983.75,4,Cloudy,Low,Desserts,3.9,12,21,3,0,28.1,23.282731670405525
0.5,28,539.73,2,Cloudy,High,Biryani,3.9,33,5,2,0,52.2,54.42621123704332
1.39,18,255.8,1,Clear,Low,Desserts,4.4,18,9,3,0,23.7,25.691689931426865
6.25,40,961.72,3,Clear,Low,Indian,4.1,39,22,5,1,69.7,67.83634185390565
4.66,18,218.12,2,Clear,High,Indian,3.8,23,18,4,0,55.7,59.82631178208025
4.33,10,1345.27,4,Clear,Medium,Bakery,3.9,10,21,1,0,41.4,40.47141417620777
3.36,36,260.37,1,Cloudy,High,Biryani,4.0,38,3,5,1,71.2,72.00323626934474
5.66,44,393.14,2,Rain,Medium,Biryani,5.0,42,20,4,0,89.8,86.99688295619524
3.94,23,271.08,1,Cloudy,Medium,South Indian,3.7,18,20,4,0,55.8,53.90139583612367
1.6,32,503.18,2,Clear,Low,Biryani,5.0,32,8,0,0,43.7,40.298440644451844
2.31,13,118.83,1,Cloudy,Medium,Bakery,4.2,14,20,5,1,39.5,38.09728127849498
10.03,17,924.7,4,Cloudy,Medium,Chinese,3.6,21,19,0,0,69.2,69.04518295502876
2.74,17,136.56,1,Clear,High,Cafe,4.3,17,11,3,0,55.3,50.49125930088641
2.88,38,356.48,2,Rain,Low,Biryani,4.3,43,3,0,0,57.7,57.67658387677996
3.83,22,288.07,1,Clear,Medium,Bakery,5.0,18,5,6,1,40.9,46.953376076210006
9.04,25,484.9,2,Clear,Medium,Indian,4.1,29,10,5,1,68.1,69.52429955203422
5.94,32,332.09,1,Cloudy,High,Indian,4.3,37,18,4,0,82.0,80.2851121881203
0.79,33,328.11,3,Cloudy,Low,Indian,3.8,36,10,1,0,33.4,40.86860401768804
1.25,18,1146.36,5,Cloudy,High,Chinese,3.6,21,11,0,0,52.7,48.263142259855165
2.07,15,198.94,2,Clear,High,Desserts,4.4,18,21,6,1,49.8,48.34367892876703
2.35,27,363.09,4,Clear,High,Pizza,3.9,32,21,4,0,61.7,61.41515221481067
1.34,24,721.78,4,Clear,High,Chinese,3.6,24,22,4,0,55.0,55.18518009815181
1.82,38,844.08,4,Cloudy,High,Biryani,4.0,38,21,2,0,75.5,72.70560701969362
4.17,23,854.1,3,Cloudy,High,Pizza,4.8,24,20,0,0,67.9,65.38638316788882
1.91,8,676.13,2,Clear,Low,Cafe,3.5,10,5,4,0,29.7,16.80959579517743
6.51,32,871.76,3,Clear,Medium,Indian,4.1,29,18,3,0,76.5,69.50329839190368
4.68,20,658.82,6,Clear,High,Cafe,4.4,25,22,4,0,73.3,62.781674507767114
4.82,13,357.78,2,Cloudy,High,Bakery,3.4,16,14,5,1,50.1,56.4261080828977
10.52,17,221.15,2,Storm,Medium,South Indian,4.2,20,18,3,0,90.9,83.42020492803434
4.31,30,318.75,2,Cloudy,Medium,Indian,3.5,26,22,0,0,63.2,62.676921391772524
7.65,37,254.93,2,Clear,High,Indian,4.6,37,21,6,1,87.8,89.93533007127863
7.53,13,581.06,2,Clear,Low,Bakery,3.2,11,15,4,0,40.6,43.69438183950253
12.59,35,517.56,2,Rain,Low,Pizza,4.1,30,2,6,1,83.6,88.35194223181344
3.26,26,668.57,2,Rain,Medium,South Indian,3.8,27,11,5,1,56.0,58.44116004221551
4.49,14,729.3,4,Clear,High,Fast Food,4.4,12,12,0,0,54.9,53.57236320794195
1.36,11,404.88,2,Rain,High,South Indian,4.2,15,22,1,0,46.2,49.96312185967212
10.31,31,208.49,1,Cloudy,Medium,South Indian,4.0,30,16,3,0,81.0,83.27395142780081
2.2,13,1137.56,6,Rain,High,Fast Food,4.5,17,19,2,0,55.5,54.11389425515054
5.17,35,408.29,3,Clear,Medium,South Indian,3.9,30,11,4,0,67.9,66.16438350449843
2.08,13,440.42,2,Clear,Medium,South Indian,4.0,17,6,3,0,31.0,32.15174053222914
7.29,19,162.04,1,Cloudy,High,Fast Food,4.7,14,8,5,1,64.1,69.45578612762459
3.81,43,460.19,2,Storm,Low,Biryani,3.8,44,22,3,0,75.0,77.47647432301281
8.46,20,347.05,1,Clear,Medium,Cafe,3.9,22,22,1,0,66.2,65.300157657381
4.64,14,770.11,3,Cloudy,Medium,Bakery,4.3,15,22,6,1,50.2,47.73762997652713
5.5,20,197.45,2,Clear,Low,Cafe,4.4,21,0,1,0,45.6,40.069070009022575
6.62,16,293.5,1,Cloudy,High,Cafe,4.4,14,20,5,1,71.8,67.10615720799566
6.96,28,326.54,1,Clear,Low,Pizza,4.0,25,18,5,1,57.0,57.361073116212935
2.77,24,256.16,2,Clear,Medium,Indian,4.1,29,19,4,0,43.7,48.61744778963787
3.31,19,881.84,3,Cloudy,Medium,Bakery,4.3,15,11,1,0,47.3,45.515741606972135
1.82,40,136.01,1,Clear,Medium,Indian,4.3,39,19,4,0,54.8,61.30451128672118
2.71,16,729.45,3,Clear,Medium,Bakery,3.7,11,18,5,1,40.6,40.14034877952651
2.06,20,994.12,3,Clear,Low,Desserts,4.4,18,1,5,1,32.1,28.23412995698613
7.52,19,550.45,4,Rain,Medium,South Indian,4.6,22,13,0,0,70.9,66.59948440001892
7.48,30,152.76,1,Clear,Medium,Indian,4.0,27,3,5,1,56.7,67.4520687528681
2.54,34,295.45,1,Clear,Medium,Pizza,3.9,32,14,3,0,60.7,56.71068432616378
4.71,31,287.97,3,Rain,High,South Indian,4.0,30,14,5,1,83.3,79.9400882434122
4.81,8,710.35,3,Clear,High,Fast Food,4.1,11,13,6,1,50.2,49.042813887443145
12.15,34,217.27,1,Cloudy,Medium,Biryani,3.5,33,15,6,1,84.8,92.79539331377525
1.14,22,1353.47,4,Cloudy,High,Fast Food,3.8,18,11,0,0,53.9,51.72709605115284
3.76,8,880.17,5,Clear,Medium,Bakery,4.5,10,9,6,1,29.8,33.63740161328353
4.01,33,310.9,2,Rain,Low,Indian,3.8,33,18,3,0,63.3,59.97873452638973
2.57,26,438.43,2,Rain,Medium,Indian,4.2,29,22,6,1,53.0,58.54074056903739
2.83,34,245.83,1,Storm,High,Chinese,4.1,35,13,0,0,87.5,83.2644348449486
3.11,31,345.73,1,Clear,Medium,Pizza,4.1,26,0,3,0,46.8,52.4560093311161
8.65,8,689.0,2,Cloudy,Low,Fast Food,4.4,13,10,4,0,43.2,43.22704298942773
7.86,29,264.78,1,Rain,Medium,South Indian,3.4,25,23,1,0,76.1,80.29572036560353
3.85,32,390.69,2,Cloudy,Low,Pizza,4.0,34,8,0,0,48.4,50.107649856091435
7.17,28,429.14,2,Cloudy,Medium,South Indian,4.5,23,19,3,0,75.0,69.87585848764832
5.16,25,242.15,1,Rain,Low,Pizza,4.6,29,3,0,0,55.5,52.42445918506685
11.32,22,578.61,2,Clear,High,Indian,3.7,22,19,6,1,85.3,87.42653737915745
12.01,33,144.84,1,Clear,Medium,Indian,3.8,36,20,2,0,94.2,90.24880575931034
1.25,25,306.49,1,Rain,Low,Cafe,4.1,22,1,2,0,48.9,38.42632452835841
3.42,21,1046.38,3,Rain,High,Chinese,3.6,21,18,0,0,72.8,66.45944944983704
4.24,35,188.89,1,Clear,Low,Chinese,3.5,33,16,6,1,49.0,54.50478205972854
6.45,19,1309.56,5,Clear,Low,Bakery,3.9,19,8,0,0,42.5,44.18695475330692
2.6,23,242.78,1,Clear,Low,Desserts,4.4,18,0,3,0,33.7,32.86381620123997
3.37,17,855.73,3,Cloudy,Medium,South Indian,4.2,21,6,0,0,40.2,42.594338553427995
3.8,19,119.66,1,Clear,High,Cafe,4.3,24,2,0,0,50.9,54.11813661814854
4.51,37,85.3,1,Storm,High,Pizza,3.9,32,21,5,1,92.9,93.99887172773722
3.65,31,719.31,4,Cloudy,High,Chinese,3.6,33,20,2,0,72.3,71.78239978035455
7.18,17,577.14,2,Rain,Medium,Cafe,3.9,22,14,5,1,67.5,63.947178067991786
3.5,20,416.31,3,Cloudy,Medium,Chinese,3.6,24,5,3,0,49.0,45.99585662261586
9.3,20,1208.99,4,Cloudy,High,Fast Food,4.0,23,21,4,0,75.1,80.63624432743681
9.99,37,694.8,3,Storm,Medium,Pizza,4.0,34,18,3,0,108.1,101.70142358650511
1.93,24,1515.74,5,Cloudy,Low,Indian,4.1,29,16,4,0,32.9,37.283324010595734
3.74,25,1715.62,5,Cloudy,Medium,Indian,4.0,21,20,0,0,52.6,55.202725285368885
9.85,16,440.66,3,Storm,Low,Fast Food,4.0,12,18,2,0,79.6,70.26719057780667
0.51,23,280.52,2,Clear,Medium,Fast Food,3.8,18,21,3,0,42.8,40.03556023752937
10.75,10,290.43,1,Clear,High,South Indian,4.6,15,5,5,1,68.2,70.01886765739604
6.32,19,564.02,2,Clear,High,Cafe,4.3,24,22,2,0,67.2,67.57694974472182
1.4,51,227.4,1,Cloudy,High,Biryani,3.7,46,14,3,0,88.5,82.71421264404954
2.1,19,316.07,1,Clear,High,Desserts,3.5,18,21,3,0,49.6,52.5732188669045
10.88,23,591.63,3,Clear,Medium,Indian,4.0,21,14,6,1,82.7,74.87546535610863
3.39,23,181.47,2,Clear,Medium,Fast Food,4.0,25,10,0,0,49.8,47.54548682356972
3.85,30,464.84,3,Clear,Low,Biryani,5.0,32,1,6,1,47.1,44.61636799865302
2.2,14,387.44,2,Rain,Medium,Fast Food,4.4,11,16,5,1,35.1,43.65140670078916
1.23,14,1040.32,5,Rain,Medium,Bakery,3.6,13,9,0,0,39.4,38.77783890581914
1.23,29,338.73,2,Rain,Medium,Indian,5.0,26,19,6,1,54.5,56.03682905423817
5.97,20,235.23,1,Rain,High,Desserts,3.8,15,12,6,1,82.8,72.95563562297268
3.59,36,397.52,2,Clear,Low,Indian,4.4,32,16,3,0,50.1,53.04770755302874
4.08,13,1225.41,4,Clear,Low,Bakery,3.7,11,4,6,1,19.5,29.047494715993338
