review_id,order_id,customer_id,restaurant_id,rating,review_text,sentiment,review_timestamp,cleaned_review,vader_compound,vader_sentiment,ml_sentiment,ml_correct,vader_correct
REV024443,O008760,C02541,R0107,4,Amazing food and excellent quality.,Positive,2026-06-16 11:00:00,amazing food excellent quality,0.8176,Positive,Positive,True,True
REV022793,O031133,C00662,R0086,5,The food was fresh and flavorful.,Positive,2026-03-01 07:00:00,food fresh flavorful,0.3182,Positive,Positive,True,True
REV009236,O002256,C03633,R0084,3,The order was okay overall.,Neutral,2026-01-27 16:00:00,order okay overall,0.2263,Positive,Neutral,True,False
REV017777,O041013,C02286,R0205,3,The food was acceptable.,Neutral,2026-05-15 22:00:00,food acceptable,0.3182,Positive,Neutral,True,False
REV013215,O010206,C00793,R0150,5,The food was fresh and flavorful.,Positive,2026-04-22 20:00:00,food fresh flavorful,0.3182,Positive,Positive,True,True
REV001414,O003284,C04037,R0007,4,The packaging was damaged.,Negative,2026-05-15 02:00:00,packaging damaged,-0.4404,Negative,Negative,True,True
REV005115,O025089,C02874,R0087,4,Fast delivery and great packaging.,Positive,2026-02-11 04:00:00,fast delivery great packaging,0.6249,Positive,Positive,True,True
REV008865,O036495,C01667,R0257,4,The order arrived quickly and everything was hot.,Positive,2026-01-29 12:00:00,order arrived quickly everything hot,0.0,Neutral,Positive,True,False
REV001959,O022787,C02994,R0105,4,Delivery was fast and the food arrived hot.,Positive,2026-03-16 15:00:00,delivery fast food arrived hot,0.0,Neutral,Positive,True,False
REV022786,O034667,C00994,R0166,5,Fast delivery and great packaging.,Positive,2026-05-18 00:00:00,fast delivery great packaging,0.6249,Positive,Positive,True,True
REV026062,O013640,C04624,R0143,4,Really tasty food with generous portions.,Positive,2026-03-01 07:00:00,really tasty food generous portion,0.5106,Positive,Positive,True,True
REV001323,O022870,C01489,R0019,4,Excellent experience from start to finish.,Positive,2026-02-09 04:00:00,excellent experience start finish,0.5719,Positive,Positive,True,True
REV010002,O014613,C02092,R0072,5,Fast delivery and great packaging.,Positive,2026-04-17 07:00:00,fast delivery great packaging,0.6249,Positive,Positive,True,True
REV028519,O010914,C02728,R0266,4,Really tasty food with generous portions.,Positive,2026-07-01 12:00:00,really tasty food generous portion,0.5106,Positive,Positive,True,True
REV019320,O024854,C04659,R0167,4,Really tasty food with generous portions.,Positive,2026-01-20 01:00:00,really tasty food generous portion,0.5106,Positive,Positive,True,True
REV013683,O000105,C04086,R0211,4,Everything was perfect and well packed.,Positive,2026-03-10 12:00:00,everything perfect well packed,0.7003,Positive,Positive,True,True
REV019904,O046843,C00953,R0182,5,Fast delivery and great packaging.,Positive,2026-03-02 12:00:00,fast delivery great packaging,0.6249,Positive,Positive,True,True
REV029574,O023745,C03793,R0264,4,Fast delivery and great packaging.,Positive,2026-04-07 01:00:00,fast delivery great packaging,0.6249,Positive,Positive,True,True
REV022998,O038090,C01064,R0098,5,The food was fresh and flavorful.,Positive,2026-02-19 19:00:00,food fresh flavorful,0.3182,Positive,Positive,True,True
REV010909,O039017,C04596,R0117,4,The order arrived quickly and everything was hot.,Positive,2026-03-07 14:00:00,order arrived quickly everything hot,0.0,Neutral,Positive,True,False
REV024253,O013958,C03290,R0178,5,The food was fresh and flavorful.,Positive,2026-06-11 08:00:00,food fresh flavorful,0.3182,Positive,Positive,True,True
REV019658,O037267,C00390,R0087,3,The food was okay.,Neutral,2026-04-10 22:00:00,food okay,0.2263,Positive,Neutral,True,False
REV020020,O009036,C03659,R0078,5,Everything was perfect and well packed.,Positive,2026-06-13 16:00:00,everything perfect well packed,0.7003,Positive,Positive,True,True
REV018369,O042956,C02024,R0075,4,The order arrived quickly and everything was hot.,Positive,2026-06-08 22:00:00,order arrived quickly everything hot,0.0,Neutral,Positive,True,False
REV014941,O028040,C03425,R0044,4,Really tasty food with generous portions.,Positive,2026-02-17 03:00:00,really tasty food generous portion,0.5106,Positive,Positive,True,True
REV026666,O002308,C02356,R0087,5,Delivery was fast and the food arrived hot.,Positive,2026-05-12 17:00:00,delivery fast food arrived hot,0.0,Neutral,Positive,True,False
REV003781,O007059,C03894,R0136,5,The order arrived quickly and everything was hot.,Positive,2026-04-23 14:00:00,order arrived quickly everything hot,0.0,Neutral,Positive,True,False
REV004433,O020538,C02223,R0134,4,Everything was perfect and well packed.,Positive,2026-04-05 14:00:00,everything perfect well packed,0.7003,Positive,Positive,True,True
REV025622,O049870,C03923,R0169,5,Excellent experience from start to finish.,Positive,2026-05-31 01:00:00,excellent experience start finish,0.5719,Positive,Positive,True,True
REV006670,O038536,C00431,R0271,3,It was an ordinary experience.,Neutral,2026-03-26 10:00:00,ordinary experience,0.0,Neutral,Neutral,True,True
REV005392,O017833,C02223,R0277,1,The food was cold and the delivery was late.,Negative,2026-02-15 18:00:00,food cold delivery late,0.0,Neutral,Negative,True,False
REV004005,O018605,C02315,R0239,1,My order was missing an item.,Negative,2026-04-27 13:00:00,order missing item,-0.296,Negative,Negative,True,True
REV022384,O018005,C03156,R0056,5,Amazing food and excellent quality.,Positive,2026-05-10 20:00:00,amazing food excellent quality,0.8176,Positive,Positive,True,True
REV024639,O047538,C00964,R0063,5,The food was fresh and flavorful.,Positive,2026-05-30 23:00:00,food fresh flavorful,0.3182,Positive,Positive,True,True
REV024212,O007584,C03899,R0257,5,Excellent experience from start to finish.,Positive,2026-06-15 19:00:00,excellent experience start finish,0.5719,Positive,Positive,True,True
REV000526,O014395,C03952,R0110,5,The order arrived quickly and everything was hot.,Positive,2026-03-23 17:00:00,order arrived quickly everything hot,0.0,Neutral,Positive,True,False
REV011686,O022734,C03359,R0260,5,The order arrived quickly and everything was hot.,Positive,2026-04-30 15:00:00,order arrived quickly everything hot,0.0,Neutral,Positive,True,False
REV010288,O005625,C02982,R0014,3,The food was fresh and flavorful.,Positive,2026-03-10 16:00:00,food fresh flavorful,0.3182,Positive,Positive,True,True
REV018636,O033478,C04204,R0230,4,The food was fresh and flavorful.,Positive,2026-06-08 18:00:00,food fresh flavorful,0.3182,Positive,Positive,True,True
REV028853,O045755,C03390,R0029,5,Everything was perfect and well packed.,Positive,2026-05-10 11:00:00,everything perfect well packed,0.7003,Positive,Positive,True,True
REV021060,O016749,C03867,R0199,5,The food was delicious and fresh.,Positive,2026-03-30 03:00:00,food delicious fresh,0.7184,Positive,Positive,True,True
REV009206,O000307,C02814,R0042,4,Delivery was fast and the food arrived hot.,Positive,2026-04-06 08:00:00,delivery fast food arrived hot,0.0,Neutral,Positive,True,False
REV004339,O014974,C04032,R0058,2,The order took too long to arrive.,Negative,2026-05-29 06:00:00,order took long arrive,0.0,Neutral,Negative,True,False
REV022759,O049631,C01922,R0036,4,Fast delivery and great packaging.,Positive,2026-01-05 01:00:00,fast delivery great packaging,0.6249,Positive,Positive,True,True
REV010646,O029814,C02152,R0058,2,The order took too long to arrive.,Negative,2026-05-09 01:00:00,order took long arrive,0.0,Neutral,Negative,True,False
REV002956,O016484,C03641,R0062,2,The food was cold and the delivery was late.,Negative,2026-03-18 12:00:00,food cold delivery late,0.0,Neutral,Negative,True,False
REV025376,O043740,C01604,R0244,4,Really tasty food with generous portions.,Positive,2026-01-31 11:00:00,really tasty food generous portion,0.5106,Positive,Positive,True,True
REV023737,O022590,C02977,R0156,2,The order took too long to arrive.,Negative,2026-04-10 12:00:00,order took long arrive,0.0,Neutral,Negative,True,False
REV011253,O030565,C03401,R0230,4,Fast delivery and great packaging.,Positive,2026-05-14 03:00:00,fast delivery great packaging,0.6249,Positive,Positive,True,True
REV008217,O020504,C00590,R0003,4,The order arrived quickly and everything was hot.,Positive,2026-03-21 23:00:00,order arrived quickly everything hot,0.0,Neutral,Positive,True,False
REV003375,O045776,C01688,R0017,4,Excellent experience from start to finish.,Positive,2026-03-15 00:00:00,excellent experience start finish,0.5719,Positive,Positive,True,True
REV011913,O042778,C02096,R0262,3,It was an ordinary experience.,Neutral,2026-03-27 17:00:00,ordinary experience,0.0,Neutral,Neutral,True,True
REV024955,O017091,C00829,R0178,2,Delivery was fast and the food arrived hot.,Positive,2026-02-02 16:00:00,delivery fast food arrived hot,0.0,Neutral,Positive,True,False
REV017485,O013891,C02344,R0170,3,Overall it was satisfactory.,Neutral,2026-03-02 13:00:00,overall satisfactory,0.3612,Positive,Neutral,True,False
REV014690,O048433,C03013,R0032,1,The food arrived cold.,Negative,2026-06-11 21:00:00,food arrived cold,0.0,Neutral,Negative,True,False
REV020288,O046670,C02868,R0125,2,The food arrived cold.,Negative,2026-03-09 22:00:00,food arrived cold,0.0,Neutral,Negative,True,False
REV016676,O048777,C02910,R0162,4,Everything was perfect and well packed.,Positive,2026-02-03 02:00:00,everything perfect well packed,0.7003,Positive,Positive,True,True
REV018641,O044104,C04564,R0273,4,The food was fresh and flavorful.,Positive,2026-01-24 16:00:00,food fresh flavorful,0.3182,Positive,Positive,True,True
REV011806,O028281,C03846,R0233,3,Food quality was average.,Neutral,2026-03-05 07:00:00,food quality average,0.0,Neutral,Neutral,True,True
REV014008,O031626,C00038,R0219,4,Great quality and very good service.,Positive,2026-06-20 10:00:00,great quality good service,0.807,Positive,Positive,True,True
REV008450,O018506,C02474,R0095,5,The food was fresh and flavorful.,Positive,2026-03-31 02:00:00,food fresh flavorful,0.3182,Positive,Positive,True,True
REV002831,O003246,C03448,R0030,5,Everything was perfect and well packed.,Positive,2026-02-17 13:00:00,everything perfect well packed,0.7003,Positive,Positive,True,True
REV001228,O035912,C03668,R0179,3,It was an ordinary experience.,Neutral,2026-03-02 19:00:00,ordinary experience,0.0,Neutral,Neutral,True,True
REV001732,O019382,C03762,R0172,3,Great quality and very good service.,Positive,2026-04-30 20:00:00,great quality good service,0.807,Positive,Positive,True,True
REV021857,O026122,C02364,R0257,5,Great quality and very good service.,Positive,2026-01-06 06:00:00,great quality good service,0.807,Positive,Positive,True,True
REV018135,O028447,C02553,R0024,5,The delivery was very late.,Negative,2026-06-14 21:00:00,delivery late,0.0,Neutral,Negative,True,False
REV011535,O016841,C04669,R0074,4,The food was delicious and fresh.,Positive,2026-06-23 05:00:00,food delicious fresh,0.7184,Positive,Positive,True,True
REV002718,O013750,C03303,R0056,4,Delivery was fast and the food arrived hot.,Positive,2026-04-07 09:00:00,delivery fast food arrived hot,0.0,Neutral,Positive,True,False
REV027071,O033515,C03155,R0160,5,Fast delivery and great packaging.,Positive,2026-05-25 13:00:00,fast delivery great packaging,0.6249,Positive,Positive,True,True
REV005844,O019860,C01156,R0050,4,Fast delivery and great packaging.,Positive,2026-06-30 06:00:00,fast delivery great packaging,0.6249,Positive,Positive,True,True
REV022284,O024911,C01508,R0022,3,The food was acceptable.,Neutral,2026-06-21 09:00:00,food acceptable,0.3182,Positive,Neutral,True,False
REV004300,O033314,C01303,R0166,5,Really tasty food with generous portions.,Positive,2026-04-24 07:00:00,really tasty food generous portion,0.5106,Positive,Positive,True,True
REV000763,O024606,C03971,R0173,2,The food was cold and the delivery was late.,Negative,2026-03-12 21:00:00,food cold delivery late,0.0,Neutral,Negative,True,False
REV008740,O044291,C01847,R0071,5,Great quality and very good service.,Positive,2026-06-21 13:00:00,great quality good service,0.807,Positive,Positive,True,True
REV015366,O018018,C01120,R0044,4,Amazing food and excellent quality.,Positive,2026-03-15 04:00:00,amazing food excellent quality,0.8176,Positive,Positive,True,True
REV019441,O045781,C03950,R0163,3,The food was decent.,Neutral,2026-01-31 21:00:00,food decent,0.0,Neutral,Neutral,True,True
REV027259,O011231,C04467,R0289,5,The order arrived quickly and everything was hot.,Positive,2026-03-29 20:00:00,order arrived quickly everything hot,0.0,Neutral,Positive,True,False
REV025553,O040300,C04836,R0242,5,Excellent experience from start to finish.,Positive,2026-04-20 19:00:00,excellent experience start finish,0.5719,Positive,Positive,True,True
REV007189,O032486,C03756,R0081,4,Great quality and very good service.,Positive,2026-02-03 17:00:00,great quality good service,0.807,Positive,Positive,True,True
REV025802,O007959,C03659,R0023,5,The food was delicious and fresh.,Positive,2026-06-20 15:00:00,food delicious fresh,0.7184,Positive,Positive,True,True
REV011520,O004067,C01658,R0191,5,Fast delivery and great packaging.,Positive,2026-04-03 16:00:00,fast delivery great packaging,0.6249,Positive,Positive,True,True
REV025945,O049603,C04461,R0088,4,The order arrived quickly and everything was hot.,Positive,2026-03-28 15:00:00,order arrived quickly everything hot,0.0,Neutral,Positive,True,False
REV026141,O015559,C04168,R0129,5,The food was delicious and fresh.,Positive,2026-01-25 22:00:00,food delicious fresh,0.7184,Positive,Positive,True,True
REV005563,O006849,C02557,R0140,4,The order arrived quickly and everything was hot.,Positive,2026-04-28 03:00:00,order arrived quickly everything hot,0.0,Neutral,Positive,True,False
REV017179,O002578,C00584,R0277,5,Fast delivery and great packaging.,Positive,2026-01-07 08:00:00,fast delivery great packaging,0.6249,Positive,Positive,True,True
REV014822,O041381,C00972,R0108,4,The food was delicious and fresh.,Positive,2026-01-02 23:00:00,food delicious fresh,0.7184,Positive,Positive,True,True
REV025200,O040891,C01596,R0131,4,Great quality and very good service.,Positive,2026-03-22 17:00:00,great quality good service,0.807,Positive,Positive,True,True
REV021160,O031158,C02975,R0011,5,The food was fresh and flavorful.,Positive,2026-01-27 03:00:00,food fresh flavorful,0.3182,Positive,Positive,True,True
REV014440,O035383,C02387,R0231,3,Nothing special about the order.,Neutral,2026-05-23 16:00:00,nothing special order,-0.3089,Negative,Neutral,True,False
REV008651,O013039,C01783,R0236,5,The food was fresh and flavorful.,Positive,2026-04-20 08:00:00,food fresh flavorful,0.3182,Positive,Positive,True,True
REV025303,O012097,C02282,R0300,5,Really tasty food with generous portions.,Positive,2026-01-24 20:00:00,really tasty food generous portion,0.5106,Positive,Positive,True,True
REV015347,O040660,C04754,R0272,4,The packaging was damaged.,Negative,2026-05-13 07:00:00,packaging damaged,-0.4404,Negative,Negative,True,True
REV006104,O022567,C02060,R0163,4,The food was fresh and flavorful.,Positive,2026-06-29 23:00:00,food fresh flavorful,0.3182,Positive,Positive,True,True
REV024487,O033846,C02248,R0240,5,Really tasty food with generous portions.,Positive,2026-05-06 00:00:00,really tasty food generous portion,0.5106,Positive,Positive,True,True
REV027041,O007375,C03463,R0132,5,Fast delivery and great packaging.,Positive,2026-06-29 09:00:00,fast delivery great packaging,0.6249,Positive,Positive,True,True
REV002820,O009562,C04859,R0053,4,Amazing food and excellent quality.,Positive,2026-06-07 20:00:00,amazing food excellent quality,0.8176,Positive,Positive,True,True
REV004390,O044448,C04868,R0247,3,Food quality was average.,Neutral,2026-05-17 01:00:00,food quality average,0.0,Neutral,Neutral,True,True
REV024721,O036880,C01828,R0180,4,The food was fresh and flavorful.,Positive,2026-02-02 12:00:00,food fresh flavorful,0.3182,Positive,Positive,True,True
REV004862,O024010,C00956,R0027,2,Excellent experience from start to finish.,Positive,2026-02-20 14:00:00,excellent experience start finish,0.5719,Positive,Positive,True,True
REV023122,O024946,C01824,R0063,3,Overall it was satisfactory.,Neutral,2026-03-28 15:00:00,overall satisfactory,0.3612,Positive,Neutral,True,False
REV010886,O047744,C02652,R0160,4,Excellent experience from start to finish.,Positive,2026-04-17 13:00:00,excellent experience start finish,0.5719,Positive,Positive,True,True
REV008646,O037922,C02121,R0226,5,The food was fresh and flavorful.,Positive,2026-02-06 09:00:00,food fresh flavorful,0.3182,Positive,Positive,True,True
REV005540,O044346,C02082,R0138,5,Amazing food and excellent quality.,Positive,2026-02-11 23:00:00,amazing food excellent quality,0.8176,Positive,Positive,True,True
REV027226,O025202,C04677,R0085,5,Great quality and very good service.,Positive,2026-06-27 01:00:00,great quality good service,0.807,Positive,Positive,True,True
REV012486,O016327,C02545,R0129,3,The delivery was very late.,Negative,2026-05-25 04:00:00,delivery late,0.0,Neutral,Negative,True,False
REV014891,O030068,C03440,R0166,4,Excellent experience from start to finish.,Positive,2026-04-26 13:00:00,excellent experience start finish,0.5719,Positive,Positive,True,True
REV020078,O026507,C00676,R0068,5,Excellent experience from start to finish.,Positive,2026-04-08 11:00:00,excellent experience start finish,0.5719,Positive,Positive,True,True
REV026363,O027247,C02303,R0184,3,The experience was fine.,Neutral,2026-06-08 03:00:00,experience fine,0.2023,Positive,Neutral,True,False
REV021464,O027144,C00019,R0208,5,Amazing food and excellent quality.,Positive,2026-03-11 10:00:00,amazing food excellent quality,0.8176,Positive,Positive,True,True
REV021686,O025786,C04680,R0046,1,Very poor experience with the delivery.,Negative,2026-01-23 08:00:00,poor experience delivery,-0.5256,Negative,Negative,True,True
REV010696,O027067,C02786,R0255,5,Fast delivery and great packaging.,Positive,2026-02-03 04:00:00,fast delivery great packaging,0.6249,Positive,Positive,True,True
REV000467,O020053,C01482,R0251,5,Delivery was fast and the food arrived hot.,Positive,2026-04-27 03:00:00,delivery fast food arrived hot,0.0,Neutral,Positive,True,False
REV027535,O038132,C04146,R0088,1,My order was missing an item.,Negative,2026-02-04 06:00:00,order missing item,-0.296,Negative,Negative,True,True
REV018689,O046729,C00032,R0012,3,The experience was fine.,Neutral,2026-06-28 07:00:00,experience fine,0.2023,Positive,Neutral,True,False
REV000338,O038777,C00857,R0009,4,The food was fresh and flavorful.,Positive,2026-06-28 20:00:00,food fresh flavorful,0.3182,Positive,Positive,True,True
REV017443,O026971,C00848,R0077,2,I received the wrong item.,Negative,2026-06-11 13:00:00,received wrong item,-0.4767,Negative,Negative,True,True
REV012648,O013319,C02045,R0092,5,Delivery was fast and the food arrived hot.,Positive,2026-04-12 18:00:00,delivery fast food arrived hot,0.0,Neutral,Positive,True,False
REV006307,O013313,C00689,R0225,5,Fast delivery and great packaging.,Positive,2026-05-18 03:00:00,fast delivery great packaging,0.6249,Positive,Positive,True,True
REV029016,O006220,C03372,R0242,5,Amazing food and excellent quality.,Positive,2026-04-23 05:00:00,amazing food excellent quality,0.8176,Positive,Positive,True,True
REV012951,O023342,C03766,R0194,5,Everything was perfect and well packed.,Positive,2026-01-03 20:00:00,everything perfect well packed,0.7003,Positive,Positive,True,True
REV020041,O000342,C00548,R0221,4,The order arrived quickly and everything was hot.,Positive,2026-07-01 09:00:00,order arrived quickly everything hot,0.0,Neutral,Positive,True,False
REV006196,O031417,C01039,R0173,2,My order was missing an item.,Negative,2026-01-27 10:00:00,order missing item,-0.296,Negative,Negative,True,True
REV007288,O015424,C00503,R0058,3,The food was okay.,Neutral,2026-03-30 00:00:00,food okay,0.2263,Positive,Neutral,True,False
REV026070,O003227,C04081,R0294,3,The experience was fine.,Neutral,2026-03-20 06:00:00,experience fine,0.2023,Positive,Neutral,True,False
REV001681,O045195,C00516,R0128,4,The food was delicious and fresh.,Positive,2026-01-11 08:00:00,food delicious fresh,0.7184,Positive,Positive,True,True
REV029274,O024523,C00022,R0138,4,Great quality and very good service.,Positive,2026-03-01 02:00:00,great quality good service,0.807,Positive,Positive,True,True
REV024434,O046429,C04792,R0051,5,Delivery was fast and the food arrived hot.,Positive,2026-05-04 14:00:00,delivery fast food arrived hot,0.0,Neutral,Positive,True,False
REV007928,O010858,C03394,R0191,5,Everything was perfect and well packed.,Positive,2026-02-03 10:00:00,everything perfect well packed,0.7003,Positive,Positive,True,True
REV002679,O039578,C04838,R0255,5,Excellent experience from start to finish.,Positive,2026-01-06 13:00:00,excellent experience start finish,0.5719,Positive,Positive,True,True
REV023900,O049059,C00737,R0231,4,Great quality and very good service.,Positive,2026-05-10 18:00:00,great quality good service,0.807,Positive,Positive,True,True
REV002059,O012803,C03380,R0197,1,The order was delayed for a long time.,Negative,2026-02-11 04:00:00,order delayed long time,-0.2263,Negative,Negative,True,True
REV007157,O028310,C02426,R0212,4,Really tasty food with generous portions.,Positive,2026-02-05 15:00:00,really tasty food generous portion,0.5106,Positive,Positive,True,True
REV004060,O003230,C03083,R0236,4,Amazing food and excellent quality.,Positive,2026-03-29 11:00:00,amazing food excellent quality,0.8176,Positive,Positive,True,True
REV004577,O016309,C00695,R0032,5,Everything was perfect and well packed.,Positive,2026-03-20 13:00:00,everything perfect well packed,0.7003,Positive,Positive,True,True
REV010584,O014768,C04159,R0265,2,I received the wrong item.,Negative,2026-05-26 06:00:00,received wrong item,-0.4767,Negative,Negative,True,True
REV007680,O037140,C00409,R0278,4,Really tasty food with generous portions.,Positive,2026-01-14 05:00:00,really tasty food generous portion,0.5106,Positive,Positive,True,True
REV021336,O046671,C01101,R0248,2,Very poor experience with the delivery.,Negative,2026-06-02 15:00:00,poor experience delivery,-0.5256,Negative,Negative,True,True
REV012135,O039652,C04579,R0058,4,The order arrived quickly and everything was hot.,Positive,2026-02-10 08:00:00,order arrived quickly everything hot,0.0,Neutral,Positive,True,False
REV028779,O018252,C01043,R0052,5,Delivery was fast and the food arrived hot.,Positive,2026-02-14 21:00:00,delivery fast food arrived hot,0.0,Neutral,Positive,True,False
REV015470,O030075,C03576,R0034,5,The order took too long to arrive.,Negative,2026-04-07 21:00:00,order took long arrive,0.0,Neutral,Negative,True,False
REV015418,O001720,C00341,R0138,5,Fast delivery and great packaging.,Positive,2026-04-12 14:00:00,fast delivery great packaging,0.6249,Positive,Positive,True,True
REV010518,O042330,C04014,R0030,4,Amazing food and excellent quality.,Positive,2026-05-10 22:00:00,amazing food excellent quality,0.8176,Positive,Positive,True,True
REV014050,O015248,C03288,R0170,5,Delivery was fast and the food arrived hot.,Positive,2026-06-21 12:00:00,delivery fast food arrived hot,0.0,Neutral,Positive,True,False
REV001791,O012345,C04890,R0239,3,Delivery was fast and the food arrived hot.,Positive,2026-02-22 20:00:00,delivery fast food arrived hot,0.0,Neutral,Positive,True,False
REV016161,O030217,C02092,R0128,4,Really tasty food with generous portions.,Positive,2026-03-02 22:00:00,really tasty food generous portion,0.5106,Positive,Positive,True,True
REV011815,O013492,C02614,R0150,4,The food was fresh and flavorful.,Positive,2026-04-10 18:00:00,food fresh flavorful,0.3182,Positive,Positive,True,True
REV021844,O019699,C03964,R0045,2,The order was delayed for a long time.,Negative,2026-03-12 07:00:00,order delayed long time,-0.2263,Negative,Negative,True,True
REV018213,O021334,C00211,R0088,2,Very poor experience with the delivery.,Negative,2026-05-29 05:00:00,poor experience delivery,-0.5256,Negative,Negative,True,True
REV018139,O034182,C00261,R0101,3,It was an ordinary experience.,Neutral,2026-06-07 07:00:00,ordinary experience,0.0,Neutral,Neutral,True,True
REV022204,O005112,C02864,R0212,5,Really tasty food with generous portions.,Positive,2026-05-19 05:00:00,really tasty food generous portion,0.5106,Positive,Positive,True,True
REV026747,O018873,C02053,R0228,5,The food was fresh and flavorful.,Positive,2026-04-01 20:00:00,food fresh flavorful,0.3182,Positive,Positive,True,True
REV000807,O029229,C00238,R0123,4,Great quality and very good service.,Positive,2026-03-02 19:00:00,great quality good service,0.807,Positive,Positive,True,True
REV015737,O042492,C01899,R0198,4,Delivery was fast and the food arrived hot.,Positive,2026-06-03 20:00:00,delivery fast food arrived hot,0.0,Neutral,Positive,True,False
REV000265,O011345,C01420,R0170,1,The order took too long to arrive.,Negative,2026-01-11 22:00:00,order took long arrive,0.0,Neutral,Negative,True,False
REV029242,O019784,C04260,R0003,5,Excellent experience from start to finish.,Positive,2026-04-11 10:00:00,excellent experience start finish,0.5719,Positive,Positive,True,True
REV017148,O041598,C04768,R0284,5,I received the wrong item.,Negative,2026-02-01 19:00:00,received wrong item,-0.4767,Negative,Negative,True,True
REV001879,O014064,C03787,R0016,4,Amazing food and excellent quality.,Positive,2026-01-12 10:00:00,amazing food excellent quality,0.8176,Positive,Positive,True,True
REV025131,O029341,C04093,R0015,5,Excellent experience from start to finish.,Positive,2026-06-20 22:00:00,excellent experience start finish,0.5719,Positive,Positive,True,True
REV028087,O023430,C01616,R0139,4,The food was fresh and flavorful.,Positive,2026-06-07 04:00:00,food fresh flavorful,0.3182,Positive,Positive,True,True
REV022869,O045313,C02944,R0131,5,The order arrived quickly and everything was hot.,Positive,2026-03-28 18:00:00,order arrived quickly everything hot,0.0,Neutral,Positive,True,False
REV007550,O011980,C03095,R0202,4,Really tasty food with generous portions.,Positive,2026-03-05 16:00:00,really tasty food generous portion,0.5106,Positive,Positive,True,True
REV023214,O012707,C00122,R0231,3,The food was okay.,Neutral,2026-04-30 12:00:00,food okay,0.2263,Positive,Neutral,True,False
REV026995,O047013,C04295,R0204,4,Everything was perfect and well packed.,Positive,2026-05-04 22:00:00,everything perfect well packed,0.7003,Positive,Positive,True,True
REV000236,O010053,C04513,R0025,3,The food was acceptable.,Neutral,2026-05-01 15:00:00,food acceptable,0.3182,Positive,Neutral,True,False
REV027216,O033762,C01821,R0006,4,The food was delicious and fresh.,Positive,2026-03-19 05:00:00,food delicious fresh,0.7184,Positive,Positive,True,True
REV028462,O019654,C03974,R0233,5,Delivery was fast and the food arrived hot.,Positive,2026-04-25 15:00:00,delivery fast food arrived hot,0.0,Neutral,Positive,True,False
REV010179,O015853,C03070,R0034,3,Really tasty food with generous portions.,Positive,2026-06-06 21:00:00,really tasty food generous portion,0.5106,Positive,Positive,True,True
REV023644,O011894,C01497,R0286,4,Fast delivery and great packaging.,Positive,2026-01-21 00:00:00,fast delivery great packaging,0.6249,Positive,Positive,True,True
REV000035,O000975,C02423,R0299,1,The food was cold and the delivery was late.,Negative,2026-01-22 13:00:00,food cold delivery late,0.0,Neutral,Negative,True,False
REV015798,O028313,C04163,R0226,4,Great quality and very good service.,Positive,2026-02-21 12:00:00,great quality good service,0.807,Positive,Positive,True,True
REV000307,O014208,C04893,R0030,5,The food was delicious and fresh.,Positive,2026-06-14 20:00:00,food delicious fresh,0.7184,Positive,Positive,True,True
REV028376,O044275,C00002,R0149,3,Everything was perfect and well packed.,Positive,2026-04-27 21:00:00,everything perfect well packed,0.7003,Positive,Positive,True,True
REV002281,O018732,C02232,R0015,3,The packaging was damaged.,Negative,2026-05-14 00:00:00,packaging damaged,-0.4404,Negative,Negative,True,True
REV014566,O039345,C04878,R0065,4,Really tasty food with generous portions.,Positive,2026-03-05 10:00:00,really tasty food generous portion,0.5106,Positive,Positive,True,True
REV002881,O019883,C01272,R0149,3,The food was decent.,Neutral,2026-02-13 12:00:00,food decent,0.0,Neutral,Neutral,True,True
REV022955,O013315,C04214,R0070,4,Amazing food and excellent quality.,Positive,2026-05-02 07:00:00,amazing food excellent quality,0.8176,Positive,Positive,True,True
REV009566,O046897,C01024,R0130,4,Really tasty food with generous portions.,Positive,2026-04-09 04:00:00,really tasty food generous portion,0.5106,Positive,Positive,True,True
REV023223,O008135,C00905,R0121,3,The experience was fine.,Neutral,2026-03-21 00:00:00,experience fine,0.2023,Positive,Neutral,True,False
REV017346,O012684,C03169,R0263,5,Excellent experience from start to finish.,Positive,2026-06-28 23:00:00,excellent experience start finish,0.5719,Positive,Positive,True,True
REV014578,O041519,C01359,R0205,4,Fast delivery and great packaging.,Positive,2026-02-08 19:00:00,fast delivery great packaging,0.6249,Positive,Positive,True,True
REV025691,O004698,C02945,R0273,3,The food was acceptable.,Neutral,2026-05-26 15:00:00,food acceptable,0.3182,Positive,Neutral,True,False
REV003397,O023559,C01919,R0267,4,The food was bland and disappointing.,Negative,2026-06-13 04:00:00,food bland disappointing,-0.4939,Negative,Negative,True,True
REV022970,O026565,C00960,R0194,3,Very poor experience with the delivery.,Negative,2026-01-19 04:00:00,poor experience delivery,-0.5256,Negative,Negative,True,True
REV005863,O009701,C00575,R0057,5,Delivery was fast and the food arrived hot.,Positive,2026-01-09 11:00:00,delivery fast food arrived hot,0.0,Neutral,Positive,True,False
REV010079,O044603,C02960,R0300,4,The order took too long to arrive.,Negative,2026-05-13 02:00:00,order took long arrive,0.0,Neutral,Negative,True,False
REV008834,O012484,C01130,R0030,5,Really tasty food with generous portions.,Positive,2026-06-22 06:00:00,really tasty food generous portion,0.5106,Positive,Positive,True,True
REV016079,O028836,C00088,R0272,4,Great quality and very good service.,Positive,2026-01-11 11:00:00,great quality good service,0.807,Positive,Positive,True,True
REV018501,O043118,C03164,R0101,5,The food was delicious and fresh.,Positive,2026-06-16 22:00:00,food delicious fresh,0.7184,Positive,Positive,True,True
REV022401,O008395,C01774,R0090,5,Everything was perfect and well packed.,Positive,2026-03-08 00:00:00,everything perfect well packed,0.7003,Positive,Positive,True,True
REV027309,O023899,C04338,R0297,4,Amazing food and excellent quality.,Positive,2026-06-15 12:00:00,amazing food excellent quality,0.8176,Positive,Positive,True,True
REV009764,O027230,C00062,R0209,2,The packaging was damaged.,Negative,2026-05-14 19:00:00,packaging damaged,-0.4404,Negative,Negative,True,True
REV008817,O007925,C02084,R0139,3,Overall it was satisfactory.,Neutral,2026-06-07 01:00:00,overall satisfactory,0.3612,Positive,Neutral,True,False
REV003651,O048866,C03010,R0136,5,The food was delicious and fresh.,Positive,2026-02-15 08:00:00,food delicious fresh,0.7184,Positive,Positive,True,True
REV016159,O028397,C00750,R0221,4,Everything was perfect and well packed.,Positive,2026-06-06 06:00:00,everything perfect well packed,0.7003,Positive,Positive,True,True
REV026988,O015007,C03270,R0110,1,The delivery was very late.,Negative,2026-05-15 03:00:00,delivery late,0.0,Neutral,Negative,True,False
REV022861,O033764,C04182,R0224,4,Everything was perfect and well packed.,Positive,2026-04-16 05:00:00,everything perfect well packed,0.7003,Positive,Positive,True,True
REV021257,O013139,C02748,R0284,4,Excellent experience from start to finish.,Positive,2026-06-13 12:00:00,excellent experience start finish,0.5719,Positive,Positive,True,True
REV029040,O029147,C02866,R0290,5,Amazing food and excellent quality.,Positive,2026-04-28 03:00:00,amazing food excellent quality,0.8176,Positive,Positive,True,True
REV019957,O014649,C01414,R0138,3,The food was bland and disappointing.,Negative,2026-04-07 10:00:00,food bland disappointing,-0.4939,Negative,Negative,True,True
REV013743,O013576,C04076,R0262,4,The food was delicious and fresh.,Positive,2026-02-22 04:00:00,food delicious fresh,0.7184,Positive,Positive,True,True
REV003398,O025407,C00606,R0112,4,Delivery was fast and the food arrived hot.,Positive,2026-01-16 17:00:00,delivery fast food arrived hot,0.0,Neutral,Positive,True,False
REV006242,O038063,C02376,R0245,3,Great quality and very good service.,Positive,2026-05-27 04:00:00,great quality good service,0.807,Positive,Positive,True,True
REV013521,O000104,C01989,R0174,4,The food was fresh and flavorful.,Positive,2026-04-06 08:00:00,food fresh flavorful,0.3182,Positive,Positive,True,True
REV029963,O042819,C02093,R0131,4,Great quality and very good service.,Positive,2026-06-17 04:00:00,great quality good service,0.807,Positive,Positive,True,True
REV021886,O048362,C00449,R0078,4,Excellent experience from start to finish.,Positive,2026-05-07 05:00:00,excellent experience start finish,0.5719,Positive,Positive,True,True
REV012518,O019625,C04176,R0099,4,Excellent experience from start to finish.,Positive,2026-02-01 05:00:00,excellent experience start finish,0.5719,Positive,Positive,True,True
REV011573,O003313,C03293,R0111,5,Amazing food and excellent quality.,Positive,2026-03-19 18:00:00,amazing food excellent quality,0.8176,Positive,Positive,True,True
REV003958,O025779,C01614,R0039,3,The food was okay.,Neutral,2026-06-08 16:00:00,food okay,0.2263,Positive,Neutral,True,False
REV015379,O034000,C04821,R0248,4,Delivery was fast and the food arrived hot.,Positive,2026-01-07 16:00:00,delivery fast food arrived hot,0.0,Neutral,Positive,True,False
REV006277,O006063,C03114,R0228,5,Excellent experience from start to finish.,Positive,2026-05-20 01:00:00,excellent experience start finish,0.5719,Positive,Positive,True,True
REV002382,O015301,C01396,R0223,2,My order was missing an item.,Negative,2026-03-22 00:00:00,order missing item,-0.296,Negative,Negative,True,True
REV016424,O033744,C04145,R0200,2,The order took too long to arrive.,Negative,2026-06-05 12:00:00,order took long arrive,0.0,Neutral,Negative,True,False
REV003053,O045655,C04071,R0006,4,Great quality and very good service.,Positive,2026-02-19 03:00:00,great quality good service,0.807,Positive,Positive,True,True
REV016664,O014789,C04805,R0091,4,Everything was perfect and well packed.,Positive,2026-05-10 23:00:00,everything perfect well packed,0.7003,Positive,Positive,True,True
REV010325,O001095,C04495,R0068,4,Really tasty food with generous portions.,Positive,2026-03-29 11:00:00,really tasty food generous portion,0.5106,Positive,Positive,True,True
REV025162,O005557,C02702,R0170,4,The food was fresh and flavorful.,Positive,2026-04-23 05:00:00,food fresh flavorful,0.3182,Positive,Positive,True,True
REV010353,O003235,C03562,R0015,4,Everything was perfect and well packed.,Positive,2026-01-13 10:00:00,everything perfect well packed,0.7003,Positive,Positive,True,True
REV024368,O046203,C02864,R0031,4,Fast delivery and great packaging.,Positive,2026-05-20 00:00:00,fast delivery great packaging,0.6249,Positive,Positive,True,True
REV005517,O028852,C02165,R0111,5,Really tasty food with generous portions.,Positive,2026-03-04 21:00:00,really tasty food generous portion,0.5106,Positive,Positive,True,True
REV021684,O041957,C04758,R0208,4,Delivery was fast and the food arrived hot.,Positive,2026-06-08 20:00:00,delivery fast food arrived hot,0.0,Neutral,Positive,True,False
REV000752,O001857,C04935,R0245,5,The order arrived quickly and everything was hot.,Positive,2026-05-07 14:00:00,order arrived quickly everything hot,0.0,Neutral,Positive,True,False
REV008289,O028149,C00284,R0063,4,Amazing food and excellent quality.,Positive,2026-04-07 14:00:00,amazing food excellent quality,0.8176,Positive,Positive,True,True
REV002471,O030747,C04524,R0069,5,The food was delicious and fresh.,Positive,2026-03-29 09:00:00,food delicious fresh,0.7184,Positive,Positive,True,True
REV005965,O026752,C04878,R0106,5,Fast delivery and great packaging.,Positive,2026-06-14 11:00:00,fast delivery great packaging,0.6249,Positive,Positive,True,True
REV010892,O032391,C01530,R0054,5,Great quality and very good service.,Positive,2026-05-10 17:00:00,great quality good service,0.807,Positive,Positive,True,True
REV009193,O037830,C02809,R0068,4,The food was delicious and fresh.,Positive,2026-01-26 02:00:00,food delicious fresh,0.7184,Positive,Positive,True,True
REV012022,O044010,C03633,R0186,2,The order took too long to arrive.,Negative,2026-02-08 20:00:00,order took long arrive,0.0,Neutral,Negative,True,False
REV010899,O003541,C03552,R0124,5,Delivery was fast and the food arrived hot.,Positive,2026-04-24 06:00:00,delivery fast food arrived hot,0.0,Neutral,Positive,True,False
REV018889,O014922,C00519,R0094,5,Amazing food and excellent quality.,Positive,2026-03-12 13:00:00,amazing food excellent quality,0.8176,Positive,Positive,True,True
REV006611,O007192,C00195,R0272,5,Great quality and very good service.,Positive,2026-06-10 21:00:00,great quality good service,0.807,Positive,Positive,True,True
REV024133,O018370,C02922,R0177,4,Delivery was fast and the food arrived hot.,Positive,2026-05-02 05:00:00,delivery fast food arrived hot,0.0,Neutral,Positive,True,False
REV001362,O044723,C03357,R0125,2,My order was missing an item.,Negative,2026-06-12 18:00:00,order missing item,-0.296,Negative,Negative,True,True
REV016745,O003234,C02324,R0241,3,Nothing special about the order.,Neutral,2026-03-30 07:00:00,nothing special order,-0.3089,Negative,Neutral,True,False
REV003691,O020217,C04114,R0043,4,Delivery was fast and the food arrived hot.,Positive,2026-04-06 01:00:00,delivery fast food arrived hot,0.0,Neutral,Positive,True,False
REV011263,O010283,C01644,R0263,4,The food was delicious and fresh.,Positive,2026-01-14 09:00:00,food delicious fresh,0.7184,Positive,Positive,True,True
REV001214,O036613,C04954,R0289,5,Excellent experience from start to finish.,Positive,2026-04-19 23:00:00,excellent experience start finish,0.5719,Positive,Positive,True,True
REV014508,O047924,C00167,R0055,5,The food was fresh and flavorful.,Positive,2026-06-30 16:00:00,food fresh flavorful,0.3182,Positive,Positive,True,True
REV002551,O035380,C02240,R0069,4,Great quality and very good service.,Positive,2026-04-16 17:00:00,great quality good service,0.807,Positive,Positive,True,True
REV009801,O008298,C01897,R0186,4,Very poor experience with the delivery.,Negative,2026-06-21 22:00:00,poor experience delivery,-0.5256,Negative,Negative,True,True
REV006837,O026848,C02958,R0191,5,Delivery was fast and the food arrived hot.,Positive,2026-06-19 13:00:00,delivery fast food arrived hot,0.0,Neutral,Positive,True,False
REV021744,O029166,C00291,R0199,5,The food was delicious and fresh.,Positive,2026-05-09 15:00:00,food delicious fresh,0.7184,Positive,Positive,True,True
REV029062,O003795,C03749,R0258,3,Nothing special about the order.,Neutral,2026-04-18 23:00:00,nothing special order,-0.3089,Negative,Neutral,True,False
REV004392,O012437,C04582,R0001,4,Amazing food and excellent quality.,Positive,2026-03-12 14:00:00,amazing food excellent quality,0.8176,Positive,Positive,True,True
REV000161,O006961,C00791,R0293,3,The order was okay overall.,Neutral,2026-02-28 08:00:00,order okay overall,0.2263,Positive,Neutral,True,False
REV002139,O035796,C04345,R0069,5,Really tasty food with generous portions.,Positive,2026-06-01 17:00:00,really tasty food generous portion,0.5106,Positive,Positive,True,True
REV022318,O043568,C01382,R0284,5,Fast delivery and great packaging.,Positive,2026-02-18 19:00:00,fast delivery great packaging,0.6249,Positive,Positive,True,True
REV011329,O013357,C03371,R0036,3,The food was okay.,Neutral,2026-01-02 16:00:00,food okay,0.2263,Positive,Neutral,True,False
REV011985,O039740,C03370,R0067,4,Really tasty food with generous portions.,Positive,2026-03-09 03:00:00,really tasty food generous portion,0.5106,Positive,Positive,True,True
REV001359,O000800,C03954,R0051,5,Fast delivery and great packaging.,Positive,2026-06-14 17:00:00,fast delivery great packaging,0.6249,Positive,Positive,True,True
REV029599,O015463,C03974,R0022,2,Very poor experience with the delivery.,Negative,2026-06-22 18:00:00,poor experience delivery,-0.5256,Negative,Negative,True,True
REV019334,O013932,C04958,R0131,4,The food was fresh and flavorful.,Positive,2026-03-25 02:00:00,food fresh flavorful,0.3182,Positive,Positive,True,True
REV005423,O013703,C04394,R0154,4,My order was missing an item.,Negative,2026-03-04 10:00:00,order missing item,-0.296,Negative,Negative,True,True
REV010741,O007260,C02912,R0249,5,The food was delicious and fresh.,Positive,2026-05-10 17:00:00,food delicious fresh,0.7184,Positive,Positive,True,True
REV005961,O022471,C04945,R0004,4,Everything was perfect and well packed.,Positive,2026-02-15 06:00:00,everything perfect well packed,0.7003,Positive,Positive,True,True
REV001423,O006604,C01647,R0214,4,The food was delicious and fresh.,Positive,2026-03-08 05:00:00,food delicious fresh,0.7184,Positive,Positive,True,True
REV001501,O042711,C03028,R0237,4,The food was delicious and fresh.,Positive,2026-02-07 12:00:00,food delicious fresh,0.7184,Positive,Positive,True,True
REV026008,O022546,C01970,R0295,3,The experience was fine.,Neutral,2026-01-31 12:00:00,experience fine,0.2023,Positive,Neutral,True,False
REV025317,O037080,C04363,R0067,4,The food was fresh and flavorful.,Positive,2026-02-19 15:00:00,food fresh flavorful,0.3182,Positive,Positive,True,True
REV009665,O043924,C00283,R0218,1,The food was cold and the delivery was late.,Negative,2026-04-04 14:00:00,food cold delivery late,0.0,Neutral,Negative,True,False
REV017314,O003412,C01476,R0136,4,Great quality and very good service.,Positive,2026-01-22 16:00:00,great quality good service,0.807,Positive,Positive,True,True
REV018893,O006756,C02417,R0218,4,Really tasty food with generous portions.,Positive,2026-03-26 16:00:00,really tasty food generous portion,0.5106,Positive,Positive,True,True
REV023288,O005105,C02004,R0112,4,Excellent experience from start to finish.,Positive,2026-03-25 13:00:00,excellent experience start finish,0.5719,Positive,Positive,True,True
REV002987,O028669,C03701,R0203,5,Great quality and very good service.,Positive,2026-02-23 08:00:00,great quality good service,0.807,Positive,Positive,True,True
REV017596,O000394,C00264,R0224,3,The experience was fine.,Neutral,2026-02-09 15:00:00,experience fine,0.2023,Positive,Neutral,True,False
REV010435,O011833,C01010,R0300,5,Excellent experience from start to finish.,Positive,2026-03-30 18:00:00,excellent experience start finish,0.5719,Positive,Positive,True,True
REV010448,O034362,C02887,R0019,5,Delivery was fast and the food arrived hot.,Positive,2026-03-31 19:00:00,delivery fast food arrived hot,0.0,Neutral,Positive,True,False
REV007002,O031551,C04621,R0182,5,Excellent experience from start to finish.,Positive,2026-05-22 09:00:00,excellent experience start finish,0.5719,Positive,Positive,True,True
REV014700,O020913,C02532,R0117,5,The food was fresh and flavorful.,Positive,2026-04-08 14:00:00,food fresh flavorful,0.3182,Positive,Positive,True,True
REV000870,O010363,C04691,R0122,5,The food was fresh and flavorful.,Positive,2026-03-29 15:00:00,food fresh flavorful,0.3182,Positive,Positive,True,True
REV018534,O016175,C04631,R0243,4,The delivery was very late.,Negative,2026-06-07 04:00:00,delivery late,0.0,Neutral,Negative,True,False
REV027261,O012337,C00130,R0113,3,The order was okay overall.,Neutral,2026-01-06 18:00:00,order okay overall,0.2263,Positive,Neutral,True,False
REV003608,O021301,C01246,R0240,5,Excellent experience from start to finish.,Positive,2026-01-26 13:00:00,excellent experience start finish,0.5719,Positive,Positive,True,True
REV016281,O019529,C01263,R0185,5,Great quality and very good service.,Positive,2026-03-29 02:00:00,great quality good service,0.807,Positive,Positive,True,True
REV026040,O026079,C00377,R0043,5,The food was fresh and flavorful.,Positive,2026-01-31 01:00:00,food fresh flavorful,0.3182,Positive,Positive,True,True
REV029502,O015878,C04999,R0230,5,My order was missing an item.,Negative,2026-03-20 21:00:00,order missing item,-0.296,Negative,Negative,True,True
REV026567,O025085,C00939,R0197,1,Excellent experience from start to finish.,Positive,2026-02-11 01:00:00,excellent experience start finish,0.5719,Positive,Positive,True,True
REV025516,O031647,C03104,R0124,5,The order arrived quickly and everything was hot.,Positive,2026-01-17 20:00:00,order arrived quickly everything hot,0.0,Neutral,Positive,True,False
REV024107,O045469,C02219,R0033,1,The food was bland and disappointing.,Negative,2026-01-19 23:00:00,food bland disappointing,-0.4939,Negative,Negative,True,True
REV009161,O022081,C01476,R0054,5,The food was fresh and flavorful.,Positive,2026-02-28 20:00:00,food fresh flavorful,0.3182,Positive,Positive,True,True
REV018556,O039388,C03762,R0190,3,Nothing special about the order.,Neutral,2026-02-25 04:00:00,nothing special order,-0.3089,Negative,Neutral,True,False
REV002230,O048127,C04796,R0113,4,Really tasty food with generous portions.,Positive,2026-01-14 17:00:00,really tasty food generous portion,0.5106,Positive,Positive,True,True
REV020316,O016178,C03901,R0292,5,Excellent experience from start to finish.,Positive,2026-04-24 00:00:00,excellent experience start finish,0.5719,Positive,Positive,True,True
REV027052,O016765,C01983,R0177,2,Very poor experience with the delivery.,Negative,2026-03-13 10:00:00,poor experience delivery,-0.5256,Negative,Negative,True,True
REV023413,O024092,C03675,R0243,2,The packaging was damaged.,Negative,2026-05-31 18:00:00,packaging damaged,-0.4404,Negative,Negative,True,True
REV002755,O036143,C03069,R0184,4,Really tasty food with generous portions.,Positive,2026-03-25 20:00:00,really tasty food generous portion,0.5106,Positive,Positive,True,True
REV015414,O022432,C00390,R0022,4,Really tasty food with generous portions.,Positive,2026-06-29 06:00:00,really tasty food generous portion,0.5106,Positive,Positive,True,True
REV025354,O027362,C04669,R0058,3,The food was decent.,Neutral,2026-04-03 14:00:00,food decent,0.0,Neutral,Neutral,True,True
REV018787,O026579,C04897,R0264,5,Really tasty food with generous portions.,Positive,2026-01-08 05:00:00,really tasty food generous portion,0.5106,Positive,Positive,True,True
REV023482,O021214,C04055,R0150,4,Amazing food and excellent quality.,Positive,2026-04-09 20:00:00,amazing food excellent quality,0.8176,Positive,Positive,True,True
REV014598,O008392,C01191,R0183,1,The packaging was damaged.,Negative,2026-02-08 06:00:00,packaging damaged,-0.4404,Negative,Negative,True,True
REV009279,O043565,C03761,R0034,4,Excellent experience from start to finish.,Positive,2026-03-22 23:00:00,excellent experience start finish,0.5719,Positive,Positive,True,True
REV027717,O015542,C03076,R0288,5,The food was fresh and flavorful.,Positive,2026-06-17 15:00:00,food fresh flavorful,0.3182,Positive,Positive,True,True
REV003663,O047438,C03218,R0067,2,The packaging was damaged.,Negative,2026-03-02 07:00:00,packaging damaged,-0.4404,Negative,Negative,True,True
REV001700,O003137,C00915,R0239,4,Really tasty food with generous portions.,Positive,2026-04-19 16:00:00,really tasty food generous portion,0.5106,Positive,Positive,True,True
REV023141,O005636,C03427,R0170,4,Great quality and very good service.,Positive,2026-05-29 13:00:00,great quality good service,0.807,Positive,Positive,True,True
REV001998,O045479,C00275,R0055,2,My order was missing an item.,Negative,2026-05-10 22:00:00,order missing item,-0.296,Negative,Negative,True,True
REV027117,O033996,C00941,R0139,4,The food was fresh and flavorful.,Positive,2026-06-16 16:00:00,food fresh flavorful,0.3182,Positive,Positive,True,True
REV004509,O012941,C01526,R0084,4,Excellent experience from start to finish.,Positive,2026-01-19 00:00:00,excellent experience start finish,0.5719,Positive,Positive,True,True
REV016440,O002874,C02536,R0242,3,The food was decent.,Neutral,2026-03-01 21:00:00,food decent,0.0,Neutral,Neutral,True,True
REV011457,O042411,C01829,R0056,5,The order arrived quickly and everything was hot.,Positive,2026-01-11 15:00:00,order arrived quickly everything hot,0.0,Neutral,Positive,True,False
REV017732,O042809,C04497,R0222,4,Amazing food and excellent quality.,Positive,2026-01-18 23:00:00,amazing food excellent quality,0.8176,Positive,Positive,True,True
REV000486,O026354,C00336,R0253,4,The order arrived quickly and everything was hot.,Positive,2026-01-26 01:00:00,order arrived quickly everything hot,0.0,Neutral,Positive,True,False
REV002425,O021990,C04119,R0015,4,The order arrived quickly and everything was hot.,Positive,2026-02-16 17:00:00,order arrived quickly everything hot,0.0,Neutral,Positive,True,False
REV021932,O014012,C02345,R0291,5,Really tasty food with generous portions.,Positive,2026-06-30 16:00:00,really tasty food generous portion,0.5106,Positive,Positive,True,True
REV017876,O005391,C00676,R0268,3,The food was decent.,Neutral,2026-01-30 21:00:00,food decent,0.0,Neutral,Neutral,True,True
REV010995,O003904,C02984,R0107,4,Really tasty food with generous portions.,Positive,2026-01-30 07:00:00,really tasty food generous portion,0.5106,Positive,Positive,True,True
REV010615,O018033,C03350,R0179,4,Fast delivery and great packaging.,Positive,2026-03-18 10:00:00,fast delivery great packaging,0.6249,Positive,Positive,True,True
REV008781,O001463,C04257,R0277,5,Really tasty food with generous portions.,Positive,2026-03-25 10:00:00,really tasty food generous portion,0.5106,Positive,Positive,True,True
REV017603,O026148,C02371,R0131,3,The order was okay overall.,Neutral,2026-05-20 11:00:00,order okay overall,0.2263,Positive,Neutral,True,False
REV026321,O031916,C01342,R0005,5,Great quality and very good service.,Positive,2026-06-28 19:00:00,great quality good service,0.807,Positive,Positive,True,True
REV006586,O008296,C01113,R0261,4,Really tasty food with generous portions.,Positive,2026-05-15 01:00:00,really tasty food generous portion,0.5106,Positive,Positive,True,True
REV017382,O034402,C02165,R0051,5,Really tasty food with generous portions.,Positive,2026-06-23 08:00:00,really tasty food generous portion,0.5106,Positive,Positive,True,True
REV011592,O002025,C04514,R0047,5,The food was delicious and fresh.,Positive,2026-05-06 18:00:00,food delicious fresh,0.7184,Positive,Positive,True,True
REV011393,O009651,C04429,R0079,4,Great quality and very good service.,Positive,2026-05-04 13:00:00,great quality good service,0.807,Positive,Positive,True,True
REV025227,O037560,C02813,R0030,4,Delivery was fast and the food arrived hot.,Positive,2026-04-28 18:00:00,delivery fast food arrived hot,0.0,Neutral,Positive,True,False
REV017365,O028954,C04239,R0006,2,The food was bland and disappointing.,Negative,2026-02-15 04:00:00,food bland disappointing,-0.4939,Negative,Negative,True,True
REV001340,O018556,C03541,R0277,5,The food was delicious and fresh.,Positive,2026-06-08 03:00:00,food delicious fresh,0.7184,Positive,Positive,True,True
REV022556,O047796,C01918,R0053,4,Really tasty food with generous portions.,Positive,2026-03-10 01:00:00,really tasty food generous portion,0.5106,Positive,Positive,True,True
REV003777,O046082,C01233,R0098,5,Fast delivery and great packaging.,Positive,2026-04-05 05:00:00,fast delivery great packaging,0.6249,Positive,Positive,True,True
REV010910,O013873,C00302,R0188,4,The food was delicious and fresh.,Positive,2026-05-26 23:00:00,food delicious fresh,0.7184,Positive,Positive,True,True
REV022531,O002992,C01647,R0159,3,Food quality was average.,Neutral,2026-05-23 21:00:00,food quality average,0.0,Neutral,Neutral,True,True
REV006326,O045167,C00507,R0067,5,Really tasty food with generous portions.,Positive,2026-06-21 12:00:00,really tasty food generous portion,0.5106,Positive,Positive,True,True
REV008436,O022296,C03881,R0061,1,The delivery was very late.,Negative,2026-01-06 10:00:00,delivery late,0.0,Neutral,Negative,True,False
REV018473,O016217,C04076,R0044,5,Everything was perfect and well packed.,Positive,2026-01-31 08:00:00,everything perfect well packed,0.7003,Positive,Positive,True,True
REV001467,O012342,C03076,R0033,3,The food was acceptable.,Neutral,2026-06-17 21:00:00,food acceptable,0.3182,Positive,Neutral,True,False
REV027956,O017431,C04657,R0006,2,The food arrived cold.,Negative,2026-03-31 11:00:00,food arrived cold,0.0,Neutral,Negative,True,False
REV016162,O032459,C02488,R0234,5,Amazing food and excellent quality.,Positive,2026-01-31 17:00:00,amazing food excellent quality,0.8176,Positive,Positive,True,True
REV004823,O015009,C01742,R0015,5,Amazing food and excellent quality.,Positive,2026-03-12 04:00:00,amazing food excellent quality,0.8176,Positive,Positive,True,True
REV013800,O001027,C02595,R0080,4,The food was delicious and fresh.,Positive,2026-04-27 15:00:00,food delicious fresh,0.7184,Positive,Positive,True,True
REV006950,O029176,C00480,R0143,4,Everything was perfect and well packed.,Positive,2026-03-13 02:00:00,everything perfect well packed,0.7003,Positive,Positive,True,True
REV021855,O027569,C04047,R0205,5,The food was fresh and flavorful.,Positive,2026-05-07 22:00:00,food fresh flavorful,0.3182,Positive,Positive,True,True
REV013617,O025858,C02803,R0218,4,Great quality and very good service.,Positive,2026-01-15 03:00:00,great quality good service,0.807,Positive,Positive,True,True
REV027465,O049286,C04360,R0162,3,The food was decent.,Neutral,2026-06-14 08:00:00,food decent,0.0,Neutral,Neutral,True,True
REV025581,O019817,C00908,R0025,5,Amazing food and excellent quality.,Positive,2026-05-17 21:00:00,amazing food excellent quality,0.8176,Positive,Positive,True,True
REV029195,O034361,C02909,R0035,5,Great quality and very good service.,Positive,2026-04-20 23:00:00,great quality good service,0.807,Positive,Positive,True,True
REV024517,O012343,C00506,R0230,2,The order was delayed for a long time.,Negative,2026-06-25 01:00:00,order delayed long time,-0.2263,Negative,Negative,True,True
REV015670,O029605,C00289,R0106,4,Amazing food and excellent quality.,Positive,2026-06-08 20:00:00,amazing food excellent quality,0.8176,Positive,Positive,True,True
REV001822,O022868,C03241,R0252,5,Everything was perfect and well packed.,Positive,2026-02-22 04:00:00,everything perfect well packed,0.7003,Positive,Positive,True,True
REV025409,O016970,C02645,R0047,4,Amazing food and excellent quality.,Positive,2026-03-08 23:00:00,amazing food excellent quality,0.8176,Positive,Positive,True,True
REV004668,O010145,C03247,R0027,5,Amazing food and excellent quality.,Positive,2026-04-10 00:00:00,amazing food excellent quality,0.8176,Positive,Positive,True,True
REV017342,O028451,C01835,R0020,4,The order arrived quickly and everything was hot.,Positive,2026-03-24 12:00:00,order arrived quickly everything hot,0.0,Neutral,Positive,True,False
REV016982,O034350,C04134,R0226,5,Amazing food and excellent quality.,Positive,2026-03-28 12:00:00,amazing food excellent quality,0.8176,Positive,Positive,True,True
REV018640,O045866,C01467,R0027,4,Really tasty food with generous portions.,Positive,2026-02-15 06:00:00,really tasty food generous portion,0.5106,Positive,Positive,True,True
REV005877,O000434,C03274,R0190,4,The order arrived quickly and everything was hot.,Positive,2026-05-07 22:00:00,order arrived quickly everything hot,0.0,Neutral,Positive,True,False
REV025486,O032758,C04092,R0099,1,Very poor experience with the delivery.,Negative,2026-01-07 04:00:00,poor experience delivery,-0.5256,Negative,Negative,True,True
REV018972,O038053,C02694,R0129,2,The food was bland and disappointing.,Negative,2026-04-10 03:00:00,food bland disappointing,-0.4939,Negative,Negative,True,True
REV021283,O046879,C03960,R0009,2,Really tasty food with generous portions.,Positive,2026-03-17 06:00:00,really tasty food generous portion,0.5106,Positive,Positive,True,True
REV019934,O036448,C00546,R0213,4,The food was delicious and fresh.,Positive,2026-04-14 12:00:00,food delicious fresh,0.7184,Positive,Positive,True,True
REV012926,O006619,C01638,R0016,4,Great quality and very good service.,Positive,2026-01-12 14:00:00,great quality good service,0.807,Positive,Positive,True,True
REV006337,O014835,C03382,R0107,1,The food was cold and the delivery was late.,Negative,2026-04-19 16:00:00,food cold delivery late,0.0,Neutral,Negative,True,False
REV026310,O044077,C00660,R0297,4,Amazing food and excellent quality.,Positive,2026-06-08 11:00:00,amazing food excellent quality,0.8176,Positive,Positive,True,True
REV017012,O005956,C00473,R0133,5,Excellent experience from start to finish.,Positive,2026-01-31 00:00:00,excellent experience start finish,0.5719,Positive,Positive,True,True
REV006153,O029945,C00609,R0243,5,Amazing food and excellent quality.,Positive,2026-05-04 23:00:00,amazing food excellent quality,0.8176,Positive,Positive,True,True
REV000896,O037928,C00407,R0179,5,The order took too long to arrive.,Negative,2026-03-15 22:00:00,order took long arrive,0.0,Neutral,Negative,True,False
REV013693,O002736,C00042,R0167,5,The food was delicious and fresh.,Positive,2026-01-12 02:00:00,food delicious fresh,0.7184,Positive,Positive,True,True
REV004364,O026358,C01641,R0127,1,I received the wrong item.,Negative,2026-02-25 07:00:00,received wrong item,-0.4767,Negative,Negative,True,True
REV015990,O005709,C02912,R0219,4,Really tasty food with generous portions.,Positive,2026-06-18 10:00:00,really tasty food generous portion,0.5106,Positive,Positive,True,True
REV002693,O042969,C04021,R0241,4,Amazing food and excellent quality.,Positive,2026-01-15 16:00:00,amazing food excellent quality,0.8176,Positive,Positive,True,True
REV007276,O045511,C02018,R0289,5,Really tasty food with generous portions.,Positive,2026-06-07 16:00:00,really tasty food generous portion,0.5106,Positive,Positive,True,True
REV017539,O017018,C01961,R0181,5,Really tasty food with generous portions.,Positive,2026-04-20 02:00:00,really tasty food generous portion,0.5106,Positive,Positive,True,True
REV023857,O045777,C03051,R0296,2,My order was missing an item.,Negative,2026-04-13 03:00:00,order missing item,-0.296,Negative,Negative,True,True
REV024657,O019858,C01743,R0274,5,My order was missing an item.,Negative,2026-05-10 20:00:00,order missing item,-0.296,Negative,Negative,True,True
REV024320,O002296,C00931,R0031,5,The order arrived quickly and everything was hot.,Positive,2026-02-18 19:00:00,order arrived quickly everything hot,0.0,Neutral,Positive,True,False
REV009871,O014102,C01987,R0258,4,The food was fresh and flavorful.,Positive,2026-06-08 12:00:00,food fresh flavorful,0.3182,Positive,Positive,True,True
REV021125,O040301,C00868,R0109,4,Everything was perfect and well packed.,Positive,2026-01-05 01:00:00,everything perfect well packed,0.7003,Positive,Positive,True,True
REV013723,O043850,C02922,R0100,4,Fast delivery and great packaging.,Positive,2026-03-15 14:00:00,fast delivery great packaging,0.6249,Positive,Positive,True,True
REV008071,O012718,C02276,R0267,3,Average experience.,Neutral,2026-03-23 10:00:00,average experience,0.0,Neutral,Neutral,True,True
REV011359,O008321,C02849,R0190,5,Delivery was fast and the food arrived hot.,Positive,2026-05-19 01:00:00,delivery fast food arrived hot,0.0,Neutral,Positive,True,False
REV027441,O016987,C03287,R0083,1,The order took too long to arrive.,Negative,2026-06-28 07:00:00,order took long arrive,0.0,Neutral,Negative,True,False
REV011202,O049843,C03246,R0018,4,Fast delivery and great packaging.,Positive,2026-01-26 13:00:00,fast delivery great packaging,0.6249,Positive,Positive,True,True
REV003213,O022013,C04586,R0168,5,Excellent experience from start to finish.,Positive,2026-06-13 19:00:00,excellent experience start finish,0.5719,Positive,Positive,True,True
REV009825,O042315,C03455,R0175,5,The order arrived quickly and everything was hot.,Positive,2026-03-03 12:00:00,order arrived quickly everything hot,0.0,Neutral,Positive,True,False
REV026044,O036862,C01529,R0016,2,Delivery was fast and the food arrived hot.,Positive,2026-04-24 19:00:00,delivery fast food arrived hot,0.0,Neutral,Positive,True,False
REV024672,O003287,C04553,R0162,2,My order was missing an item.,Negative,2026-06-19 06:00:00,order missing item,-0.296,Negative,Negative,True,True
REV029528,O044758,C03649,R0262,5,The food was delicious and fresh.,Positive,2026-05-11 10:00:00,food delicious fresh,0.7184,Positive,Positive,True,True
REV013369,O034866,C03624,R0122,4,Really tasty food with generous portions.,Positive,2026-04-14 05:00:00,really tasty food generous portion,0.5106,Positive,Positive,True,True
REV019795,O048142,C03127,R0272,5,Everything was perfect and well packed.,Positive,2026-03-23 02:00:00,everything perfect well packed,0.7003,Positive,Positive,True,True
REV023154,O020800,C04028,R0040,4,Delivery was fast and the food arrived hot.,Positive,2026-04-01 07:00:00,delivery fast food arrived hot,0.0,Neutral,Positive,True,False
REV013928,O047991,C01986,R0216,5,The food was fresh and flavorful.,Positive,2026-06-29 20:00:00,food fresh flavorful,0.3182,Positive,Positive,True,True
REV015193,O033642,C03360,R0217,5,Excellent experience from start to finish.,Positive,2026-03-15 17:00:00,excellent experience start finish,0.5719,Positive,Positive,True,True
REV011606,O011642,C01549,R0082,5,Amazing food and excellent quality.,Positive,2026-01-18 01:00:00,amazing food excellent quality,0.8176,Positive,Positive,True,True
REV025897,O017719,C03457,R0212,2,The order took too long to arrive.,Negative,2026-02-13 05:00:00,order took long arrive,0.0,Neutral,Negative,True,False
REV012187,O015108,C00149,R0252,4,Amazing food and excellent quality.,Positive,2026-05-10 06:00:00,amazing food excellent quality,0.8176,Positive,Positive,True,True
REV001137,O001975,C00573,R0219,3,The food was delicious and fresh.,Positive,2026-02-26 10:00:00,food delicious fresh,0.7184,Positive,Positive,True,True
REV005571,O048909,C02672,R0264,4,Everything was perfect and well packed.,Positive,2026-01-25 11:00:00,everything perfect well packed,0.7003,Positive,Positive,True,True
REV019528,O009990,C04310,R0258,5,The food was delicious and fresh.,Positive,2026-04-22 13:00:00,food delicious fresh,0.7184,Positive,Positive,True,True
REV011112,O002483,C04224,R0007,2,Very poor experience with the delivery.,Negative,2026-05-10 14:00:00,poor experience delivery,-0.5256,Negative,Negative,True,True
REV027019,O044733,C02325,R0072,5,Delivery was fast and the food arrived hot.,Positive,2026-07-02 05:00:00,delivery fast food arrived hot,0.0,Neutral,Positive,True,False
REV029355,O006190,C00127,R0038,4,Really tasty food with generous portions.,Positive,2026-01-24 05:00:00,really tasty food generous portion,0.5106,Positive,Positive,True,True
REV008533,O035697,C03361,R0043,3,Fast delivery and great packaging.,Positive,2026-05-01 04:00:00,fast delivery great packaging,0.6249,Positive,Positive,True,True
REV002630,O016412,C03202,R0007,2,The packaging was damaged.,Negative,2026-01-23 11:00:00,packaging damaged,-0.4404,Negative,Negative,True,True
REV012023,O013087,C01624,R0125,4,Fast delivery and great packaging.,Positive,2026-05-31 21:00:00,fast delivery great packaging,0.6249,Positive,Positive,True,True
REV010080,O011126,C03448,R0150,4,Delivery was fast and the food arrived hot.,Positive,2026-01-09 10:00:00,delivery fast food arrived hot,0.0,Neutral,Positive,True,False
REV012820,O035539,C03724,R0139,4,Everything was perfect and well packed.,Positive,2026-04-20 23:00:00,everything perfect well packed,0.7003,Positive,Positive,True,True
REV026521,O028376,C00422,R0271,4,The order arrived quickly and everything was hot.,Positive,2026-06-07 01:00:00,order arrived quickly everything hot,0.0,Neutral,Positive,True,False
REV008098,O023599,C01588,R0035,5,Really tasty food with generous portions.,Positive,2026-03-26 08:00:00,really tasty food generous portion,0.5106,Positive,Positive,True,True
REV002544,O002394,C00012,R0093,4,The order arrived quickly and everything was hot.,Positive,2026-02-21 08:00:00,order arrived quickly everything hot,0.0,Neutral,Positive,True,False
REV017197,O022524,C00505,R0039,4,The food was delicious and fresh.,Positive,2026-03-22 21:00:00,food delicious fresh,0.7184,Positive,Positive,True,True
REV001108,O027595,C02207,R0124,5,Delivery was fast and the food arrived hot.,Positive,2026-06-13 20:00:00,delivery fast food arrived hot,0.0,Neutral,Positive,True,False
REV000548,O001338,C02464,R0278,2,The packaging was damaged.,Negative,2026-02-16 01:00:00,packaging damaged,-0.4404,Negative,Negative,True,True
REV022047,O007449,C02482,R0034,3,Food quality was average.,Neutral,2026-03-26 08:00:00,food quality average,0.0,Neutral,Neutral,True,True
REV005739,O046266,C00028,R0299,4,Really tasty food with generous portions.,Positive,2026-02-06 23:00:00,really tasty food generous portion,0.5106,Positive,Positive,True,True
REV018721,O014217,C01553,R0244,4,Delivery was fast and the food arrived hot.,Positive,2026-01-06 14:00:00,delivery fast food arrived hot,0.0,Neutral,Positive,True,False
REV012341,O048483,C00668,R0186,4,Amazing food and excellent quality.,Positive,2026-06-02 12:00:00,amazing food excellent quality,0.8176,Positive,Positive,True,True
REV005265,O048342,C04416,R0160,5,The food was fresh and flavorful.,Positive,2026-01-16 17:00:00,food fresh flavorful,0.3182,Positive,Positive,True,True
REV015853,O033151,C03352,R0078,1,Very poor experience with the delivery.,Negative,2026-01-28 18:00:00,poor experience delivery,-0.5256,Negative,Negative,True,True
REV007793,O000643,C01180,R0107,4,Delivery was fast and the food arrived hot.,Positive,2026-03-28 21:00:00,delivery fast food arrived hot,0.0,Neutral,Positive,True,False
REV028973,O042175,C03828,R0169,5,Amazing food and excellent quality.,Positive,2026-05-08 21:00:00,amazing food excellent quality,0.8176,Positive,Positive,True,True
REV006667,O022830,C00940,R0189,4,The food was delicious and fresh.,Positive,2026-06-03 00:00:00,food delicious fresh,0.7184,Positive,Positive,True,True
REV023436,O010714,C04401,R0168,5,Great quality and very good service.,Positive,2026-06-30 03:00:00,great quality good service,0.807,Positive,Positive,True,True
REV018488,O024173,C01919,R0223,5,Amazing food and excellent quality.,Positive,2026-03-28 12:00:00,amazing food excellent quality,0.8176,Positive,Positive,True,True
REV005440,O010046,C03141,R0138,4,Amazing food and excellent quality.,Positive,2026-04-22 19:00:00,amazing food excellent quality,0.8176,Positive,Positive,True,True
REV016256,O036276,C03962,R0251,3,Average experience.,Neutral,2026-02-05 01:00:00,average experience,0.0,Neutral,Neutral,True,True
REV029399,O031482,C00807,R0072,4,The order arrived quickly and everything was hot.,Positive,2026-02-08 03:00:00,order arrived quickly everything hot,0.0,Neutral,Positive,True,False
REV021941,O019795,C04059,R0202,4,The food was delicious and fresh.,Positive,2026-01-07 06:00:00,food delicious fresh,0.7184,Positive,Positive,True,True
REV026983,O010917,C04293,R0003,3,Average experience.,Neutral,2026-06-06 01:00:00,average experience,0.0,Neutral,Neutral,True,True
REV016796,O012403,C03048,R0296,4,Really tasty food with generous portions.,Positive,2026-04-25 16:00:00,really tasty food generous portion,0.5106,Positive,Positive,True,True
REV011783,O024698,C04798,R0053,4,Great quality and very good service.,Positive,2026-05-15 17:00:00,great quality good service,0.807,Positive,Positive,True,True
REV004348,O010110,C04307,R0112,5,The food was delicious and fresh.,Positive,2026-06-13 05:00:00,food delicious fresh,0.7184,Positive,Positive,True,True
REV024364,O034363,C04745,R0137,4,Delivery was fast and the food arrived hot.,Positive,2026-06-13 11:00:00,delivery fast food arrived hot,0.0,Neutral,Positive,True,False
REV016052,O046541,C02043,R0070,4,Delivery was fast and the food arrived hot.,Positive,2026-01-25 19:00:00,delivery fast food arrived hot,0.0,Neutral,Positive,True,False
REV008456,O037510,C02511,R0204,2,I received the wrong item.,Negative,2026-03-20 15:00:00,received wrong item,-0.4767,Negative,Negative,True,True
REV011530,O001955,C04325,R0174,4,The order arrived quickly and everything was hot.,Positive,2026-01-04 11:00:00,order arrived quickly everything hot,0.0,Neutral,Positive,True,False
REV007835,O010133,C02975,R0079,5,Great quality and very good service.,Positive,2026-03-27 14:00:00,great quality good service,0.807,Positive,Positive,True,True
REV000142,O016506,C00280,R0209,5,The food arrived cold.,Negative,2026-01-05 03:00:00,food arrived cold,0.0,Neutral,Negative,True,False
REV025088,O037652,C03766,R0280,3,It was an ordinary experience.,Neutral,2026-04-01 22:00:00,ordinary experience,0.0,Neutral,Neutral,True,True
REV016767,O017227,C02336,R0228,5,Everything was perfect and well packed.,Positive,2026-05-24 09:00:00,everything perfect well packed,0.7003,Positive,Positive,True,True
REV000935,O011443,C02681,R0163,4,Amazing food and excellent quality.,Positive,2026-05-22 08:00:00,amazing food excellent quality,0.8176,Positive,Positive,True,True
REV027821,O037305,C01877,R0252,5,Excellent experience from start to finish.,Positive,2026-01-03 22:00:00,excellent experience start finish,0.5719,Positive,Positive,True,True
REV029300,O026582,C03016,R0262,4,The food was delicious and fresh.,Positive,2026-02-19 23:00:00,food delicious fresh,0.7184,Positive,Positive,True,True
REV003520,O020015,C01217,R0015,4,Excellent experience from start to finish.,Positive,2026-03-26 07:00:00,excellent experience start finish,0.5719,Positive,Positive,True,True
REV004519,O035007,C04694,R0040,5,Everything was perfect and well packed.,Positive,2026-05-06 08:00:00,everything perfect well packed,0.7003,Positive,Positive,True,True
REV008180,O018232,C01413,R0168,5,The food was delicious and fresh.,Positive,2026-03-29 07:00:00,food delicious fresh,0.7184,Positive,Positive,True,True
REV003359,O015280,C03680,R0141,4,The order arrived quickly and everything was hot.,Positive,2026-03-30 19:00:00,order arrived quickly everything hot,0.0,Neutral,Positive,True,False
REV003413,O037927,C01457,R0142,3,Average experience.,Neutral,2026-02-23 14:00:00,average experience,0.0,Neutral,Neutral,True,True
REV001096,O004933,C03235,R0172,4,Fast delivery and great packaging.,Positive,2026-06-05 08:00:00,fast delivery great packaging,0.6249,Positive,Positive,True,True
REV016826,O031745,C01289,R0077,2,The order was delayed for a long time.,Negative,2026-01-22 22:00:00,order delayed long time,-0.2263,Negative,Negative,True,True
REV023159,O011461,C01377,R0058,2,The order took too long to arrive.,Negative,2026-03-07 11:00:00,order took long arrive,0.0,Neutral,Negative,True,False
REV011614,O042300,C02625,R0108,4,The order arrived quickly and everything was hot.,Positive,2026-02-18 04:00:00,order arrived quickly everything hot,0.0,Neutral,Positive,True,False
REV010776,O021738,C04641,R0020,4,Excellent experience from start to finish.,Positive,2026-02-09 11:00:00,excellent experience start finish,0.5719,Positive,Positive,True,True
REV029026,O046227,C00564,R0175,4,The food was delicious and fresh.,Positive,2026-02-18 01:00:00,food delicious fresh,0.7184,Positive,Positive,True,True
REV013917,O021248,C04015,R0190,5,Delivery was fast and the food arrived hot.,Positive,2026-07-02 11:00:00,delivery fast food arrived hot,0.0,Neutral,Positive,True,False
REV009691,O026748,C04295,R0088,4,Delivery was fast and the food arrived hot.,Positive,2026-05-23 06:00:00,delivery fast food arrived hot,0.0,Neutral,Positive,True,False
REV016746,O016574,C03978,R0112,5,Really tasty food with generous portions.,Positive,2026-02-16 13:00:00,really tasty food generous portion,0.5106,Positive,Positive,True,True
REV018734,O010353,C03179,R0252,5,Fast delivery and great packaging.,Positive,2026-03-03 15:00:00,fast delivery great packaging,0.6249,Positive,Positive,True,True
REV026442,O004551,C00876,R0265,4,Everything was perfect and well packed.,Positive,2026-03-11 10:00:00,everything perfect well packed,0.7003,Positive,Positive,True,True
REV003420,O023182,C00205,R0240,4,Really tasty food with generous portions.,Positive,2026-01-23 17:00:00,really tasty food generous portion,0.5106,Positive,Positive,True,True
REV023060,O005125,C02693,R0261,5,The food was fresh and flavorful.,Positive,2026-03-29 08:00:00,food fresh flavorful,0.3182,Positive,Positive,True,True
REV021667,O013700,C01337,R0165,4,Amazing food and excellent quality.,Positive,2026-02-26 19:00:00,amazing food excellent quality,0.8176,Positive,Positive,True,True
REV022838,O049367,C03599,R0125,5,Fast delivery and great packaging.,Positive,2026-01-27 15:00:00,fast delivery great packaging,0.6249,Positive,Positive,True,True
REV002942,O028913,C03567,R0108,5,The order arrived quickly and everything was hot.,Positive,2026-06-29 17:00:00,order arrived quickly everything hot,0.0,Neutral,Positive,True,False
REV002204,O017630,C03044,R0218,5,Really tasty food with generous portions.,Positive,2026-01-10 03:00:00,really tasty food generous portion,0.5106,Positive,Positive,True,True
REV021136,O023093,C02422,R0285,4,The food arrived cold.,Negative,2026-01-11 09:00:00,food arrived cold,0.0,Neutral,Negative,True,False
REV007336,O044306,C02950,R0173,5,Amazing food and excellent quality.,Positive,2026-05-11 15:00:00,amazing food excellent quality,0.8176,Positive,Positive,True,True
REV003439,O007614,C00918,R0113,3,The food was decent.,Neutral,2026-06-05 12:00:00,food decent,0.0,Neutral,Neutral,True,True
REV010724,O044833,C04258,R0120,4,The order arrived quickly and everything was hot.,Positive,2026-05-12 19:00:00,order arrived quickly everything hot,0.0,Neutral,Positive,True,False
REV014619,O030848,C00630,R0236,5,Excellent experience from start to finish.,Positive,2026-06-02 02:00:00,excellent experience start finish,0.5719,Positive,Positive,True,True
REV026771,O046732,C03242,R0035,4,Great quality and very good service.,Positive,2026-04-07 09:00:00,great quality good service,0.807,Positive,Positive,True,True
REV025517,O012468,C03943,R0012,5,Really tasty food with generous portions.,Positive,2026-03-19 10:00:00,really tasty food generous portion,0.5106,Positive,Positive,True,True
REV002966,O027941,C04063,R0131,5,Great quality and very good service.,Positive,2026-04-26 06:00:00,great quality good service,0.807,Positive,Positive,True,True
REV024661,O023628,C04401,R0042,4,Really tasty food with generous portions.,Positive,2026-03-09 07:00:00,really tasty food generous portion,0.5106,Positive,Positive,True,True
REV028872,O014943,C01805,R0142,2,The delivery was very late.,Negative,2026-01-12 22:00:00,delivery late,0.0,Neutral,Negative,True,False
REV013508,O039364,C00229,R0150,4,Amazing food and excellent quality.,Positive,2026-03-22 00:00:00,amazing food excellent quality,0.8176,Positive,Positive,True,True
REV025761,O008260,C00977,R0023,5,The order arrived quickly and everything was hot.,Positive,2026-01-19 22:00:00,order arrived quickly everything hot,0.0,Neutral,Positive,True,False
REV008048,O046888,C04398,R0256,5,The food was fresh and flavorful.,Positive,2026-04-15 11:00:00,food fresh flavorful,0.3182,Positive,Positive,True,True
REV025235,O020458,C04992,R0235,4,Everything was perfect and well packed.,Positive,2026-05-10 22:00:00,everything perfect well packed,0.7003,Positive,Positive,True,True
REV008410,O014108,C00919,R0272,3,Nothing special about the order.,Neutral,2026-06-27 05:00:00,nothing special order,-0.3089,Negative,Neutral,True,False
REV023460,O012895,C02589,R0082,3,Excellent experience from start to finish.,Positive,2026-02-17 00:00:00,excellent experience start finish,0.5719,Positive,Positive,True,True
REV028423,O014421,C00811,R0084,5,Excellent experience from start to finish.,Positive,2026-03-02 18:00:00,excellent experience start finish,0.5719,Positive,Positive,True,True
REV023028,O036692,C04822,R0087,4,The order was delayed for a long time.,Negative,2026-01-29 10:00:00,order delayed long time,-0.2263,Negative,Negative,True,True
REV002303,O028452,C02527,R0252,5,Great quality and very good service.,Positive,2026-06-24 21:00:00,great quality good service,0.807,Positive,Positive,True,True
REV013926,O004936,C02399,R0071,4,Delivery was fast and the food arrived hot.,Positive,2026-02-03 12:00:00,delivery fast food arrived hot,0.0,Neutral,Positive,True,False
REV025186,O042853,C00496,R0001,5,Delivery was fast and the food arrived hot.,Positive,2026-04-04 17:00:00,delivery fast food arrived hot,0.0,Neutral,Positive,True,False
REV003285,O007763,C04953,R0032,4,Great quality and very good service.,Positive,2026-04-04 00:00:00,great quality good service,0.807,Positive,Positive,True,True
REV028327,O049721,C02534,R0239,4,The food was delicious and fresh.,Positive,2026-01-27 23:00:00,food delicious fresh,0.7184,Positive,Positive,True,True
REV002717,O041617,C01029,R0255,5,Delivery was fast and the food arrived hot.,Positive,2026-05-13 22:00:00,delivery fast food arrived hot,0.0,Neutral,Positive,True,False
REV014616,O012323,C01414,R0048,3,The food was acceptable.,Neutral,2026-04-22 10:00:00,food acceptable,0.3182,Positive,Neutral,True,False
REV029642,O002864,C00507,R0046,4,Very poor experience with the delivery.,Negative,2026-06-26 12:00:00,poor experience delivery,-0.5256,Negative,Negative,True,True
REV011978,O046200,C00216,R0104,2,The food arrived cold.,Negative,2026-05-17 18:00:00,food arrived cold,0.0,Neutral,Negative,True,False
REV027967,O042304,C01568,R0191,2,Very poor experience with the delivery.,Negative,2026-03-21 09:00:00,poor experience delivery,-0.5256,Negative,Negative,True,True
REV014460,O026151,C00393,R0233,1,Very poor experience with the delivery.,Negative,2026-01-27 05:00:00,poor experience delivery,-0.5256,Negative,Negative,True,True
REV010895,O041151,C03199,R0033,3,The food arrived cold.,Negative,2026-04-12 15:00:00,food arrived cold,0.0,Neutral,Negative,True,False
REV002636,O005710,C02014,R0246,4,The food was delicious and fresh.,Positive,2026-04-15 17:00:00,food delicious fresh,0.7184,Positive,Positive,True,True
REV002030,O005551,C04447,R0233,4,Everything was perfect and well packed.,Positive,2026-01-14 02:00:00,everything perfect well packed,0.7003,Positive,Positive,True,True
REV009569,O026380,C04223,R0081,4,The food was fresh and flavorful.,Positive,2026-03-02 10:00:00,food fresh flavorful,0.3182,Positive,Positive,True,True
REV011125,O028222,C01952,R0288,5,Really tasty food with generous portions.,Positive,2026-02-09 12:00:00,really tasty food generous portion,0.5106,Positive,Positive,True,True
REV000708,O045203,C02482,R0204,3,Average experience.,Neutral,2026-06-08 13:00:00,average experience,0.0,Neutral,Neutral,True,True
REV028725,O024534,C02882,R0021,2,The food was cold and the delivery was late.,Negative,2026-04-10 03:00:00,food cold delivery late,0.0,Neutral,Negative,True,False
REV028694,O049558,C02288,R0151,1,The order took too long to arrive.,Negative,2026-03-12 06:00:00,order took long arrive,0.0,Neutral,Negative,True,False
REV025721,O041238,C03607,R0225,3,Average experience.,Neutral,2026-06-17 01:00:00,average experience,0.0,Neutral,Neutral,True,True
REV027789,O036272,C01659,R0057,4,The order arrived quickly and everything was hot.,Positive,2026-05-31 07:00:00,order arrived quickly everything hot,0.0,Neutral,Positive,True,False
REV006509,O003556,C03206,R0186,5,Everything was perfect and well packed.,Positive,2026-03-06 13:00:00,everything perfect well packed,0.7003,Positive,Positive,True,True
REV018626,O033652,C03576,R0260,4,Everything was perfect and well packed.,Positive,2026-04-20 14:00:00,everything perfect well packed,0.7003,Positive,Positive,True,True
REV026813,O019542,C02141,R0238,5,Excellent experience from start to finish.,Positive,2026-04-06 16:00:00,excellent experience start finish,0.5719,Positive,Positive,True,True
REV002977,O049321,C01161,R0242,4,Amazing food and excellent quality.,Positive,2026-01-09 02:00:00,amazing food excellent quality,0.8176,Positive,Positive,True,True
REV019678,O000789,C02819,R0270,5,The order arrived quickly and everything was hot.,Positive,2026-02-09 14:00:00,order arrived quickly everything hot,0.0,Neutral,Positive,True,False
REV013809,O030904,C00797,R0177,5,Really tasty food with generous portions.,Positive,2026-06-08 18:00:00,really tasty food generous portion,0.5106,Positive,Positive,True,True
REV021253,O039374,C04150,R0211,4,Great quality and very good service.,Positive,2026-03-01 16:00:00,great quality good service,0.807,Positive,Positive,True,True
REV000601,O028328,C00533,R0013,5,The food was delicious and fresh.,Positive,2026-06-13 17:00:00,food delicious fresh,0.7184,Positive,Positive,True,True
REV021985,O028518,C01093,R0278,4,Really tasty food with generous portions.,Positive,2026-04-15 15:00:00,really tasty food generous portion,0.5106,Positive,Positive,True,True
REV028546,O023424,C04421,R0177,4,Great quality and very good service.,Positive,2026-01-12 01:00:00,great quality good service,0.807,Positive,Positive,True,True
REV018401,O030948,C04525,R0058,5,Everything was perfect and well packed.,Positive,2026-06-16 11:00:00,everything perfect well packed,0.7003,Positive,Positive,True,True
REV005327,O045732,C01704,R0127,4,Fast delivery and great packaging.,Positive,2026-01-16 05:00:00,fast delivery great packaging,0.6249,Positive,Positive,True,True
REV018958,O046063,C02618,R0004,4,The order arrived quickly and everything was hot.,Positive,2026-05-15 18:00:00,order arrived quickly everything hot,0.0,Neutral,Positive,True,False
REV006731,O028299,C01549,R0066,4,The food was delicious and fresh.,Positive,2026-04-11 21:00:00,food delicious fresh,0.7184,Positive,Positive,True,True
REV012342,O031107,C03783,R0201,5,Really tasty food with generous portions.,Positive,2026-01-21 23:00:00,really tasty food generous portion,0.5106,Positive,Positive,True,True
REV028387,O010483,C03939,R0096,3,The food was acceptable.,Neutral,2026-06-07 15:00:00,food acceptable,0.3182,Positive,Neutral,True,False
REV019341,O028520,C01322,R0242,5,Excellent experience from start to finish.,Positive,2026-01-24 17:00:00,excellent experience start finish,0.5719,Positive,Positive,True,True
REV011103,O036594,C01372,R0197,5,Amazing food and excellent quality.,Positive,2026-06-25 17:00:00,amazing food excellent quality,0.8176,Positive,Positive,True,True
REV022730,O004841,C00241,R0033,5,The food was delicious and fresh.,Positive,2026-06-22 10:00:00,food delicious fresh,0.7184,Positive,Positive,True,True
REV027378,O033058,C02047,R0283,4,Everything was perfect and well packed.,Positive,2026-04-02 19:00:00,everything perfect well packed,0.7003,Positive,Positive,True,True
REV000583,O000358,C03817,R0242,4,Great quality and very good service.,Positive,2026-02-12 02:00:00,great quality good service,0.807,Positive,Positive,True,True
REV018027,O042290,C02898,R0170,5,Really tasty food with generous portions.,Positive,2026-04-22 17:00:00,really tasty food generous portion,0.5106,Positive,Positive,True,True
REV023582,O012021,C04419,R0221,5,Fast delivery and great packaging.,Positive,2026-06-15 02:00:00,fast delivery great packaging,0.6249,Positive,Positive,True,True
REV027220,O035707,C01171,R0140,5,Great quality and very good service.,Positive,2026-04-08 14:00:00,great quality good service,0.807,Positive,Positive,True,True
REV013961,O025662,C04422,R0191,4,The order arrived quickly and everything was hot.,Positive,2026-02-09 10:00:00,order arrived quickly everything hot,0.0,Neutral,Positive,True,False
REV016333,O026222,C02041,R0160,5,The order arrived quickly and everything was hot.,Positive,2026-02-06 05:00:00,order arrived quickly everything hot,0.0,Neutral,Positive,True,False
REV006127,O019787,C04666,R0215,5,The food was fresh and flavorful.,Positive,2026-05-28 11:00:00,food fresh flavorful,0.3182,Positive,Positive,True,True
REV023112,O025378,C01245,R0075,5,Everything was perfect and well packed.,Positive,2026-04-04 19:00:00,everything perfect well packed,0.7003,Positive,Positive,True,True
REV023175,O015048,C04359,R0204,3,Average experience.,Neutral,2026-04-29 13:00:00,average experience,0.0,Neutral,Neutral,True,True
REV000017,O020444,C02572,R0093,2,The food was bland and disappointing.,Negative,2026-06-18 07:00:00,food bland disappointing,-0.4939,Negative,Negative,True,True
REV011734,O011266,C03794,R0176,5,The order arrived quickly and everything was hot.,Positive,2026-06-03 08:00:00,order arrived quickly everything hot,0.0,Neutral,Positive,True,False
REV000844,O010397,C03739,R0078,3,The order arrived quickly and everything was hot.,Positive,2026-06-06 23:00:00,order arrived quickly everything hot,0.0,Neutral,Positive,True,False
REV019946,O023251,C00961,R0105,4,Delivery was fast and the food arrived hot.,Positive,2026-04-06 16:00:00,delivery fast food arrived hot,0.0,Neutral,Positive,True,False
REV004406,O034038,C04266,R0086,4,The food was delicious and fresh.,Positive,2026-01-26 17:00:00,food delicious fresh,0.7184,Positive,Positive,True,True
REV006496,O025545,C04881,R0276,3,The food was acceptable.,Neutral,2026-04-09 13:00:00,food acceptable,0.3182,Positive,Neutral,True,False
REV024928,O025741,C01396,R0252,4,Amazing food and excellent quality.,Positive,2026-02-08 18:00:00,amazing food excellent quality,0.8176,Positive,Positive,True,True
REV020960,O025027,C02158,R0159,4,Great quality and very good service.,Positive,2026-02-08 05:00:00,great quality good service,0.807,Positive,Positive,True,True
REV026098,O006386,C00509,R0147,4,Delivery was fast and the food arrived hot.,Positive,2026-01-13 01:00:00,delivery fast food arrived hot,0.0,Neutral,Positive,True,False
REV014333,O011326,C04190,R0079,5,Amazing food and excellent quality.,Positive,2026-03-01 05:00:00,amazing food excellent quality,0.8176,Positive,Positive,True,True
REV008731,O016861,C03737,R0011,4,Delivery was fast and the food arrived hot.,Positive,2026-06-25 02:00:00,delivery fast food arrived hot,0.0,Neutral,Positive,True,False
REV029076,O045231,C03729,R0156,3,The food was okay.,Neutral,2026-03-04 23:00:00,food okay,0.2263,Positive,Neutral,True,False
REV010993,O029800,C01618,R0119,5,The food was fresh and flavorful.,Positive,2026-02-23 12:00:00,food fresh flavorful,0.3182,Positive,Positive,True,True
REV016790,O015136,C02344,R0039,5,Everything was perfect and well packed.,Positive,2026-04-15 17:00:00,everything perfect well packed,0.7003,Positive,Positive,True,True
REV010763,O037480,C03636,R0064,4,Delivery was fast and the food arrived hot.,Positive,2026-06-09 12:00:00,delivery fast food arrived hot,0.0,Neutral,Positive,True,False
REV014622,O048201,C01254,R0273,4,The order arrived quickly and everything was hot.,Positive,2026-03-07 20:00:00,order arrived quickly everything hot,0.0,Neutral,Positive,True,False
REV013317,O030632,C00438,R0017,3,Overall it was satisfactory.,Neutral,2026-05-16 10:00:00,overall satisfactory,0.3612,Positive,Neutral,True,False
REV021534,O008580,C03063,R0261,2,The food arrived cold.,Negative,2026-01-07 09:00:00,food arrived cold,0.0,Neutral,Negative,True,False
REV001026,O000473,C04619,R0145,4,Amazing food and excellent quality.,Positive,2026-05-31 14:00:00,amazing food excellent quality,0.8176,Positive,Positive,True,True
REV026130,O047704,C04289,R0050,4,Delivery was fast and the food arrived hot.,Positive,2026-05-10 13:00:00,delivery fast food arrived hot,0.0,Neutral,Positive,True,False
REV003855,O022818,C01791,R0118,5,The packaging was damaged.,Negative,2026-01-30 00:00:00,packaging damaged,-0.4404,Negative,Negative,True,True
REV023692,O000192,C01375,R0277,4,Fast delivery and great packaging.,Positive,2026-02-07 07:00:00,fast delivery great packaging,0.6249,Positive,Positive,True,True
REV005687,O043705,C04045,R0262,3,The order took too long to arrive.,Negative,2026-02-11 00:00:00,order took long arrive,0.0,Neutral,Negative,True,False
REV022561,O042564,C03379,R0013,5,Excellent experience from start to finish.,Positive,2026-04-28 12:00:00,excellent experience start finish,0.5719,Positive,Positive,True,True
REV011549,O035090,C02516,R0152,4,Everything was perfect and well packed.,Positive,2026-05-28 05:00:00,everything perfect well packed,0.7003,Positive,Positive,True,True
REV006951,O021405,C03730,R0134,4,Excellent experience from start to finish.,Positive,2026-03-15 07:00:00,excellent experience start finish,0.5719,Positive,Positive,True,True
REV010930,O045382,C00478,R0196,5,The order arrived quickly and everything was hot.,Positive,2026-05-06 14:00:00,order arrived quickly everything hot,0.0,Neutral,Positive,True,False
REV025211,O020166,C04303,R0131,5,I received the wrong item.,Negative,2026-06-27 14:00:00,received wrong item,-0.4767,Negative,Negative,True,True
REV015585,O002627,C00233,R0284,2,The order took too long to arrive.,Negative,2026-03-20 22:00:00,order took long arrive,0.0,Neutral,Negative,True,False
REV011756,O003655,C03126,R0282,4,Everything was perfect and well packed.,Positive,2026-05-30 23:00:00,everything perfect well packed,0.7003,Positive,Positive,True,True
REV028956,O041253,C02183,R0190,4,Delivery was fast and the food arrived hot.,Positive,2026-03-11 10:00:00,delivery fast food arrived hot,0.0,Neutral,Positive,True,False
REV010327,O026109,C03272,R0274,5,Great quality and very good service.,Positive,2026-05-03 08:00:00,great quality good service,0.807,Positive,Positive,True,True
REV021887,O007795,C04310,R0169,5,Amazing food and excellent quality.,Positive,2026-02-16 15:00:00,amazing food excellent quality,0.8176,Positive,Positive,True,True
REV018592,O043214,C02828,R0267,5,Great quality and very good service.,Positive,2026-05-15 17:00:00,great quality good service,0.807,Positive,Positive,True,True
REV027161,O006418,C02088,R0003,2,Really tasty food with generous portions.,Positive,2026-05-18 09:00:00,really tasty food generous portion,0.5106,Positive,Positive,True,True
REV016674,O008242,C01526,R0034,5,Really tasty food with generous portions.,Positive,2026-05-22 05:00:00,really tasty food generous portion,0.5106,Positive,Positive,True,True
REV010503,O001303,C02958,R0154,3,The order arrived quickly and everything was hot.,Positive,2026-04-16 19:00:00,order arrived quickly everything hot,0.0,Neutral,Positive,True,False
REV002971,O032329,C04430,R0149,1,I received the wrong item.,Negative,2026-02-13 12:00:00,received wrong item,-0.4767,Negative,Negative,True,True
REV023259,O037583,C02270,R0128,5,Great quality and very good service.,Positive,2026-03-22 15:00:00,great quality good service,0.807,Positive,Positive,True,True
REV022731,O013509,C03547,R0213,4,The food was delicious and fresh.,Positive,2026-04-20 21:00:00,food delicious fresh,0.7184,Positive,Positive,True,True
REV013825,O041177,C04400,R0016,4,The order arrived quickly and everything was hot.,Positive,2026-01-03 02:00:00,order arrived quickly everything hot,0.0,Neutral,Positive,True,False
REV000800,O028405,C01467,R0059,5,Really tasty food with generous portions.,Positive,2026-01-15 12:00:00,really tasty food generous portion,0.5106,Positive,Positive,True,True
REV017411,O016398,C03341,R0235,4,The food was delicious and fresh.,Positive,2026-01-28 23:00:00,food delicious fresh,0.7184,Positive,Positive,True,True
REV004435,O048087,C00932,R0287,5,Fast delivery and great packaging.,Positive,2026-06-12 23:00:00,fast delivery great packaging,0.6249,Positive,Positive,True,True
REV015327,O043839,C02428,R0072,4,Fast delivery and great packaging.,Positive,2026-05-13 21:00:00,fast delivery great packaging,0.6249,Positive,Positive,True,True
REV021894,O017513,C00748,R0057,4,Excellent experience from start to finish.,Positive,2026-03-08 01:00:00,excellent experience start finish,0.5719,Positive,Positive,True,True
REV006964,O011507,C03973,R0300,2,The order took too long to arrive.,Negative,2026-02-07 08:00:00,order took long arrive,0.0,Neutral,Negative,True,False
REV016209,O042742,C03627,R0211,5,Excellent experience from start to finish.,Positive,2026-03-11 16:00:00,excellent experience start finish,0.5719,Positive,Positive,True,True
REV023105,O004468,C03162,R0204,3,The order was okay overall.,Neutral,2026-05-28 21:00:00,order okay overall,0.2263,Positive,Neutral,True,False
REV011173,O009758,C02757,R0275,4,Great quality and very good service.,Positive,2026-05-09 16:00:00,great quality good service,0.807,Positive,Positive,True,True
REV010340,O025037,C02012,R0174,4,Fast delivery and great packaging.,Positive,2026-01-29 03:00:00,fast delivery great packaging,0.6249,Positive,Positive,True,True
REV008909,O029044,C03257,R0097,3,The food was okay.,Neutral,2026-05-30 09:00:00,food okay,0.2263,Positive,Neutral,True,False
REV028693,O046937,C01779,R0294,3,The order was okay overall.,Neutral,2026-02-20 00:00:00,order okay overall,0.2263,Positive,Neutral,True,False
REV005738,O029788,C02148,R0208,5,Delivery was fast and the food arrived hot.,Positive,2026-01-26 16:00:00,delivery fast food arrived hot,0.0,Neutral,Positive,True,False
REV028273,O026199,C01031,R0093,5,Fast delivery and great packaging.,Positive,2026-01-09 06:00:00,fast delivery great packaging,0.6249,Positive,Positive,True,True
REV007179,O034299,C02329,R0297,2,Very poor experience with the delivery.,Negative,2026-05-27 00:00:00,poor experience delivery,-0.5256,Negative,Negative,True,True
REV009568,O043087,C01124,R0139,5,Amazing food and excellent quality.,Positive,2026-06-06 16:00:00,amazing food excellent quality,0.8176,Positive,Positive,True,True
REV000014,O025933,C01658,R0145,2,The food was cold and the delivery was late.,Negative,2026-01-12 03:00:00,food cold delivery late,0.0,Neutral,Negative,True,False
REV009602,O028372,C03443,R0095,5,Everything was perfect and well packed.,Positive,2026-03-03 02:00:00,everything perfect well packed,0.7003,Positive,Positive,True,True
REV007129,O028647,C02112,R0015,4,I received the wrong item.,Negative,2026-02-06 19:00:00,received wrong item,-0.4767,Negative,Negative,True,True
REV001432,O033856,C00510,R0026,5,The order arrived quickly and everything was hot.,Positive,2026-06-25 09:00:00,order arrived quickly everything hot,0.0,Neutral,Positive,True,False
REV002671,O024695,C01307,R0110,5,Amazing food and excellent quality.,Positive,2026-06-09 22:00:00,amazing food excellent quality,0.8176,Positive,Positive,True,True
REV003342,O032717,C03979,R0157,5,Everything was perfect and well packed.,Positive,2026-03-01 05:00:00,everything perfect well packed,0.7003,Positive,Positive,True,True
REV023202,O040890,C02672,R0296,5,Delivery was fast and the food arrived hot.,Positive,2026-05-30 00:00:00,delivery fast food arrived hot,0.0,Neutral,Positive,True,False
REV025904,O028939,C01344,R0198,4,Great quality and very good service.,Positive,2026-05-08 17:00:00,great quality good service,0.807,Positive,Positive,True,True
REV009261,O046393,C00414,R0053,5,I received the wrong item.,Negative,2026-06-29 10:00:00,received wrong item,-0.4767,Negative,Negative,True,True
REV016688,O031496,C04918,R0062,3,Nothing special about the order.,Neutral,2026-03-14 21:00:00,nothing special order,-0.3089,Negative,Neutral,True,False
REV025238,O010542,C04934,R0265,4,The food was fresh and flavorful.,Positive,2026-02-10 13:00:00,food fresh flavorful,0.3182,Positive,Positive,True,True
REV022763,O039592,C01443,R0263,1,I received the wrong item.,Negative,2026-04-30 12:00:00,received wrong item,-0.4767,Negative,Negative,True,True
REV011229,O040787,C01209,R0197,3,The food was acceptable.,Neutral,2026-02-01 12:00:00,food acceptable,0.3182,Positive,Neutral,True,False
REV010779,O033929,C01406,R0157,3,The food was okay.,Neutral,2026-03-13 02:00:00,food okay,0.2263,Positive,Neutral,True,False
REV013356,O032271,C01361,R0163,1,The food was bland and disappointing.,Negative,2026-06-21 04:00:00,food bland disappointing,-0.4939,Negative,Negative,True,True
REV009701,O016832,C04205,R0001,4,Delivery was fast and the food arrived hot.,Positive,2026-03-09 06:00:00,delivery fast food arrived hot,0.0,Neutral,Positive,True,False
REV010038,O002431,C01584,R0269,5,Really tasty food with generous portions.,Positive,2026-05-14 07:00:00,really tasty food generous portion,0.5106,Positive,Positive,True,True
REV013501,O000851,C01423,R0084,5,Everything was perfect and well packed.,Positive,2026-03-08 15:00:00,everything perfect well packed,0.7003,Positive,Positive,True,True
REV020684,O024413,C01539,R0282,4,The food was delicious and fresh.,Positive,2026-05-19 18:00:00,food delicious fresh,0.7184,Positive,Positive,True,True
REV025972,O020742,C01728,R0252,5,The food was delicious and fresh.,Positive,2026-02-15 13:00:00,food delicious fresh,0.7184,Positive,Positive,True,True
REV007790,O033402,C02231,R0288,3,The order was okay overall.,Neutral,2026-04-19 23:00:00,order okay overall,0.2263,Positive,Neutral,True,False
REV016273,O034506,C00379,R0075,1,The order took too long to arrive.,Negative,2026-01-21 08:00:00,order took long arrive,0.0,Neutral,Negative,True,False
REV029714,O042693,C02415,R0275,3,Average experience.,Neutral,2026-04-22 21:00:00,average experience,0.0,Neutral,Neutral,True,True
REV005676,O039893,C03603,R0171,4,Excellent experience from start to finish.,Positive,2026-02-09 08:00:00,excellent experience start finish,0.5719,Positive,Positive,True,True
REV013898,O006834,C03076,R0211,1,Really tasty food with generous portions.,Positive,2026-03-15 11:00:00,really tasty food generous portion,0.5106,Positive,Positive,True,True
REV012070,O038495,C02386,R0016,5,Really tasty food with generous portions.,Positive,2026-02-02 01:00:00,really tasty food generous portion,0.5106,Positive,Positive,True,True
REV015422,O011252,C00971,R0217,1,The order was delayed for a long time.,Negative,2026-05-03 10:00:00,order delayed long time,-0.2263,Negative,Negative,True,True
REV027244,O042678,C01910,R0109,1,The packaging was damaged.,Negative,2026-06-20 16:00:00,packaging damaged,-0.4404,Negative,Negative,True,True
REV009844,O006486,C01372,R0123,1,I received the wrong item.,Negative,2026-04-01 23:00:00,received wrong item,-0.4767,Negative,Negative,True,True
REV029133,O012914,C03961,R0002,4,Fast delivery and great packaging.,Positive,2026-06-30 18:00:00,fast delivery great packaging,0.6249,Positive,Positive,True,True
REV026089,O007095,C01685,R0162,5,Great quality and very good service.,Positive,2026-07-01 22:00:00,great quality good service,0.807,Positive,Positive,True,True
REV019128,O035226,C02189,R0081,4,Great quality and very good service.,Positive,2026-03-07 14:00:00,great quality good service,0.807,Positive,Positive,True,True
REV008081,O033356,C03802,R0079,4,Delivery was fast and the food arrived hot.,Positive,2026-04-25 11:00:00,delivery fast food arrived hot,0.0,Neutral,Positive,True,False
REV006095,O017343,C03325,R0116,2,The order was delayed for a long time.,Negative,2026-03-03 02:00:00,order delayed long time,-0.2263,Negative,Negative,True,True
REV024828,O023439,C00104,R0273,2,The order was delayed for a long time.,Negative,2026-06-20 07:00:00,order delayed long time,-0.2263,Negative,Negative,True,True
REV019043,O037418,C00825,R0198,2,The food was bland and disappointing.,Negative,2026-01-05 10:00:00,food bland disappointing,-0.4939,Negative,Negative,True,True
REV025863,O001021,C02931,R0097,5,The order arrived quickly and everything was hot.,Positive,2026-03-09 12:00:00,order arrived quickly everything hot,0.0,Neutral,Positive,True,False
REV016723,O034849,C00734,R0102,1,The delivery was very late.,Negative,2026-05-11 09:00:00,delivery late,0.0,Neutral,Negative,True,False
REV011087,O025358,C04946,R0278,4,Amazing food and excellent quality.,Positive,2026-02-10 05:00:00,amazing food excellent quality,0.8176,Positive,Positive,True,True
REV016085,O040313,C03551,R0233,5,The food was delicious and fresh.,Positive,2026-03-21 19:00:00,food delicious fresh,0.7184,Positive,Positive,True,True
REV029944,O024691,C02961,R0125,4,Delivery was fast and the food arrived hot.,Positive,2026-04-12 13:00:00,delivery fast food arrived hot,0.0,Neutral,Positive,True,False
REV009155,O029746,C04824,R0269,4,Amazing food and excellent quality.,Positive,2026-06-10 01:00:00,amazing food excellent quality,0.8176,Positive,Positive,True,True
REV017668,O036792,C01807,R0060,2,The delivery was very late.,Negative,2026-06-03 02:00:00,delivery late,0.0,Neutral,Negative,True,False
REV004208,O009789,C04080,R0298,4,The order arrived quickly and everything was hot.,Positive,2026-05-28 20:00:00,order arrived quickly everything hot,0.0,Neutral,Positive,True,False
REV006047,O021174,C00692,R0123,4,Fast delivery and great packaging.,Positive,2026-01-19 10:00:00,fast delivery great packaging,0.6249,Positive,Positive,True,True
REV023192,O043219,C02419,R0170,4,Great quality and very good service.,Positive,2026-05-04 18:00:00,great quality good service,0.807,Positive,Positive,True,True
REV021326,O024416,C01556,R0247,1,The delivery was very late.,Negative,2026-02-24 01:00:00,delivery late,0.0,Neutral,Negative,True,False
REV010088,O018077,C00658,R0199,5,The food was fresh and flavorful.,Positive,2026-05-08 21:00:00,food fresh flavorful,0.3182,Positive,Positive,True,True
REV025229,O006623,C01094,R0099,2,The food was bland and disappointing.,Negative,2026-06-05 07:00:00,food bland disappointing,-0.4939,Negative,Negative,True,True
REV012892,O026593,C03763,R0063,4,Amazing food and excellent quality.,Positive,2026-02-16 03:00:00,amazing food excellent quality,0.8176,Positive,Positive,True,True
REV022789,O045021,C03667,R0206,5,Excellent experience from start to finish.,Positive,2026-01-16 05:00:00,excellent experience start finish,0.5719,Positive,Positive,True,True
REV006862,O016040,C00845,R0236,1,The food was cold and the delivery was late.,Negative,2026-05-02 20:00:00,food cold delivery late,0.0,Neutral,Negative,True,False
REV012247,O023337,C02746,R0056,3,The order was okay overall.,Neutral,2026-01-06 07:00:00,order okay overall,0.2263,Positive,Neutral,True,False
REV023790,O029089,C03485,R0187,5,Everything was perfect and well packed.,Positive,2026-01-04 15:00:00,everything perfect well packed,0.7003,Positive,Positive,True,True
REV024616,O030727,C02449,R0284,4,Delivery was fast and the food arrived hot.,Positive,2026-05-20 02:00:00,delivery fast food arrived hot,0.0,Neutral,Positive,True,False
REV012506,O030808,C03517,R0205,3,The delivery was very late.,Negative,2026-04-01 21:00:00,delivery late,0.0,Neutral,Negative,True,False
REV028465,O045763,C00934,R0207,5,Really tasty food with generous portions.,Positive,2026-06-28 11:00:00,really tasty food generous portion,0.5106,Positive,Positive,True,True
REV019799,O042105,C01549,R0111,4,Excellent experience from start to finish.,Positive,2026-05-10 05:00:00,excellent experience start finish,0.5719,Positive,Positive,True,True
REV002015,O038127,C04672,R0285,4,The order arrived quickly and everything was hot.,Positive,2026-06-22 10:00:00,order arrived quickly everything hot,0.0,Neutral,Positive,True,False
REV006419,O018386,C02581,R0232,3,The order was okay overall.,Neutral,2026-04-29 21:00:00,order okay overall,0.2263,Positive,Neutral,True,False
REV024640,O006189,C03493,R0101,4,Delivery was fast and the food arrived hot.,Positive,2026-05-29 07:00:00,delivery fast food arrived hot,0.0,Neutral,Positive,True,False
REV020361,O024478,C00197,R0275,4,The food was delicious and fresh.,Positive,2026-06-20 04:00:00,food delicious fresh,0.7184,Positive,Positive,True,True
REV018697,O037574,C00012,R0196,5,Really tasty food with generous portions.,Positive,2026-07-02 11:00:00,really tasty food generous portion,0.5106,Positive,Positive,True,True
REV009662,O026827,C02150,R0021,5,Everything was perfect and well packed.,Positive,2026-03-04 04:00:00,everything perfect well packed,0.7003,Positive,Positive,True,True
REV015466,O034449,C00433,R0054,5,My order was missing an item.,Negative,2026-03-06 07:00:00,order missing item,-0.296,Negative,Negative,True,True
REV016163,O020696,C02833,R0269,4,Really tasty food with generous portions.,Positive,2026-01-11 20:00:00,really tasty food generous portion,0.5106,Positive,Positive,True,True
REV003327,O012771,C02471,R0129,4,Fast delivery and great packaging.,Positive,2026-01-21 13:00:00,fast delivery great packaging,0.6249,Positive,Positive,True,True
REV006072,O018539,C02716,R0271,5,The food was delicious and fresh.,Positive,2026-04-25 03:00:00,food delicious fresh,0.7184,Positive,Positive,True,True
REV015556,O010958,C03226,R0019,2,Very poor experience with the delivery.,Negative,2026-02-26 16:00:00,poor experience delivery,-0.5256,Negative,Negative,True,True
REV004230,O042526,C03884,R0129,5,Everything was perfect and well packed.,Positive,2026-04-04 12:00:00,everything perfect well packed,0.7003,Positive,Positive,True,True
REV016432,O000447,C01604,R0048,4,The order arrived quickly and everything was hot.,Positive,2026-04-16 05:00:00,order arrived quickly everything hot,0.0,Neutral,Positive,True,False
REV011241,O040887,C03812,R0281,5,Delivery was fast and the food arrived hot.,Positive,2026-04-21 03:00:00,delivery fast food arrived hot,0.0,Neutral,Positive,True,False
REV006408,O046631,C02309,R0078,5,The food was delicious and fresh.,Positive,2026-05-24 06:00:00,food delicious fresh,0.7184,Positive,Positive,True,True
REV014995,O031902,C04789,R0096,5,Fast delivery and great packaging.,Positive,2026-06-07 19:00:00,fast delivery great packaging,0.6249,Positive,Positive,True,True
REV000033,O016225,C01908,R0189,5,Amazing food and excellent quality.,Positive,2026-06-02 23:00:00,amazing food excellent quality,0.8176,Positive,Positive,True,True
REV026675,O020137,C01226,R0173,5,Really tasty food with generous portions.,Positive,2026-03-02 20:00:00,really tasty food generous portion,0.5106,Positive,Positive,True,True
REV029200,O035655,C01482,R0019,4,The order arrived quickly and everything was hot.,Positive,2026-05-31 02:00:00,order arrived quickly everything hot,0.0,Neutral,Positive,True,False
REV006983,O001453,C03826,R0110,4,Amazing food and excellent quality.,Positive,2026-02-23 15:00:00,amazing food excellent quality,0.8176,Positive,Positive,True,True
REV013338,O015827,C00328,R0273,1,My order was missing an item.,Negative,2026-01-13 03:00:00,order missing item,-0.296,Negative,Negative,True,True
REV000194,O022268,C00018,R0164,5,Really tasty food with generous portions.,Positive,2026-05-25 18:00:00,really tasty food generous portion,0.5106,Positive,Positive,True,True
REV017707,O012130,C00751,R0040,3,The food was acceptable.,Neutral,2026-03-09 03:00:00,food acceptable,0.3182,Positive,Neutral,True,False
REV022674,O008541,C02240,R0135,4,The food was delicious and fresh.,Positive,2026-04-05 11:00:00,food delicious fresh,0.7184,Positive,Positive,True,True
REV013555,O044248,C01877,R0232,5,The food was delicious and fresh.,Positive,2026-03-15 03:00:00,food delicious fresh,0.7184,Positive,Positive,True,True
REV011212,O031456,C00195,R0085,4,Really tasty food with generous portions.,Positive,2026-03-11 23:00:00,really tasty food generous portion,0.5106,Positive,Positive,True,True
REV002396,O029401,C02031,R0065,4,Excellent experience from start to finish.,Positive,2026-06-07 12:00:00,excellent experience start finish,0.5719,Positive,Positive,True,True
REV023579,O017036,C01774,R0269,2,The food was bland and disappointing.,Negative,2026-02-06 04:00:00,food bland disappointing,-0.4939,Negative,Negative,True,True
REV017562,O008849,C01453,R0210,2,The order was delayed for a long time.,Negative,2026-01-12 11:00:00,order delayed long time,-0.2263,Negative,Negative,True,True
REV016740,O031361,C00844,R0127,4,The food was delicious and fresh.,Positive,2026-05-22 00:00:00,food delicious fresh,0.7184,Positive,Positive,True,True
REV007654,O008597,C04072,R0135,3,The food was decent.,Neutral,2026-05-18 13:00:00,food decent,0.0,Neutral,Neutral,True,True
REV000160,O037853,C00345,R0288,4,Really tasty food with generous portions.,Positive,2026-03-10 11:00:00,really tasty food generous portion,0.5106,Positive,Positive,True,True
REV019267,O046678,C04193,R0121,5,The food was fresh and flavorful.,Positive,2026-05-14 10:00:00,food fresh flavorful,0.3182,Positive,Positive,True,True
REV018949,O002113,C03237,R0012,5,Really tasty food with generous portions.,Positive,2026-01-29 16:00:00,really tasty food generous portion,0.5106,Positive,Positive,True,True
REV011343,O012347,C03872,R0258,3,My order was missing an item.,Negative,2026-03-27 02:00:00,order missing item,-0.296,Negative,Negative,True,True
REV020225,O041349,C01697,R0167,3,Food quality was average.,Neutral,2026-03-22 14:00:00,food quality average,0.0,Neutral,Neutral,True,True
REV014648,O018015,C03128,R0097,4,Excellent experience from start to finish.,Positive,2026-02-01 08:00:00,excellent experience start finish,0.5719,Positive,Positive,True,True
REV020592,O022575,C04931,R0011,5,The food was fresh and flavorful.,Positive,2026-04-05 02:00:00,food fresh flavorful,0.3182,Positive,Positive,True,True
REV016491,O047648,C00122,R0010,4,The food was fresh and flavorful.,Positive,2026-06-05 18:00:00,food fresh flavorful,0.3182,Positive,Positive,True,True
REV003292,O025994,C01284,R0064,4,Great quality and very good service.,Positive,2026-04-05 21:00:00,great quality good service,0.807,Positive,Positive,True,True
REV005945,O043208,C02630,R0110,4,Everything was perfect and well packed.,Positive,2026-05-23 16:00:00,everything perfect well packed,0.7003,Positive,Positive,True,True
REV014382,O003555,C00588,R0006,4,The food was fresh and flavorful.,Positive,2026-06-10 01:00:00,food fresh flavorful,0.3182,Positive,Positive,True,True
REV011039,O020301,C03918,R0070,2,The food was bland and disappointing.,Negative,2026-06-02 01:00:00,food bland disappointing,-0.4939,Negative,Negative,True,True
REV001318,O008970,C03372,R0029,4,Delivery was fast and the food arrived hot.,Positive,2026-02-27 16:00:00,delivery fast food arrived hot,0.0,Neutral,Positive,True,False
REV027012,O035406,C03569,R0206,5,Amazing food and excellent quality.,Positive,2026-06-15 01:00:00,amazing food excellent quality,0.8176,Positive,Positive,True,True
REV000901,O039382,C00206,R0140,4,Fast delivery and great packaging.,Positive,2026-03-21 00:00:00,fast delivery great packaging,0.6249,Positive,Positive,True,True
REV004008,O019095,C02418,R0055,3,The food was okay.,Neutral,2026-02-24 03:00:00,food okay,0.2263,Positive,Neutral,True,False
REV000391,O010977,C02360,R0255,4,Great quality and very good service.,Positive,2026-04-25 03:00:00,great quality good service,0.807,Positive,Positive,True,True
REV013938,O032574,C01514,R0142,4,The order arrived quickly and everything was hot.,Positive,2026-02-19 13:00:00,order arrived quickly everything hot,0.0,Neutral,Positive,True,False
REV027260,O022009,C04049,R0081,5,Excellent experience from start to finish.,Positive,2026-05-03 04:00:00,excellent experience start finish,0.5719,Positive,Positive,True,True
REV023229,O016470,C04604,R0158,4,Excellent experience from start to finish.,Positive,2026-03-10 18:00:00,excellent experience start finish,0.5719,Positive,Positive,True,True
REV014281,O016476,C01681,R0119,5,Really tasty food with generous portions.,Positive,2026-01-24 23:00:00,really tasty food generous portion,0.5106,Positive,Positive,True,True
REV023427,O035802,C02774,R0094,5,Great quality and very good service.,Positive,2026-03-19 22:00:00,great quality good service,0.807,Positive,Positive,True,True
REV020769,O038429,C03246,R0149,4,Great quality and very good service.,Positive,2026-02-14 05:00:00,great quality good service,0.807,Positive,Positive,True,True
REV025942,O014947,C04171,R0031,4,Everything was perfect and well packed.,Positive,2026-06-24 19:00:00,everything perfect well packed,0.7003,Positive,Positive,True,True
REV012870,O040171,C02120,R0258,3,The food was okay.,Neutral,2026-03-28 04:00:00,food okay,0.2263,Positive,Neutral,True,False
REV022916,O021809,C01024,R0060,3,Food quality was average.,Neutral,2026-05-25 06:00:00,food quality average,0.0,Neutral,Neutral,True,True
REV016086,O038814,C04100,R0041,4,Amazing food and excellent quality.,Positive,2026-01-22 05:00:00,amazing food excellent quality,0.8176,Positive,Positive,True,True
REV025436,O045848,C03652,R0109,5,The order arrived quickly and everything was hot.,Positive,2026-03-24 20:00:00,order arrived quickly everything hot,0.0,Neutral,Positive,True,False
REV017202,O025137,C02328,R0203,4,Really tasty food with generous portions.,Positive,2026-04-03 17:00:00,really tasty food generous portion,0.5106,Positive,Positive,True,True
REV021771,O046395,C00703,R0033,2,The food was bland and disappointing.,Negative,2026-03-22 20:00:00,food bland disappointing,-0.4939,Negative,Negative,True,True
REV000144,O005844,C00790,R0299,5,Excellent experience from start to finish.,Positive,2026-04-04 21:00:00,excellent experience start finish,0.5719,Positive,Positive,True,True
REV001658,O033503,C02341,R0046,3,The food was decent.,Neutral,2026-04-01 16:00:00,food decent,0.0,Neutral,Neutral,True,True
REV015963,O035445,C02702,R0193,4,The food was fresh and flavorful.,Positive,2026-06-26 01:00:00,food fresh flavorful,0.3182,Positive,Positive,True,True
REV014897,O045757,C03438,R0042,4,The food was fresh and flavorful.,Positive,2026-02-13 11:00:00,food fresh flavorful,0.3182,Positive,Positive,True,True
REV019033,O026891,C00426,R0138,4,Delivery was fast and the food arrived hot.,Positive,2026-02-02 13:00:00,delivery fast food arrived hot,0.0,Neutral,Positive,True,False
REV001894,O021124,C02536,R0041,2,The food was cold and the delivery was late.,Negative,2026-02-11 10:00:00,food cold delivery late,0.0,Neutral,Negative,True,False
REV001305,O049937,C04252,R0228,4,Delivery was fast and the food arrived hot.,Positive,2026-01-12 09:00:00,delivery fast food arrived hot,0.0,Neutral,Positive,True,False
REV021768,O027128,C00290,R0230,5,The order arrived quickly and everything was hot.,Positive,2026-02-19 00:00:00,order arrived quickly everything hot,0.0,Neutral,Positive,True,False
REV024780,O031277,C02157,R0176,4,Amazing food and excellent quality.,Positive,2026-03-30 13:00:00,amazing food excellent quality,0.8176,Positive,Positive,True,True
REV010540,O025287,C03558,R0133,4,Amazing food and excellent quality.,Positive,2026-03-06 00:00:00,amazing food excellent quality,0.8176,Positive,Positive,True,True
REV023707,O038834,C04399,R0120,5,I received the wrong item.,Negative,2026-04-23 14:00:00,received wrong item,-0.4767,Negative,Negative,True,True
REV014695,O025739,C01252,R0038,5,The food was fresh and flavorful.,Positive,2026-03-01 12:00:00,food fresh flavorful,0.3182,Positive,Positive,True,True
REV009127,O012080,C01275,R0091,4,Amazing food and excellent quality.,Positive,2026-04-20 11:00:00,amazing food excellent quality,0.8176,Positive,Positive,True,True
REV029890,O025595,C01041,R0197,3,Excellent experience from start to finish.,Positive,2026-05-28 22:00:00,excellent experience start finish,0.5719,Positive,Positive,True,True
REV015494,O005481,C01204,R0064,5,Everything was perfect and well packed.,Positive,2026-01-18 13:00:00,everything perfect well packed,0.7003,Positive,Positive,True,True
REV019040,O049330,C01877,R0272,4,I received the wrong item.,Negative,2026-01-23 02:00:00,received wrong item,-0.4767,Negative,Negative,True,True
REV015049,O045769,C04030,R0079,2,The delivery was very late.,Negative,2026-05-22 02:00:00,delivery late,0.0,Neutral,Negative,True,False
REV026658,O018012,C02717,R0030,4,Everything was perfect and well packed.,Positive,2026-06-26 13:00:00,everything perfect well packed,0.7003,Positive,Positive,True,True
REV004759,O019600,C02374,R0119,5,The food was delicious and fresh.,Positive,2026-03-10 06:00:00,food delicious fresh,0.7184,Positive,Positive,True,True
REV020257,O045865,C01101,R0281,3,It was an ordinary experience.,Neutral,2026-06-07 15:00:00,ordinary experience,0.0,Neutral,Neutral,True,True
REV028912,O019178,C04336,R0258,4,Amazing food and excellent quality.,Positive,2026-01-24 16:00:00,amazing food excellent quality,0.8176,Positive,Positive,True,True
REV007646,O033612,C01125,R0211,4,The food was delicious and fresh.,Positive,2026-03-13 19:00:00,food delicious fresh,0.7184,Positive,Positive,True,True
REV003210,O016898,C04566,R0066,5,Amazing food and excellent quality.,Positive,2026-05-06 07:00:00,amazing food excellent quality,0.8176,Positive,Positive,True,True
REV013797,O033027,C02006,R0061,5,Great quality and very good service.,Positive,2026-03-01 03:00:00,great quality good service,0.807,Positive,Positive,True,True
REV008593,O035735,C01804,R0039,5,The food was delicious and fresh.,Positive,2026-06-06 12:00:00,food delicious fresh,0.7184,Positive,Positive,True,True
REV001349,O044079,C00971,R0066,4,Great quality and very good service.,Positive,2026-04-06 20:00:00,great quality good service,0.807,Positive,Positive,True,True
REV003045,O024387,C03768,R0206,5,Delivery was fast and the food arrived hot.,Positive,2026-02-22 03:00:00,delivery fast food arrived hot,0.0,Neutral,Positive,True,False
REV004473,O001616,C02416,R0279,4,The food was fresh and flavorful.,Positive,2026-02-15 14:00:00,food fresh flavorful,0.3182,Positive,Positive,True,True
REV001358,O010467,C02190,R0191,5,The order arrived quickly and everything was hot.,Positive,2026-02-02 05:00:00,order arrived quickly everything hot,0.0,Neutral,Positive,True,False
REV016983,O010114,C01447,R0012,4,The order arrived quickly and everything was hot.,Positive,2026-05-04 15:00:00,order arrived quickly everything hot,0.0,Neutral,Positive,True,False
REV003904,O008906,C00538,R0183,3,The experience was fine.,Neutral,2026-05-29 17:00:00,experience fine,0.2023,Positive,Neutral,True,False
REV007281,O033884,C01677,R0030,4,Amazing food and excellent quality.,Positive,2026-06-16 01:00:00,amazing food excellent quality,0.8176,Positive,Positive,True,True
REV017432,O030242,C02090,R0065,3,The order was okay overall.,Neutral,2026-04-01 15:00:00,order okay overall,0.2263,Positive,Neutral,True,False
REV018302,O026133,C02510,R0247,2,The packaging was damaged.,Negative,2026-04-12 21:00:00,packaging damaged,-0.4404,Negative,Negative,True,True
REV009836,O024939,C00243,R0198,3,Nothing special about the order.,Neutral,2026-05-11 09:00:00,nothing special order,-0.3089,Negative,Neutral,True,False
REV012272,O036410,C00078,R0050,3,Delivery was fast and the food arrived hot.,Positive,2026-01-08 18:00:00,delivery fast food arrived hot,0.0,Neutral,Positive,True,False
REV007434,O035701,C03223,R0009,4,Excellent experience from start to finish.,Positive,2026-01-23 06:00:00,excellent experience start finish,0.5719,Positive,Positive,True,True
REV026006,O030899,C04217,R0042,1,The delivery was very late.,Negative,2026-01-02 00:00:00,delivery late,0.0,Neutral,Negative,True,False
REV019794,O037208,C00542,R0201,4,The order arrived quickly and everything was hot.,Positive,2026-02-21 00:00:00,order arrived quickly everything hot,0.0,Neutral,Positive,True,False
REV008617,O005376,C01809,R0038,4,The food was delicious and fresh.,Positive,2026-04-24 02:00:00,food delicious fresh,0.7184,Positive,Positive,True,True
REV015840,O001501,C02902,R0250,4,Really tasty food with generous portions.,Positive,2026-01-05 11:00:00,really tasty food generous portion,0.5106,Positive,Positive,True,True
REV006865,O018239,C01936,R0013,5,Everything was perfect and well packed.,Positive,2026-02-16 15:00:00,everything perfect well packed,0.7003,Positive,Positive,True,True
REV000237,O040321,C03546,R0140,4,The food was delicious and fresh.,Positive,2026-03-02 06:00:00,food delicious fresh,0.7184,Positive,Positive,True,True
REV009229,O018750,C02012,R0277,5,Excellent experience from start to finish.,Positive,2026-05-03 06:00:00,excellent experience start finish,0.5719,Positive,Positive,True,True
REV003502,O038518,C01862,R0240,4,Delivery was fast and the food arrived hot.,Positive,2026-03-31 05:00:00,delivery fast food arrived hot,0.0,Neutral,Positive,True,False
REV004603,O005500,C02121,R0247,5,The food was delicious and fresh.,Positive,2026-05-12 06:00:00,food delicious fresh,0.7184,Positive,Positive,True,True
REV007240,O010409,C03458,R0154,4,Great quality and very good service.,Positive,2026-02-07 08:00:00,great quality good service,0.807,Positive,Positive,True,True
REV000361,O020155,C01780,R0159,3,The order was okay overall.,Neutral,2026-03-25 17:00:00,order okay overall,0.2263,Positive,Neutral,True,False
REV002485,O041398,C02132,R0214,4,The order arrived quickly and everything was hot.,Positive,2026-02-28 10:00:00,order arrived quickly everything hot,0.0,Neutral,Positive,True,False
REV003893,O017794,C01885,R0076,3,The food was decent.,Neutral,2026-06-29 20:00:00,food decent,0.0,Neutral,Neutral,True,True
REV029129,O037600,C04945,R0004,3,The food was delicious and fresh.,Positive,2026-05-21 07:00:00,food delicious fresh,0.7184,Positive,Positive,True,True
REV003371,O027477,C04619,R0227,5,Delivery was fast and the food arrived hot.,Positive,2026-03-17 07:00:00,delivery fast food arrived hot,0.0,Neutral,Positive,True,False
REV018303,O011225,C02058,R0290,5,Excellent experience from start to finish.,Positive,2026-05-26 00:00:00,excellent experience start finish,0.5719,Positive,Positive,True,True
REV016580,O049056,C02960,R0020,4,The order arrived quickly and everything was hot.,Positive,2026-04-21 06:00:00,order arrived quickly everything hot,0.0,Neutral,Positive,True,False
REV020300,O027535,C01575,R0056,4,Fast delivery and great packaging.,Positive,2026-04-26 05:00:00,fast delivery great packaging,0.6249,Positive,Positive,True,True
REV021292,O039516,C03294,R0134,4,Really tasty food with generous portions.,Positive,2026-01-12 06:00:00,really tasty food generous portion,0.5106,Positive,Positive,True,True
REV013719,O041470,C01394,R0278,5,Great quality and very good service.,Positive,2026-01-26 12:00:00,great quality good service,0.807,Positive,Positive,True,True
REV001978,O037156,C00466,R0148,5,Delivery was fast and the food arrived hot.,Positive,2026-05-15 13:00:00,delivery fast food arrived hot,0.0,Neutral,Positive,True,False
REV029920,O027102,C01945,R0148,4,Everything was perfect and well packed.,Positive,2026-06-02 20:00:00,everything perfect well packed,0.7003,Positive,Positive,True,True
REV009723,O020479,C01616,R0193,3,The packaging was damaged.,Negative,2026-04-15 08:00:00,packaging damaged,-0.4404,Negative,Negative,True,True
REV006068,O012976,C00513,R0131,5,Delivery was fast and the food arrived hot.,Positive,2026-02-09 19:00:00,delivery fast food arrived hot,0.0,Neutral,Positive,True,False
REV005310,O034614,C03341,R0034,5,The order arrived quickly and everything was hot.,Positive,2026-02-15 00:00:00,order arrived quickly everything hot,0.0,Neutral,Positive,True,False
REV012339,O022730,C00230,R0117,5,The food was fresh and flavorful.,Positive,2026-02-07 08:00:00,food fresh flavorful,0.3182,Positive,Positive,True,True
REV021196,O025790,C02120,R0149,5,I received the wrong item.,Negative,2026-06-19 00:00:00,received wrong item,-0.4767,Negative,Negative,True,True
REV013739,O015741,C02046,R0286,3,The food was decent.,Neutral,2026-03-10 04:00:00,food decent,0.0,Neutral,Neutral,True,True
REV001147,O040356,C04445,R0189,4,Delivery was fast and the food arrived hot.,Positive,2026-03-30 16:00:00,delivery fast food arrived hot,0.0,Neutral,Positive,True,False
REV003282,O036121,C00298,R0270,5,The food was fresh and flavorful.,Positive,2026-03-01 13:00:00,food fresh flavorful,0.3182,Positive,Positive,True,True
REV017870,O017892,C02036,R0145,4,Delivery was fast and the food arrived hot.,Positive,2026-06-30 03:00:00,delivery fast food arrived hot,0.0,Neutral,Positive,True,False
REV027980,O038227,C03006,R0038,4,Great quality and very good service.,Positive,2026-03-01 12:00:00,great quality good service,0.807,Positive,Positive,True,True
REV001230,O009427,C03425,R0285,4,Fast delivery and great packaging.,Positive,2026-05-12 12:00:00,fast delivery great packaging,0.6249,Positive,Positive,True,True
REV014522,O022636,C00195,R0004,4,Excellent experience from start to finish.,Positive,2026-05-16 16:00:00,excellent experience start finish,0.5719,Positive,Positive,True,True
REV006377,O001081,C01898,R0270,4,The order arrived quickly and everything was hot.,Positive,2026-03-21 07:00:00,order arrived quickly everything hot,0.0,Neutral,Positive,True,False
REV013748,O012786,C04886,R0156,3,Average experience.,Neutral,2026-04-25 09:00:00,average experience,0.0,Neutral,Neutral,True,True
REV007153,O026223,C03113,R0234,5,The food was cold and the delivery was late.,Negative,2026-04-01 16:00:00,food cold delivery late,0.0,Neutral,Negative,True,False
REV005964,O021395,C03405,R0142,4,The food was delicious and fresh.,Positive,2026-02-01 10:00:00,food delicious fresh,0.7184,Positive,Positive,True,True
REV027225,O020715,C04510,R0177,2,The food arrived cold.,Negative,2026-06-19 21:00:00,food arrived cold,0.0,Neutral,Negative,True,False
REV020809,O015964,C02235,R0031,3,Average experience.,Neutral,2026-03-20 16:00:00,average experience,0.0,Neutral,Neutral,True,True
REV003447,O035656,C01496,R0279,4,Delivery was fast and the food arrived hot.,Positive,2026-02-21 20:00:00,delivery fast food arrived hot,0.0,Neutral,Positive,True,False
REV006354,O019004,C02250,R0166,4,Really tasty food with generous portions.,Positive,2026-06-29 12:00:00,really tasty food generous portion,0.5106,Positive,Positive,True,True
REV024238,O028096,C01719,R0115,3,Nothing special about the order.,Neutral,2026-04-16 16:00:00,nothing special order,-0.3089,Negative,Neutral,True,False
REV020554,O031303,C04290,R0207,4,Fast delivery and great packaging.,Positive,2026-05-24 04:00:00,fast delivery great packaging,0.6249,Positive,Positive,True,True
REV002163,O024575,C03371,R0097,4,Delivery was fast and the food arrived hot.,Positive,2026-03-03 20:00:00,delivery fast food arrived hot,0.0,Neutral,Positive,True,False
REV013479,O005989,C04912,R0052,4,Excellent experience from start to finish.,Positive,2026-04-22 01:00:00,excellent experience start finish,0.5719,Positive,Positive,True,True
REV002776,O010434,C00832,R0074,4,Excellent experience from start to finish.,Positive,2026-01-25 07:00:00,excellent experience start finish,0.5719,Positive,Positive,True,True
REV005692,O041902,C04725,R0239,3,Average experience.,Neutral,2026-02-20 11:00:00,average experience,0.0,Neutral,Neutral,True,True
REV002583,O025147,C04095,R0194,3,The food was decent.,Neutral,2026-02-26 09:00:00,food decent,0.0,Neutral,Neutral,True,True
REV029889,O006443,C01401,R0218,3,Amazing food and excellent quality.,Positive,2026-03-08 03:00:00,amazing food excellent quality,0.8176,Positive,Positive,True,True
REV008831,O018903,C04070,R0097,5,The order arrived quickly and everything was hot.,Positive,2026-05-28 19:00:00,order arrived quickly everything hot,0.0,Neutral,Positive,True,False
REV002903,O026843,C03819,R0193,2,The order was delayed for a long time.,Negative,2026-01-24 16:00:00,order delayed long time,-0.2263,Negative,Negative,True,True
REV024483,O005581,C04251,R0106,5,The food was delicious and fresh.,Positive,2026-06-16 13:00:00,food delicious fresh,0.7184,Positive,Positive,True,True
REV015328,O005382,C01611,R0031,2,Very poor experience with the delivery.,Negative,2026-05-11 09:00:00,poor experience delivery,-0.5256,Negative,Negative,True,True
REV013010,O047094,C00136,R0199,4,Really tasty food with generous portions.,Positive,2026-04-29 08:00:00,really tasty food generous portion,0.5106,Positive,Positive,True,True
REV002079,O023808,C00692,R0155,5,Excellent experience from start to finish.,Positive,2026-05-29 09:00:00,excellent experience start finish,0.5719,Positive,Positive,True,True
REV004617,O018491,C02962,R0143,5,The order arrived quickly and everything was hot.,Positive,2026-02-06 02:00:00,order arrived quickly everything hot,0.0,Neutral,Positive,True,False
REV006547,O048457,C04126,R0290,4,The delivery was very late.,Negative,2026-04-05 15:00:00,delivery late,0.0,Neutral,Negative,True,False
REV025498,O044502,C04615,R0155,4,Really tasty food with generous portions.,Positive,2026-06-13 02:00:00,really tasty food generous portion,0.5106,Positive,Positive,True,True
REV008476,O017375,C00616,R0003,5,The food was fresh and flavorful.,Positive,2026-02-03 18:00:00,food fresh flavorful,0.3182,Positive,Positive,True,True
REV008353,O021546,C00389,R0283,4,Amazing food and excellent quality.,Positive,2026-06-11 21:00:00,amazing food excellent quality,0.8176,Positive,Positive,True,True
REV005878,O008029,C01276,R0225,3,Everything was perfect and well packed.,Positive,2026-04-13 20:00:00,everything perfect well packed,0.7003,Positive,Positive,True,True
REV021703,O044061,C02645,R0020,5,Fast delivery and great packaging.,Positive,2026-02-27 21:00:00,fast delivery great packaging,0.6249,Positive,Positive,True,True
REV023960,O045206,C00668,R0126,2,The food arrived cold.,Negative,2026-05-17 06:00:00,food arrived cold,0.0,Neutral,Negative,True,False
REV009992,O031667,C04087,R0015,4,The food was delicious and fresh.,Positive,2026-06-10 06:00:00,food delicious fresh,0.7184,Positive,Positive,True,True
REV017094,O038091,C00916,R0259,5,Everything was perfect and well packed.,Positive,2026-02-22 21:00:00,everything perfect well packed,0.7003,Positive,Positive,True,True
REV000636,O049763,C02830,R0087,2,The food was bland and disappointing.,Negative,2026-03-08 09:00:00,food bland disappointing,-0.4939,Negative,Negative,True,True
REV001295,O046255,C04750,R0277,3,The order was okay overall.,Neutral,2026-04-07 06:00:00,order okay overall,0.2263,Positive,Neutral,True,False
REV018543,O013004,C00904,R0137,3,The food was okay.,Neutral,2026-04-13 01:00:00,food okay,0.2263,Positive,Neutral,True,False
REV024614,O038535,C03312,R0134,4,Amazing food and excellent quality.,Positive,2026-05-19 14:00:00,amazing food excellent quality,0.8176,Positive,Positive,True,True
REV015227,O040011,C00357,R0258,5,Everything was perfect and well packed.,Positive,2026-04-11 12:00:00,everything perfect well packed,0.7003,Positive,Positive,True,True
REV005827,O019238,C03207,R0094,5,Delivery was fast and the food arrived hot.,Positive,2026-03-26 11:00:00,delivery fast food arrived hot,0.0,Neutral,Positive,True,False
REV003873,O007177,C03801,R0263,4,Delivery was fast and the food arrived hot.,Positive,2026-01-28 08:00:00,delivery fast food arrived hot,0.0,Neutral,Positive,True,False
REV019729,O028427,C01812,R0181,4,The food was delicious and fresh.,Positive,2026-02-08 10:00:00,food delicious fresh,0.7184,Positive,Positive,True,True
REV018094,O011486,C04097,R0107,3,Amazing food and excellent quality.,Positive,2026-06-16 19:00:00,amazing food excellent quality,0.8176,Positive,Positive,True,True
REV024234,O034732,C02056,R0168,5,Delivery was fast and the food arrived hot.,Positive,2026-02-04 16:00:00,delivery fast food arrived hot,0.0,Neutral,Positive,True,False
REV018559,O038819,C01498,R0040,5,The food was fresh and flavorful.,Positive,2026-02-08 05:00:00,food fresh flavorful,0.3182,Positive,Positive,True,True
REV027674,O010379,C02572,R0231,4,The food arrived cold.,Negative,2026-04-16 09:00:00,food arrived cold,0.0,Neutral,Negative,True,False
REV016147,O046576,C01472,R0237,5,Everything was perfect and well packed.,Positive,2026-05-22 19:00:00,everything perfect well packed,0.7003,Positive,Positive,True,True
REV007405,O003241,C01625,R0050,4,Excellent experience from start to finish.,Positive,2026-02-25 19:00:00,excellent experience start finish,0.5719,Positive,Positive,True,True
REV000359,O004899,C02097,R0118,4,The order arrived quickly and everything was hot.,Positive,2026-04-23 09:00:00,order arrived quickly everything hot,0.0,Neutral,Positive,True,False
REV028244,O026289,C01733,R0272,1,The delivery was very late.,Negative,2026-06-05 05:00:00,delivery late,0.0,Neutral,Negative,True,False
REV001549,O015705,C03906,R0067,1,The food was bland and disappointing.,Negative,2026-03-23 22:00:00,food bland disappointing,-0.4939,Negative,Negative,True,True
REV026705,O024566,C04010,R0046,4,Great quality and very good service.,Positive,2026-03-05 13:00:00,great quality good service,0.807,Positive,Positive,True,True
REV013705,O013892,C01239,R0220,3,The order was okay overall.,Neutral,2026-02-11 19:00:00,order okay overall,0.2263,Positive,Neutral,True,False
REV018285,O018293,C00575,R0247,4,Amazing food and excellent quality.,Positive,2026-05-16 13:00:00,amazing food excellent quality,0.8176,Positive,Positive,True,True
REV001477,O036350,C01824,R0286,4,Fast delivery and great packaging.,Positive,2026-01-12 18:00:00,fast delivery great packaging,0.6249,Positive,Positive,True,True
REV013945,O036680,C01531,R0061,1,The food was bland and disappointing.,Negative,2026-04-22 13:00:00,food bland disappointing,-0.4939,Negative,Negative,True,True
REV014762,O003816,C03965,R0214,5,Everything was perfect and well packed.,Positive,2026-07-01 11:00:00,everything perfect well packed,0.7003,Positive,Positive,True,True
REV004070,O012418,C00148,R0261,4,The order arrived quickly and everything was hot.,Positive,2026-03-30 01:00:00,order arrived quickly everything hot,0.0,Neutral,Positive,True,False
REV010607,O038948,C04761,R0237,2,The food was cold and the delivery was late.,Negative,2026-05-29 12:00:00,food cold delivery late,0.0,Neutral,Negative,True,False
REV009782,O026851,C01057,R0027,5,Delivery was fast and the food arrived hot.,Positive,2026-04-15 10:00:00,delivery fast food arrived hot,0.0,Neutral,Positive,True,False
REV006239,O046101,C00917,R0134,5,Great quality and very good service.,Positive,2026-02-12 19:00:00,great quality good service,0.807,Positive,Positive,True,True
REV017264,O016633,C00722,R0190,5,The order took too long to arrive.,Negative,2026-01-27 13:00:00,order took long arrive,0.0,Neutral,Negative,True,False
REV006147,O030391,C03668,R0224,3,The order was okay overall.,Neutral,2026-05-07 17:00:00,order okay overall,0.2263,Positive,Neutral,True,False
REV022891,O027946,C01735,R0067,3,Really tasty food with generous portions.,Positive,2026-01-14 14:00:00,really tasty food generous portion,0.5106,Positive,Positive,True,True
REV004803,O007075,C02321,R0090,4,Great quality and very good service.,Positive,2026-06-01 23:00:00,great quality good service,0.807,Positive,Positive,True,True
REV015219,O024165,C02116,R0132,5,Amazing food and excellent quality.,Positive,2026-05-28 09:00:00,amazing food excellent quality,0.8176,Positive,Positive,True,True
REV029775,O047623,C01399,R0087,4,The order arrived quickly and everything was hot.,Positive,2026-06-09 04:00:00,order arrived quickly everything hot,0.0,Neutral,Positive,True,False
REV009821,O045536,C04495,R0264,5,Excellent experience from start to finish.,Positive,2026-01-18 22:00:00,excellent experience start finish,0.5719,Positive,Positive,True,True
REV024825,O009517,C03907,R0219,5,Excellent experience from start to finish.,Positive,2026-04-17 09:00:00,excellent experience start finish,0.5719,Positive,Positive,True,True
REV014589,O036910,C04939,R0166,5,Excellent experience from start to finish.,Positive,2026-01-24 23:00:00,excellent experience start finish,0.5719,Positive,Positive,True,True
REV027436,O044690,C04503,R0166,5,Excellent experience from start to finish.,Positive,2026-03-15 23:00:00,excellent experience start finish,0.5719,Positive,Positive,True,True
REV012605,O010009,C02749,R0125,4,Really tasty food with generous portions.,Positive,2026-06-24 16:00:00,really tasty food generous portion,0.5106,Positive,Positive,True,True
REV014900,O024685,C03219,R0222,2,The food arrived cold.,Negative,2026-01-06 01:00:00,food arrived cold,0.0,Neutral,Negative,True,False
REV005065,O007895,C02096,R0182,5,The order arrived quickly and everything was hot.,Positive,2026-01-31 03:00:00,order arrived quickly everything hot,0.0,Neutral,Positive,True,False
REV004286,O020181,C03221,R0123,4,Excellent experience from start to finish.,Positive,2026-06-23 04:00:00,excellent experience start finish,0.5719,Positive,Positive,True,True
REV016900,O049577,C01434,R0125,4,The food was delicious and fresh.,Positive,2026-03-02 00:00:00,food delicious fresh,0.7184,Positive,Positive,True,True
REV016385,O038520,C02229,R0032,5,Amazing food and excellent quality.,Positive,2026-03-20 02:00:00,amazing food excellent quality,0.8176,Positive,Positive,True,True
REV017235,O002496,C01361,R0040,5,Fast delivery and great packaging.,Positive,2026-03-21 13:00:00,fast delivery great packaging,0.6249,Positive,Positive,True,True
REV022007,O010585,C04706,R0270,4,Fast delivery and great packaging.,Positive,2026-01-31 10:00:00,fast delivery great packaging,0.6249,Positive,Positive,True,True
REV012491,O005136,C00227,R0238,5,Amazing food and excellent quality.,Positive,2026-04-17 03:00:00,amazing food excellent quality,0.8176,Positive,Positive,True,True
REV003782,O001626,C02246,R0193,4,The food was fresh and flavorful.,Positive,2026-05-16 06:00:00,food fresh flavorful,0.3182,Positive,Positive,True,True
REV016599,O031524,C02646,R0021,5,The order arrived quickly and everything was hot.,Positive,2026-05-01 07:00:00,order arrived quickly everything hot,0.0,Neutral,Positive,True,False
REV020569,O033202,C02197,R0034,5,Amazing food and excellent quality.,Positive,2026-02-08 05:00:00,amazing food excellent quality,0.8176,Positive,Positive,True,True
REV010292,O042686,C04859,R0243,3,Average experience.,Neutral,2026-03-23 19:00:00,average experience,0.0,Neutral,Neutral,True,True
REV007502,O043129,C02736,R0124,4,Excellent experience from start to finish.,Positive,2026-05-30 10:00:00,excellent experience start finish,0.5719,Positive,Positive,True,True
REV026468,O038609,C04030,R0268,5,I received the wrong item.,Negative,2026-06-24 11:00:00,received wrong item,-0.4767,Negative,Negative,True,True
REV017715,O049012,C00412,R0048,3,Average experience.,Neutral,2026-01-21 18:00:00,average experience,0.0,Neutral,Neutral,True,True
REV012161,O047958,C03779,R0001,5,Excellent experience from start to finish.,Positive,2026-02-13 11:00:00,excellent experience start finish,0.5719,Positive,Positive,True,True
REV012549,O042456,C02792,R0025,5,The order arrived quickly and everything was hot.,Positive,2026-01-24 05:00:00,order arrived quickly everything hot,0.0,Neutral,Positive,True,False
REV024698,O012212,C00621,R0063,4,The food was delicious and fresh.,Positive,2026-05-18 01:00:00,food delicious fresh,0.7184,Positive,Positive,True,True
REV026547,O023995,C04368,R0070,3,The order was delayed for a long time.,Negative,2026-03-21 16:00:00,order delayed long time,-0.2263,Negative,Negative,True,True
REV006056,O027934,C02954,R0254,5,Really tasty food with generous portions.,Positive,2026-06-04 21:00:00,really tasty food generous portion,0.5106,Positive,Positive,True,True
REV014310,O018413,C04633,R0213,4,Everything was perfect and well packed.,Positive,2026-05-26 09:00:00,everything perfect well packed,0.7003,Positive,Positive,True,True
REV020018,O040894,C01022,R0057,5,Amazing food and excellent quality.,Positive,2026-05-17 00:00:00,amazing food excellent quality,0.8176,Positive,Positive,True,True
REV024526,O024261,C03684,R0039,5,Amazing food and excellent quality.,Positive,2026-03-02 09:00:00,amazing food excellent quality,0.8176,Positive,Positive,True,True
REV019083,O005544,C04342,R0158,5,Delivery was fast and the food arrived hot.,Positive,2026-06-21 19:00:00,delivery fast food arrived hot,0.0,Neutral,Positive,True,False
REV004614,O038219,C01122,R0212,5,Amazing food and excellent quality.,Positive,2026-05-12 08:00:00,amazing food excellent quality,0.8176,Positive,Positive,True,True
REV011648,O029931,C04409,R0086,5,The order arrived quickly and everything was hot.,Positive,2026-05-26 11:00:00,order arrived quickly everything hot,0.0,Neutral,Positive,True,False
REV016384,O040426,C03109,R0012,4,Everything was perfect and well packed.,Positive,2026-01-19 02:00:00,everything perfect well packed,0.7003,Positive,Positive,True,True
REV010136,O035878,C01024,R0119,3,Overall it was satisfactory.,Neutral,2026-01-05 02:00:00,overall satisfactory,0.3612,Positive,Neutral,True,False
REV011286,O030445,C00663,R0189,5,The order arrived quickly and everything was hot.,Positive,2026-06-20 05:00:00,order arrived quickly everything hot,0.0,Neutral,Positive,True,False
REV015843,O047085,C03210,R0016,4,Delivery was fast and the food arrived hot.,Positive,2026-07-02 02:00:00,delivery fast food arrived hot,0.0,Neutral,Positive,True,False
REV021761,O016453,C01534,R0277,1,My order was missing an item.,Negative,2026-02-20 12:00:00,order missing item,-0.296,Negative,Negative,True,True
REV006774,O004054,C03084,R0065,3,Overall it was satisfactory.,Neutral,2026-04-06 13:00:00,overall satisfactory,0.3612,Positive,Neutral,True,False
REV022306,O027919,C04567,R0229,4,Fast delivery and great packaging.,Positive,2026-04-13 15:00:00,fast delivery great packaging,0.6249,Positive,Positive,True,True
REV009967,O040106,C03125,R0133,5,The order arrived quickly and everything was hot.,Positive,2026-06-23 12:00:00,order arrived quickly everything hot,0.0,Neutral,Positive,True,False
REV019832,O039170,C04927,R0160,5,The food was delicious and fresh.,Positive,2026-04-01 03:00:00,food delicious fresh,0.7184,Positive,Positive,True,True
REV028052,O039223,C03382,R0063,2,The delivery was very late.,Negative,2026-01-03 18:00:00,delivery late,0.0,Neutral,Negative,True,False
REV015330,O043008,C01321,R0219,5,Fast delivery and great packaging.,Positive,2026-07-01 03:00:00,fast delivery great packaging,0.6249,Positive,Positive,True,True
REV022842,O012069,C04942,R0037,4,Fast delivery and great packaging.,Positive,2026-04-13 07:00:00,fast delivery great packaging,0.6249,Positive,Positive,True,True
REV014597,O000429,C00339,R0096,3,The food was acceptable.,Neutral,2026-03-22 14:00:00,food acceptable,0.3182,Positive,Neutral,True,False
REV003710,O014157,C04141,R0102,4,The food was cold and the delivery was late.,Negative,2026-03-30 15:00:00,food cold delivery late,0.0,Neutral,Negative,True,False
REV014217,O006658,C02499,R0010,2,The order took too long to arrive.,Negative,2026-02-16 19:00:00,order took long arrive,0.0,Neutral,Negative,True,False
REV019086,O013877,C04162,R0125,4,Really tasty food with generous portions.,Positive,2026-01-14 23:00:00,really tasty food generous portion,0.5106,Positive,Positive,True,True
REV015482,O041308,C04616,R0226,4,Great quality and very good service.,Positive,2026-03-17 23:00:00,great quality good service,0.807,Positive,Positive,True,True
REV014224,O035863,C00483,R0115,3,Amazing food and excellent quality.,Positive,2026-05-08 06:00:00,amazing food excellent quality,0.8176,Positive,Positive,True,True
REV001247,O038264,C00002,R0156,5,Amazing food and excellent quality.,Positive,2026-04-12 16:00:00,amazing food excellent quality,0.8176,Positive,Positive,True,True
REV012780,O033407,C01211,R0236,4,Fast delivery and great packaging.,Positive,2026-05-30 09:00:00,fast delivery great packaging,0.6249,Positive,Positive,True,True
REV012755,O005613,C01969,R0017,3,Average experience.,Neutral,2026-04-07 18:00:00,average experience,0.0,Neutral,Neutral,True,True
REV020802,O038732,C00519,R0275,5,The food was delicious and fresh.,Positive,2026-02-12 23:00:00,food delicious fresh,0.7184,Positive,Positive,True,True
REV019851,O031385,C03779,R0218,5,The food was fresh and flavorful.,Positive,2026-01-25 23:00:00,food fresh flavorful,0.3182,Positive,Positive,True,True
REV006500,O024809,C02863,R0141,3,Delivery was fast and the food arrived hot.,Positive,2026-04-09 07:00:00,delivery fast food arrived hot,0.0,Neutral,Positive,True,False
REV018716,O007664,C04622,R0068,5,Amazing food and excellent quality.,Positive,2026-02-21 16:00:00,amazing food excellent quality,0.8176,Positive,Positive,True,True
REV011552,O045093,C03900,R0101,4,Great quality and very good service.,Positive,2026-04-21 09:00:00,great quality good service,0.807,Positive,Positive,True,True
REV027873,O040569,C03568,R0175,4,Amazing food and excellent quality.,Positive,2026-02-24 12:00:00,amazing food excellent quality,0.8176,Positive,Positive,True,True
REV015581,O033150,C04778,R0106,5,Really tasty food with generous portions.,Positive,2026-06-29 00:00:00,really tasty food generous portion,0.5106,Positive,Positive,True,True
REV004583,O005722,C04107,R0182,4,Great quality and very good service.,Positive,2026-03-10 01:00:00,great quality good service,0.807,Positive,Positive,True,True
REV022220,O037193,C04236,R0155,1,The packaging was damaged.,Negative,2026-05-04 22:00:00,packaging damaged,-0.4404,Negative,Negative,True,True
REV007584,O024962,C02678,R0082,5,Really tasty food with generous portions.,Positive,2026-05-11 13:00:00,really tasty food generous portion,0.5106,Positive,Positive,True,True
REV025912,O012972,C02634,R0142,5,Fast delivery and great packaging.,Positive,2026-02-16 13:00:00,fast delivery great packaging,0.6249,Positive,Positive,True,True
REV025064,O027659,C01075,R0298,5,Really tasty food with generous portions.,Positive,2026-04-08 11:00:00,really tasty food generous portion,0.5106,Positive,Positive,True,True
REV007255,O002312,C00606,R0228,5,Excellent experience from start to finish.,Positive,2026-06-03 16:00:00,excellent experience start finish,0.5719,Positive,Positive,True,True
REV017622,O005036,C03422,R0116,4,Excellent experience from start to finish.,Positive,2026-03-09 06:00:00,excellent experience start finish,0.5719,Positive,Positive,True,True
REV025155,O012140,C01872,R0035,1,The order took too long to arrive.,Negative,2026-05-02 21:00:00,order took long arrive,0.0,Neutral,Negative,True,False
REV004427,O024126,C03370,R0290,3,Really tasty food with generous portions.,Positive,2026-02-03 08:00:00,really tasty food generous portion,0.5106,Positive,Positive,True,True
REV008240,O047384,C03364,R0115,5,Amazing food and excellent quality.,Positive,2026-01-04 08:00:00,amazing food excellent quality,0.8176,Positive,Positive,True,True
REV012949,O010603,C01543,R0205,5,Fast delivery and great packaging.,Positive,2026-03-23 12:00:00,fast delivery great packaging,0.6249,Positive,Positive,True,True
REV013208,O024516,C04733,R0253,2,The food was bland and disappointing.,Negative,2026-06-08 04:00:00,food bland disappointing,-0.4939,Negative,Negative,True,True
REV026811,O043232,C04846,R0024,5,Great quality and very good service.,Positive,2026-02-16 05:00:00,great quality good service,0.807,Positive,Positive,True,True
REV027166,O049737,C01444,R0264,2,Very poor experience with the delivery.,Negative,2026-01-11 16:00:00,poor experience delivery,-0.5256,Negative,Negative,True,True
REV006861,O003385,C03783,R0025,4,The order arrived quickly and everything was hot.,Positive,2026-04-29 10:00:00,order arrived quickly everything hot,0.0,Neutral,Positive,True,False
REV023688,O040867,C04628,R0274,3,It was an ordinary experience.,Neutral,2026-03-11 01:00:00,ordinary experience,0.0,Neutral,Neutral,True,True
REV009743,O029505,C00775,R0224,5,Delivery was fast and the food arrived hot.,Positive,2026-01-17 15:00:00,delivery fast food arrived hot,0.0,Neutral,Positive,True,False
REV012618,O022507,C02187,R0091,3,The experience was fine.,Neutral,2026-03-06 19:00:00,experience fine,0.2023,Positive,Neutral,True,False
REV021122,O048122,C00423,R0120,5,Amazing food and excellent quality.,Positive,2026-05-23 18:00:00,amazing food excellent quality,0.8176,Positive,Positive,True,True
REV017329,O045351,C01590,R0051,2,The packaging was damaged.,Negative,2026-02-02 14:00:00,packaging damaged,-0.4404,Negative,Negative,True,True
REV029487,O019832,C03434,R0116,4,Delivery was fast and the food arrived hot.,Positive,2026-03-09 11:00:00,delivery fast food arrived hot,0.0,Neutral,Positive,True,False
REV015785,O044356,C01440,R0134,4,Great quality and very good service.,Positive,2026-02-07 05:00:00,great quality good service,0.807,Positive,Positive,True,True
REV012404,O044492,C02897,R0104,1,The food was bland and disappointing.,Negative,2026-05-16 11:00:00,food bland disappointing,-0.4939,Negative,Negative,True,True
REV016882,O012964,C00060,R0093,1,The delivery was very late.,Negative,2026-05-20 17:00:00,delivery late,0.0,Neutral,Negative,True,False
REV009208,O005227,C00712,R0183,4,The food was delicious and fresh.,Positive,2026-06-12 10:00:00,food delicious fresh,0.7184,Positive,Positive,True,True
REV026080,O017837,C04278,R0197,4,The food arrived cold.,Negative,2026-04-08 04:00:00,food arrived cold,0.0,Neutral,Negative,True,False
REV012675,O013301,C02251,R0208,5,The packaging was damaged.,Negative,2026-02-10 07:00:00,packaging damaged,-0.4404,Negative,Negative,True,True
REV014322,O005513,C04943,R0191,2,My order was missing an item.,Negative,2026-06-02 00:00:00,order missing item,-0.296,Negative,Negative,True,True
REV006674,O046570,C04919,R0103,4,Delivery was fast and the food arrived hot.,Positive,2026-04-13 18:00:00,delivery fast food arrived hot,0.0,Neutral,Positive,True,False
REV025012,O002572,C01277,R0240,2,The order took too long to arrive.,Negative,2026-03-08 10:00:00,order took long arrive,0.0,Neutral,Negative,True,False
REV001815,O044168,C00560,R0297,3,Food quality was average.,Neutral,2026-06-28 10:00:00,food quality average,0.0,Neutral,Neutral,True,True
REV012501,O012830,C00717,R0147,4,The order arrived quickly and everything was hot.,Positive,2026-03-05 00:00:00,order arrived quickly everything hot,0.0,Neutral,Positive,True,False
REV027174,O032114,C00772,R0178,4,Excellent experience from start to finish.,Positive,2026-02-04 08:00:00,excellent experience start finish,0.5719,Positive,Positive,True,True
REV010720,O002149,C02062,R0215,1,Very poor experience with the delivery.,Negative,2026-04-09 15:00:00,poor experience delivery,-0.5256,Negative,Negative,True,True
REV024891,O041516,C02603,R0129,5,Amazing food and excellent quality.,Positive,2026-02-22 00:00:00,amazing food excellent quality,0.8176,Positive,Positive,True,True
REV026699,O041145,C04405,R0230,2,The food was cold and the delivery was late.,Negative,2026-03-18 20:00:00,food cold delivery late,0.0,Neutral,Negative,True,False
REV003364,O002784,C00703,R0209,2,The delivery was very late.,Negative,2026-04-01 18:00:00,delivery late,0.0,Neutral,Negative,True,False
REV017758,O001254,C02977,R0137,5,Delivery was fast and the food arrived hot.,Positive,2026-06-01 05:00:00,delivery fast food arrived hot,0.0,Neutral,Positive,True,False
REV017894,O006538,C03999,R0043,3,Very poor experience with the delivery.,Negative,2026-05-19 13:00:00,poor experience delivery,-0.5256,Negative,Negative,True,True
REV022170,O023503,C00378,R0061,1,The order was delayed for a long time.,Negative,2026-01-13 11:00:00,order delayed long time,-0.2263,Negative,Negative,True,True
REV014955,O039988,C03650,R0291,4,The food was delicious and fresh.,Positive,2026-05-28 08:00:00,food delicious fresh,0.7184,Positive,Positive,True,True
REV027794,O011563,C02293,R0228,5,Everything was perfect and well packed.,Positive,2026-04-27 09:00:00,everything perfect well packed,0.7003,Positive,Positive,True,True
REV023699,O009028,C03640,R0241,5,Fast delivery and great packaging.,Positive,2026-02-16 17:00:00,fast delivery great packaging,0.6249,Positive,Positive,True,True
REV005027,O027038,C00484,R0204,4,The order arrived quickly and everything was hot.,Positive,2026-06-15 17:00:00,order arrived quickly everything hot,0.0,Neutral,Positive,True,False
REV010610,O019185,C01009,R0294,5,Everything was perfect and well packed.,Positive,2026-04-05 16:00:00,everything perfect well packed,0.7003,Positive,Positive,True,True
REV015025,O034950,C04456,R0104,5,Great quality and very good service.,Positive,2026-01-27 04:00:00,great quality good service,0.807,Positive,Positive,True,True
REV019540,O023713,C04742,R0267,4,The food was delicious and fresh.,Positive,2026-06-11 09:00:00,food delicious fresh,0.7184,Positive,Positive,True,True
REV020604,O037361,C02840,R0181,5,Delivery was fast and the food arrived hot.,Positive,2026-02-05 14:00:00,delivery fast food arrived hot,0.0,Neutral,Positive,True,False
REV000848,O030133,C03693,R0253,4,Fast delivery and great packaging.,Positive,2026-02-22 02:00:00,fast delivery great packaging,0.6249,Positive,Positive,True,True
REV001736,O002811,C04324,R0113,5,Great quality and very good service.,Positive,2026-06-17 15:00:00,great quality good service,0.807,Positive,Positive,True,True
REV027022,O003351,C04491,R0237,5,Great quality and very good service.,Positive,2026-03-09 18:00:00,great quality good service,0.807,Positive,Positive,True,True
REV006017,O014390,C01990,R0153,5,Excellent experience from start to finish.,Positive,2026-04-25 13:00:00,excellent experience start finish,0.5719,Positive,Positive,True,True
REV005357,O027316,C02412,R0185,3,Overall it was satisfactory.,Neutral,2026-05-24 06:00:00,overall satisfactory,0.3612,Positive,Neutral,True,False
REV020131,O048794,C03922,R0182,5,Amazing food and excellent quality.,Positive,2026-02-10 05:00:00,amazing food excellent quality,0.8176,Positive,Positive,True,True
REV011720,O018727,C01559,R0096,1,The food was bland and disappointing.,Negative,2026-02-15 07:00:00,food bland disappointing,-0.4939,Negative,Negative,True,True
REV014095,O048812,C01266,R0182,3,Food quality was average.,Neutral,2026-02-03 20:00:00,food quality average,0.0,Neutral,Neutral,True,True
REV002948,O031185,C00728,R0068,5,Really tasty food with generous portions.,Positive,2026-03-31 11:00:00,really tasty food generous portion,0.5106,Positive,Positive,True,True
REV025701,O032651,C03273,R0017,4,Amazing food and excellent quality.,Positive,2026-01-27 21:00:00,amazing food excellent quality,0.8176,Positive,Positive,True,True
REV025097,O030180,C03238,R0046,2,My order was missing an item.,Negative,2026-04-30 17:00:00,order missing item,-0.296,Negative,Negative,True,True
REV020777,O001779,C01853,R0252,4,Everything was perfect and well packed.,Positive,2026-05-26 21:00:00,everything perfect well packed,0.7003,Positive,Positive,True,True
REV017337,O026811,C00401,R0113,3,The delivery was very late.,Negative,2026-03-11 06:00:00,delivery late,0.0,Neutral,Negative,True,False
REV010553,O044770,C03902,R0197,3,The food was okay.,Neutral,2026-03-16 14:00:00,food okay,0.2263,Positive,Neutral,True,False
REV025535,O048106,C03767,R0201,3,The order was okay overall.,Neutral,2026-04-21 04:00:00,order okay overall,0.2263,Positive,Neutral,True,False
REV012770,O049901,C00516,R0137,3,The order was okay overall.,Neutral,2026-02-24 08:00:00,order okay overall,0.2263,Positive,Neutral,True,False
REV028027,O046940,C00178,R0130,4,Fast delivery and great packaging.,Positive,2026-06-19 09:00:00,fast delivery great packaging,0.6249,Positive,Positive,True,True
REV000103,O040446,C03768,R0165,5,Delivery was fast and the food arrived hot.,Positive,2026-04-28 00:00:00,delivery fast food arrived hot,0.0,Neutral,Positive,True,False
REV023784,O046264,C02818,R0116,1,The food was cold and the delivery was late.,Negative,2026-03-24 20:00:00,food cold delivery late,0.0,Neutral,Negative,True,False
REV016753,O021348,C02799,R0166,5,Delivery was fast and the food arrived hot.,Positive,2026-05-04 09:00:00,delivery fast food arrived hot,0.0,Neutral,Positive,True,False
REV005952,O004964,C02201,R0131,4,Amazing food and excellent quality.,Positive,2026-06-14 03:00:00,amazing food excellent quality,0.8176,Positive,Positive,True,True
REV006365,O019379,C04153,R0216,5,Excellent experience from start to finish.,Positive,2026-06-24 07:00:00,excellent experience start finish,0.5719,Positive,Positive,True,True
REV027888,O038690,C00686,R0032,4,Great quality and very good service.,Positive,2026-06-20 21:00:00,great quality good service,0.807,Positive,Positive,True,True
REV000554,O013992,C04272,R0079,4,The food was fresh and flavorful.,Positive,2026-03-13 04:00:00,food fresh flavorful,0.3182,Positive,Positive,True,True
REV029711,O043006,C00213,R0296,2,I received the wrong item.,Negative,2026-01-15 13:00:00,received wrong item,-0.4767,Negative,Negative,True,True
REV019983,O045057,C02887,R0001,5,Great quality and very good service.,Positive,2026-03-22 09:00:00,great quality good service,0.807,Positive,Positive,True,True
REV028452,O046359,C03730,R0287,4,The food was fresh and flavorful.,Positive,2026-05-25 17:00:00,food fresh flavorful,0.3182,Positive,Positive,True,True
REV028524,O031321,C04961,R0254,2,Very poor experience with the delivery.,Negative,2026-05-17 15:00:00,poor experience delivery,-0.5256,Negative,Negative,True,True
REV019785,O039273,C00911,R0064,1,The packaging was damaged.,Negative,2026-05-14 14:00:00,packaging damaged,-0.4404,Negative,Negative,True,True
REV017047,O035337,C04305,R0264,1,My order was missing an item.,Negative,2026-02-17 06:00:00,order missing item,-0.296,Negative,Negative,True,True
REV026460,O009953,C03914,R0236,2,I received the wrong item.,Negative,2026-04-27 14:00:00,received wrong item,-0.4767,Negative,Negative,True,True
REV010281,O032337,C04483,R0194,2,I received the wrong item.,Negative,2026-05-13 12:00:00,received wrong item,-0.4767,Negative,Negative,True,True
REV015674,O012995,C02832,R0060,3,Food quality was average.,Neutral,2026-01-04 23:00:00,food quality average,0.0,Neutral,Neutral,True,True
REV026810,O025015,C02890,R0043,1,I received the wrong item.,Negative,2026-06-25 01:00:00,received wrong item,-0.4767,Negative,Negative,True,True
REV007717,O014552,C03657,R0136,4,Fast delivery and great packaging.,Positive,2026-06-20 20:00:00,fast delivery great packaging,0.6249,Positive,Positive,True,True
REV006898,O004678,C04749,R0272,5,The food was fresh and flavorful.,Positive,2026-06-21 02:00:00,food fresh flavorful,0.3182,Positive,Positive,True,True
REV010336,O002059,C00028,R0144,5,The food was fresh and flavorful.,Positive,2026-07-01 13:00:00,food fresh flavorful,0.3182,Positive,Positive,True,True
REV024745,O016959,C02173,R0138,2,The food arrived cold.,Negative,2026-03-22 03:00:00,food arrived cold,0.0,Neutral,Negative,True,False
REV015627,O010117,C01718,R0239,5,Great quality and very good service.,Positive,2026-06-12 22:00:00,great quality good service,0.807,Positive,Positive,True,True
REV005467,O042065,C01487,R0111,4,The food was delicious and fresh.,Positive,2026-01-19 23:00:00,food delicious fresh,0.7184,Positive,Positive,True,True
REV006958,O020508,C01639,R0237,5,Everything was perfect and well packed.,Positive,2026-05-15 06:00:00,everything perfect well packed,0.7003,Positive,Positive,True,True
REV008636,O034027,C02772,R0230,4,The order arrived quickly and everything was hot.,Positive,2026-05-31 06:00:00,order arrived quickly everything hot,0.0,Neutral,Positive,True,False
REV020241,O046396,C00772,R0026,3,It was an ordinary experience.,Neutral,2026-04-25 01:00:00,ordinary experience,0.0,Neutral,Neutral,True,True
REV010296,O037070,C01585,R0095,5,Really tasty food with generous portions.,Positive,2026-07-02 05:00:00,really tasty food generous portion,0.5106,Positive,Positive,True,True
REV017344,O014718,C02193,R0084,4,Amazing food and excellent quality.,Positive,2026-05-18 00:00:00,amazing food excellent quality,0.8176,Positive,Positive,True,True
REV000733,O035621,C00382,R0151,5,Excellent experience from start to finish.,Positive,2026-01-18 21:00:00,excellent experience start finish,0.5719,Positive,Positive,True,True
REV026700,O002454,C03245,R0237,4,The order arrived quickly and everything was hot.,Positive,2026-02-21 13:00:00,order arrived quickly everything hot,0.0,Neutral,Positive,True,False
REV027509,O034513,C00874,R0019,5,The food was delicious and fresh.,Positive,2026-02-10 11:00:00,food delicious fresh,0.7184,Positive,Positive,True,True
REV010965,O033467,C03528,R0164,1,The order was delayed for a long time.,Negative,2026-05-24 16:00:00,order delayed long time,-0.2263,Negative,Negative,True,True
REV001644,O019369,C01378,R0107,3,Average experience.,Neutral,2026-04-15 05:00:00,average experience,0.0,Neutral,Neutral,True,True
REV028998,O038206,C03041,R0242,3,It was an ordinary experience.,Neutral,2026-05-01 18:00:00,ordinary experience,0.0,Neutral,Neutral,True,True
REV009663,O015270,C03209,R0088,4,The order arrived quickly and everything was hot.,Positive,2026-05-29 10:00:00,order arrived quickly everything hot,0.0,Neutral,Positive,True,False
REV027547,O044433,C01743,R0089,4,The food was fresh and flavorful.,Positive,2026-06-01 13:00:00,food fresh flavorful,0.3182,Positive,Positive,True,True
REV027082,O030828,C04080,R0248,4,The food was delicious and fresh.,Positive,2026-06-14 08:00:00,food delicious fresh,0.7184,Positive,Positive,True,True
REV007548,O037743,C03125,R0208,4,Great quality and very good service.,Positive,2026-03-01 04:00:00,great quality good service,0.807,Positive,Positive,True,True
REV006968,O017002,C03097,R0042,3,The experience was fine.,Neutral,2026-02-07 11:00:00,experience fine,0.2023,Positive,Neutral,True,False
REV022503,O029328,C04400,R0253,5,Really tasty food with generous portions.,Positive,2026-06-27 07:00:00,really tasty food generous portion,0.5106,Positive,Positive,True,True
REV012704,O042072,C01395,R0035,4,Delivery was fast and the food arrived hot.,Positive,2026-03-20 06:00:00,delivery fast food arrived hot,0.0,Neutral,Positive,True,False
REV027376,O012322,C00910,R0255,5,Delivery was fast and the food arrived hot.,Positive,2026-06-26 00:00:00,delivery fast food arrived hot,0.0,Neutral,Positive,True,False
REV029187,O049350,C04369,R0242,4,Great quality and very good service.,Positive,2026-04-01 21:00:00,great quality good service,0.807,Positive,Positive,True,True
REV017301,O036829,C00556,R0289,3,Food quality was average.,Neutral,2026-03-18 02:00:00,food quality average,0.0,Neutral,Neutral,True,True
REV002244,O042852,C04558,R0029,5,The order arrived quickly and everything was hot.,Positive,2026-02-03 06:00:00,order arrived quickly everything hot,0.0,Neutral,Positive,True,False
REV029858,O038419,C03993,R0100,4,Amazing food and excellent quality.,Positive,2026-05-28 08:00:00,amazing food excellent quality,0.8176,Positive,Positive,True,True
REV010271,O017248,C01795,R0060,2,The food was cold and the delivery was late.,Negative,2026-04-18 03:00:00,food cold delivery late,0.0,Neutral,Negative,True,False
REV012300,O015538,C03439,R0244,5,Great quality and very good service.,Positive,2026-04-17 00:00:00,great quality good service,0.807,Positive,Positive,True,True
REV023067,O025419,C04783,R0173,3,Food quality was average.,Neutral,2026-03-21 23:00:00,food quality average,0.0,Neutral,Neutral,True,True
REV008949,O032679,C04031,R0115,1,The food arrived cold.,Negative,2026-06-01 01:00:00,food arrived cold,0.0,Neutral,Negative,True,False
REV011563,O017689,C02075,R0207,2,The food arrived cold.,Negative,2026-05-04 15:00:00,food arrived cold,0.0,Neutral,Negative,True,False
REV007085,O021867,C00954,R0126,3,The order took too long to arrive.,Negative,2026-06-14 06:00:00,order took long arrive,0.0,Neutral,Negative,True,False
REV020756,O013870,C04438,R0091,5,The order was delayed for a long time.,Negative,2026-05-21 08:00:00,order delayed long time,-0.2263,Negative,Negative,True,True
REV016081,O009846,C04790,R0033,2,The food arrived cold.,Negative,2026-06-04 16:00:00,food arrived cold,0.0,Neutral,Negative,True,False
REV028632,O023761,C03849,R0040,2,The food arrived cold.,Negative,2026-05-24 05:00:00,food arrived cold,0.0,Neutral,Negative,True,False
REV002162,O028245,C02188,R0130,5,Fast delivery and great packaging.,Positive,2026-05-20 12:00:00,fast delivery great packaging,0.6249,Positive,Positive,True,True
REV009058,O008313,C04997,R0208,4,Fast delivery and great packaging.,Positive,2026-06-17 20:00:00,fast delivery great packaging,0.6249,Positive,Positive,True,True
REV005549,O011322,C03220,R0189,3,The food was decent.,Neutral,2026-06-02 16:00:00,food decent,0.0,Neutral,Neutral,True,True
REV027891,O019460,C00390,R0300,5,Really tasty food with generous portions.,Positive,2026-03-01 06:00:00,really tasty food generous portion,0.5106,Positive,Positive,True,True
REV022888,O045218,C04720,R0256,4,Delivery was fast and the food arrived hot.,Positive,2026-01-19 19:00:00,delivery fast food arrived hot,0.0,Neutral,Positive,True,False
REV025120,O036949,C04673,R0158,5,The food was delicious and fresh.,Positive,2026-02-16 06:00:00,food delicious fresh,0.7184,Positive,Positive,True,True
REV017426,O002816,C04787,R0002,3,The food was delicious and fresh.,Positive,2026-05-07 09:00:00,food delicious fresh,0.7184,Positive,Positive,True,True
REV015452,O023694,C02019,R0133,3,Nothing special about the order.,Neutral,2026-06-12 09:00:00,nothing special order,-0.3089,Negative,Neutral,True,False
REV028358,O037089,C04792,R0217,4,Excellent experience from start to finish.,Positive,2026-04-02 04:00:00,excellent experience start finish,0.5719,Positive,Positive,True,True
REV012960,O030018,C00986,R0124,4,The food was fresh and flavorful.,Positive,2026-04-23 16:00:00,food fresh flavorful,0.3182,Positive,Positive,True,True
REV010084,O028482,C03744,R0009,4,Delivery was fast and the food arrived hot.,Positive,2026-04-11 03:00:00,delivery fast food arrived hot,0.0,Neutral,Positive,True,False
REV013176,O011021,C04846,R0014,3,Nothing special about the order.,Neutral,2026-04-27 20:00:00,nothing special order,-0.3089,Negative,Neutral,True,False
REV025112,O039573,C04088,R0178,5,Great quality and very good service.,Positive,2026-05-07 15:00:00,great quality good service,0.807,Positive,Positive,True,True
REV014426,O000365,C04337,R0215,4,Delivery was fast and the food arrived hot.,Positive,2026-06-01 04:00:00,delivery fast food arrived hot,0.0,Neutral,Positive,True,False
REV007690,O009115,C04270,R0119,3,Food quality was average.,Neutral,2026-05-19 15:00:00,food quality average,0.0,Neutral,Neutral,True,True
REV001366,O007408,C03831,R0282,5,Really tasty food with generous portions.,Positive,2026-04-28 08:00:00,really tasty food generous portion,0.5106,Positive,Positive,True,True
REV005182,O029643,C04891,R0122,1,The order arrived quickly and everything was hot.,Positive,2026-02-09 12:00:00,order arrived quickly everything hot,0.0,Neutral,Positive,True,False
REV029591,O010905,C01386,R0263,5,Amazing food and excellent quality.,Positive,2026-04-28 11:00:00,amazing food excellent quality,0.8176,Positive,Positive,True,True
REV012843,O033432,C02573,R0146,5,Fast delivery and great packaging.,Positive,2026-05-19 10:00:00,fast delivery great packaging,0.6249,Positive,Positive,True,True
REV020714,O022542,C04316,R0230,4,Excellent experience from start to finish.,Positive,2026-03-30 21:00:00,excellent experience start finish,0.5719,Positive,Positive,True,True
REV020351,O032770,C00767,R0255,4,Fast delivery and great packaging.,Positive,2026-05-02 18:00:00,fast delivery great packaging,0.6249,Positive,Positive,True,True
REV009160,O038403,C03943,R0145,4,Amazing food and excellent quality.,Positive,2026-01-09 14:00:00,amazing food excellent quality,0.8176,Positive,Positive,True,True
REV001316,O013209,C04103,R0277,2,The food was cold and the delivery was late.,Negative,2026-02-10 07:00:00,food cold delivery late,0.0,Neutral,Negative,True,False
REV006775,O023338,C00721,R0126,5,Delivery was fast and the food arrived hot.,Positive,2026-05-23 05:00:00,delivery fast food arrived hot,0.0,Neutral,Positive,True,False
REV016552,O040413,C04614,R0088,3,Overall it was satisfactory.,Neutral,2026-03-16 04:00:00,overall satisfactory,0.3612,Positive,Neutral,True,False
REV026723,O035029,C00551,R0062,5,Fast delivery and great packaging.,Positive,2026-03-03 06:00:00,fast delivery great packaging,0.6249,Positive,Positive,True,True
REV026438,O043719,C02744,R0213,5,Excellent experience from start to finish.,Positive,2026-06-07 06:00:00,excellent experience start finish,0.5719,Positive,Positive,True,True
REV028823,O013483,C04047,R0036,5,Delivery was fast and the food arrived hot.,Positive,2026-04-20 11:00:00,delivery fast food arrived hot,0.0,Neutral,Positive,True,False
REV017958,O034225,C04312,R0212,5,Amazing food and excellent quality.,Positive,2026-05-21 06:00:00,amazing food excellent quality,0.8176,Positive,Positive,True,True
REV016395,O011488,C04937,R0051,4,Excellent experience from start to finish.,Positive,2026-04-08 06:00:00,excellent experience start finish,0.5719,Positive,Positive,True,True
REV015035,O030350,C03393,R0056,4,Fast delivery and great packaging.,Positive,2026-02-17 09:00:00,fast delivery great packaging,0.6249,Positive,Positive,True,True
REV023016,O035965,C03247,R0029,3,The food was decent.,Neutral,2026-01-02 02:00:00,food decent,0.0,Neutral,Neutral,True,True
REV000631,O034535,C03911,R0207,5,Excellent experience from start to finish.,Positive,2026-05-11 18:00:00,excellent experience start finish,0.5719,Positive,Positive,True,True
REV005862,O018157,C03132,R0111,3,Food quality was average.,Neutral,2026-04-29 08:00:00,food quality average,0.0,Neutral,Neutral,True,True
REV023473,O004173,C03333,R0191,3,The packaging was damaged.,Negative,2026-04-08 00:00:00,packaging damaged,-0.4404,Negative,Negative,True,True
REV001694,O047707,C00567,R0278,4,The food was fresh and flavorful.,Positive,2026-05-08 21:00:00,food fresh flavorful,0.3182,Positive,Positive,True,True
REV024884,O010036,C00596,R0268,2,The delivery was very late.,Negative,2026-05-31 20:00:00,delivery late,0.0,Neutral,Negative,True,False
REV024710,O046919,C02071,R0072,3,The food was decent.,Neutral,2026-01-27 18:00:00,food decent,0.0,Neutral,Neutral,True,True
REV027641,O018207,C03133,R0226,4,Everything was perfect and well packed.,Positive,2026-04-23 07:00:00,everything perfect well packed,0.7003,Positive,Positive,True,True
REV013307,O032950,C03498,R0099,5,Fast delivery and great packaging.,Positive,2026-01-27 18:00:00,fast delivery great packaging,0.6249,Positive,Positive,True,True
REV012038,O038696,C03078,R0116,5,Everything was perfect and well packed.,Positive,2026-05-11 15:00:00,everything perfect well packed,0.7003,Positive,Positive,True,True
REV004027,O034990,C04215,R0136,3,Overall it was satisfactory.,Neutral,2026-03-01 20:00:00,overall satisfactory,0.3612,Positive,Neutral,True,False
REV019091,O008917,C01285,R0016,5,The food was fresh and flavorful.,Positive,2026-03-24 12:00:00,food fresh flavorful,0.3182,Positive,Positive,True,True
REV007200,O038142,C04331,R0168,5,Fast delivery and great packaging.,Positive,2026-03-04 09:00:00,fast delivery great packaging,0.6249,Positive,Positive,True,True
REV012989,O036687,C04303,R0036,3,The experience was fine.,Neutral,2026-04-07 19:00:00,experience fine,0.2023,Positive,Neutral,True,False
REV027734,O039912,C02858,R0186,5,The food was fresh and flavorful.,Positive,2026-01-16 03:00:00,food fresh flavorful,0.3182,Positive,Positive,True,True
REV023094,O000756,C03082,R0063,5,Delivery was fast and the food arrived hot.,Positive,2026-06-09 03:00:00,delivery fast food arrived hot,0.0,Neutral,Positive,True,False
REV019268,O047985,C03017,R0229,5,The food was delicious and fresh.,Positive,2026-01-06 06:00:00,food delicious fresh,0.7184,Positive,Positive,True,True
REV028153,O003672,C01618,R0099,5,Delivery was fast and the food arrived hot.,Positive,2026-04-12 16:00:00,delivery fast food arrived hot,0.0,Neutral,Positive,True,False
REV006776,O029003,C03385,R0068,4,The food was delicious and fresh.,Positive,2026-02-12 21:00:00,food delicious fresh,0.7184,Positive,Positive,True,True
REV012634,O011017,C01516,R0217,2,Very poor experience with the delivery.,Negative,2026-06-08 22:00:00,poor experience delivery,-0.5256,Negative,Negative,True,True
REV000809,O025634,C01225,R0293,5,Everything was perfect and well packed.,Positive,2026-01-08 02:00:00,everything perfect well packed,0.7003,Positive,Positive,True,True
REV024222,O042090,C02662,R0015,3,Average experience.,Neutral,2026-03-27 08:00:00,average experience,0.0,Neutral,Neutral,True,True
REV029766,O045147,C01655,R0063,4,Fast delivery and great packaging.,Positive,2026-06-20 23:00:00,fast delivery great packaging,0.6249,Positive,Positive,True,True
REV023676,O013446,C00165,R0200,4,Really tasty food with generous portions.,Positive,2026-01-18 12:00:00,really tasty food generous portion,0.5106,Positive,Positive,True,True
REV009902,O041226,C01281,R0146,4,Delivery was fast and the food arrived hot.,Positive,2026-05-05 05:00:00,delivery fast food arrived hot,0.0,Neutral,Positive,True,False
REV012431,O040198,C00827,R0100,5,Fast delivery and great packaging.,Positive,2026-01-11 22:00:00,fast delivery great packaging,0.6249,Positive,Positive,True,True
REV027679,O032344,C03893,R0048,5,I received the wrong item.,Negative,2026-03-29 23:00:00,received wrong item,-0.4767,Negative,Negative,True,True
REV019256,O049262,C03811,R0163,4,Excellent experience from start to finish.,Positive,2026-04-28 02:00:00,excellent experience start finish,0.5719,Positive,Positive,True,True
REV023743,O032448,C04254,R0071,4,Great quality and very good service.,Positive,2026-01-29 16:00:00,great quality good service,0.807,Positive,Positive,True,True
REV011749,O016828,C02443,R0028,1,Excellent experience from start to finish.,Positive,2026-06-17 01:00:00,excellent experience start finish,0.5719,Positive,Positive,True,True
REV019903,O034491,C01310,R0077,1,The food was cold and the delivery was late.,Negative,2026-06-15 10:00:00,food cold delivery late,0.0,Neutral,Negative,True,False
REV013583,O021048,C04343,R0104,4,Amazing food and excellent quality.,Positive,2026-01-06 21:00:00,amazing food excellent quality,0.8176,Positive,Positive,True,True
REV020924,O034416,C00630,R0104,1,The delivery was very late.,Negative,2026-06-21 00:00:00,delivery late,0.0,Neutral,Negative,True,False
REV020319,O037165,C00266,R0083,5,Everything was perfect and well packed.,Positive,2026-04-04 02:00:00,everything perfect well packed,0.7003,Positive,Positive,True,True
REV024378,O047354,C04748,R0023,4,Great quality and very good service.,Positive,2026-04-24 04:00:00,great quality good service,0.807,Positive,Positive,True,True
REV013580,O030049,C01441,R0072,4,The food was delicious and fresh.,Positive,2026-01-18 18:00:00,food delicious fresh,0.7184,Positive,Positive,True,True
REV025775,O024617,C00492,R0020,5,The food arrived cold.,Negative,2026-01-13 01:00:00,food arrived cold,0.0,Neutral,Negative,True,False
REV027551,O019457,C02267,R0184,4,The order arrived quickly and everything was hot.,Positive,2026-04-01 23:00:00,order arrived quickly everything hot,0.0,Neutral,Positive,True,False
REV018628,O016612,C03719,R0007,1,The delivery was very late.,Negative,2026-06-16 21:00:00,delivery late,0.0,Neutral,Negative,True,False
REV013066,O020382,C00240,R0080,2,The order took too long to arrive.,Negative,2026-02-26 11:00:00,order took long arrive,0.0,Neutral,Negative,True,False
REV026996,O017608,C01133,R0068,3,Nothing special about the order.,Neutral,2026-06-08 10:00:00,nothing special order,-0.3089,Negative,Neutral,True,False
REV001285,O002008,C02642,R0082,2,The food was cold and the delivery was late.,Negative,2026-03-13 12:00:00,food cold delivery late,0.0,Neutral,Negative,True,False
REV002967,O045293,C02300,R0021,3,Overall it was satisfactory.,Neutral,2026-05-10 06:00:00,overall satisfactory,0.3612,Positive,Neutral,True,False
REV027157,O046611,C04899,R0181,3,The food was acceptable.,Neutral,2026-03-30 02:00:00,food acceptable,0.3182,Positive,Neutral,True,False
REV025684,O029093,C02466,R0029,4,Great quality and very good service.,Positive,2026-06-12 07:00:00,great quality good service,0.807,Positive,Positive,True,True
REV028538,O045720,C04887,R0086,5,Amazing food and excellent quality.,Positive,2026-06-04 04:00:00,amazing food excellent quality,0.8176,Positive,Positive,True,True
REV001320,O019847,C02810,R0158,5,Delivery was fast and the food arrived hot.,Positive,2026-01-24 04:00:00,delivery fast food arrived hot,0.0,Neutral,Positive,True,False
REV018864,O001315,C03952,R0181,5,Fast delivery and great packaging.,Positive,2026-02-09 11:00:00,fast delivery great packaging,0.6249,Positive,Positive,True,True
REV006428,O003060,C03545,R0266,3,Very poor experience with the delivery.,Negative,2026-02-09 22:00:00,poor experience delivery,-0.5256,Negative,Negative,True,True
REV016874,O048724,C00328,R0017,2,I received the wrong item.,Negative,2026-02-09 13:00:00,received wrong item,-0.4767,Negative,Negative,True,True
REV025515,O045703,C02508,R0178,4,The food was fresh and flavorful.,Positive,2026-02-08 08:00:00,food fresh flavorful,0.3182,Positive,Positive,True,True
REV002417,O022287,C01051,R0098,4,Excellent experience from start to finish.,Positive,2026-05-15 10:00:00,excellent experience start finish,0.5719,Positive,Positive,True,True
REV013611,O018200,C01424,R0122,5,Everything was perfect and well packed.,Positive,2026-06-16 22:00:00,everything perfect well packed,0.7003,Positive,Positive,True,True
REV027164,O028270,C01132,R0269,4,The food was delicious and fresh.,Positive,2026-05-02 12:00:00,food delicious fresh,0.7184,Positive,Positive,True,True
REV018065,O026863,C00858,R0178,2,The packaging was damaged.,Negative,2026-05-31 06:00:00,packaging damaged,-0.4404,Negative,Negative,True,True
REV006379,O038555,C04824,R0256,4,Really tasty food with generous portions.,Positive,2026-06-16 02:00:00,really tasty food generous portion,0.5106,Positive,Positive,True,True
REV022934,O020633,C03859,R0116,5,The order took too long to arrive.,Negative,2026-01-08 03:00:00,order took long arrive,0.0,Neutral,Negative,True,False
REV017918,O035234,C04458,R0174,5,Really tasty food with generous portions.,Positive,2026-06-01 09:00:00,really tasty food generous portion,0.5106,Positive,Positive,True,True
REV017098,O038871,C02011,R0011,5,Fast delivery and great packaging.,Positive,2026-05-02 08:00:00,fast delivery great packaging,0.6249,Positive,Positive,True,True
REV027002,O029706,C03996,R0132,4,Really tasty food with generous portions.,Positive,2026-05-08 23:00:00,really tasty food generous portion,0.5106,Positive,Positive,True,True
REV023050,O007569,C02505,R0241,4,The food was fresh and flavorful.,Positive,2026-06-22 18:00:00,food fresh flavorful,0.3182,Positive,Positive,True,True
REV024348,O005786,C02809,R0269,4,The food arrived cold.,Negative,2026-02-25 09:00:00,food arrived cold,0.0,Neutral,Negative,True,False
REV028424,O039370,C04873,R0277,5,The food was fresh and flavorful.,Positive,2026-03-09 19:00:00,food fresh flavorful,0.3182,Positive,Positive,True,True
REV003983,O036024,C01049,R0221,4,The food was cold and the delivery was late.,Negative,2026-03-29 02:00:00,food cold delivery late,0.0,Neutral,Negative,True,False
REV027803,O045256,C00562,R0229,5,The food was delicious and fresh.,Positive,2026-01-13 23:00:00,food delicious fresh,0.7184,Positive,Positive,True,True
REV023946,O045510,C01232,R0287,5,Amazing food and excellent quality.,Positive,2026-06-17 21:00:00,amazing food excellent quality,0.8176,Positive,Positive,True,True
REV001930,O021448,C04842,R0040,5,Delivery was fast and the food arrived hot.,Positive,2026-04-06 03:00:00,delivery fast food arrived hot,0.0,Neutral,Positive,True,False
REV008748,O025359,C00092,R0276,4,The food was delicious and fresh.,Positive,2026-02-05 07:00:00,food delicious fresh,0.7184,Positive,Positive,True,True
REV017134,O004479,C03479,R0221,4,Delivery was fast and the food arrived hot.,Positive,2026-04-21 00:00:00,delivery fast food arrived hot,0.0,Neutral,Positive,True,False
REV001148,O004806,C04838,R0166,2,The packaging was damaged.,Negative,2026-05-03 06:00:00,packaging damaged,-0.4404,Negative,Negative,True,True
REV013089,O001434,C02138,R0235,5,The food was delicious and fresh.,Positive,2026-01-04 05:00:00,food delicious fresh,0.7184,Positive,Positive,True,True
REV028852,O040585,C04298,R0120,4,Amazing food and excellent quality.,Positive,2026-04-01 07:00:00,amazing food excellent quality,0.8176,Positive,Positive,True,True
REV014358,O004598,C02450,R0174,5,Fast delivery and great packaging.,Positive,2026-03-19 11:00:00,fast delivery great packaging,0.6249,Positive,Positive,True,True
REV029454,O031631,C03946,R0226,2,The food was cold and the delivery was late.,Negative,2026-02-13 19:00:00,food cold delivery late,0.0,Neutral,Negative,True,False
REV025831,O031803,C02744,R0106,5,Great quality and very good service.,Positive,2026-03-28 14:00:00,great quality good service,0.807,Positive,Positive,True,True
REV024619,O042285,C03501,R0128,5,Everything was perfect and well packed.,Positive,2026-01-21 19:00:00,everything perfect well packed,0.7003,Positive,Positive,True,True
REV026770,O047088,C00315,R0198,5,Amazing food and excellent quality.,Positive,2026-05-31 19:00:00,amazing food excellent quality,0.8176,Positive,Positive,True,True
REV002149,O011244,C03893,R0223,2,The order took too long to arrive.,Negative,2026-05-28 20:00:00,order took long arrive,0.0,Neutral,Negative,True,False
REV003528,O017663,C01229,R0159,3,The order was okay overall.,Neutral,2026-03-19 13:00:00,order okay overall,0.2263,Positive,Neutral,True,False
REV020619,O048019,C01869,R0149,4,Great quality and very good service.,Positive,2026-03-04 00:00:00,great quality good service,0.807,Positive,Positive,True,True
REV000595,O009300,C03670,R0002,5,The food was delicious and fresh.,Positive,2026-01-21 16:00:00,food delicious fresh,0.7184,Positive,Positive,True,True
REV004413,O018601,C03356,R0269,5,Fast delivery and great packaging.,Positive,2026-04-17 17:00:00,fast delivery great packaging,0.6249,Positive,Positive,True,True
REV010060,O009098,C04965,R0184,5,Really tasty food with generous portions.,Positive,2026-06-28 20:00:00,really tasty food generous portion,0.5106,Positive,Positive,True,True
REV012094,O002255,C02531,R0284,4,Fast delivery and great packaging.,Positive,2026-05-23 15:00:00,fast delivery great packaging,0.6249,Positive,Positive,True,True
REV024800,O042613,C04068,R0169,3,The order arrived quickly and everything was hot.,Positive,2026-03-20 18:00:00,order arrived quickly everything hot,0.0,Neutral,Positive,True,False
REV026793,O001845,C04218,R0118,5,The order took too long to arrive.,Negative,2026-05-05 13:00:00,order took long arrive,0.0,Neutral,Negative,True,False
REV025357,O008142,C00345,R0293,3,The food was delicious and fresh.,Positive,2026-06-13 06:00:00,food delicious fresh,0.7184,Positive,Positive,True,True
REV026419,O049375,C04829,R0021,4,Fast delivery and great packaging.,Positive,2026-03-30 10:00:00,fast delivery great packaging,0.6249,Positive,Positive,True,True
REV028989,O020114,C03023,R0016,1,The food was bland and disappointing.,Negative,2026-06-23 02:00:00,food bland disappointing,-0.4939,Negative,Negative,True,True
REV023044,O029425,C00431,R0097,4,The food was delicious and fresh.,Positive,2026-02-23 23:00:00,food delicious fresh,0.7184,Positive,Positive,True,True
REV014036,O017084,C00635,R0286,4,Fast delivery and great packaging.,Positive,2026-04-28 20:00:00,fast delivery great packaging,0.6249,Positive,Positive,True,True
REV005754,O018890,C01809,R0246,4,Fast delivery and great packaging.,Positive,2026-05-10 00:00:00,fast delivery great packaging,0.6249,Positive,Positive,True,True
REV028788,O036396,C01993,R0075,3,The experience was fine.,Neutral,2026-03-01 02:00:00,experience fine,0.2023,Positive,Neutral,True,False
REV021973,O039827,C02253,R0290,1,The packaging was damaged.,Negative,2026-05-29 09:00:00,packaging damaged,-0.4404,Negative,Negative,True,True
REV028570,O039570,C02094,R0226,3,The food was delicious and fresh.,Positive,2026-05-25 20:00:00,food delicious fresh,0.7184,Positive,Positive,True,True
REV022865,O024385,C04190,R0269,4,Really tasty food with generous portions.,Positive,2026-05-10 00:00:00,really tasty food generous portion,0.5106,Positive,Positive,True,True
REV010657,O005631,C00806,R0031,5,The food was fresh and flavorful.,Positive,2026-02-18 00:00:00,food fresh flavorful,0.3182,Positive,Positive,True,True
REV025800,O037059,C01663,R0223,1,The food was cold and the delivery was late.,Negative,2026-05-02 15:00:00,food cold delivery late,0.0,Neutral,Negative,True,False
REV026540,O012378,C01374,R0095,4,The delivery was very late.,Negative,2026-04-13 08:00:00,delivery late,0.0,Neutral,Negative,True,False
REV028218,O012787,C00235,R0079,2,The food was bland and disappointing.,Negative,2026-02-02 10:00:00,food bland disappointing,-0.4939,Negative,Negative,True,True
REV001114,O003472,C04242,R0064,4,Excellent experience from start to finish.,Positive,2026-02-07 13:00:00,excellent experience start finish,0.5719,Positive,Positive,True,True
REV004908,O013501,C02216,R0197,2,The order was delayed for a long time.,Negative,2026-02-28 19:00:00,order delayed long time,-0.2263,Negative,Negative,True,True
REV005424,O021055,C03069,R0226,5,The order arrived quickly and everything was hot.,Positive,2026-05-25 01:00:00,order arrived quickly everything hot,0.0,Neutral,Positive,True,False
REV006442,O006255,C02348,R0198,5,The food was delicious and fresh.,Positive,2026-02-27 07:00:00,food delicious fresh,0.7184,Positive,Positive,True,True
REV015205,O030309,C04528,R0056,5,Amazing food and excellent quality.,Positive,2026-01-26 07:00:00,amazing food excellent quality,0.8176,Positive,Positive,True,True
REV007209,O048805,C03650,R0096,5,The food was delicious and fresh.,Positive,2026-06-24 03:00:00,food delicious fresh,0.7184,Positive,Positive,True,True
REV024236,O020748,C03397,R0234,5,The order arrived quickly and everything was hot.,Positive,2026-02-08 07:00:00,order arrived quickly everything hot,0.0,Neutral,Positive,True,False
REV009867,O032191,C01642,R0031,2,Very poor experience with the delivery.,Negative,2026-05-25 16:00:00,poor experience delivery,-0.5256,Negative,Negative,True,True
REV010833,O047659,C03265,R0195,1,The order took too long to arrive.,Negative,2026-01-17 12:00:00,order took long arrive,0.0,Neutral,Negative,True,False
REV016475,O044139,C04448,R0250,3,Average experience.,Neutral,2026-06-24 07:00:00,average experience,0.0,Neutral,Neutral,True,True
REV020180,O032291,C04306,R0220,5,Excellent experience from start to finish.,Positive,2026-03-01 05:00:00,excellent experience start finish,0.5719,Positive,Positive,True,True
REV006839,O023405,C01575,R0115,4,Really tasty food with generous portions.,Positive,2026-06-24 05:00:00,really tasty food generous portion,0.5106,Positive,Positive,True,True
REV027221,O032765,C00601,R0220,2,My order was missing an item.,Negative,2026-01-20 23:00:00,order missing item,-0.296,Negative,Negative,True,True
REV011674,O044048,C03307,R0234,2,Very poor experience with the delivery.,Negative,2026-06-09 06:00:00,poor experience delivery,-0.5256,Negative,Negative,True,True
REV025604,O017998,C02921,R0026,1,Very poor experience with the delivery.,Negative,2026-04-21 15:00:00,poor experience delivery,-0.5256,Negative,Negative,True,True
REV018569,O018520,C01775,R0148,5,The food was delicious and fresh.,Positive,2026-04-08 07:00:00,food delicious fresh,0.7184,Positive,Positive,True,True
REV027676,O000527,C02844,R0290,4,The order arrived quickly and everything was hot.,Positive,2026-01-30 06:00:00,order arrived quickly everything hot,0.0,Neutral,Positive,True,False
REV008574,O006303,C01321,R0043,4,Really tasty food with generous portions.,Positive,2026-01-24 05:00:00,really tasty food generous portion,0.5106,Positive,Positive,True,True
REV014449,O030093,C02337,R0094,4,Excellent experience from start to finish.,Positive,2026-04-12 21:00:00,excellent experience start finish,0.5719,Positive,Positive,True,True
REV012002,O029272,C04710,R0261,3,The food was fresh and flavorful.,Positive,2026-03-29 10:00:00,food fresh flavorful,0.3182,Positive,Positive,True,True
REV009327,O021031,C00618,R0083,5,The food was delicious and fresh.,Positive,2026-01-18 22:00:00,food delicious fresh,0.7184,Positive,Positive,True,True
REV014601,O015194,C01577,R0007,5,Delivery was fast and the food arrived hot.,Positive,2026-05-20 09:00:00,delivery fast food arrived hot,0.0,Neutral,Positive,True,False
REV013493,O027035,C01308,R0202,3,The food was decent.,Neutral,2026-05-15 03:00:00,food decent,0.0,Neutral,Neutral,True,True
REV000441,O039462,C04944,R0034,4,Everything was perfect and well packed.,Positive,2026-06-20 11:00:00,everything perfect well packed,0.7003,Positive,Positive,True,True
REV005435,O010048,C02125,R0232,5,Excellent experience from start to finish.,Positive,2026-01-23 00:00:00,excellent experience start finish,0.5719,Positive,Positive,True,True
REV026258,O004911,C02681,R0226,5,The order arrived quickly and everything was hot.,Positive,2026-02-21 04:00:00,order arrived quickly everything hot,0.0,Neutral,Positive,True,False
REV025754,O014636,C00449,R0133,5,The food was delicious and fresh.,Positive,2026-03-09 03:00:00,food delicious fresh,0.7184,Positive,Positive,True,True
REV021286,O013044,C02228,R0164,2,The food was bland and disappointing.,Negative,2026-06-24 06:00:00,food bland disappointing,-0.4939,Negative,Negative,True,True
REV027950,O032217,C04103,R0046,3,The food arrived cold.,Negative,2026-01-06 22:00:00,food arrived cold,0.0,Neutral,Negative,True,False
REV011619,O026550,C02393,R0278,1,Very poor experience with the delivery.,Negative,2026-04-01 20:00:00,poor experience delivery,-0.5256,Negative,Negative,True,True
REV029538,O018801,C04905,R0290,4,Excellent experience from start to finish.,Positive,2026-01-24 04:00:00,excellent experience start finish,0.5719,Positive,Positive,True,True
REV022907,O021203,C02276,R0227,4,Fast delivery and great packaging.,Positive,2026-01-11 07:00:00,fast delivery great packaging,0.6249,Positive,Positive,True,True
REV020967,O045287,C03104,R0037,5,Amazing food and excellent quality.,Positive,2026-06-30 12:00:00,amazing food excellent quality,0.8176,Positive,Positive,True,True
REV021996,O016281,C01681,R0049,5,Great quality and very good service.,Positive,2026-03-22 13:00:00,great quality good service,0.807,Positive,Positive,True,True
REV015019,O001101,C02587,R0246,4,Amazing food and excellent quality.,Positive,2026-06-03 19:00:00,amazing food excellent quality,0.8176,Positive,Positive,True,True
REV015045,O025789,C03023,R0186,4,Fast delivery and great packaging.,Positive,2026-06-29 08:00:00,fast delivery great packaging,0.6249,Positive,Positive,True,True
REV013591,O002056,C04662,R0198,4,Great quality and very good service.,Positive,2026-01-10 08:00:00,great quality good service,0.807,Positive,Positive,True,True
REV002050,O012463,C03400,R0287,5,Fast delivery and great packaging.,Positive,2026-04-19 21:00:00,fast delivery great packaging,0.6249,Positive,Positive,True,True
REV023531,O012251,C01487,R0128,4,Fast delivery and great packaging.,Positive,2026-01-04 18:00:00,fast delivery great packaging,0.6249,Positive,Positive,True,True
REV011408,O030166,C04162,R0294,5,Fast delivery and great packaging.,Positive,2026-03-17 12:00:00,fast delivery great packaging,0.6249,Positive,Positive,True,True
REV022995,O006813,C00086,R0036,4,The food was delicious and fresh.,Positive,2026-06-14 21:00:00,food delicious fresh,0.7184,Positive,Positive,True,True
REV011580,O049775,C00216,R0065,5,Great quality and very good service.,Positive,2026-03-30 01:00:00,great quality good service,0.807,Positive,Positive,True,True
REV000021,O013624,C03000,R0104,5,The food was fresh and flavorful.,Positive,2026-05-18 11:00:00,food fresh flavorful,0.3182,Positive,Positive,True,True
REV026585,O008564,C00432,R0133,3,The experience was fine.,Neutral,2026-02-07 22:00:00,experience fine,0.2023,Positive,Neutral,True,False
REV014701,O036035,C00287,R0160,3,The food was okay.,Neutral,2026-02-05 19:00:00,food okay,0.2263,Positive,Neutral,True,False
REV017883,O038648,C02421,R0093,2,The food was cold and the delivery was late.,Negative,2026-01-14 02:00:00,food cold delivery late,0.0,Neutral,Negative,True,False
REV010111,O044945,C00124,R0118,5,Amazing food and excellent quality.,Positive,2026-02-06 15:00:00,amazing food excellent quality,0.8176,Positive,Positive,True,True
REV024839,O047808,C02920,R0266,5,The order arrived quickly and everything was hot.,Positive,2026-06-02 19:00:00,order arrived quickly everything hot,0.0,Neutral,Positive,True,False
REV015992,O039805,C00920,R0006,3,Food quality was average.,Neutral,2026-05-22 21:00:00,food quality average,0.0,Neutral,Neutral,True,True
REV010464,O034232,C02093,R0028,4,Everything was perfect and well packed.,Positive,2026-02-02 17:00:00,everything perfect well packed,0.7003,Positive,Positive,True,True
REV017687,O036380,C01249,R0044,4,Really tasty food with generous portions.,Positive,2026-01-31 02:00:00,really tasty food generous portion,0.5106,Positive,Positive,True,True
REV023887,O015178,C01648,R0161,5,Fast delivery and great packaging.,Positive,2026-02-11 05:00:00,fast delivery great packaging,0.6249,Positive,Positive,True,True
REV014479,O014003,C04521,R0086,5,The food was delicious and fresh.,Positive,2026-01-25 08:00:00,food delicious fresh,0.7184,Positive,Positive,True,True
REV003506,O006796,C00580,R0168,5,Excellent experience from start to finish.,Positive,2026-01-29 21:00:00,excellent experience start finish,0.5719,Positive,Positive,True,True
REV019420,O032910,C03604,R0286,4,Great quality and very good service.,Positive,2026-06-28 01:00:00,great quality good service,0.807,Positive,Positive,True,True
REV015628,O013202,C04068,R0018,5,Everything was perfect and well packed.,Positive,2026-01-10 00:00:00,everything perfect well packed,0.7003,Positive,Positive,True,True
REV002406,O008231,C04668,R0117,4,The order arrived quickly and everything was hot.,Positive,2026-02-21 03:00:00,order arrived quickly everything hot,0.0,Neutral,Positive,True,False
REV022885,O014800,C00205,R0151,4,The food was fresh and flavorful.,Positive,2026-03-27 22:00:00,food fresh flavorful,0.3182,Positive,Positive,True,True
REV023695,O002430,C04522,R0170,5,Really tasty food with generous portions.,Positive,2026-04-21 12:00:00,really tasty food generous portion,0.5106,Positive,Positive,True,True
REV003054,O038926,C01330,R0181,3,Overall it was satisfactory.,Neutral,2026-01-29 03:00:00,overall satisfactory,0.3612,Positive,Neutral,True,False
REV004552,O048249,C03174,R0102,3,The food was delicious and fresh.,Positive,2026-03-06 01:00:00,food delicious fresh,0.7184,Positive,Positive,True,True
REV022140,O031884,C02872,R0282,3,The food was okay.,Neutral,2026-02-26 07:00:00,food okay,0.2263,Positive,Neutral,True,False
REV010479,O047073,C03257,R0215,5,Great quality and very good service.,Positive,2026-05-05 06:00:00,great quality good service,0.807,Positive,Positive,True,True
REV022380,O042185,C01476,R0132,3,Overall it was satisfactory.,Neutral,2026-03-21 14:00:00,overall satisfactory,0.3612,Positive,Neutral,True,False
REV007715,O049024,C02744,R0287,4,Excellent experience from start to finish.,Positive,2026-05-05 10:00:00,excellent experience start finish,0.5719,Positive,Positive,True,True
REV005613,O019306,C01231,R0040,3,Food quality was average.,Neutral,2026-04-15 04:00:00,food quality average,0.0,Neutral,Neutral,True,True
REV018634,O004041,C02377,R0212,5,Great quality and very good service.,Positive,2026-01-31 12:00:00,great quality good service,0.807,Positive,Positive,True,True
REV021743,O005607,C03325,R0256,5,Amazing food and excellent quality.,Positive,2026-06-23 07:00:00,amazing food excellent quality,0.8176,Positive,Positive,True,True
REV015153,O041914,C04698,R0020,5,Great quality and very good service.,Positive,2026-06-19 18:00:00,great quality good service,0.807,Positive,Positive,True,True
REV002791,O004265,C01395,R0140,4,Great quality and very good service.,Positive,2026-04-01 05:00:00,great quality good service,0.807,Positive,Positive,True,True
REV011842,O016676,C00506,R0099,5,Really tasty food with generous portions.,Positive,2026-03-08 20:00:00,really tasty food generous portion,0.5106,Positive,Positive,True,True
REV011685,O013918,C01921,R0140,2,The delivery was very late.,Negative,2026-05-06 02:00:00,delivery late,0.0,Neutral,Negative,True,False
REV022560,O018122,C04779,R0285,4,Fast delivery and great packaging.,Positive,2026-04-26 04:00:00,fast delivery great packaging,0.6249,Positive,Positive,True,True
REV000905,O013317,C01243,R0019,5,The food was delicious and fresh.,Positive,2026-06-17 02:00:00,food delicious fresh,0.7184,Positive,Positive,True,True
REV006236,O019258,C00787,R0287,2,The food was fresh and flavorful.,Positive,2026-02-02 09:00:00,food fresh flavorful,0.3182,Positive,Positive,True,True
REV029377,O017291,C00570,R0041,5,Really tasty food with generous portions.,Positive,2026-05-01 11:00:00,really tasty food generous portion,0.5106,Positive,Positive,True,True
REV019413,O043010,C02588,R0176,3,The experience was fine.,Neutral,2026-04-30 13:00:00,experience fine,0.2023,Positive,Neutral,True,False
REV023217,O037307,C01591,R0067,5,Excellent experience from start to finish.,Positive,2026-04-13 12:00:00,excellent experience start finish,0.5719,Positive,Positive,True,True
REV028321,O019747,C00973,R0059,5,Fast delivery and great packaging.,Positive,2026-02-22 08:00:00,fast delivery great packaging,0.6249,Positive,Positive,True,True
REV014046,O022206,C02456,R0140,4,The order arrived quickly and everything was hot.,Positive,2026-03-15 22:00:00,order arrived quickly everything hot,0.0,Neutral,Positive,True,False
REV029464,O009704,C04405,R0275,4,Everything was perfect and well packed.,Positive,2026-04-23 04:00:00,everything perfect well packed,0.7003,Positive,Positive,True,True
REV010354,O001468,C04279,R0153,3,The food was okay.,Neutral,2026-05-17 23:00:00,food okay,0.2263,Positive,Neutral,True,False
REV019956,O000882,C00477,R0276,3,The order was okay overall.,Neutral,2026-05-03 21:00:00,order okay overall,0.2263,Positive,Neutral,True,False
REV001867,O025816,C04428,R0160,1,The food was bland and disappointing.,Negative,2026-02-24 17:00:00,food bland disappointing,-0.4939,Negative,Negative,True,True
REV008164,O032183,C03443,R0044,5,The food was delicious and fresh.,Positive,2026-05-10 16:00:00,food delicious fresh,0.7184,Positive,Positive,True,True
REV027115,O009008,C03834,R0067,4,Delivery was fast and the food arrived hot.,Positive,2026-05-02 04:00:00,delivery fast food arrived hot,0.0,Neutral,Positive,True,False
REV018251,O043672,C04747,R0137,3,Overall it was satisfactory.,Neutral,2026-05-28 06:00:00,overall satisfactory,0.3612,Positive,Neutral,True,False
REV005097,O020085,C03505,R0104,4,The food was delicious and fresh.,Positive,2026-02-22 06:00:00,food delicious fresh,0.7184,Positive,Positive,True,True
REV018129,O041636,C00131,R0005,4,The order arrived quickly and everything was hot.,Positive,2026-01-13 19:00:00,order arrived quickly everything hot,0.0,Neutral,Positive,True,False
REV025260,O022735,C00760,R0015,5,Excellent experience from start to finish.,Positive,2026-04-12 10:00:00,excellent experience start finish,0.5719,Positive,Positive,True,True
REV010375,O002382,C01401,R0031,5,The order arrived quickly and everything was hot.,Positive,2026-01-27 01:00:00,order arrived quickly everything hot,0.0,Neutral,Positive,True,False
REV028058,O026649,C04815,R0032,4,The food was delicious and fresh.,Positive,2026-02-22 17:00:00,food delicious fresh,0.7184,Positive,Positive,True,True
REV001921,O043837,C01003,R0114,4,Fast delivery and great packaging.,Positive,2026-06-13 07:00:00,fast delivery great packaging,0.6249,Positive,Positive,True,True
REV025768,O037531,C00654,R0067,4,The food was delicious and fresh.,Positive,2026-06-28 09:00:00,food delicious fresh,0.7184,Positive,Positive,True,True
REV003379,O042029,C01870,R0258,4,The food was fresh and flavorful.,Positive,2026-04-02 21:00:00,food fresh flavorful,0.3182,Positive,Positive,True,True
REV008209,O037645,C01381,R0121,4,Everything was perfect and well packed.,Positive,2026-06-02 07:00:00,everything perfect well packed,0.7003,Positive,Positive,True,True
REV009157,O000974,C03638,R0147,4,Great quality and very good service.,Positive,2026-05-31 01:00:00,great quality good service,0.807,Positive,Positive,True,True
REV017092,O003958,C00790,R0224,4,Great quality and very good service.,Positive,2026-03-13 09:00:00,great quality good service,0.807,Positive,Positive,True,True
REV025378,O005570,C00402,R0241,4,Really tasty food with generous portions.,Positive,2026-01-06 20:00:00,really tasty food generous portion,0.5106,Positive,Positive,True,True
REV002275,O020958,C04754,R0267,4,Amazing food and excellent quality.,Positive,2026-05-07 19:00:00,amazing food excellent quality,0.8176,Positive,Positive,True,True
REV002785,O020529,C02388,R0021,3,It was an ordinary experience.,Neutral,2026-01-08 15:00:00,ordinary experience,0.0,Neutral,Neutral,True,True
REV015417,O040684,C00482,R0173,4,Delivery was fast and the food arrived hot.,Positive,2026-06-12 03:00:00,delivery fast food arrived hot,0.0,Neutral,Positive,True,False
REV023904,O028664,C03004,R0231,4,Amazing food and excellent quality.,Positive,2026-01-01 19:00:00,amazing food excellent quality,0.8176,Positive,Positive,True,True
REV022509,O029810,C04164,R0014,4,The food was delicious and fresh.,Positive,2026-02-01 01:00:00,food delicious fresh,0.7184,Positive,Positive,True,True
REV003539,O025442,C00145,R0152,2,I received the wrong item.,Negative,2026-05-21 12:00:00,received wrong item,-0.4767,Negative,Negative,True,True
REV029769,O043081,C04663,R0049,1,The food was fresh and flavorful.,Positive,2026-04-27 14:00:00,food fresh flavorful,0.3182,Positive,Positive,True,True
REV013903,O024360,C04506,R0101,5,Delivery was fast and the food arrived hot.,Positive,2026-06-11 04:00:00,delivery fast food arrived hot,0.0,Neutral,Positive,True,False
REV021934,O027274,C00035,R0035,5,The food was delicious and fresh.,Positive,2026-06-22 19:00:00,food delicious fresh,0.7184,Positive,Positive,True,True
REV008750,O045530,C04713,R0288,5,Delivery was fast and the food arrived hot.,Positive,2026-01-22 14:00:00,delivery fast food arrived hot,0.0,Neutral,Positive,True,False
REV005648,O012757,C00941,R0148,3,The order was okay overall.,Neutral,2026-05-10 01:00:00,order okay overall,0.2263,Positive,Neutral,True,False
REV004069,O005957,C01889,R0071,3,The food was delicious and fresh.,Positive,2026-04-23 23:00:00,food delicious fresh,0.7184,Positive,Positive,True,True
REV011712,O036492,C03018,R0159,5,Amazing food and excellent quality.,Positive,2026-02-14 15:00:00,amazing food excellent quality,0.8176,Positive,Positive,True,True
REV003405,O001538,C02203,R0037,5,Really tasty food with generous portions.,Positive,2026-05-02 07:00:00,really tasty food generous portion,0.5106,Positive,Positive,True,True
REV006074,O026858,C03479,R0070,4,Delivery was fast and the food arrived hot.,Positive,2026-03-07 22:00:00,delivery fast food arrived hot,0.0,Neutral,Positive,True,False
REV012825,O025585,C04916,R0282,3,The order took too long to arrive.,Negative,2026-02-21 16:00:00,order took long arrive,0.0,Neutral,Negative,True,False
REV010407,O011056,C01269,R0256,3,Nothing special about the order.,Neutral,2026-06-03 04:00:00,nothing special order,-0.3089,Negative,Neutral,True,False
REV009770,O049027,C01543,R0243,5,Really tasty food with generous portions.,Positive,2026-03-08 01:00:00,really tasty food generous portion,0.5106,Positive,Positive,True,True
REV003895,O042151,C01110,R0182,4,Amazing food and excellent quality.,Positive,2026-05-12 15:00:00,amazing food excellent quality,0.8176,Positive,Positive,True,True
REV024647,O030062,C04095,R0168,5,Great quality and very good service.,Positive,2026-02-25 05:00:00,great quality good service,0.807,Positive,Positive,True,True
REV019942,O039625,C01401,R0284,3,The food was okay.,Neutral,2026-05-03 16:00:00,food okay,0.2263,Positive,Neutral,True,False
REV026589,O000039,C03310,R0172,5,Great quality and very good service.,Positive,2026-01-12 18:00:00,great quality good service,0.807,Positive,Positive,True,True
REV002250,O026796,C03506,R0221,2,The order was delayed for a long time.,Negative,2026-01-13 15:00:00,order delayed long time,-0.2263,Negative,Negative,True,True
REV001664,O013440,C04667,R0227,5,The order arrived quickly and everything was hot.,Positive,2026-06-26 22:00:00,order arrived quickly everything hot,0.0,Neutral,Positive,True,False
REV004756,O042538,C04795,R0242,5,Really tasty food with generous portions.,Positive,2026-04-15 09:00:00,really tasty food generous portion,0.5106,Positive,Positive,True,True
REV014262,O025804,C01437,R0268,2,The food arrived cold.,Negative,2026-02-11 23:00:00,food arrived cold,0.0,Neutral,Negative,True,False
REV029381,O049815,C04677,R0012,4,The food was delicious and fresh.,Positive,2026-06-30 13:00:00,food delicious fresh,0.7184,Positive,Positive,True,True
REV025491,O035979,C02831,R0297,2,Very poor experience with the delivery.,Negative,2026-03-25 23:00:00,poor experience delivery,-0.5256,Negative,Negative,True,True
REV025938,O031851,C04374,R0129,5,The food was fresh and flavorful.,Positive,2026-01-16 22:00:00,food fresh flavorful,0.3182,Positive,Positive,True,True
REV007232,O026545,C02306,R0022,4,The order took too long to arrive.,Negative,2026-02-05 10:00:00,order took long arrive,0.0,Neutral,Negative,True,False
REV002412,O008178,C00058,R0068,4,Delivery was fast and the food arrived hot.,Positive,2026-01-07 00:00:00,delivery fast food arrived hot,0.0,Neutral,Positive,True,False
REV019517,O025180,C01007,R0119,3,Great quality and very good service.,Positive,2026-04-13 02:00:00,great quality good service,0.807,Positive,Positive,True,True
REV019172,O039589,C01868,R0287,4,The order arrived quickly and everything was hot.,Positive,2026-04-17 14:00:00,order arrived quickly everything hot,0.0,Neutral,Positive,True,False
REV014921,O032214,C02958,R0093,2,My order was missing an item.,Negative,2026-06-08 07:00:00,order missing item,-0.296,Negative,Negative,True,True
REV000611,O037151,C02838,R0018,5,Really tasty food with generous portions.,Positive,2026-02-01 00:00:00,really tasty food generous portion,0.5106,Positive,Positive,True,True
REV008961,O047562,C03785,R0256,1,I received the wrong item.,Negative,2026-03-10 06:00:00,received wrong item,-0.4767,Negative,Negative,True,True
REV022419,O036887,C04123,R0188,2,The food arrived cold.,Negative,2026-02-16 20:00:00,food arrived cold,0.0,Neutral,Negative,True,False
REV029678,O002661,C02442,R0062,1,The food arrived cold.,Negative,2026-03-20 14:00:00,food arrived cold,0.0,Neutral,Negative,True,False
REV016295,O008365,C01745,R0212,5,Everything was perfect and well packed.,Positive,2026-03-14 07:00:00,everything perfect well packed,0.7003,Positive,Positive,True,True
REV026252,O020883,C02632,R0283,4,I received the wrong item.,Negative,2026-03-10 11:00:00,received wrong item,-0.4767,Negative,Negative,True,True
REV011550,O041065,C00361,R0202,4,The food was delicious and fresh.,Positive,2026-05-21 08:00:00,food delicious fresh,0.7184,Positive,Positive,True,True
REV002624,O037685,C02231,R0088,5,Really tasty food with generous portions.,Positive,2026-04-23 05:00:00,really tasty food generous portion,0.5106,Positive,Positive,True,True
REV010329,O002326,C03997,R0052,5,Fast delivery and great packaging.,Positive,2026-01-28 09:00:00,fast delivery great packaging,0.6249,Positive,Positive,True,True
REV022575,O018881,C02059,R0169,4,Fast delivery and great packaging.,Positive,2026-02-05 09:00:00,fast delivery great packaging,0.6249,Positive,Positive,True,True
REV008112,O045620,C00572,R0226,5,Really tasty food with generous portions.,Positive,2026-03-14 09:00:00,really tasty food generous portion,0.5106,Positive,Positive,True,True
REV013384,O048477,C00879,R0215,5,Amazing food and excellent quality.,Positive,2026-03-03 07:00:00,amazing food excellent quality,0.8176,Positive,Positive,True,True
REV017567,O017364,C02761,R0269,4,Delivery was fast and the food arrived hot.,Positive,2026-04-17 16:00:00,delivery fast food arrived hot,0.0,Neutral,Positive,True,False
REV012690,O020276,C01762,R0088,3,The food was acceptable.,Neutral,2026-01-27 04:00:00,food acceptable,0.3182,Positive,Neutral,True,False
REV011733,O036505,C04754,R0225,5,Very poor experience with the delivery.,Negative,2026-01-18 03:00:00,poor experience delivery,-0.5256,Negative,Negative,True,True
REV005580,O021361,C02749,R0294,4,Fast delivery and great packaging.,Positive,2026-03-22 19:00:00,fast delivery great packaging,0.6249,Positive,Positive,True,True
REV028005,O000335,C01053,R0054,4,Great quality and very good service.,Positive,2026-01-29 17:00:00,great quality good service,0.807,Positive,Positive,True,True
REV011781,O015483,C03779,R0017,5,The food was fresh and flavorful.,Positive,2026-04-04 04:00:00,food fresh flavorful,0.3182,Positive,Positive,True,True
REV028437,O044990,C03653,R0202,3,The food was decent.,Neutral,2026-05-13 23:00:00,food decent,0.0,Neutral,Neutral,True,True
REV001873,O023492,C00880,R0211,4,The food was fresh and flavorful.,Positive,2026-02-20 01:00:00,food fresh flavorful,0.3182,Positive,Positive,True,True
REV003927,O049956,C04064,R0196,2,My order was missing an item.,Negative,2026-02-17 18:00:00,order missing item,-0.296,Negative,Negative,True,True
REV022290,O027007,C02996,R0167,5,The food was delicious and fresh.,Positive,2026-06-19 19:00:00,food delicious fresh,0.7184,Positive,Positive,True,True
REV026876,O010755,C02918,R0099,5,The food was delicious and fresh.,Positive,2026-06-05 16:00:00,food delicious fresh,0.7184,Positive,Positive,True,True
REV020982,O032999,C02762,R0057,4,Delivery was fast and the food arrived hot.,Positive,2026-06-28 07:00:00,delivery fast food arrived hot,0.0,Neutral,Positive,True,False
REV027660,O013615,C04218,R0030,5,Amazing food and excellent quality.,Positive,2026-03-07 04:00:00,amazing food excellent quality,0.8176,Positive,Positive,True,True
REV028776,O020790,C03734,R0225,5,The food arrived cold.,Negative,2026-05-21 00:00:00,food arrived cold,0.0,Neutral,Negative,True,False
REV020734,O013172,C04238,R0037,5,Everything was perfect and well packed.,Positive,2026-02-19 21:00:00,everything perfect well packed,0.7003,Positive,Positive,True,True
REV000943,O042509,C04390,R0023,4,Everything was perfect and well packed.,Positive,2026-03-05 22:00:00,everything perfect well packed,0.7003,Positive,Positive,True,True
REV013609,O024036,C04179,R0065,5,The food was fresh and flavorful.,Positive,2026-02-23 12:00:00,food fresh flavorful,0.3182,Positive,Positive,True,True
REV000075,O022473,C03170,R0273,2,I received the wrong item.,Negative,2026-02-07 19:00:00,received wrong item,-0.4767,Negative,Negative,True,True
REV006407,O023179,C02918,R0295,4,The order arrived quickly and everything was hot.,Positive,2026-04-15 04:00:00,order arrived quickly everything hot,0.0,Neutral,Positive,True,False
REV013308,O023113,C03030,R0254,4,The food was fresh and flavorful.,Positive,2026-05-27 22:00:00,food fresh flavorful,0.3182,Positive,Positive,True,True
REV009457,O022159,C02158,R0133,5,Amazing food and excellent quality.,Positive,2026-01-07 15:00:00,amazing food excellent quality,0.8176,Positive,Positive,True,True
REV016943,O040925,C02709,R0032,1,The order took too long to arrive.,Negative,2026-02-23 05:00:00,order took long arrive,0.0,Neutral,Negative,True,False
REV025281,O030834,C00830,R0198,4,The food was delicious and fresh.,Positive,2026-04-27 12:00:00,food delicious fresh,0.7184,Positive,Positive,True,True
REV015131,O000860,C04942,R0141,4,The order arrived quickly and everything was hot.,Positive,2026-03-23 19:00:00,order arrived quickly everything hot,0.0,Neutral,Positive,True,False
REV027655,O048702,C00728,R0258,1,The food was bland and disappointing.,Negative,2026-03-08 19:00:00,food bland disappointing,-0.4939,Negative,Negative,True,True
REV006278,O024633,C02841,R0107,2,The delivery was very late.,Negative,2026-02-18 03:00:00,delivery late,0.0,Neutral,Negative,True,False
REV016893,O048505,C03318,R0081,3,The food was okay.,Neutral,2026-06-26 12:00:00,food okay,0.2263,Positive,Neutral,True,False
REV020420,O003375,C00174,R0056,5,Amazing food and excellent quality.,Positive,2026-01-17 10:00:00,amazing food excellent quality,0.8176,Positive,Positive,True,True
REV016866,O004565,C02429,R0288,4,Really tasty food with generous portions.,Positive,2026-06-29 02:00:00,really tasty food generous portion,0.5106,Positive,Positive,True,True
REV011044,O004963,C04207,R0126,4,The packaging was damaged.,Negative,2026-03-30 14:00:00,packaging damaged,-0.4404,Negative,Negative,True,True
REV015797,O045253,C01834,R0205,4,Amazing food and excellent quality.,Positive,2026-02-17 01:00:00,amazing food excellent quality,0.8176,Positive,Positive,True,True
REV005840,O011762,C01566,R0184,5,Very poor experience with the delivery.,Negative,2026-03-22 06:00:00,poor experience delivery,-0.5256,Negative,Negative,True,True
REV001070,O038011,C04123,R0257,4,The food was delicious and fresh.,Positive,2026-06-08 15:00:00,food delicious fresh,0.7184,Positive,Positive,True,True
REV019357,O007227,C00111,R0276,4,Amazing food and excellent quality.,Positive,2026-06-30 22:00:00,amazing food excellent quality,0.8176,Positive,Positive,True,True
REV005025,O007977,C04171,R0114,5,Really tasty food with generous portions.,Positive,2026-04-09 18:00:00,really tasty food generous portion,0.5106,Positive,Positive,True,True
REV002576,O036289,C01786,R0191,5,Amazing food and excellent quality.,Positive,2026-01-26 03:00:00,amazing food excellent quality,0.8176,Positive,Positive,True,True
REV022343,O034577,C04224,R0220,5,Everything was perfect and well packed.,Positive,2026-06-30 15:00:00,everything perfect well packed,0.7003,Positive,Positive,True,True
REV029125,O025607,C04656,R0235,5,Excellent experience from start to finish.,Positive,2026-01-12 17:00:00,excellent experience start finish,0.5719,Positive,Positive,True,True
REV016445,O024175,C02098,R0142,5,Excellent experience from start to finish.,Positive,2026-01-12 19:00:00,excellent experience start finish,0.5719,Positive,Positive,True,True
REV022664,O047750,C02744,R0070,2,The order took too long to arrive.,Negative,2026-04-04 09:00:00,order took long arrive,0.0,Neutral,Negative,True,False
REV022981,O011598,C00316,R0024,4,Amazing food and excellent quality.,Positive,2026-03-10 03:00:00,amazing food excellent quality,0.8176,Positive,Positive,True,True
REV021889,O043550,C03808,R0239,5,The food was fresh and flavorful.,Positive,2026-05-30 16:00:00,food fresh flavorful,0.3182,Positive,Positive,True,True
REV018506,O037219,C02030,R0224,5,Excellent experience from start to finish.,Positive,2026-06-27 04:00:00,excellent experience start finish,0.5719,Positive,Positive,True,True
REV015076,O047748,C02610,R0271,2,Amazing food and excellent quality.,Positive,2026-05-16 22:00:00,amazing food excellent quality,0.8176,Positive,Positive,True,True
REV012194,O042739,C01978,R0234,5,Fast delivery and great packaging.,Positive,2026-03-08 13:00:00,fast delivery great packaging,0.6249,Positive,Positive,True,True
REV028859,O004722,C02213,R0250,5,Really tasty food with generous portions.,Positive,2026-03-25 10:00:00,really tasty food generous portion,0.5106,Positive,Positive,True,True
REV009516,O024359,C04277,R0230,4,The order arrived quickly and everything was hot.,Positive,2026-02-07 19:00:00,order arrived quickly everything hot,0.0,Neutral,Positive,True,False
REV026256,O017603,C00784,R0035,5,Fast delivery and great packaging.,Positive,2026-05-04 22:00:00,fast delivery great packaging,0.6249,Positive,Positive,True,True
REV018866,O008372,C04866,R0096,3,The order was okay overall.,Neutral,2026-03-10 05:00:00,order okay overall,0.2263,Positive,Neutral,True,False
REV010006,O017397,C02223,R0213,5,The food was fresh and flavorful.,Positive,2026-02-01 20:00:00,food fresh flavorful,0.3182,Positive,Positive,True,True
REV005743,O007983,C02282,R0067,4,Really tasty food with generous portions.,Positive,2026-03-20 03:00:00,really tasty food generous portion,0.5106,Positive,Positive,True,True
REV006601,O004421,C02695,R0241,5,Everything was perfect and well packed.,Positive,2026-06-03 09:00:00,everything perfect well packed,0.7003,Positive,Positive,True,True
REV025132,O018666,C03352,R0073,4,Very poor experience with the delivery.,Negative,2026-04-19 03:00:00,poor experience delivery,-0.5256,Negative,Negative,True,True
REV008387,O016075,C04062,R0193,5,Amazing food and excellent quality.,Positive,2026-05-13 18:00:00,amazing food excellent quality,0.8176,Positive,Positive,True,True
REV008710,O013608,C02071,R0202,1,The delivery was very late.,Negative,2026-01-29 07:00:00,delivery late,0.0,Neutral,Negative,True,False
REV001167,O012660,C03338,R0287,5,Everything was perfect and well packed.,Positive,2026-06-30 15:00:00,everything perfect well packed,0.7003,Positive,Positive,True,True
REV021845,O033412,C01155,R0153,5,The food was fresh and flavorful.,Positive,2026-03-28 15:00:00,food fresh flavorful,0.3182,Positive,Positive,True,True
REV018760,O041433,C00421,R0249,5,Amazing food and excellent quality.,Positive,2026-04-21 14:00:00,amazing food excellent quality,0.8176,Positive,Positive,True,True
REV029390,O020268,C00147,R0122,5,The order arrived quickly and everything was hot.,Positive,2026-05-16 14:00:00,order arrived quickly everything hot,0.0,Neutral,Positive,True,False
REV025030,O031861,C00340,R0276,5,The food was delicious and fresh.,Positive,2026-06-01 14:00:00,food delicious fresh,0.7184,Positive,Positive,True,True
REV027834,O037888,C02490,R0106,1,The packaging was damaged.,Negative,2026-02-08 22:00:00,packaging damaged,-0.4404,Negative,Negative,True,True
REV021646,O000796,C04561,R0086,4,Fast delivery and great packaging.,Positive,2026-04-27 22:00:00,fast delivery great packaging,0.6249,Positive,Positive,True,True
REV014538,O002717,C00904,R0149,4,Delivery was fast and the food arrived hot.,Positive,2026-01-04 22:00:00,delivery fast food arrived hot,0.0,Neutral,Positive,True,False
REV018190,O043945,C01895,R0203,4,The food was delicious and fresh.,Positive,2026-05-27 15:00:00,food delicious fresh,0.7184,Positive,Positive,True,True
REV023241,O005764,C00530,R0103,5,Delivery was fast and the food arrived hot.,Positive,2026-02-22 01:00:00,delivery fast food arrived hot,0.0,Neutral,Positive,True,False
REV017383,O006357,C01495,R0276,4,Amazing food and excellent quality.,Positive,2026-06-22 18:00:00,amazing food excellent quality,0.8176,Positive,Positive,True,True
REV026078,O000818,C02414,R0044,5,The food was delicious and fresh.,Positive,2026-03-22 22:00:00,food delicious fresh,0.7184,Positive,Positive,True,True
REV013324,O034098,C01742,R0221,4,Fast delivery and great packaging.,Positive,2026-06-09 22:00:00,fast delivery great packaging,0.6249,Positive,Positive,True,True
REV020801,O031000,C03472,R0166,5,Amazing food and excellent quality.,Positive,2026-03-17 07:00:00,amazing food excellent quality,0.8176,Positive,Positive,True,True
REV013457,O016209,C02935,R0205,2,I received the wrong item.,Negative,2026-01-24 10:00:00,received wrong item,-0.4767,Negative,Negative,True,True
REV026164,O038664,C03744,R0212,2,I received the wrong item.,Negative,2026-06-25 08:00:00,received wrong item,-0.4767,Negative,Negative,True,True
REV028801,O018334,C02564,R0209,4,The order arrived quickly and everything was hot.,Positive,2026-03-04 00:00:00,order arrived quickly everything hot,0.0,Neutral,Positive,True,False
REV015607,O008648,C01905,R0258,4,The food was fresh and flavorful.,Positive,2026-06-27 05:00:00,food fresh flavorful,0.3182,Positive,Positive,True,True
REV024022,O037511,C02403,R0008,4,Fast delivery and great packaging.,Positive,2026-04-30 07:00:00,fast delivery great packaging,0.6249,Positive,Positive,True,True
REV008325,O001933,C04276,R0171,5,Excellent experience from start to finish.,Positive,2026-01-04 17:00:00,excellent experience start finish,0.5719,Positive,Positive,True,True
REV006425,O028564,C02609,R0081,4,Great quality and very good service.,Positive,2026-06-10 03:00:00,great quality good service,0.807,Positive,Positive,True,True
REV022608,O011155,C00524,R0171,4,Fast delivery and great packaging.,Positive,2026-01-22 08:00:00,fast delivery great packaging,0.6249,Positive,Positive,True,True
REV028965,O020660,C02783,R0285,3,The food was acceptable.,Neutral,2026-03-27 03:00:00,food acceptable,0.3182,Positive,Neutral,True,False
REV008510,O023719,C03427,R0182,5,The order arrived quickly and everything was hot.,Positive,2026-04-10 18:00:00,order arrived quickly everything hot,0.0,Neutral,Positive,True,False
REV003725,O005848,C00173,R0063,5,Amazing food and excellent quality.,Positive,2026-05-31 14:00:00,amazing food excellent quality,0.8176,Positive,Positive,True,True
REV017557,O040878,C02009,R0105,5,The food was delicious and fresh.,Positive,2026-06-29 12:00:00,food delicious fresh,0.7184,Positive,Positive,True,True
REV013634,O031928,C00882,R0143,5,Fast delivery and great packaging.,Positive,2026-03-17 05:00:00,fast delivery great packaging,0.6249,Positive,Positive,True,True
REV003901,O029558,C00406,R0229,3,The food was decent.,Neutral,2026-06-03 09:00:00,food decent,0.0,Neutral,Neutral,True,True
REV014331,O041634,C02950,R0002,3,The food was okay.,Neutral,2026-03-08 01:00:00,food okay,0.2263,Positive,Neutral,True,False
REV003920,O012721,C00766,R0156,5,Really tasty food with generous portions.,Positive,2026-02-13 11:00:00,really tasty food generous portion,0.5106,Positive,Positive,True,True
REV004059,O031940,C00297,R0286,3,The food was acceptable.,Neutral,2026-04-13 22:00:00,food acceptable,0.3182,Positive,Neutral,True,False
REV009260,O025078,C04877,R0037,5,The order arrived quickly and everything was hot.,Positive,2026-03-24 08:00:00,order arrived quickly everything hot,0.0,Neutral,Positive,True,False
REV023708,O029620,C02562,R0015,4,Delivery was fast and the food arrived hot.,Positive,2026-03-29 16:00:00,delivery fast food arrived hot,0.0,Neutral,Positive,True,False
REV014524,O000436,C03334,R0137,4,The order arrived quickly and everything was hot.,Positive,2026-01-23 17:00:00,order arrived quickly everything hot,0.0,Neutral,Positive,True,False
REV021509,O042450,C01267,R0212,3,The order was okay overall.,Neutral,2026-03-27 14:00:00,order okay overall,0.2263,Positive,Neutral,True,False
REV010703,O025780,C03292,R0181,4,Delivery was fast and the food arrived hot.,Positive,2026-06-13 09:00:00,delivery fast food arrived hot,0.0,Neutral,Positive,True,False
REV004975,O001896,C03770,R0269,4,The food was fresh and flavorful.,Positive,2026-06-08 23:00:00,food fresh flavorful,0.3182,Positive,Positive,True,True
REV020834,O045238,C01105,R0146,5,Great quality and very good service.,Positive,2026-02-27 19:00:00,great quality good service,0.807,Positive,Positive,True,True
REV010858,O019790,C04864,R0039,5,Everything was perfect and well packed.,Positive,2026-04-14 17:00:00,everything perfect well packed,0.7003,Positive,Positive,True,True
REV008455,O042828,C04697,R0204,4,Excellent experience from start to finish.,Positive,2026-05-20 01:00:00,excellent experience start finish,0.5719,Positive,Positive,True,True
REV000124,O021564,C02941,R0050,5,The food was fresh and flavorful.,Positive,2026-01-19 21:00:00,food fresh flavorful,0.3182,Positive,Positive,True,True
REV020085,O008729,C01148,R0076,5,Fast delivery and great packaging.,Positive,2026-02-27 07:00:00,fast delivery great packaging,0.6249,Positive,Positive,True,True
REV005123,O038919,C03818,R0067,2,The food arrived cold.,Negative,2026-01-27 14:00:00,food arrived cold,0.0,Neutral,Negative,True,False
REV004058,O032331,C00393,R0287,4,The food was fresh and flavorful.,Positive,2026-05-08 21:00:00,food fresh flavorful,0.3182,Positive,Positive,True,True
REV014742,O008677,C04322,R0118,5,Delivery was fast and the food arrived hot.,Positive,2026-05-29 07:00:00,delivery fast food arrived hot,0.0,Neutral,Positive,True,False
REV027546,O028599,C00251,R0070,5,Great quality and very good service.,Positive,2026-03-19 01:00:00,great quality good service,0.807,Positive,Positive,True,True
REV026614,O049218,C02240,R0160,5,Really tasty food with generous portions.,Positive,2026-06-13 06:00:00,really tasty food generous portion,0.5106,Positive,Positive,True,True
REV017311,O000407,C02825,R0195,5,The food was cold and the delivery was late.,Negative,2026-05-08 09:00:00,food cold delivery late,0.0,Neutral,Negative,True,False
REV028417,O049724,C00316,R0159,4,The order arrived quickly and everything was hot.,Positive,2026-01-24 13:00:00,order arrived quickly everything hot,0.0,Neutral,Positive,True,False
REV004694,O001527,C02454,R0195,2,The food was bland and disappointing.,Negative,2026-05-13 22:00:00,food bland disappointing,-0.4939,Negative,Negative,True,True
REV028748,O039413,C00867,R0227,1,My order was missing an item.,Negative,2026-06-11 08:00:00,order missing item,-0.296,Negative,Negative,True,True
REV010192,O034508,C02488,R0127,5,Really tasty food with generous portions.,Positive,2026-03-22 23:00:00,really tasty food generous portion,0.5106,Positive,Positive,True,True
REV003462,O047769,C02590,R0295,5,The food was fresh and flavorful.,Positive,2026-05-08 12:00:00,food fresh flavorful,0.3182,Positive,Positive,True,True
REV006662,O024842,C04721,R0043,5,Amazing food and excellent quality.,Positive,2026-02-14 22:00:00,amazing food excellent quality,0.8176,Positive,Positive,True,True
REV013685,O019729,C03861,R0101,5,Delivery was fast and the food arrived hot.,Positive,2026-01-29 13:00:00,delivery fast food arrived hot,0.0,Neutral,Positive,True,False
REV028786,O003883,C01307,R0169,5,Everything was perfect and well packed.,Positive,2026-01-27 08:00:00,everything perfect well packed,0.7003,Positive,Positive,True,True
REV022213,O039501,C01623,R0103,5,Really tasty food with generous portions.,Positive,2026-01-02 03:00:00,really tasty food generous portion,0.5106,Positive,Positive,True,True
REV006426,O045580,C04213,R0089,3,It was an ordinary experience.,Neutral,2026-02-18 20:00:00,ordinary experience,0.0,Neutral,Neutral,True,True
REV025232,O007572,C02702,R0286,4,The delivery was very late.,Negative,2026-03-02 00:00:00,delivery late,0.0,Neutral,Negative,True,False
REV025180,O028027,C00057,R0123,5,The order arrived quickly and everything was hot.,Positive,2026-03-23 16:00:00,order arrived quickly everything hot,0.0,Neutral,Positive,True,False
REV007155,O030410,C04167,R0049,4,The order arrived quickly and everything was hot.,Positive,2026-02-27 21:00:00,order arrived quickly everything hot,0.0,Neutral,Positive,True,False
REV000127,O017071,C03906,R0300,5,The food was fresh and flavorful.,Positive,2026-01-15 18:00:00,food fresh flavorful,0.3182,Positive,Positive,True,True
REV022062,O033905,C02325,R0054,4,Fast delivery and great packaging.,Positive,2026-03-03 08:00:00,fast delivery great packaging,0.6249,Positive,Positive,True,True
REV014459,O025283,C02213,R0281,4,The food was fresh and flavorful.,Positive,2026-02-02 12:00:00,food fresh flavorful,0.3182,Positive,Positive,True,True
REV021884,O031583,C04562,R0252,5,The food was fresh and flavorful.,Positive,2026-03-10 13:00:00,food fresh flavorful,0.3182,Positive,Positive,True,True
REV019751,O027503,C03642,R0101,3,Great quality and very good service.,Positive,2026-03-31 12:00:00,great quality good service,0.807,Positive,Positive,True,True
REV015525,O045691,C02061,R0157,4,The food was delicious and fresh.,Positive,2026-06-01 07:00:00,food delicious fresh,0.7184,Positive,Positive,True,True
REV013601,O020025,C03939,R0291,4,Everything was perfect and well packed.,Positive,2026-05-27 22:00:00,everything perfect well packed,0.7003,Positive,Positive,True,True
REV018516,O021779,C01198,R0039,2,The order was delayed for a long time.,Negative,2026-05-01 11:00:00,order delayed long time,-0.2263,Negative,Negative,True,True
REV029972,O010458,C02917,R0191,5,Amazing food and excellent quality.,Positive,2026-05-04 04:00:00,amazing food excellent quality,0.8176,Positive,Positive,True,True
REV002666,O014880,C01952,R0049,3,Nothing special about the order.,Neutral,2026-06-23 03:00:00,nothing special order,-0.3089,Negative,Neutral,True,False
REV021016,O016079,C03321,R0211,2,Very poor experience with the delivery.,Negative,2026-03-30 23:00:00,poor experience delivery,-0.5256,Negative,Negative,True,True
REV007902,O022255,C03456,R0054,4,The food was delicious and fresh.,Positive,2026-04-07 01:00:00,food delicious fresh,0.7184,Positive,Positive,True,True
REV001404,O034977,C01879,R0257,4,The food was fresh and flavorful.,Positive,2026-03-23 05:00:00,food fresh flavorful,0.3182,Positive,Positive,True,True
REV015159,O007035,C04733,R0033,5,Fast delivery and great packaging.,Positive,2026-01-17 12:00:00,fast delivery great packaging,0.6249,Positive,Positive,True,True
REV022215,O029554,C00757,R0265,4,The order arrived quickly and everything was hot.,Positive,2026-04-26 11:00:00,order arrived quickly everything hot,0.0,Neutral,Positive,True,False
REV022860,O029892,C00385,R0211,4,The food was fresh and flavorful.,Positive,2026-02-14 13:00:00,food fresh flavorful,0.3182,Positive,Positive,True,True
REV026572,O048456,C04805,R0251,4,Amazing food and excellent quality.,Positive,2026-04-05 11:00:00,amazing food excellent quality,0.8176,Positive,Positive,True,True
REV010434,O039240,C00179,R0284,4,Delivery was fast and the food arrived hot.,Positive,2026-01-22 22:00:00,delivery fast food arrived hot,0.0,Neutral,Positive,True,False
REV019156,O034377,C04631,R0294,5,Really tasty food with generous portions.,Positive,2026-03-16 01:00:00,really tasty food generous portion,0.5106,Positive,Positive,True,True
REV014856,O011612,C03480,R0283,2,I received the wrong item.,Negative,2026-01-08 00:00:00,received wrong item,-0.4767,Negative,Negative,True,True
REV003474,O049652,C02803,R0019,5,Fast delivery and great packaging.,Positive,2026-02-14 09:00:00,fast delivery great packaging,0.6249,Positive,Positive,True,True
REV013281,O031012,C01438,R0072,4,Delivery was fast and the food arrived hot.,Positive,2026-03-06 08:00:00,delivery fast food arrived hot,0.0,Neutral,Positive,True,False
REV004139,O033306,C01494,R0189,4,Everything was perfect and well packed.,Positive,2026-06-02 00:00:00,everything perfect well packed,0.7003,Positive,Positive,True,True
REV028902,O027614,C00791,R0099,4,The food was fresh and flavorful.,Positive,2026-02-23 04:00:00,food fresh flavorful,0.3182,Positive,Positive,True,True
REV003373,O002392,C03056,R0107,4,Everything was perfect and well packed.,Positive,2026-02-05 21:00:00,everything perfect well packed,0.7003,Positive,Positive,True,True
REV012686,O026635,C04477,R0273,5,Delivery was fast and the food arrived hot.,Positive,2026-01-06 13:00:00,delivery fast food arrived hot,0.0,Neutral,Positive,True,False
REV018833,O023825,C01901,R0094,4,The food was fresh and flavorful.,Positive,2026-04-07 14:00:00,food fresh flavorful,0.3182,Positive,Positive,True,True
REV027471,O008452,C03260,R0265,4,Great quality and very good service.,Positive,2026-04-10 02:00:00,great quality good service,0.807,Positive,Positive,True,True
REV015444,O018356,C01394,R0123,2,The packaging was damaged.,Negative,2026-05-16 11:00:00,packaging damaged,-0.4404,Negative,Negative,True,True
REV029899,O048834,C02726,R0134,4,Great quality and very good service.,Positive,2026-04-21 05:00:00,great quality good service,0.807,Positive,Positive,True,True
REV026558,O007639,C00169,R0105,5,Everything was perfect and well packed.,Positive,2026-04-09 16:00:00,everything perfect well packed,0.7003,Positive,Positive,True,True
REV008739,O032270,C04003,R0056,3,It was an ordinary experience.,Neutral,2026-01-05 14:00:00,ordinary experience,0.0,Neutral,Neutral,True,True
REV002797,O038355,C01636,R0135,3,The food was decent.,Neutral,2026-02-06 12:00:00,food decent,0.0,Neutral,Neutral,True,True
REV009785,O008945,C02770,R0052,5,Excellent experience from start to finish.,Positive,2026-01-25 02:00:00,excellent experience start finish,0.5719,Positive,Positive,True,True
REV006628,O046528,C02736,R0125,5,The order arrived quickly and everything was hot.,Positive,2026-03-23 06:00:00,order arrived quickly everything hot,0.0,Neutral,Positive,True,False
REV026088,O039830,C02470,R0104,1,I received the wrong item.,Negative,2026-06-15 08:00:00,received wrong item,-0.4767,Negative,Negative,True,True
REV014765,O025209,C04602,R0142,4,Everything was perfect and well packed.,Positive,2026-06-07 21:00:00,everything perfect well packed,0.7003,Positive,Positive,True,True
REV025153,O043002,C04564,R0078,3,The order was okay overall.,Neutral,2026-06-15 06:00:00,order okay overall,0.2263,Positive,Neutral,True,False
REV014698,O037096,C01462,R0276,5,The food was delicious and fresh.,Positive,2026-04-29 13:00:00,food delicious fresh,0.7184,Positive,Positive,True,True
REV027991,O029267,C02753,R0157,5,Amazing food and excellent quality.,Positive,2026-01-12 03:00:00,amazing food excellent quality,0.8176,Positive,Positive,True,True
REV002604,O028620,C00433,R0161,4,Everything was perfect and well packed.,Positive,2026-06-13 00:00:00,everything perfect well packed,0.7003,Positive,Positive,True,True
REV002692,O014378,C00166,R0252,2,The food was bland and disappointing.,Negative,2026-03-14 19:00:00,food bland disappointing,-0.4939,Negative,Negative,True,True
REV018860,O006390,C02823,R0216,5,Excellent experience from start to finish.,Positive,2026-06-14 19:00:00,excellent experience start finish,0.5719,Positive,Positive,True,True
REV020799,O019621,C04524,R0125,4,Everything was perfect and well packed.,Positive,2026-06-13 20:00:00,everything perfect well packed,0.7003,Positive,Positive,True,True
REV011021,O038173,C01687,R0024,2,Very poor experience with the delivery.,Negative,2026-03-16 20:00:00,poor experience delivery,-0.5256,Negative,Negative,True,True
REV003217,O030929,C03270,R0156,5,Really tasty food with generous portions.,Positive,2026-05-11 15:00:00,really tasty food generous portion,0.5106,Positive,Positive,True,True
REV003059,O040849,C04217,R0194,4,Everything was perfect and well packed.,Positive,2026-03-01 00:00:00,everything perfect well packed,0.7003,Positive,Positive,True,True
REV022309,O000265,C03304,R0053,3,The order was okay overall.,Neutral,2026-04-06 20:00:00,order okay overall,0.2263,Positive,Neutral,True,False
REV019915,O020995,C00155,R0179,3,The food was fresh and flavorful.,Positive,2026-01-17 03:00:00,food fresh flavorful,0.3182,Positive,Positive,True,True
REV013641,O031197,C02887,R0001,4,The order arrived quickly and everything was hot.,Positive,2026-06-19 11:00:00,order arrived quickly everything hot,0.0,Neutral,Positive,True,False
REV018469,O010867,C03097,R0063,4,The packaging was damaged.,Negative,2026-04-11 03:00:00,packaging damaged,-0.4404,Negative,Negative,True,True
REV005206,O030421,C04276,R0086,3,I received the wrong item.,Negative,2026-04-30 18:00:00,received wrong item,-0.4767,Negative,Negative,True,True
REV011022,O035449,C00742,R0130,2,The food was bland and disappointing.,Negative,2026-01-31 15:00:00,food bland disappointing,-0.4939,Negative,Negative,True,True
REV008987,O017738,C03505,R0070,4,Really tasty food with generous portions.,Positive,2026-04-26 13:00:00,really tasty food generous portion,0.5106,Positive,Positive,True,True
REV000983,O026607,C02837,R0089,5,The food was fresh and flavorful.,Positive,2026-03-20 21:00:00,food fresh flavorful,0.3182,Positive,Positive,True,True
REV012335,O010104,C03391,R0018,5,Everything was perfect and well packed.,Positive,2026-01-14 10:00:00,everything perfect well packed,0.7003,Positive,Positive,True,True
REV021050,O046151,C04179,R0222,4,The food was delicious and fresh.,Positive,2026-05-31 10:00:00,food delicious fresh,0.7184,Positive,Positive,True,True
REV018829,O030311,C04601,R0282,5,Delivery was fast and the food arrived hot.,Positive,2026-06-28 22:00:00,delivery fast food arrived hot,0.0,Neutral,Positive,True,False
REV006301,O018176,C02405,R0104,5,Really tasty food with generous portions.,Positive,2026-02-19 14:00:00,really tasty food generous portion,0.5106,Positive,Positive,True,True
REV006231,O025989,C04063,R0076,5,Great quality and very good service.,Positive,2026-04-21 12:00:00,great quality good service,0.807,Positive,Positive,True,True
REV013469,O020521,C03960,R0257,2,The food arrived cold.,Negative,2026-06-27 05:00:00,food arrived cold,0.0,Neutral,Negative,True,False
REV014988,O022256,C02005,R0122,5,Excellent experience from start to finish.,Positive,2026-05-10 11:00:00,excellent experience start finish,0.5719,Positive,Positive,True,True
REV024673,O039797,C02322,R0203,5,Great quality and very good service.,Positive,2026-06-10 20:00:00,great quality good service,0.807,Positive,Positive,True,True
REV005393,O015176,C02772,R0122,5,Amazing food and excellent quality.,Positive,2026-05-14 16:00:00,amazing food excellent quality,0.8176,Positive,Positive,True,True
REV006835,O011900,C02044,R0263,5,Delivery was fast and the food arrived hot.,Positive,2026-02-26 08:00:00,delivery fast food arrived hot,0.0,Neutral,Positive,True,False
REV016777,O016821,C04174,R0077,5,Delivery was fast and the food arrived hot.,Positive,2026-06-30 10:00:00,delivery fast food arrived hot,0.0,Neutral,Positive,True,False
REV005381,O003155,C03878,R0083,3,Nothing special about the order.,Neutral,2026-02-12 13:00:00,nothing special order,-0.3089,Negative,Neutral,True,False
REV000907,O044296,C03332,R0210,5,Excellent experience from start to finish.,Positive,2026-04-10 04:00:00,excellent experience start finish,0.5719,Positive,Positive,True,True
REV007265,O024923,C01034,R0214,3,Nothing special about the order.,Neutral,2026-06-22 16:00:00,nothing special order,-0.3089,Negative,Neutral,True,False
REV004408,O035576,C01210,R0010,5,Excellent experience from start to finish.,Positive,2026-04-28 08:00:00,excellent experience start finish,0.5719,Positive,Positive,True,True
REV015147,O003187,C00590,R0190,4,Amazing food and excellent quality.,Positive,2026-03-16 06:00:00,amazing food excellent quality,0.8176,Positive,Positive,True,True
REV028290,O012168,C01113,R0261,3,The food was okay.,Neutral,2026-02-02 06:00:00,food okay,0.2263,Positive,Neutral,True,False
REV016808,O005201,C00052,R0108,4,The food was bland and disappointing.,Negative,2026-02-08 23:00:00,food bland disappointing,-0.4939,Negative,Negative,True,True
REV019923,O014977,C03417,R0046,2,The order was delayed for a long time.,Negative,2026-04-19 23:00:00,order delayed long time,-0.2263,Negative,Negative,True,True
REV022171,O036027,C00961,R0093,1,The packaging was damaged.,Negative,2026-05-07 10:00:00,packaging damaged,-0.4404,Negative,Negative,True,True
REV016115,O026302,C03874,R0115,4,Fast delivery and great packaging.,Positive,2026-01-10 02:00:00,fast delivery great packaging,0.6249,Positive,Positive,True,True
REV004544,O028715,C03067,R0032,4,Excellent experience from start to finish.,Positive,2026-03-17 18:00:00,excellent experience start finish,0.5719,Positive,Positive,True,True
REV024824,O005587,C02739,R0217,3,Food quality was average.,Neutral,2026-02-10 00:00:00,food quality average,0.0,Neutral,Neutral,True,True
REV001459,O012495,C00560,R0205,4,I received the wrong item.,Negative,2026-04-05 07:00:00,received wrong item,-0.4767,Negative,Negative,True,True
REV023965,O005284,C01193,R0036,4,Great quality and very good service.,Positive,2026-06-05 19:00:00,great quality good service,0.807,Positive,Positive,True,True
REV027758,O045175,C03669,R0031,5,Excellent experience from start to finish.,Positive,2026-01-21 11:00:00,excellent experience start finish,0.5719,Positive,Positive,True,True
REV020636,O015095,C01522,R0108,5,Excellent experience from start to finish.,Positive,2026-01-16 08:00:00,excellent experience start finish,0.5719,Positive,Positive,True,True
REV008429,O020160,C03984,R0177,4,Everything was perfect and well packed.,Positive,2026-04-30 18:00:00,everything perfect well packed,0.7003,Positive,Positive,True,True
REV000704,O003729,C01142,R0255,5,The food was fresh and flavorful.,Positive,2026-06-05 12:00:00,food fresh flavorful,0.3182,Positive,Positive,True,True
REV023943,O024593,C00594,R0107,4,Delivery was fast and the food arrived hot.,Positive,2026-04-05 18:00:00,delivery fast food arrived hot,0.0,Neutral,Positive,True,False
REV009263,O028809,C03394,R0007,4,The food was bland and disappointing.,Negative,2026-04-14 19:00:00,food bland disappointing,-0.4939,Negative,Negative,True,True
REV013153,O045179,C01443,R0078,4,Really tasty food with generous portions.,Positive,2026-01-13 14:00:00,really tasty food generous portion,0.5106,Positive,Positive,True,True
REV002866,O014124,C01073,R0300,5,Fast delivery and great packaging.,Positive,2026-03-29 19:00:00,fast delivery great packaging,0.6249,Positive,Positive,True,True
REV003798,O010553,C04914,R0119,2,The order was delayed for a long time.,Negative,2026-06-29 05:00:00,order delayed long time,-0.2263,Negative,Negative,True,True
REV018256,O010417,C03368,R0153,4,Everything was perfect and well packed.,Positive,2026-03-03 22:00:00,everything perfect well packed,0.7003,Positive,Positive,True,True
REV009190,O018039,C02387,R0145,5,The food was fresh and flavorful.,Positive,2026-05-29 16:00:00,food fresh flavorful,0.3182,Positive,Positive,True,True
REV023380,O009444,C01660,R0064,4,The order arrived quickly and everything was hot.,Positive,2026-06-28 04:00:00,order arrived quickly everything hot,0.0,Neutral,Positive,True,False
REV020790,O001388,C02621,R0135,4,Everything was perfect and well packed.,Positive,2026-06-07 11:00:00,everything perfect well packed,0.7003,Positive,Positive,True,True
REV014815,O034271,C00598,R0099,4,Everything was perfect and well packed.,Positive,2026-05-31 12:00:00,everything perfect well packed,0.7003,Positive,Positive,True,True
REV020058,O001063,C03421,R0256,3,The food was acceptable.,Neutral,2026-02-24 05:00:00,food acceptable,0.3182,Positive,Neutral,True,False
REV019682,O007391,C01605,R0175,5,The order arrived quickly and everything was hot.,Positive,2026-06-03 04:00:00,order arrived quickly everything hot,0.0,Neutral,Positive,True,False
REV022612,O024734,C01686,R0228,5,Great quality and very good service.,Positive,2026-05-21 07:00:00,great quality good service,0.807,Positive,Positive,True,True
REV022715,O007722,C03882,R0118,5,Great quality and very good service.,Positive,2026-06-10 07:00:00,great quality good service,0.807,Positive,Positive,True,True
REV011262,O000181,C02733,R0160,5,The food was fresh and flavorful.,Positive,2026-03-08 11:00:00,food fresh flavorful,0.3182,Positive,Positive,True,True
REV019439,O001144,C01571,R0068,4,The order arrived quickly and everything was hot.,Positive,2026-05-18 10:00:00,order arrived quickly everything hot,0.0,Neutral,Positive,True,False
REV007065,O038020,C01040,R0148,5,Delivery was fast and the food arrived hot.,Positive,2026-02-24 11:00:00,delivery fast food arrived hot,0.0,Neutral,Positive,True,False
REV021791,O040696,C02468,R0261,4,Everything was perfect and well packed.,Positive,2026-04-28 15:00:00,everything perfect well packed,0.7003,Positive,Positive,True,True
REV010880,O032109,C04042,R0007,3,The food was acceptable.,Neutral,2026-06-27 22:00:00,food acceptable,0.3182,Positive,Neutral,True,False
REV028600,O002571,C04831,R0071,3,The order was okay overall.,Neutral,2026-03-04 11:00:00,order okay overall,0.2263,Positive,Neutral,True,False
REV001385,O048258,C00183,R0030,4,Amazing food and excellent quality.,Positive,2026-02-13 06:00:00,amazing food excellent quality,0.8176,Positive,Positive,True,True
REV015660,O017865,C01467,R0216,2,The food arrived cold.,Negative,2026-02-17 20:00:00,food arrived cold,0.0,Neutral,Negative,True,False
REV005303,O019770,C04482,R0255,3,The food was acceptable.,Neutral,2026-02-04 23:00:00,food acceptable,0.3182,Positive,Neutral,True,False
REV013171,O002089,C01394,R0275,5,The order arrived quickly and everything was hot.,Positive,2026-04-17 13:00:00,order arrived quickly everything hot,0.0,Neutral,Positive,True,False
REV002736,O014725,C02632,R0133,5,The food was cold and the delivery was late.,Negative,2026-06-27 03:00:00,food cold delivery late,0.0,Neutral,Negative,True,False
REV009141,O045762,C02413,R0043,5,Excellent experience from start to finish.,Positive,2026-02-22 10:00:00,excellent experience start finish,0.5719,Positive,Positive,True,True
REV024895,O041307,C01577,R0220,4,Fast delivery and great packaging.,Positive,2026-05-10 07:00:00,fast delivery great packaging,0.6249,Positive,Positive,True,True
REV010492,O015526,C04622,R0199,4,Delivery was fast and the food arrived hot.,Positive,2026-05-31 05:00:00,delivery fast food arrived hot,0.0,Neutral,Positive,True,False
REV027861,O007269,C01483,R0120,4,Amazing food and excellent quality.,Positive,2026-03-25 16:00:00,amazing food excellent quality,0.8176,Positive,Positive,True,True
REV001049,O004533,C02577,R0222,4,Everything was perfect and well packed.,Positive,2026-02-28 13:00:00,everything perfect well packed,0.7003,Positive,Positive,True,True
REV003222,O048083,C04922,R0282,3,Great quality and very good service.,Positive,2026-06-06 12:00:00,great quality good service,0.807,Positive,Positive,True,True
REV006716,O003286,C03403,R0121,4,The order arrived quickly and everything was hot.,Positive,2026-01-27 13:00:00,order arrived quickly everything hot,0.0,Neutral,Positive,True,False
REV012513,O027531,C00341,R0144,3,The order was delayed for a long time.,Negative,2026-01-05 10:00:00,order delayed long time,-0.2263,Negative,Negative,True,True
REV022025,O040818,C02392,R0250,5,Really tasty food with generous portions.,Positive,2026-01-18 21:00:00,really tasty food generous portion,0.5106,Positive,Positive,True,True
REV011157,O036332,C02359,R0175,4,The food was delicious and fresh.,Positive,2026-03-15 18:00:00,food delicious fresh,0.7184,Positive,Positive,True,True
REV002796,O014781,C01344,R0099,4,The food was fresh and flavorful.,Positive,2026-01-05 04:00:00,food fresh flavorful,0.3182,Positive,Positive,True,True
REV029817,O006369,C02534,R0221,4,Great quality and very good service.,Positive,2026-05-29 03:00:00,great quality good service,0.807,Positive,Positive,True,True
REV012531,O018496,C03644,R0079,2,The order was delayed for a long time.,Negative,2026-05-06 16:00:00,order delayed long time,-0.2263,Negative,Negative,True,True
REV010174,O012875,C02059,R0150,5,Amazing food and excellent quality.,Positive,2026-03-02 03:00:00,amazing food excellent quality,0.8176,Positive,Positive,True,True
REV029536,O020281,C04606,R0294,4,Everything was perfect and well packed.,Positive,2026-03-12 05:00:00,everything perfect well packed,0.7003,Positive,Positive,True,True
REV028256,O034727,C01332,R0249,4,Everything was perfect and well packed.,Positive,2026-01-21 19:00:00,everything perfect well packed,0.7003,Positive,Positive,True,True
REV016434,O019921,C04565,R0010,3,The food was decent.,Neutral,2026-04-30 15:00:00,food decent,0.0,Neutral,Neutral,True,True
REV010465,O018724,C00541,R0238,5,The food was fresh and flavorful.,Positive,2026-02-07 15:00:00,food fresh flavorful,0.3182,Positive,Positive,True,True
REV028741,O027501,C00945,R0271,3,Average experience.,Neutral,2026-02-03 05:00:00,average experience,0.0,Neutral,Neutral,True,True
REV003940,O009998,C01729,R0117,5,Great quality and very good service.,Positive,2026-03-29 17:00:00,great quality good service,0.807,Positive,Positive,True,True
REV000176,O026893,C00217,R0135,4,Great quality and very good service.,Positive,2026-01-29 10:00:00,great quality good service,0.807,Positive,Positive,True,True
REV024583,O000202,C00684,R0239,4,Everything was perfect and well packed.,Positive,2026-01-22 14:00:00,everything perfect well packed,0.7003,Positive,Positive,True,True
REV008022,O038452,C03491,R0178,3,Amazing food and excellent quality.,Positive,2026-05-04 09:00:00,amazing food excellent quality,0.8176,Positive,Positive,True,True
REV000698,O008146,C02595,R0116,4,Great quality and very good service.,Positive,2026-03-17 12:00:00,great quality good service,0.807,Positive,Positive,True,True
REV001702,O036485,C04876,R0069,3,The food was decent.,Neutral,2026-04-05 13:00:00,food decent,0.0,Neutral,Neutral,True,True
REV016338,O038779,C01979,R0185,2,The order took too long to arrive.,Negative,2026-06-02 21:00:00,order took long arrive,0.0,Neutral,Negative,True,False
REV002984,O004774,C02641,R0070,5,The food was fresh and flavorful.,Positive,2026-02-27 00:00:00,food fresh flavorful,0.3182,Positive,Positive,True,True
REV003329,O022621,C00695,R0167,5,The food was delicious and fresh.,Positive,2026-02-07 03:00:00,food delicious fresh,0.7184,Positive,Positive,True,True
REV001077,O025307,C03736,R0162,2,My order was missing an item.,Negative,2026-05-25 22:00:00,order missing item,-0.296,Negative,Negative,True,True
REV026213,O004987,C03888,R0251,2,The food arrived cold.,Negative,2026-01-05 16:00:00,food arrived cold,0.0,Neutral,Negative,True,False
REV029137,O012561,C01287,R0197,5,The order arrived quickly and everything was hot.,Positive,2026-06-26 02:00:00,order arrived quickly everything hot,0.0,Neutral,Positive,True,False
REV012236,O027189,C04881,R0171,5,The order arrived quickly and everything was hot.,Positive,2026-05-04 11:00:00,order arrived quickly everything hot,0.0,Neutral,Positive,True,False
REV022266,O013431,C04231,R0050,4,Fast delivery and great packaging.,Positive,2026-01-25 12:00:00,fast delivery great packaging,0.6249,Positive,Positive,True,True
REV019428,O036694,C03521,R0029,5,Everything was perfect and well packed.,Positive,2026-01-19 20:00:00,everything perfect well packed,0.7003,Positive,Positive,True,True
REV009393,O001711,C03320,R0063,4,Great quality and very good service.,Positive,2026-02-23 08:00:00,great quality good service,0.807,Positive,Positive,True,True
REV018899,O006241,C04892,R0138,4,Really tasty food with generous portions.,Positive,2026-02-17 15:00:00,really tasty food generous portion,0.5106,Positive,Positive,True,True
REV008568,O002518,C00440,R0144,5,Great quality and very good service.,Positive,2026-06-27 19:00:00,great quality good service,0.807,Positive,Positive,True,True
REV011879,O015013,C03722,R0244,2,The food was fresh and flavorful.,Positive,2026-05-02 07:00:00,food fresh flavorful,0.3182,Positive,Positive,True,True
REV013538,O033293,C02903,R0212,5,Excellent experience from start to finish.,Positive,2026-01-23 22:00:00,excellent experience start finish,0.5719,Positive,Positive,True,True
REV015150,O044413,C03335,R0024,1,The order was delayed for a long time.,Negative,2026-05-24 06:00:00,order delayed long time,-0.2263,Negative,Negative,True,True
REV020941,O031183,C02908,R0244,4,The food was fresh and flavorful.,Positive,2026-01-27 02:00:00,food fresh flavorful,0.3182,Positive,Positive,True,True
REV019293,O028999,C03093,R0126,5,Everything was perfect and well packed.,Positive,2026-03-11 13:00:00,everything perfect well packed,0.7003,Positive,Positive,True,True
REV025998,O010188,C04710,R0095,4,Excellent experience from start to finish.,Positive,2026-05-23 17:00:00,excellent experience start finish,0.5719,Positive,Positive,True,True
REV014523,O000341,C04410,R0155,4,Really tasty food with generous portions.,Positive,2026-03-03 08:00:00,really tasty food generous portion,0.5106,Positive,Positive,True,True
REV012287,O006530,C00865,R0175,2,The packaging was damaged.,Negative,2026-01-06 07:00:00,packaging damaged,-0.4404,Negative,Negative,True,True
REV006368,O021561,C02490,R0020,5,The food was delicious and fresh.,Positive,2026-05-25 23:00:00,food delicious fresh,0.7184,Positive,Positive,True,True
REV001069,O041413,C04765,R0037,1,The order was delayed for a long time.,Negative,2026-02-22 19:00:00,order delayed long time,-0.2263,Negative,Negative,True,True
REV010001,O035219,C00876,R0122,5,Great quality and very good service.,Positive,2026-04-04 22:00:00,great quality good service,0.807,Positive,Positive,True,True
REV021516,O017032,C01303,R0236,4,The food was fresh and flavorful.,Positive,2026-03-15 08:00:00,food fresh flavorful,0.3182,Positive,Positive,True,True
REV013840,O038101,C03126,R0102,3,Food quality was average.,Neutral,2026-01-27 06:00:00,food quality average,0.0,Neutral,Neutral,True,True
REV002235,O013566,C01112,R0115,4,The food was fresh and flavorful.,Positive,2026-04-26 13:00:00,food fresh flavorful,0.3182,Positive,Positive,True,True
REV008133,O039502,C00356,R0243,3,Nothing special about the order.,Neutral,2026-04-24 15:00:00,nothing special order,-0.3089,Negative,Neutral,True,False
REV006193,O038972,C00894,R0029,5,Excellent experience from start to finish.,Positive,2026-04-20 11:00:00,excellent experience start finish,0.5719,Positive,Positive,True,True
REV017217,O021066,C01659,R0142,4,The food was fresh and flavorful.,Positive,2026-06-10 06:00:00,food fresh flavorful,0.3182,Positive,Positive,True,True
REV001805,O030463,C01665,R0194,1,Fast delivery and great packaging.,Positive,2026-03-27 22:00:00,fast delivery great packaging,0.6249,Positive,Positive,True,True
REV001106,O007403,C03161,R0253,3,The order was okay overall.,Neutral,2026-07-01 01:00:00,order okay overall,0.2263,Positive,Neutral,True,False
REV001372,O032666,C03375,R0039,3,Average experience.,Neutral,2026-02-15 06:00:00,average experience,0.0,Neutral,Neutral,True,True
REV012371,O042261,C03107,R0169,5,Everything was perfect and well packed.,Positive,2026-02-21 21:00:00,everything perfect well packed,0.7003,Positive,Positive,True,True
REV012623,O025240,C02167,R0294,5,The order arrived quickly and everything was hot.,Positive,2026-02-16 21:00:00,order arrived quickly everything hot,0.0,Neutral,Positive,True,False
REV005704,O033062,C02830,R0035,3,The food was okay.,Neutral,2026-02-24 04:00:00,food okay,0.2263,Positive,Neutral,True,False
REV024917,O042531,C01998,R0240,3,Really tasty food with generous portions.,Positive,2026-04-22 22:00:00,really tasty food generous portion,0.5106,Positive,Positive,True,True
REV008604,O022610,C04346,R0265,4,Delivery was fast and the food arrived hot.,Positive,2026-02-07 09:00:00,delivery fast food arrived hot,0.0,Neutral,Positive,True,False
REV005778,O011975,C01568,R0045,5,The order arrived quickly and everything was hot.,Positive,2026-03-01 19:00:00,order arrived quickly everything hot,0.0,Neutral,Positive,True,False
REV001742,O031703,C04456,R0300,4,Excellent experience from start to finish.,Positive,2026-01-27 19:00:00,excellent experience start finish,0.5719,Positive,Positive,True,True
REV014476,O029885,C03757,R0050,4,Great quality and very good service.,Positive,2026-05-16 10:00:00,great quality good service,0.807,Positive,Positive,True,True
REV026139,O049083,C00114,R0236,5,The food was delicious and fresh.,Positive,2026-01-02 18:00:00,food delicious fresh,0.7184,Positive,Positive,True,True
REV008926,O014797,C02291,R0023,4,Delivery was fast and the food arrived hot.,Positive,2026-03-01 13:00:00,delivery fast food arrived hot,0.0,Neutral,Positive,True,False
REV003302,O009047,C04152,R0049,4,Fast delivery and great packaging.,Positive,2026-04-24 07:00:00,fast delivery great packaging,0.6249,Positive,Positive,True,True
REV028037,O036890,C04474,R0091,4,Amazing food and excellent quality.,Positive,2026-03-02 11:00:00,amazing food excellent quality,0.8176,Positive,Positive,True,True
REV004342,O007354,C00105,R0094,1,Amazing food and excellent quality.,Positive,2026-06-20 13:00:00,amazing food excellent quality,0.8176,Positive,Positive,True,True
REV027783,O043457,C00922,R0027,2,The order was delayed for a long time.,Negative,2026-05-12 05:00:00,order delayed long time,-0.2263,Negative,Negative,True,True
REV022519,O000314,C00699,R0009,4,The food was delicious and fresh.,Positive,2026-04-01 07:00:00,food delicious fresh,0.7184,Positive,Positive,True,True
REV024481,O025758,C02998,R0127,4,Fast delivery and great packaging.,Positive,2026-05-03 05:00:00,fast delivery great packaging,0.6249,Positive,Positive,True,True
REV025925,O000626,C04167,R0033,5,The food was fresh and flavorful.,Positive,2026-01-30 09:00:00,food fresh flavorful,0.3182,Positive,Positive,True,True
REV014167,O044045,C03011,R0065,4,Amazing food and excellent quality.,Positive,2026-05-02 22:00:00,amazing food excellent quality,0.8176,Positive,Positive,True,True
REV017655,O048657,C00088,R0098,4,Delivery was fast and the food arrived hot.,Positive,2026-04-02 22:00:00,delivery fast food arrived hot,0.0,Neutral,Positive,True,False
REV009855,O005624,C04121,R0163,2,My order was missing an item.,Negative,2026-06-22 13:00:00,order missing item,-0.296,Negative,Negative,True,True
REV011224,O046686,C02498,R0225,5,The food was delicious and fresh.,Positive,2026-02-17 20:00:00,food delicious fresh,0.7184,Positive,Positive,True,True
REV029217,O036001,C01937,R0252,4,Excellent experience from start to finish.,Positive,2026-06-27 11:00:00,excellent experience start finish,0.5719,Positive,Positive,True,True
REV024934,O048271,C00361,R0269,4,Everything was perfect and well packed.,Positive,2026-04-20 07:00:00,everything perfect well packed,0.7003,Positive,Positive,True,True
REV028081,O024801,C00800,R0049,1,Very poor experience with the delivery.,Negative,2026-05-31 03:00:00,poor experience delivery,-0.5256,Negative,Negative,True,True
REV000729,O036774,C03789,R0158,4,Amazing food and excellent quality.,Positive,2026-04-11 23:00:00,amazing food excellent quality,0.8176,Positive,Positive,True,True
REV020304,O024119,C03234,R0292,5,Excellent experience from start to finish.,Positive,2026-06-20 15:00:00,excellent experience start finish,0.5719,Positive,Positive,True,True
REV020229,O024251,C04871,R0004,5,Amazing food and excellent quality.,Positive,2026-04-25 05:00:00,amazing food excellent quality,0.8176,Positive,Positive,True,True
REV005494,O045443,C00211,R0200,2,I received the wrong item.,Negative,2026-04-29 12:00:00,received wrong item,-0.4767,Negative,Negative,True,True
REV005887,O045438,C03501,R0137,4,The order arrived quickly and everything was hot.,Positive,2026-04-11 19:00:00,order arrived quickly everything hot,0.0,Neutral,Positive,True,False
REV005414,O046775,C02989,R0113,5,The food was fresh and flavorful.,Positive,2026-01-04 13:00:00,food fresh flavorful,0.3182,Positive,Positive,True,True
REV011697,O032137,C04411,R0199,4,Delivery was fast and the food arrived hot.,Positive,2026-05-27 23:00:00,delivery fast food arrived hot,0.0,Neutral,Positive,True,False
REV024719,O002102,C00157,R0062,5,Excellent experience from start to finish.,Positive,2026-03-19 17:00:00,excellent experience start finish,0.5719,Positive,Positive,True,True
REV027626,O046592,C00030,R0127,5,The food was fresh and flavorful.,Positive,2026-02-16 11:00:00,food fresh flavorful,0.3182,Positive,Positive,True,True
REV019285,O014542,C02872,R0033,4,Really tasty food with generous portions.,Positive,2026-03-17 21:00:00,really tasty food generous portion,0.5106,Positive,Positive,True,True
REV016920,O033295,C04807,R0011,4,The food was fresh and flavorful.,Positive,2026-06-01 12:00:00,food fresh flavorful,0.3182,Positive,Positive,True,True
REV010620,O021187,C02241,R0046,4,Everything was perfect and well packed.,Positive,2026-02-25 21:00:00,everything perfect well packed,0.7003,Positive,Positive,True,True
REV028036,O010564,C01801,R0185,2,Fast delivery and great packaging.,Positive,2026-01-13 02:00:00,fast delivery great packaging,0.6249,Positive,Positive,True,True
REV010486,O004792,C02817,R0123,3,The experience was fine.,Neutral,2026-06-07 19:00:00,experience fine,0.2023,Positive,Neutral,True,False
REV014321,O043708,C03347,R0087,3,It was an ordinary experience.,Neutral,2026-06-30 07:00:00,ordinary experience,0.0,Neutral,Neutral,True,True
REV002146,O017715,C00540,R0096,4,Great quality and very good service.,Positive,2026-06-08 08:00:00,great quality good service,0.807,Positive,Positive,True,True
REV000756,O009969,C04282,R0172,4,Everything was perfect and well packed.,Positive,2026-01-03 13:00:00,everything perfect well packed,0.7003,Positive,Positive,True,True
REV005510,O020885,C03011,R0022,4,Really tasty food with generous portions.,Positive,2026-04-08 06:00:00,really tasty food generous portion,0.5106,Positive,Positive,True,True
REV023129,O019297,C02819,R0008,5,Excellent experience from start to finish.,Positive,2026-01-18 06:00:00,excellent experience start finish,0.5719,Positive,Positive,True,True
REV001494,O048393,C04280,R0268,5,Really tasty food with generous portions.,Positive,2026-05-10 07:00:00,really tasty food generous portion,0.5106,Positive,Positive,True,True
REV017184,O026131,C04245,R0274,4,Everything was perfect and well packed.,Positive,2026-06-17 21:00:00,everything perfect well packed,0.7003,Positive,Positive,True,True
REV009550,O009215,C01023,R0132,4,The food was fresh and flavorful.,Positive,2026-06-15 12:00:00,food fresh flavorful,0.3182,Positive,Positive,True,True
REV006186,O043231,C00229,R0202,1,My order was missing an item.,Negative,2026-02-19 19:00:00,order missing item,-0.296,Negative,Negative,True,True
REV007675,O038496,C03981,R0192,5,Everything was perfect and well packed.,Positive,2026-03-30 09:00:00,everything perfect well packed,0.7003,Positive,Positive,True,True
REV004780,O047465,C00639,R0023,5,The food was delicious and fresh.,Positive,2026-02-03 14:00:00,food delicious fresh,0.7184,Positive,Positive,True,True
REV018122,O048199,C03295,R0073,5,The order arrived quickly and everything was hot.,Positive,2026-03-17 08:00:00,order arrived quickly everything hot,0.0,Neutral,Positive,True,False
REV001950,O022892,C01427,R0216,5,Excellent experience from start to finish.,Positive,2026-05-28 13:00:00,excellent experience start finish,0.5719,Positive,Positive,True,True
REV014399,O031002,C01969,R0031,2,The food arrived cold.,Negative,2026-05-10 01:00:00,food arrived cold,0.0,Neutral,Negative,True,False
REV001577,O006027,C02766,R0065,1,I received the wrong item.,Negative,2026-04-14 23:00:00,received wrong item,-0.4767,Negative,Negative,True,True
REV002625,O005435,C04210,R0228,4,The order arrived quickly and everything was hot.,Positive,2026-05-10 10:00:00,order arrived quickly everything hot,0.0,Neutral,Positive,True,False
REV025982,O032302,C02740,R0028,5,The food was fresh and flavorful.,Positive,2026-02-07 16:00:00,food fresh flavorful,0.3182,Positive,Positive,True,True
REV009230,O047553,C00889,R0227,5,The food was delicious and fresh.,Positive,2026-01-19 04:00:00,food delicious fresh,0.7184,Positive,Positive,True,True
REV027701,O034186,C04563,R0099,5,Amazing food and excellent quality.,Positive,2026-03-01 04:00:00,amazing food excellent quality,0.8176,Positive,Positive,True,True
REV005584,O049320,C00345,R0157,4,The food was delicious and fresh.,Positive,2026-05-06 19:00:00,food delicious fresh,0.7184,Positive,Positive,True,True
REV026993,O038983,C01474,R0208,5,The food was fresh and flavorful.,Positive,2026-02-01 21:00:00,food fresh flavorful,0.3182,Positive,Positive,True,True
REV012383,O004641,C02561,R0071,4,Fast delivery and great packaging.,Positive,2026-05-29 19:00:00,fast delivery great packaging,0.6249,Positive,Positive,True,True
REV018472,O006890,C04729,R0001,5,The food was fresh and flavorful.,Positive,2026-05-30 15:00:00,food fresh flavorful,0.3182,Positive,Positive,True,True
REV011120,O033285,C01853,R0245,1,The packaging was damaged.,Negative,2026-06-15 22:00:00,packaging damaged,-0.4404,Negative,Negative,True,True
REV026911,O007089,C02419,R0194,5,Excellent experience from start to finish.,Positive,2026-03-19 04:00:00,excellent experience start finish,0.5719,Positive,Positive,True,True
REV013255,O014790,C00886,R0101,3,Food quality was average.,Neutral,2026-02-17 14:00:00,food quality average,0.0,Neutral,Neutral,True,True
REV005397,O039051,C04862,R0202,3,Really tasty food with generous portions.,Positive,2026-04-05 13:00:00,really tasty food generous portion,0.5106,Positive,Positive,True,True
REV002959,O023324,C01872,R0140,1,Really tasty food with generous portions.,Positive,2026-02-17 14:00:00,really tasty food generous portion,0.5106,Positive,Positive,True,True
REV024252,O022279,C01063,R0288,5,Really tasty food with generous portions.,Positive,2026-05-07 19:00:00,really tasty food generous portion,0.5106,Positive,Positive,True,True
REV025231,O012724,C01498,R0037,3,The food was okay.,Neutral,2026-03-19 13:00:00,food okay,0.2263,Positive,Neutral,True,False
REV017948,O040326,C02629,R0055,4,The food was fresh and flavorful.,Positive,2026-04-11 13:00:00,food fresh flavorful,0.3182,Positive,Positive,True,True
REV004846,O021510,C01578,R0065,4,The food was delicious and fresh.,Positive,2026-02-06 12:00:00,food delicious fresh,0.7184,Positive,Positive,True,True
REV019081,O019990,C02101,R0082,4,The order arrived quickly and everything was hot.,Positive,2026-06-30 20:00:00,order arrived quickly everything hot,0.0,Neutral,Positive,True,False
REV009414,O006135,C02751,R0130,4,Really tasty food with generous portions.,Positive,2026-02-23 01:00:00,really tasty food generous portion,0.5106,Positive,Positive,True,True
REV027457,O016249,C00618,R0260,3,It was an ordinary experience.,Neutral,2026-04-13 12:00:00,ordinary experience,0.0,Neutral,Neutral,True,True
REV013088,O036282,C00385,R0157,5,Excellent experience from start to finish.,Positive,2026-05-19 19:00:00,excellent experience start finish,0.5719,Positive,Positive,True,True
REV015762,O033721,C03339,R0080,4,Delivery was fast and the food arrived hot.,Positive,2026-04-08 21:00:00,delivery fast food arrived hot,0.0,Neutral,Positive,True,False
REV007949,O045512,C00521,R0171,2,The food arrived cold.,Negative,2026-05-01 01:00:00,food arrived cold,0.0,Neutral,Negative,True,False
REV027382,O046211,C00328,R0229,4,Excellent experience from start to finish.,Positive,2026-02-12 08:00:00,excellent experience start finish,0.5719,Positive,Positive,True,True
REV004170,O004815,C02645,R0277,5,Delivery was fast and the food arrived hot.,Positive,2026-02-27 22:00:00,delivery fast food arrived hot,0.0,Neutral,Positive,True,False
REV029790,O031162,C03280,R0182,4,The food was fresh and flavorful.,Positive,2026-03-21 04:00:00,food fresh flavorful,0.3182,Positive,Positive,True,True
REV019949,O043348,C00234,R0263,5,Great quality and very good service.,Positive,2026-04-09 20:00:00,great quality good service,0.807,Positive,Positive,True,True
REV013873,O023536,C03799,R0067,2,The order took too long to arrive.,Negative,2026-06-22 12:00:00,order took long arrive,0.0,Neutral,Negative,True,False
REV017030,O019964,C00159,R0269,3,Average experience.,Neutral,2026-02-06 12:00:00,average experience,0.0,Neutral,Neutral,True,True
REV011431,O010949,C01113,R0185,4,Delivery was fast and the food arrived hot.,Positive,2026-05-09 14:00:00,delivery fast food arrived hot,0.0,Neutral,Positive,True,False
REV006135,O039980,C00014,R0208,4,The order arrived quickly and everything was hot.,Positive,2026-01-24 23:00:00,order arrived quickly everything hot,0.0,Neutral,Positive,True,False
REV025327,O021648,C04671,R0013,5,Great quality and very good service.,Positive,2026-03-14 09:00:00,great quality good service,0.807,Positive,Positive,True,True
REV029042,O047580,C03449,R0296,3,The food was decent.,Neutral,2026-06-11 01:00:00,food decent,0.0,Neutral,Neutral,True,True
REV012811,O013864,C00388,R0229,5,Excellent experience from start to finish.,Positive,2026-03-16 10:00:00,excellent experience start finish,0.5719,Positive,Positive,True,True
REV003022,O034120,C00143,R0029,4,Excellent experience from start to finish.,Positive,2026-04-23 00:00:00,excellent experience start finish,0.5719,Positive,Positive,True,True
REV024037,O023754,C04651,R0294,5,Fast delivery and great packaging.,Positive,2026-04-23 01:00:00,fast delivery great packaging,0.6249,Positive,Positive,True,True
REV003380,O046283,C01922,R0187,5,The food was fresh and flavorful.,Positive,2026-05-06 20:00:00,food fresh flavorful,0.3182,Positive,Positive,True,True
REV025437,O048178,C01525,R0015,5,The order arrived quickly and everything was hot.,Positive,2026-02-15 02:00:00,order arrived quickly everything hot,0.0,Neutral,Positive,True,False
REV000799,O037141,C04815,R0183,4,Really tasty food with generous portions.,Positive,2026-06-24 23:00:00,really tasty food generous portion,0.5106,Positive,Positive,True,True
REV006092,O026326,C02594,R0193,5,Everything was perfect and well packed.,Positive,2026-02-09 00:00:00,everything perfect well packed,0.7003,Positive,Positive,True,True
REV007370,O027874,C02917,R0259,4,The order arrived quickly and everything was hot.,Positive,2026-03-13 17:00:00,order arrived quickly everything hot,0.0,Neutral,Positive,True,False
REV017579,O000584,C00750,R0115,4,Everything was perfect and well packed.,Positive,2026-01-15 21:00:00,everything perfect well packed,0.7003,Positive,Positive,True,True
REV019073,O025207,C04425,R0106,5,Great quality and very good service.,Positive,2026-05-24 19:00:00,great quality good service,0.807,Positive,Positive,True,True
REV013883,O005345,C01940,R0072,5,Everything was perfect and well packed.,Positive,2026-05-28 23:00:00,everything perfect well packed,0.7003,Positive,Positive,True,True
REV013113,O031880,C04310,R0108,3,The experience was fine.,Neutral,2026-01-08 10:00:00,experience fine,0.2023,Positive,Neutral,True,False
REV016578,O000601,C03617,R0297,4,The order arrived quickly and everything was hot.,Positive,2026-06-17 18:00:00,order arrived quickly everything hot,0.0,Neutral,Positive,True,False
REV010036,O025387,C02624,R0247,3,Nothing special about the order.,Neutral,2026-03-21 18:00:00,nothing special order,-0.3089,Negative,Neutral,True,False
REV006103,O013846,C02148,R0276,3,The order was okay overall.,Neutral,2026-03-02 15:00:00,order okay overall,0.2263,Positive,Neutral,True,False
REV004507,O011358,C03143,R0019,5,Amazing food and excellent quality.,Positive,2026-02-02 02:00:00,amazing food excellent quality,0.8176,Positive,Positive,True,True
REV018815,O033280,C00694,R0189,4,Amazing food and excellent quality.,Positive,2026-06-20 07:00:00,amazing food excellent quality,0.8176,Positive,Positive,True,True
REV025720,O047253,C01585,R0249,4,Delivery was fast and the food arrived hot.,Positive,2026-01-16 21:00:00,delivery fast food arrived hot,0.0,Neutral,Positive,True,False
REV011516,O030943,C03060,R0087,4,The order arrived quickly and everything was hot.,Positive,2026-05-31 00:00:00,order arrived quickly everything hot,0.0,Neutral,Positive,True,False
REV021267,O022016,C02620,R0067,2,Very poor experience with the delivery.,Negative,2026-04-24 02:00:00,poor experience delivery,-0.5256,Negative,Negative,True,True
REV025118,O034150,C02931,R0135,5,The order arrived quickly and everything was hot.,Positive,2026-03-06 20:00:00,order arrived quickly everything hot,0.0,Neutral,Positive,True,False
REV008990,O022923,C03431,R0135,2,The food was cold and the delivery was late.,Negative,2026-02-10 21:00:00,food cold delivery late,0.0,Neutral,Negative,True,False
REV020173,O013854,C00084,R0214,2,I received the wrong item.,Negative,2026-01-23 04:00:00,received wrong item,-0.4767,Negative,Negative,True,True
REV018181,O020129,C01915,R0042,2,Very poor experience with the delivery.,Negative,2026-03-01 03:00:00,poor experience delivery,-0.5256,Negative,Negative,True,True
REV000970,O029973,C04908,R0165,3,The food was acceptable.,Neutral,2026-03-24 21:00:00,food acceptable,0.3182,Positive,Neutral,True,False
REV014254,O044651,C01562,R0129,5,Delivery was fast and the food arrived hot.,Positive,2026-01-08 10:00:00,delivery fast food arrived hot,0.0,Neutral,Positive,True,False
REV029952,O020498,C02322,R0030,4,The order arrived quickly and everything was hot.,Positive,2026-01-15 10:00:00,order arrived quickly everything hot,0.0,Neutral,Positive,True,False
REV013549,O022627,C02898,R0029,5,The order arrived quickly and everything was hot.,Positive,2026-01-24 02:00:00,order arrived quickly everything hot,0.0,Neutral,Positive,True,False
REV008852,O014756,C00584,R0067,4,Amazing food and excellent quality.,Positive,2026-02-15 02:00:00,amazing food excellent quality,0.8176,Positive,Positive,True,True
REV025119,O029896,C00147,R0123,5,Great quality and very good service.,Positive,2026-02-07 07:00:00,great quality good service,0.807,Positive,Positive,True,True
REV027577,O015242,C02026,R0180,5,Delivery was fast and the food arrived hot.,Positive,2026-05-11 14:00:00,delivery fast food arrived hot,0.0,Neutral,Positive,True,False
REV014314,O028450,C02867,R0093,5,Excellent experience from start to finish.,Positive,2026-04-19 20:00:00,excellent experience start finish,0.5719,Positive,Positive,True,True
REV017182,O016835,C00192,R0198,3,Average experience.,Neutral,2026-03-29 15:00:00,average experience,0.0,Neutral,Neutral,True,True
REV001384,O045576,C00161,R0268,3,The order was delayed for a long time.,Negative,2026-05-19 23:00:00,order delayed long time,-0.2263,Negative,Negative,True,True
REV000093,O007891,C00475,R0237,5,The food was fresh and flavorful.,Positive,2026-02-20 14:00:00,food fresh flavorful,0.3182,Positive,Positive,True,True
REV009922,O026556,C00665,R0266,4,Everything was perfect and well packed.,Positive,2026-04-22 16:00:00,everything perfect well packed,0.7003,Positive,Positive,True,True
REV023675,O040155,C03830,R0013,4,Fast delivery and great packaging.,Positive,2026-02-05 14:00:00,fast delivery great packaging,0.6249,Positive,Positive,True,True
REV017039,O027970,C04379,R0001,4,Delivery was fast and the food arrived hot.,Positive,2026-03-12 23:00:00,delivery fast food arrived hot,0.0,Neutral,Positive,True,False
REV018504,O007207,C03295,R0276,2,The delivery was very late.,Negative,2026-06-16 09:00:00,delivery late,0.0,Neutral,Negative,True,False
REV016092,O028378,C02784,R0209,5,Excellent experience from start to finish.,Positive,2026-06-18 23:00:00,excellent experience start finish,0.5719,Positive,Positive,True,True
REV015624,O022365,C03607,R0281,3,The order took too long to arrive.,Negative,2026-03-07 14:00:00,order took long arrive,0.0,Neutral,Negative,True,False
REV021414,O004388,C00851,R0201,5,Excellent experience from start to finish.,Positive,2026-01-20 18:00:00,excellent experience start finish,0.5719,Positive,Positive,True,True
REV025101,O049471,C04911,R0108,5,Delivery was fast and the food arrived hot.,Positive,2026-02-02 19:00:00,delivery fast food arrived hot,0.0,Neutral,Positive,True,False
REV026445,O047261,C02000,R0155,1,The delivery was very late.,Negative,2026-04-23 13:00:00,delivery late,0.0,Neutral,Negative,True,False
REV003388,O008187,C04263,R0027,4,The food was delicious and fresh.,Positive,2026-06-05 02:00:00,food delicious fresh,0.7184,Positive,Positive,True,True
REV007758,O027402,C02491,R0040,4,Everything was perfect and well packed.,Positive,2026-03-24 16:00:00,everything perfect well packed,0.7003,Positive,Positive,True,True
REV006487,O003004,C04473,R0086,5,Really tasty food with generous portions.,Positive,2026-02-15 20:00:00,really tasty food generous portion,0.5106,Positive,Positive,True,True
REV010771,O012765,C00986,R0021,4,Amazing food and excellent quality.,Positive,2026-05-09 12:00:00,amazing food excellent quality,0.8176,Positive,Positive,True,True
REV014543,O010589,C04665,R0038,4,Delivery was fast and the food arrived hot.,Positive,2026-05-03 13:00:00,delivery fast food arrived hot,0.0,Neutral,Positive,True,False
REV019522,O039611,C01572,R0002,5,Really tasty food with generous portions.,Positive,2026-01-08 07:00:00,really tasty food generous portion,0.5106,Positive,Positive,True,True
REV023374,O006662,C03089,R0180,2,The order was delayed for a long time.,Negative,2026-03-15 01:00:00,order delayed long time,-0.2263,Negative,Negative,True,True
REV022427,O043292,C02241,R0300,4,Everything was perfect and well packed.,Positive,2026-04-15 06:00:00,everything perfect well packed,0.7003,Positive,Positive,True,True
REV001810,O037247,C01052,R0242,5,Fast delivery and great packaging.,Positive,2026-03-01 16:00:00,fast delivery great packaging,0.6249,Positive,Positive,True,True
REV001357,O035575,C01965,R0161,3,Overall it was satisfactory.,Neutral,2026-03-15 16:00:00,overall satisfactory,0.3612,Positive,Neutral,True,False
REV023014,O044412,C00108,R0246,5,Great quality and very good service.,Positive,2026-05-09 04:00:00,great quality good service,0.807,Positive,Positive,True,True
REV019310,O009961,C00186,R0275,5,Amazing food and excellent quality.,Positive,2026-01-29 18:00:00,amazing food excellent quality,0.8176,Positive,Positive,True,True
REV014573,O010942,C04168,R0126,5,The order arrived quickly and everything was hot.,Positive,2026-06-17 08:00:00,order arrived quickly everything hot,0.0,Neutral,Positive,True,False
REV007564,O019640,C00064,R0072,5,The food was fresh and flavorful.,Positive,2026-03-29 10:00:00,food fresh flavorful,0.3182,Positive,Positive,True,True
REV025480,O003525,C00714,R0192,1,Everything was perfect and well packed.,Positive,2026-06-17 05:00:00,everything perfect well packed,0.7003,Positive,Positive,True,True
REV006826,O021938,C00499,R0131,2,The packaging was damaged.,Negative,2026-06-02 04:00:00,packaging damaged,-0.4404,Negative,Negative,True,True
REV016511,O003679,C01674,R0016,4,The food was fresh and flavorful.,Positive,2026-04-08 21:00:00,food fresh flavorful,0.3182,Positive,Positive,True,True
REV029689,O004284,C02882,R0205,2,The food was bland and disappointing.,Negative,2026-03-11 00:00:00,food bland disappointing,-0.4939,Negative,Negative,True,True
REV029808,O014020,C03861,R0078,4,Fast delivery and great packaging.,Positive,2026-06-04 05:00:00,fast delivery great packaging,0.6249,Positive,Positive,True,True
REV018598,O005137,C03358,R0076,5,Everything was perfect and well packed.,Positive,2026-02-16 00:00:00,everything perfect well packed,0.7003,Positive,Positive,True,True
REV026301,O002122,C00880,R0209,4,Delivery was fast and the food arrived hot.,Positive,2026-02-22 20:00:00,delivery fast food arrived hot,0.0,Neutral,Positive,True,False
REV025715,O041795,C00857,R0229,3,My order was missing an item.,Negative,2026-06-21 20:00:00,order missing item,-0.296,Negative,Negative,True,True
REV006287,O035703,C04077,R0236,3,It was an ordinary experience.,Neutral,2026-03-14 23:00:00,ordinary experience,0.0,Neutral,Neutral,True,True
REV017922,O016628,C02932,R0213,2,My order was missing an item.,Negative,2026-01-15 09:00:00,order missing item,-0.296,Negative,Negative,True,True
REV017404,O022516,C00851,R0052,3,Nothing special about the order.,Neutral,2026-05-07 08:00:00,nothing special order,-0.3089,Negative,Neutral,True,False
REV017403,O019788,C02195,R0005,1,The order took too long to arrive.,Negative,2026-04-27 21:00:00,order took long arrive,0.0,Neutral,Negative,True,False
REV022310,O030278,C04634,R0011,4,Amazing food and excellent quality.,Positive,2026-02-26 06:00:00,amazing food excellent quality,0.8176,Positive,Positive,True,True
REV023328,O042587,C04266,R0086,4,Amazing food and excellent quality.,Positive,2026-01-28 09:00:00,amazing food excellent quality,0.8176,Positive,Positive,True,True
REV026376,O025017,C04342,R0048,2,Amazing food and excellent quality.,Positive,2026-06-29 09:00:00,amazing food excellent quality,0.8176,Positive,Positive,True,True
REV015111,O019677,C02948,R0019,5,Fast delivery and great packaging.,Positive,2026-03-31 17:00:00,fast delivery great packaging,0.6249,Positive,Positive,True,True
REV017013,O040590,C00672,R0229,3,Average experience.,Neutral,2026-02-04 11:00:00,average experience,0.0,Neutral,Neutral,True,True
REV019450,O026767,C00260,R0209,2,I received the wrong item.,Negative,2026-06-26 23:00:00,received wrong item,-0.4767,Negative,Negative,True,True
REV024513,O015182,C02825,R0139,4,Everything was perfect and well packed.,Positive,2026-05-04 08:00:00,everything perfect well packed,0.7003,Positive,Positive,True,True
REV015896,O027655,C04333,R0109,2,The packaging was damaged.,Negative,2026-01-05 10:00:00,packaging damaged,-0.4404,Negative,Negative,True,True
REV007614,O020805,C04883,R0180,5,Fast delivery and great packaging.,Positive,2026-05-26 14:00:00,fast delivery great packaging,0.6249,Positive,Positive,True,True
REV007455,O043892,C04484,R0174,5,Great quality and very good service.,Positive,2026-05-07 15:00:00,great quality good service,0.807,Positive,Positive,True,True
REV003685,O018586,C02338,R0128,5,Fast delivery and great packaging.,Positive,2026-04-01 03:00:00,fast delivery great packaging,0.6249,Positive,Positive,True,True
REV005960,O012843,C02188,R0119,5,Amazing food and excellent quality.,Positive,2026-03-24 23:00:00,amazing food excellent quality,0.8176,Positive,Positive,True,True
REV013637,O029798,C00732,R0126,3,Overall it was satisfactory.,Neutral,2026-03-28 04:00:00,overall satisfactory,0.3612,Positive,Neutral,True,False
REV015015,O025476,C04055,R0132,4,The order arrived quickly and everything was hot.,Positive,2026-02-24 07:00:00,order arrived quickly everything hot,0.0,Neutral,Positive,True,False
REV026827,O045621,C04194,R0107,5,Delivery was fast and the food arrived hot.,Positive,2026-03-30 14:00:00,delivery fast food arrived hot,0.0,Neutral,Positive,True,False
REV026623,O000642,C00966,R0011,4,Amazing food and excellent quality.,Positive,2026-06-12 00:00:00,amazing food excellent quality,0.8176,Positive,Positive,True,True
REV017456,O045998,C01031,R0075,4,Excellent experience from start to finish.,Positive,2026-06-01 08:00:00,excellent experience start finish,0.5719,Positive,Positive,True,True
REV022956,O035478,C01077,R0251,5,Amazing food and excellent quality.,Positive,2026-04-04 03:00:00,amazing food excellent quality,0.8176,Positive,Positive,True,True
REV021799,O001728,C00733,R0122,5,The order arrived quickly and everything was hot.,Positive,2026-06-30 06:00:00,order arrived quickly everything hot,0.0,Neutral,Positive,True,False
REV005926,O002827,C02373,R0091,1,The food was bland and disappointing.,Negative,2026-04-29 22:00:00,food bland disappointing,-0.4939,Negative,Negative,True,True
REV003617,O026751,C01477,R0011,5,Fast delivery and great packaging.,Positive,2026-05-21 07:00:00,fast delivery great packaging,0.6249,Positive,Positive,True,True
REV000072,O040943,C01204,R0064,4,Great quality and very good service.,Positive,2026-01-20 12:00:00,great quality good service,0.807,Positive,Positive,True,True
REV009257,O005395,C00047,R0300,4,The order arrived quickly and everything was hot.,Positive,2026-05-26 04:00:00,order arrived quickly everything hot,0.0,Neutral,Positive,True,False
REV015503,O024878,C01889,R0166,2,The food was cold and the delivery was late.,Negative,2026-04-21 13:00:00,food cold delivery late,0.0,Neutral,Negative,True,False
REV004661,O040493,C00996,R0006,1,I received the wrong item.,Negative,2026-03-19 16:00:00,received wrong item,-0.4767,Negative,Negative,True,True
REV023204,O003646,C03316,R0052,3,Really tasty food with generous portions.,Positive,2026-04-29 22:00:00,really tasty food generous portion,0.5106,Positive,Positive,True,True
REV022877,O020054,C00011,R0113,2,I received the wrong item.,Negative,2026-02-12 12:00:00,received wrong item,-0.4767,Negative,Negative,True,True
REV026903,O028924,C04756,R0238,1,My order was missing an item.,Negative,2026-05-25 19:00:00,order missing item,-0.296,Negative,Negative,True,True
REV011471,O002136,C03112,R0231,2,My order was missing an item.,Negative,2026-05-04 22:00:00,order missing item,-0.296,Negative,Negative,True,True
REV006105,O041699,C02470,R0300,5,The food was delicious and fresh.,Positive,2026-04-11 20:00:00,food delicious fresh,0.7184,Positive,Positive,True,True
REV018851,O029607,C02382,R0087,4,Everything was perfect and well packed.,Positive,2026-06-15 15:00:00,everything perfect well packed,0.7003,Positive,Positive,True,True
REV020382,O002380,C03865,R0193,2,I received the wrong item.,Negative,2026-03-02 04:00:00,received wrong item,-0.4767,Negative,Negative,True,True
REV001270,O049074,C01393,R0282,5,Great quality and very good service.,Positive,2026-01-16 00:00:00,great quality good service,0.807,Positive,Positive,True,True
REV029395,O011175,C02968,R0177,5,Amazing food and excellent quality.,Positive,2026-06-02 13:00:00,amazing food excellent quality,0.8176,Positive,Positive,True,True
REV027562,O016032,C04206,R0279,4,Everything was perfect and well packed.,Positive,2026-02-16 04:00:00,everything perfect well packed,0.7003,Positive,Positive,True,True
REV001657,O003117,C03411,R0255,5,Fast delivery and great packaging.,Positive,2026-01-08 12:00:00,fast delivery great packaging,0.6249,Positive,Positive,True,True
REV006392,O006167,C01666,R0188,4,Everything was perfect and well packed.,Positive,2026-03-29 21:00:00,everything perfect well packed,0.7003,Positive,Positive,True,True
REV022210,O035342,C03896,R0198,5,Fast delivery and great packaging.,Positive,2026-04-10 21:00:00,fast delivery great packaging,0.6249,Positive,Positive,True,True
REV005787,O034801,C00426,R0231,5,The food was bland and disappointing.,Negative,2026-06-20 20:00:00,food bland disappointing,-0.4939,Negative,Negative,True,True
REV011836,O021284,C03187,R0144,5,Amazing food and excellent quality.,Positive,2026-05-31 15:00:00,amazing food excellent quality,0.8176,Positive,Positive,True,True
REV016778,O047099,C02074,R0270,4,Amazing food and excellent quality.,Positive,2026-03-14 08:00:00,amazing food excellent quality,0.8176,Positive,Positive,True,True
REV003058,O015528,C00265,R0155,3,It was an ordinary experience.,Neutral,2026-02-02 19:00:00,ordinary experience,0.0,Neutral,Neutral,True,True
REV014386,O028947,C00363,R0129,4,The food was fresh and flavorful.,Positive,2026-02-02 04:00:00,food fresh flavorful,0.3182,Positive,Positive,True,True
REV011728,O007108,C04119,R0015,3,The food was decent.,Neutral,2026-01-26 08:00:00,food decent,0.0,Neutral,Neutral,True,True
REV028638,O007448,C03865,R0242,1,The food was delicious and fresh.,Positive,2026-05-27 13:00:00,food delicious fresh,0.7184,Positive,Positive,True,True
REV005253,O016720,C01343,R0247,2,I received the wrong item.,Negative,2026-04-23 00:00:00,received wrong item,-0.4767,Negative,Negative,True,True
REV016725,O049912,C02540,R0300,4,The food arrived cold.,Negative,2026-02-16 19:00:00,food arrived cold,0.0,Neutral,Negative,True,False
REV027661,O042377,C01133,R0269,5,Delivery was fast and the food arrived hot.,Positive,2026-03-04 23:00:00,delivery fast food arrived hot,0.0,Neutral,Positive,True,False
REV021874,O041297,C01797,R0082,4,Delivery was fast and the food arrived hot.,Positive,2026-01-31 11:00:00,delivery fast food arrived hot,0.0,Neutral,Positive,True,False
REV024596,O008380,C00231,R0054,4,The food was delicious and fresh.,Positive,2026-05-18 17:00:00,food delicious fresh,0.7184,Positive,Positive,True,True
REV018834,O016156,C01491,R0134,3,Excellent experience from start to finish.,Positive,2026-03-15 05:00:00,excellent experience start finish,0.5719,Positive,Positive,True,True
REV021964,O008936,C02964,R0251,2,The delivery was very late.,Negative,2026-04-23 03:00:00,delivery late,0.0,Neutral,Negative,True,False
REV018111,O031175,C04001,R0165,5,Fast delivery and great packaging.,Positive,2026-02-01 11:00:00,fast delivery great packaging,0.6249,Positive,Positive,True,True
REV018558,O010916,C02267,R0294,3,The food was acceptable.,Neutral,2026-03-08 19:00:00,food acceptable,0.3182,Positive,Neutral,True,False
REV003872,O047675,C04040,R0035,4,Delivery was fast and the food arrived hot.,Positive,2026-04-06 05:00:00,delivery fast food arrived hot,0.0,Neutral,Positive,True,False
REV009296,O018721,C04973,R0001,4,Fast delivery and great packaging.,Positive,2026-01-08 21:00:00,fast delivery great packaging,0.6249,Positive,Positive,True,True
REV008537,O043066,C02494,R0233,5,Delivery was fast and the food arrived hot.,Positive,2026-02-14 23:00:00,delivery fast food arrived hot,0.0,Neutral,Positive,True,False
REV011187,O040002,C04093,R0300,5,Everything was perfect and well packed.,Positive,2026-01-20 03:00:00,everything perfect well packed,0.7003,Positive,Positive,True,True
REV021410,O030314,C01579,R0018,5,Everything was perfect and well packed.,Positive,2026-06-24 19:00:00,everything perfect well packed,0.7003,Positive,Positive,True,True
REV010165,O048160,C03920,R0007,2,The order was delayed for a long time.,Negative,2026-03-06 16:00:00,order delayed long time,-0.2263,Negative,Negative,True,True
REV013432,O042576,C01827,R0289,5,Everything was perfect and well packed.,Positive,2026-02-16 02:00:00,everything perfect well packed,0.7003,Positive,Positive,True,True
REV007496,O015129,C01949,R0143,5,Amazing food and excellent quality.,Positive,2026-02-16 20:00:00,amazing food excellent quality,0.8176,Positive,Positive,True,True
REV015907,O049581,C00731,R0247,5,Great quality and very good service.,Positive,2026-01-07 08:00:00,great quality good service,0.807,Positive,Positive,True,True
REV019741,O036578,C00960,R0063,4,Excellent experience from start to finish.,Positive,2026-02-02 18:00:00,excellent experience start finish,0.5719,Positive,Positive,True,True
REV001426,O038484,C00817,R0260,2,My order was missing an item.,Negative,2026-01-17 13:00:00,order missing item,-0.296,Negative,Negative,True,True
REV000968,O007768,C04336,R0128,5,Excellent experience from start to finish.,Positive,2026-01-05 08:00:00,excellent experience start finish,0.5719,Positive,Positive,True,True
REV027580,O008749,C01194,R0199,4,Great quality and very good service.,Positive,2026-01-12 17:00:00,great quality good service,0.807,Positive,Positive,True,True
REV020991,O030592,C03458,R0077,3,Overall it was satisfactory.,Neutral,2026-01-30 04:00:00,overall satisfactory,0.3612,Positive,Neutral,True,False
REV010616,O022643,C02862,R0228,3,I received the wrong item.,Negative,2026-06-13 02:00:00,received wrong item,-0.4767,Negative,Negative,True,True
REV005726,O039217,C01088,R0231,5,The order arrived quickly and everything was hot.,Positive,2026-01-23 06:00:00,order arrived quickly everything hot,0.0,Neutral,Positive,True,False
REV003721,O017955,C03885,R0142,5,The food was delicious and fresh.,Positive,2026-01-30 01:00:00,food delicious fresh,0.7184,Positive,Positive,True,True
REV014077,O023083,C00508,R0013,4,The food was fresh and flavorful.,Positive,2026-05-26 02:00:00,food fresh flavorful,0.3182,Positive,Positive,True,True
REV028701,O019588,C00010,R0156,5,Delivery was fast and the food arrived hot.,Positive,2026-01-04 20:00:00,delivery fast food arrived hot,0.0,Neutral,Positive,True,False
REV026889,O025291,C00231,R0202,5,The food was fresh and flavorful.,Positive,2026-03-12 12:00:00,food fresh flavorful,0.3182,Positive,Positive,True,True
REV023155,O032973,C00208,R0120,3,The experience was fine.,Neutral,2026-02-20 18:00:00,experience fine,0.2023,Positive,Neutral,True,False
REV002617,O046960,C04779,R0285,3,Overall it was satisfactory.,Neutral,2026-03-16 03:00:00,overall satisfactory,0.3612,Positive,Neutral,True,False
REV024346,O012734,C04571,R0242,5,Delivery was fast and the food arrived hot.,Positive,2026-06-28 03:00:00,delivery fast food arrived hot,0.0,Neutral,Positive,True,False
REV027627,O024499,C00041,R0079,4,Great quality and very good service.,Positive,2026-06-21 07:00:00,great quality good service,0.807,Positive,Positive,True,True
REV027350,O023325,C01090,R0250,5,Everything was perfect and well packed.,Positive,2026-03-05 11:00:00,everything perfect well packed,0.7003,Positive,Positive,True,True
REV001697,O016998,C00893,R0090,4,The food was delicious and fresh.,Positive,2026-01-02 23:00:00,food delicious fresh,0.7184,Positive,Positive,True,True
REV016673,O027622,C01127,R0284,5,Very poor experience with the delivery.,Negative,2026-03-08 19:00:00,poor experience delivery,-0.5256,Negative,Negative,True,True
REV026110,O014041,C00805,R0056,5,Great quality and very good service.,Positive,2026-04-18 00:00:00,great quality good service,0.807,Positive,Positive,True,True
REV000939,O024289,C02112,R0255,4,The order arrived quickly and everything was hot.,Positive,2026-06-02 11:00:00,order arrived quickly everything hot,0.0,Neutral,Positive,True,False
REV004480,O021891,C03937,R0286,5,The order took too long to arrive.,Negative,2026-05-18 06:00:00,order took long arrive,0.0,Neutral,Negative,True,False
REV021194,O018282,C01552,R0122,4,Great quality and very good service.,Positive,2026-01-29 07:00:00,great quality good service,0.807,Positive,Positive,True,True
REV008602,O026388,C01731,R0083,3,Great quality and very good service.,Positive,2026-04-01 14:00:00,great quality good service,0.807,Positive,Positive,True,True
REV029211,O021857,C00444,R0107,5,Everything was perfect and well packed.,Positive,2026-04-16 11:00:00,everything perfect well packed,0.7003,Positive,Positive,True,True
REV012009,O021697,C02346,R0070,4,Great quality and very good service.,Positive,2026-01-14 07:00:00,great quality good service,0.807,Positive,Positive,True,True
REV029388,O018887,C00239,R0221,4,Everything was perfect and well packed.,Positive,2026-04-23 16:00:00,everything perfect well packed,0.7003,Positive,Positive,True,True
REV007475,O028119,C03271,R0251,5,Delivery was fast and the food arrived hot.,Positive,2026-02-01 18:00:00,delivery fast food arrived hot,0.0,Neutral,Positive,True,False
REV016617,O017349,C01750,R0193,4,The food was delicious and fresh.,Positive,2026-03-04 02:00:00,food delicious fresh,0.7184,Positive,Positive,True,True
REV002341,O047554,C02034,R0112,5,Excellent experience from start to finish.,Positive,2026-04-13 04:00:00,excellent experience start finish,0.5719,Positive,Positive,True,True
REV004399,O042648,C02976,R0090,4,Great quality and very good service.,Positive,2026-05-11 21:00:00,great quality good service,0.807,Positive,Positive,True,True
REV007815,O034305,C01536,R0093,4,Great quality and very good service.,Positive,2026-03-19 09:00:00,great quality good service,0.807,Positive,Positive,True,True
REV001960,O038592,C01542,R0276,5,Delivery was fast and the food arrived hot.,Positive,2026-05-01 22:00:00,delivery fast food arrived hot,0.0,Neutral,Positive,True,False
REV026467,O024225,C01510,R0020,5,Fast delivery and great packaging.,Positive,2026-04-23 14:00:00,fast delivery great packaging,0.6249,Positive,Positive,True,True
REV021920,O001972,C03722,R0098,2,Very poor experience with the delivery.,Negative,2026-03-10 10:00:00,poor experience delivery,-0.5256,Negative,Negative,True,True
REV021507,O027313,C03067,R0223,4,Amazing food and excellent quality.,Positive,2026-04-28 12:00:00,amazing food excellent quality,0.8176,Positive,Positive,True,True
REV012050,O017835,C04739,R0111,3,The food was decent.,Neutral,2026-03-02 00:00:00,food decent,0.0,Neutral,Neutral,True,True
REV028772,O049442,C00119,R0183,3,The food was okay.,Neutral,2026-03-21 09:00:00,food okay,0.2263,Positive,Neutral,True,False
REV012067,O046580,C00296,R0277,5,The food was delicious and fresh.,Positive,2026-04-16 10:00:00,food delicious fresh,0.7184,Positive,Positive,True,True
REV004974,O008685,C04316,R0088,5,Great quality and very good service.,Positive,2026-04-21 16:00:00,great quality good service,0.807,Positive,Positive,True,True
REV013115,O014833,C02705,R0270,1,The food was bland and disappointing.,Negative,2026-02-03 06:00:00,food bland disappointing,-0.4939,Negative,Negative,True,True
REV018551,O038144,C04843,R0289,1,The food was bland and disappointing.,Negative,2026-01-04 22:00:00,food bland disappointing,-0.4939,Negative,Negative,True,True
REV011218,O027778,C00266,R0088,4,The order arrived quickly and everything was hot.,Positive,2026-05-04 15:00:00,order arrived quickly everything hot,0.0,Neutral,Positive,True,False
REV028119,O013890,C03341,R0034,4,Great quality and very good service.,Positive,2026-06-17 05:00:00,great quality good service,0.807,Positive,Positive,True,True
REV017820,O035486,C04862,R0199,2,The order took too long to arrive.,Negative,2026-04-10 23:00:00,order took long arrive,0.0,Neutral,Negative,True,False
REV020773,O028744,C00258,R0092,3,Overall it was satisfactory.,Neutral,2026-06-20 11:00:00,overall satisfactory,0.3612,Positive,Neutral,True,False
REV013760,O037031,C01177,R0037,5,Excellent experience from start to finish.,Positive,2026-04-03 07:00:00,excellent experience start finish,0.5719,Positive,Positive,True,True
REV007221,O017459,C02146,R0297,4,Fast delivery and great packaging.,Positive,2026-04-05 09:00:00,fast delivery great packaging,0.6249,Positive,Positive,True,True
REV020402,O016118,C03363,R0208,3,The food was acceptable.,Neutral,2026-03-19 19:00:00,food acceptable,0.3182,Positive,Neutral,True,False
REV008527,O001310,C01053,R0258,4,Delivery was fast and the food arrived hot.,Positive,2026-01-13 04:00:00,delivery fast food arrived hot,0.0,Neutral,Positive,True,False
REV010528,O026946,C01456,R0064,5,The food was delicious and fresh.,Positive,2026-06-26 03:00:00,food delicious fresh,0.7184,Positive,Positive,True,True
REV023859,O022935,C01483,R0270,4,Amazing food and excellent quality.,Positive,2026-03-06 09:00:00,amazing food excellent quality,0.8176,Positive,Positive,True,True
REV028860,O014035,C01614,R0139,5,The order arrived quickly and everything was hot.,Positive,2026-05-24 23:00:00,order arrived quickly everything hot,0.0,Neutral,Positive,True,False
REV026403,O041196,C01977,R0085,1,Very poor experience with the delivery.,Negative,2026-05-08 16:00:00,poor experience delivery,-0.5256,Negative,Negative,True,True
REV028875,O004247,C03949,R0285,5,The order took too long to arrive.,Negative,2026-04-02 22:00:00,order took long arrive,0.0,Neutral,Negative,True,False
REV025225,O041425,C01264,R0166,5,The food was fresh and flavorful.,Positive,2026-02-21 21:00:00,food fresh flavorful,0.3182,Positive,Positive,True,True
REV019485,O016297,C01744,R0172,5,Excellent experience from start to finish.,Positive,2026-04-16 23:00:00,excellent experience start finish,0.5719,Positive,Positive,True,True
REV025176,O044440,C02215,R0194,4,The food was fresh and flavorful.,Positive,2026-03-18 15:00:00,food fresh flavorful,0.3182,Positive,Positive,True,True
REV007359,O022182,C01468,R0280,5,Great quality and very good service.,Positive,2026-03-28 16:00:00,great quality good service,0.807,Positive,Positive,True,True
REV028172,O013606,C03175,R0166,5,Delivery was fast and the food arrived hot.,Positive,2026-02-16 07:00:00,delivery fast food arrived hot,0.0,Neutral,Positive,True,False
REV011942,O011793,C01029,R0087,3,It was an ordinary experience.,Neutral,2026-05-05 17:00:00,ordinary experience,0.0,Neutral,Neutral,True,True
REV023140,O047971,C00555,R0214,1,The food arrived cold.,Negative,2026-05-21 21:00:00,food arrived cold,0.0,Neutral,Negative,True,False
REV018057,O016600,C01860,R0065,5,Really tasty food with generous portions.,Positive,2026-05-25 22:00:00,really tasty food generous portion,0.5106,Positive,Positive,True,True
REV024760,O027643,C04750,R0070,5,Everything was perfect and well packed.,Positive,2026-03-29 04:00:00,everything perfect well packed,0.7003,Positive,Positive,True,True
REV025901,O002408,C04992,R0130,5,Very poor experience with the delivery.,Negative,2026-06-22 05:00:00,poor experience delivery,-0.5256,Negative,Negative,True,True
REV000517,O013693,C04541,R0018,4,The food was delicious and fresh.,Positive,2026-02-01 19:00:00,food delicious fresh,0.7184,Positive,Positive,True,True
REV010660,O020882,C04147,R0242,5,Excellent experience from start to finish.,Positive,2026-04-07 19:00:00,excellent experience start finish,0.5719,Positive,Positive,True,True
REV006512,O014314,C04922,R0293,4,Amazing food and excellent quality.,Positive,2026-04-22 03:00:00,amazing food excellent quality,0.8176,Positive,Positive,True,True
REV013079,O047104,C03674,R0037,5,Great quality and very good service.,Positive,2026-01-08 22:00:00,great quality good service,0.807,Positive,Positive,True,True
REV022994,O020427,C01133,R0199,4,Really tasty food with generous portions.,Positive,2026-02-22 19:00:00,really tasty food generous portion,0.5106,Positive,Positive,True,True
REV023488,O049709,C03069,R0053,4,Really tasty food with generous portions.,Positive,2026-02-02 08:00:00,really tasty food generous portion,0.5106,Positive,Positive,True,True
REV021921,O046472,C02727,R0083,4,Great quality and very good service.,Positive,2026-03-18 15:00:00,great quality good service,0.807,Positive,Positive,True,True
REV023917,O014770,C03207,R0198,4,Great quality and very good service.,Positive,2026-03-07 13:00:00,great quality good service,0.807,Positive,Positive,True,True
REV019494,O004546,C02091,R0202,3,Everything was perfect and well packed.,Positive,2026-06-01 19:00:00,everything perfect well packed,0.7003,Positive,Positive,True,True
REV003078,O011973,C03063,R0242,4,The order arrived quickly and everything was hot.,Positive,2026-01-24 20:00:00,order arrived quickly everything hot,0.0,Neutral,Positive,True,False
REV001007,O030431,C04320,R0098,4,Delivery was fast and the food arrived hot.,Positive,2026-04-21 03:00:00,delivery fast food arrived hot,0.0,Neutral,Positive,True,False
REV019709,O008124,C00558,R0261,5,The food was cold and the delivery was late.,Negative,2026-02-01 21:00:00,food cold delivery late,0.0,Neutral,Negative,True,False
REV016134,O028084,C01563,R0207,5,Really tasty food with generous portions.,Positive,2026-03-29 19:00:00,really tasty food generous portion,0.5106,Positive,Positive,True,True
REV027227,O025105,C00244,R0024,2,The delivery was very late.,Negative,2026-03-22 02:00:00,delivery late,0.0,Neutral,Negative,True,False
REV013177,O020280,C04311,R0246,3,Average experience.,Neutral,2026-03-25 00:00:00,average experience,0.0,Neutral,Neutral,True,True
REV016233,O029296,C00863,R0149,5,Delivery was fast and the food arrived hot.,Positive,2026-06-20 10:00:00,delivery fast food arrived hot,0.0,Neutral,Positive,True,False
REV023043,O042554,C00228,R0298,5,Everything was perfect and well packed.,Positive,2026-01-25 08:00:00,everything perfect well packed,0.7003,Positive,Positive,True,True
REV020626,O030744,C00953,R0219,4,The food was fresh and flavorful.,Positive,2026-03-03 10:00:00,food fresh flavorful,0.3182,Positive,Positive,True,True
REV001063,O020712,C01332,R0148,4,The food was delicious and fresh.,Positive,2026-06-05 14:00:00,food delicious fresh,0.7184,Positive,Positive,True,True
REV004196,O001824,C01899,R0033,2,The order was delayed for a long time.,Negative,2026-01-08 22:00:00,order delayed long time,-0.2263,Negative,Negative,True,True
REV022302,O011532,C01108,R0256,4,The food was fresh and flavorful.,Positive,2026-06-17 19:00:00,food fresh flavorful,0.3182,Positive,Positive,True,True
REV003957,O027147,C03095,R0258,5,Very poor experience with the delivery.,Negative,2026-04-11 01:00:00,poor experience delivery,-0.5256,Negative,Negative,True,True
REV010709,O026939,C02086,R0274,2,The order took too long to arrive.,Negative,2026-03-05 10:00:00,order took long arrive,0.0,Neutral,Negative,True,False
REV002116,O002718,C01451,R0268,4,Really tasty food with generous portions.,Positive,2026-04-29 02:00:00,really tasty food generous portion,0.5106,Positive,Positive,True,True
REV011213,O031129,C00416,R0190,3,Nothing special about the order.,Neutral,2026-06-18 12:00:00,nothing special order,-0.3089,Negative,Neutral,True,False
REV025291,O014275,C02303,R0243,5,Amazing food and excellent quality.,Positive,2026-03-13 12:00:00,amazing food excellent quality,0.8176,Positive,Positive,True,True
REV009396,O021762,C03291,R0013,5,The food was delicious and fresh.,Positive,2026-04-02 12:00:00,food delicious fresh,0.7184,Positive,Positive,True,True
REV015263,O038755,C04351,R0022,2,The order took too long to arrive.,Negative,2026-02-26 19:00:00,order took long arrive,0.0,Neutral,Negative,True,False
REV029954,O010760,C01580,R0295,5,The food was fresh and flavorful.,Positive,2026-04-05 08:00:00,food fresh flavorful,0.3182,Positive,Positive,True,True
REV023367,O021944,C03325,R0202,1,The delivery was very late.,Negative,2026-03-16 01:00:00,delivery late,0.0,Neutral,Negative,True,False
REV014338,O019935,C04196,R0009,4,Really tasty food with generous portions.,Positive,2026-01-24 18:00:00,really tasty food generous portion,0.5106,Positive,Positive,True,True
REV023465,O041651,C01560,R0096,4,The food was delicious and fresh.,Positive,2026-04-18 07:00:00,food delicious fresh,0.7184,Positive,Positive,True,True
REV011743,O004154,C04968,R0090,2,The food was bland and disappointing.,Negative,2026-04-30 00:00:00,food bland disappointing,-0.4939,Negative,Negative,True,True
REV019801,O029057,C04289,R0222,5,The food was fresh and flavorful.,Positive,2026-06-15 05:00:00,food fresh flavorful,0.3182,Positive,Positive,True,True
REV010404,O038155,C00159,R0132,5,Amazing food and excellent quality.,Positive,2026-06-10 12:00:00,amazing food excellent quality,0.8176,Positive,Positive,True,True
REV011618,O039121,C04639,R0169,5,Great quality and very good service.,Positive,2026-04-07 23:00:00,great quality good service,0.807,Positive,Positive,True,True
REV018962,O048696,C01704,R0219,1,Very poor experience with the delivery.,Negative,2026-05-08 03:00:00,poor experience delivery,-0.5256,Negative,Negative,True,True
REV007425,O007919,C04305,R0082,4,Delivery was fast and the food arrived hot.,Positive,2026-02-22 15:00:00,delivery fast food arrived hot,0.0,Neutral,Positive,True,False
REV018168,O032085,C01391,R0143,2,The food was bland and disappointing.,Negative,2026-06-27 19:00:00,food bland disappointing,-0.4939,Negative,Negative,True,True
REV019449,O025657,C01722,R0176,5,Everything was perfect and well packed.,Positive,2026-06-09 05:00:00,everything perfect well packed,0.7003,Positive,Positive,True,True
REV022387,O020445,C00280,R0119,5,Great quality and very good service.,Positive,2026-03-07 14:00:00,great quality good service,0.807,Positive,Positive,True,True
REV003890,O049572,C00544,R0103,4,Really tasty food with generous portions.,Positive,2026-01-14 21:00:00,really tasty food generous portion,0.5106,Positive,Positive,True,True
REV003649,O036229,C00396,R0289,3,Everything was perfect and well packed.,Positive,2026-06-11 01:00:00,everything perfect well packed,0.7003,Positive,Positive,True,True
REV018975,O017362,C01468,R0193,4,Amazing food and excellent quality.,Positive,2026-02-23 03:00:00,amazing food excellent quality,0.8176,Positive,Positive,True,True
REV004984,O004409,C02813,R0137,4,The food was fresh and flavorful.,Positive,2026-01-27 21:00:00,food fresh flavorful,0.3182,Positive,Positive,True,True
REV019953,O030524,C00767,R0189,3,Average experience.,Neutral,2026-05-17 19:00:00,average experience,0.0,Neutral,Neutral,True,True
REV006759,O025166,C04252,R0081,5,Excellent experience from start to finish.,Positive,2026-05-31 02:00:00,excellent experience start finish,0.5719,Positive,Positive,True,True
REV006855,O008040,C02279,R0255,5,The food was fresh and flavorful.,Positive,2026-06-10 07:00:00,food fresh flavorful,0.3182,Positive,Positive,True,True
REV000080,O043715,C01609,R0161,4,The food was delicious and fresh.,Positive,2026-03-06 09:00:00,food delicious fresh,0.7184,Positive,Positive,True,True
REV004486,O030108,C00053,R0212,4,I received the wrong item.,Negative,2026-05-28 11:00:00,received wrong item,-0.4767,Negative,Negative,True,True
REV029481,O011913,C01802,R0236,5,The order arrived quickly and everything was hot.,Positive,2026-06-04 18:00:00,order arrived quickly everything hot,0.0,Neutral,Positive,True,False
REV009783,O031495,C01625,R0071,4,Fast delivery and great packaging.,Positive,2026-01-02 02:00:00,fast delivery great packaging,0.6249,Positive,Positive,True,True
REV004417,O007501,C00962,R0229,5,Everything was perfect and well packed.,Positive,2026-03-25 04:00:00,everything perfect well packed,0.7003,Positive,Positive,True,True
REV017454,O034122,C02787,R0028,1,Very poor experience with the delivery.,Negative,2026-03-27 01:00:00,poor experience delivery,-0.5256,Negative,Negative,True,True
REV023655,O017205,C00547,R0043,5,Everything was perfect and well packed.,Positive,2026-06-06 04:00:00,everything perfect well packed,0.7003,Positive,Positive,True,True
REV028812,O023166,C02166,R0202,3,The order was okay overall.,Neutral,2026-05-26 01:00:00,order okay overall,0.2263,Positive,Neutral,True,False
REV029977,O042904,C01182,R0121,3,It was an ordinary experience.,Neutral,2026-03-15 14:00:00,ordinary experience,0.0,Neutral,Neutral,True,True
REV010153,O021020,C02799,R0120,4,The food was bland and disappointing.,Negative,2026-06-21 12:00:00,food bland disappointing,-0.4939,Negative,Negative,True,True
REV009450,O026857,C02940,R0080,4,The food was delicious and fresh.,Positive,2026-02-05 22:00:00,food delicious fresh,0.7184,Positive,Positive,True,True
REV004784,O033777,C00012,R0259,2,My order was missing an item.,Negative,2026-03-17 10:00:00,order missing item,-0.296,Negative,Negative,True,True
REV010642,O032587,C03250,R0067,2,Very poor experience with the delivery.,Negative,2026-02-09 21:00:00,poor experience delivery,-0.5256,Negative,Negative,True,True
REV028511,O036474,C02989,R0216,2,The packaging was damaged.,Negative,2026-06-27 16:00:00,packaging damaged,-0.4404,Negative,Negative,True,True
REV019948,O016619,C04025,R0217,5,Amazing food and excellent quality.,Positive,2026-05-09 09:00:00,amazing food excellent quality,0.8176,Positive,Positive,True,True
REV020441,O049270,C04996,R0233,4,The order arrived quickly and everything was hot.,Positive,2026-06-24 04:00:00,order arrived quickly everything hot,0.0,Neutral,Positive,True,False
REV026113,O049466,C03155,R0294,5,Everything was perfect and well packed.,Positive,2026-05-20 15:00:00,everything perfect well packed,0.7003,Positive,Positive,True,True
REV018172,O011986,C00304,R0015,5,Amazing food and excellent quality.,Positive,2026-06-12 12:00:00,amazing food excellent quality,0.8176,Positive,Positive,True,True
REV010290,O042559,C01918,R0028,4,The food was fresh and flavorful.,Positive,2026-01-13 14:00:00,food fresh flavorful,0.3182,Positive,Positive,True,True
REV000012,O036904,C03011,R0046,2,The food was bland and disappointing.,Negative,2026-05-17 01:00:00,food bland disappointing,-0.4939,Negative,Negative,True,True
REV004706,O035578,C01024,R0126,4,Delivery was fast and the food arrived hot.,Positive,2026-02-27 17:00:00,delivery fast food arrived hot,0.0,Neutral,Positive,True,False
REV027068,O002160,C00790,R0252,3,Overall it was satisfactory.,Neutral,2026-04-18 16:00:00,overall satisfactory,0.3612,Positive,Neutral,True,False
REV020519,O007930,C03209,R0122,5,The order arrived quickly and everything was hot.,Positive,2026-02-10 19:00:00,order arrived quickly everything hot,0.0,Neutral,Positive,True,False
REV027284,O031294,C04832,R0251,5,Delivery was fast and the food arrived hot.,Positive,2026-04-12 00:00:00,delivery fast food arrived hot,0.0,Neutral,Positive,True,False
REV029295,O015591,C04436,R0216,3,Fast delivery and great packaging.,Positive,2026-01-19 08:00:00,fast delivery great packaging,0.6249,Positive,Positive,True,True
REV010478,O011801,C01689,R0087,4,The food was delicious and fresh.,Positive,2026-03-19 01:00:00,food delicious fresh,0.7184,Positive,Positive,True,True
REV002911,O024681,C02324,R0185,5,Fast delivery and great packaging.,Positive,2026-05-04 07:00:00,fast delivery great packaging,0.6249,Positive,Positive,True,True
REV003954,O018025,C02769,R0294,5,Excellent experience from start to finish.,Positive,2026-06-27 21:00:00,excellent experience start finish,0.5719,Positive,Positive,True,True
REV028764,O034154,C03441,R0078,5,The order arrived quickly and everything was hot.,Positive,2026-05-18 05:00:00,order arrived quickly everything hot,0.0,Neutral,Positive,True,False
REV018531,O035823,C02196,R0133,3,The food was decent.,Neutral,2026-03-06 17:00:00,food decent,0.0,Neutral,Neutral,True,True
REV006726,O025284,C04657,R0042,5,The order arrived quickly and everything was hot.,Positive,2026-02-23 13:00:00,order arrived quickly everything hot,0.0,Neutral,Positive,True,False
REV012877,O010698,C00249,R0145,5,Everything was perfect and well packed.,Positive,2026-06-15 20:00:00,everything perfect well packed,0.7003,Positive,Positive,True,True
REV024347,O028029,C00733,R0253,4,Everything was perfect and well packed.,Positive,2026-06-15 08:00:00,everything perfect well packed,0.7003,Positive,Positive,True,True
REV010683,O048533,C01778,R0212,1,The order was delayed for a long time.,Negative,2026-05-20 16:00:00,order delayed long time,-0.2263,Negative,Negative,True,True
REV008203,O027553,C03220,R0046,4,Amazing food and excellent quality.,Positive,2026-03-05 21:00:00,amazing food excellent quality,0.8176,Positive,Positive,True,True
REV004119,O049499,C03843,R0063,4,Amazing food and excellent quality.,Positive,2026-01-30 19:00:00,amazing food excellent quality,0.8176,Positive,Positive,True,True
REV004499,O001373,C02184,R0096,4,Really tasty food with generous portions.,Positive,2026-04-20 05:00:00,really tasty food generous portion,0.5106,Positive,Positive,True,True
REV027037,O007502,C04693,R0080,3,Average experience.,Neutral,2026-04-27 21:00:00,average experience,0.0,Neutral,Neutral,True,True
REV016898,O044689,C04177,R0047,5,The food was fresh and flavorful.,Positive,2026-06-02 21:00:00,food fresh flavorful,0.3182,Positive,Positive,True,True
REV013891,O028327,C02435,R0159,3,Average experience.,Neutral,2026-03-27 23:00:00,average experience,0.0,Neutral,Neutral,True,True
REV014924,O039197,C01735,R0255,5,Everything was perfect and well packed.,Positive,2026-01-19 21:00:00,everything perfect well packed,0.7003,Positive,Positive,True,True
REV005679,O019312,C01381,R0161,4,The food was delicious and fresh.,Positive,2026-03-26 18:00:00,food delicious fresh,0.7184,Positive,Positive,True,True
REV019104,O044842,C01689,R0056,4,Everything was perfect and well packed.,Positive,2026-06-11 21:00:00,everything perfect well packed,0.7003,Positive,Positive,True,True
REV028320,O040805,C03990,R0291,4,Everything was perfect and well packed.,Positive,2026-02-14 05:00:00,everything perfect well packed,0.7003,Positive,Positive,True,True
REV000840,O013965,C03986,R0278,4,Excellent experience from start to finish.,Positive,2026-05-04 00:00:00,excellent experience start finish,0.5719,Positive,Positive,True,True
REV003749,O008979,C04061,R0276,4,Fast delivery and great packaging.,Positive,2026-06-29 21:00:00,fast delivery great packaging,0.6249,Positive,Positive,True,True
REV012607,O045213,C01426,R0288,4,Excellent experience from start to finish.,Positive,2026-03-12 21:00:00,excellent experience start finish,0.5719,Positive,Positive,True,True
REV017282,O017095,C00805,R0266,5,The food was delicious and fresh.,Positive,2026-03-22 02:00:00,food delicious fresh,0.7184,Positive,Positive,True,True
REV028986,O031486,C00109,R0045,5,Excellent experience from start to finish.,Positive,2026-01-30 19:00:00,excellent experience start finish,0.5719,Positive,Positive,True,True
REV007028,O023456,C03292,R0030,5,The order arrived quickly and everything was hot.,Positive,2026-04-23 19:00:00,order arrived quickly everything hot,0.0,Neutral,Positive,True,False
REV008792,O000423,C03845,R0063,1,The food was bland and disappointing.,Negative,2026-03-11 18:00:00,food bland disappointing,-0.4939,Negative,Negative,True,True
REV008254,O037714,C04969,R0197,3,The experience was fine.,Neutral,2026-04-21 10:00:00,experience fine,0.2023,Positive,Neutral,True,False
REV018593,O018612,C04644,R0217,4,Amazing food and excellent quality.,Positive,2026-03-07 19:00:00,amazing food excellent quality,0.8176,Positive,Positive,True,True
REV015517,O047632,C01478,R0155,5,The food was delicious and fresh.,Positive,2026-04-20 23:00:00,food delicious fresh,0.7184,Positive,Positive,True,True
REV021180,O041908,C04574,R0089,5,Excellent experience from start to finish.,Positive,2026-01-29 07:00:00,excellent experience start finish,0.5719,Positive,Positive,True,True
REV011747,O025964,C00212,R0282,5,Great quality and very good service.,Positive,2026-01-16 15:00:00,great quality good service,0.807,Positive,Positive,True,True
REV028047,O011873,C01278,R0007,4,Amazing food and excellent quality.,Positive,2026-02-19 00:00:00,amazing food excellent quality,0.8176,Positive,Positive,True,True
REV002829,O015978,C04877,R0069,5,Delivery was fast and the food arrived hot.,Positive,2026-01-04 09:00:00,delivery fast food arrived hot,0.0,Neutral,Positive,True,False
REV018423,O001607,C00893,R0181,5,The food was fresh and flavorful.,Positive,2026-05-30 19:00:00,food fresh flavorful,0.3182,Positive,Positive,True,True
REV020071,O002796,C01784,R0075,1,I received the wrong item.,Negative,2026-05-28 22:00:00,received wrong item,-0.4767,Negative,Negative,True,True
REV016156,O003228,C04781,R0102,4,Everything was perfect and well packed.,Positive,2026-02-20 10:00:00,everything perfect well packed,0.7003,Positive,Positive,True,True
REV017652,O005862,C04374,R0293,5,Everything was perfect and well packed.,Positive,2026-01-12 02:00:00,everything perfect well packed,0.7003,Positive,Positive,True,True
REV016886,O000403,C01727,R0067,5,The food was delicious and fresh.,Positive,2026-01-10 10:00:00,food delicious fresh,0.7184,Positive,Positive,True,True
REV026214,O048685,C00154,R0034,4,Great quality and very good service.,Positive,2026-02-08 16:00:00,great quality good service,0.807,Positive,Positive,True,True
REV004775,O027842,C03443,R0039,3,The food was decent.,Neutral,2026-01-30 23:00:00,food decent,0.0,Neutral,Neutral,True,True
REV016282,O031726,C01129,R0017,5,The packaging was damaged.,Negative,2026-06-19 09:00:00,packaging damaged,-0.4404,Negative,Negative,True,True
REV010490,O034936,C04777,R0038,5,My order was missing an item.,Negative,2026-02-16 18:00:00,order missing item,-0.296,Negative,Negative,True,True
REV008259,O000180,C04546,R0124,4,The order arrived quickly and everything was hot.,Positive,2026-01-17 01:00:00,order arrived quickly everything hot,0.0,Neutral,Positive,True,False
REV004609,O042457,C00145,R0019,4,Excellent experience from start to finish.,Positive,2026-06-22 12:00:00,excellent experience start finish,0.5719,Positive,Positive,True,True
REV008853,O039843,C02155,R0123,5,Everything was perfect and well packed.,Positive,2026-02-18 09:00:00,everything perfect well packed,0.7003,Positive,Positive,True,True
REV021247,O036327,C04787,R0293,2,I received the wrong item.,Negative,2026-02-12 10:00:00,received wrong item,-0.4767,Negative,Negative,True,True
REV028651,O000195,C00353,R0079,3,Overall it was satisfactory.,Neutral,2026-02-05 13:00:00,overall satisfactory,0.3612,Positive,Neutral,True,False
REV028466,O023708,C00664,R0190,1,The packaging was damaged.,Negative,2026-01-12 06:00:00,packaging damaged,-0.4404,Negative,Negative,True,True
REV000898,O028529,C01165,R0204,5,Really tasty food with generous portions.,Positive,2026-05-12 17:00:00,really tasty food generous portion,0.5106,Positive,Positive,True,True
REV004065,O026115,C04545,R0001,4,The order arrived quickly and everything was hot.,Positive,2026-06-16 14:00:00,order arrived quickly everything hot,0.0,Neutral,Positive,True,False
REV003980,O046695,C01535,R0227,4,The order arrived quickly and everything was hot.,Positive,2026-03-21 22:00:00,order arrived quickly everything hot,0.0,Neutral,Positive,True,False
REV005634,O005174,C03151,R0040,5,Delivery was fast and the food arrived hot.,Positive,2026-05-30 22:00:00,delivery fast food arrived hot,0.0,Neutral,Positive,True,False
REV005302,O006967,C03406,R0288,5,The order took too long to arrive.,Negative,2026-06-15 18:00:00,order took long arrive,0.0,Neutral,Negative,True,False
REV022928,O043167,C00611,R0038,5,The order arrived quickly and everything was hot.,Positive,2026-05-07 21:00:00,order arrived quickly everything hot,0.0,Neutral,Positive,True,False
REV009633,O018345,C03772,R0101,3,Nothing special about the order.,Neutral,2026-06-01 14:00:00,nothing special order,-0.3089,Negative,Neutral,True,False
REV018274,O049887,C04225,R0092,4,Amazing food and excellent quality.,Positive,2026-02-27 18:00:00,amazing food excellent quality,0.8176,Positive,Positive,True,True
REV024049,O036379,C02769,R0037,3,The delivery was very late.,Negative,2026-02-27 16:00:00,delivery late,0.0,Neutral,Negative,True,False
REV003586,O009079,C03843,R0139,3,Nothing special about the order.,Neutral,2026-04-29 17:00:00,nothing special order,-0.3089,Negative,Neutral,True,False
REV008789,O049545,C01313,R0080,5,Everything was perfect and well packed.,Positive,2026-04-25 00:00:00,everything perfect well packed,0.7003,Positive,Positive,True,True
REV002746,O042423,C04409,R0229,2,The packaging was damaged.,Negative,2026-06-11 02:00:00,packaging damaged,-0.4404,Negative,Negative,True,True
REV019759,O019357,C04852,R0286,4,Fast delivery and great packaging.,Positive,2026-03-25 17:00:00,fast delivery great packaging,0.6249,Positive,Positive,True,True
REV018918,O036882,C00301,R0256,2,The order was delayed for a long time.,Negative,2026-02-27 17:00:00,order delayed long time,-0.2263,Negative,Negative,True,True
REV001705,O009228,C01633,R0284,5,Delivery was fast and the food arrived hot.,Positive,2026-06-27 11:00:00,delivery fast food arrived hot,0.0,Neutral,Positive,True,False
REV005162,O045668,C03955,R0006,4,Delivery was fast and the food arrived hot.,Positive,2026-04-28 05:00:00,delivery fast food arrived hot,0.0,Neutral,Positive,True,False
REV026285,O039276,C00854,R0219,5,Everything was perfect and well packed.,Positive,2026-05-03 20:00:00,everything perfect well packed,0.7003,Positive,Positive,True,True
REV005931,O002886,C03599,R0228,2,The order took too long to arrive.,Negative,2026-03-09 14:00:00,order took long arrive,0.0,Neutral,Negative,True,False
REV017923,O030679,C01287,R0129,4,Amazing food and excellent quality.,Positive,2026-04-18 13:00:00,amazing food excellent quality,0.8176,Positive,Positive,True,True
REV011434,O023875,C02735,R0184,5,Amazing food and excellent quality.,Positive,2026-03-27 23:00:00,amazing food excellent quality,0.8176,Positive,Positive,True,True
REV027433,O041188,C02258,R0132,3,Nothing special about the order.,Neutral,2026-04-28 18:00:00,nothing special order,-0.3089,Negative,Neutral,True,False
REV023969,O016910,C00533,R0287,4,Excellent experience from start to finish.,Positive,2026-02-18 11:00:00,excellent experience start finish,0.5719,Positive,Positive,True,True
REV001473,O046191,C04178,R0157,3,The order was okay overall.,Neutral,2026-03-02 18:00:00,order okay overall,0.2263,Positive,Neutral,True,False
REV019459,O021982,C02935,R0240,5,Great quality and very good service.,Positive,2026-01-21 01:00:00,great quality good service,0.807,Positive,Positive,True,True
REV014179,O014229,C02017,R0286,5,The food was delicious and fresh.,Positive,2026-06-11 06:00:00,food delicious fresh,0.7184,Positive,Positive,True,True
REV024901,O025485,C00342,R0206,2,The food was cold and the delivery was late.,Negative,2026-06-25 14:00:00,food cold delivery late,0.0,Neutral,Negative,True,False
REV026669,O021774,C04059,R0090,3,Food quality was average.,Neutral,2026-04-07 09:00:00,food quality average,0.0,Neutral,Neutral,True,True
REV024012,O037200,C02909,R0120,4,Really tasty food with generous portions.,Positive,2026-02-08 06:00:00,really tasty food generous portion,0.5106,Positive,Positive,True,True
REV016675,O022313,C04285,R0156,1,The food was bland and disappointing.,Negative,2026-03-10 15:00:00,food bland disappointing,-0.4939,Negative,Negative,True,True
REV003124,O028052,C01625,R0300,1,The order was delayed for a long time.,Negative,2026-03-02 01:00:00,order delayed long time,-0.2263,Negative,Negative,True,True
REV025414,O018194,C01414,R0224,3,Average experience.,Neutral,2026-03-05 05:00:00,average experience,0.0,Neutral,Neutral,True,True
REV022999,O021183,C00473,R0086,3,The food was acceptable.,Neutral,2026-02-25 13:00:00,food acceptable,0.3182,Positive,Neutral,True,False
REV028949,O018278,C02182,R0068,1,I received the wrong item.,Negative,2026-01-18 05:00:00,received wrong item,-0.4767,Negative,Negative,True,True
REV028059,O044648,C01001,R0094,4,Great quality and very good service.,Positive,2026-05-24 16:00:00,great quality good service,0.807,Positive,Positive,True,True
REV005354,O048068,C01693,R0082,5,The food arrived cold.,Negative,2026-06-16 13:00:00,food arrived cold,0.0,Neutral,Negative,True,False
REV007174,O033337,C03707,R0095,5,Amazing food and excellent quality.,Positive,2026-02-04 02:00:00,amazing food excellent quality,0.8176,Positive,Positive,True,True
REV028735,O046994,C00438,R0133,5,Everything was perfect and well packed.,Positive,2026-03-05 09:00:00,everything perfect well packed,0.7003,Positive,Positive,True,True
REV016811,O022644,C00447,R0166,1,The food was cold and the delivery was late.,Negative,2026-03-29 15:00:00,food cold delivery late,0.0,Neutral,Negative,True,False
REV016878,O027759,C02254,R0175,4,Amazing food and excellent quality.,Positive,2026-05-20 05:00:00,amazing food excellent quality,0.8176,Positive,Positive,True,True
REV007704,O048654,C00963,R0209,3,Fast delivery and great packaging.,Positive,2026-05-23 14:00:00,fast delivery great packaging,0.6249,Positive,Positive,True,True
REV007061,O004218,C04881,R0073,5,Everything was perfect and well packed.,Positive,2026-01-17 11:00:00,everything perfect well packed,0.7003,Positive,Positive,True,True
REV002821,O001826,C00199,R0221,4,Everything was perfect and well packed.,Positive,2026-04-18 18:00:00,everything perfect well packed,0.7003,Positive,Positive,True,True
REV013832,O035909,C00510,R0112,4,Fast delivery and great packaging.,Positive,2026-06-21 17:00:00,fast delivery great packaging,0.6249,Positive,Positive,True,True
REV002637,O025064,C01333,R0208,3,Overall it was satisfactory.,Neutral,2026-05-26 08:00:00,overall satisfactory,0.3612,Positive,Neutral,True,False
REV015975,O013161,C00368,R0300,1,The food was bland and disappointing.,Negative,2026-03-18 00:00:00,food bland disappointing,-0.4939,Negative,Negative,True,True
REV019140,O004944,C04070,R0164,4,Great quality and very good service.,Positive,2026-01-07 13:00:00,great quality good service,0.807,Positive,Positive,True,True
REV017172,O005229,C00439,R0165,4,The food was fresh and flavorful.,Positive,2026-04-30 01:00:00,food fresh flavorful,0.3182,Positive,Positive,True,True
REV017595,O037947,C04690,R0126,4,The food was fresh and flavorful.,Positive,2026-02-11 09:00:00,food fresh flavorful,0.3182,Positive,Positive,True,True
REV023341,O000440,C01697,R0274,5,Fast delivery and great packaging.,Positive,2026-01-27 01:00:00,fast delivery great packaging,0.6249,Positive,Positive,True,True
REV029285,O004696,C03713,R0267,4,Great quality and very good service.,Positive,2026-02-13 20:00:00,great quality good service,0.807,Positive,Positive,True,True
REV028594,O000680,C02093,R0247,3,The order was okay overall.,Neutral,2026-03-12 00:00:00,order okay overall,0.2263,Positive,Neutral,True,False
REV005386,O035513,C00754,R0141,4,Fast delivery and great packaging.,Positive,2026-01-19 02:00:00,fast delivery great packaging,0.6249,Positive,Positive,True,True
REV016544,O038782,C00994,R0087,4,Great quality and very good service.,Positive,2026-03-14 22:00:00,great quality good service,0.807,Positive,Positive,True,True
REV022743,O001425,C03367,R0293,3,Food quality was average.,Neutral,2026-06-23 09:00:00,food quality average,0.0,Neutral,Neutral,True,True
REV006666,O013824,C00642,R0135,5,Everything was perfect and well packed.,Positive,2026-05-26 00:00:00,everything perfect well packed,0.7003,Positive,Positive,True,True
REV019716,O029048,C01775,R0139,3,The food was okay.,Neutral,2026-02-20 03:00:00,food okay,0.2263,Positive,Neutral,True,False
REV014755,O044120,C03457,R0019,1,The delivery was very late.,Negative,2026-06-27 23:00:00,delivery late,0.0,Neutral,Negative,True,False
REV009252,O039416,C01193,R0131,4,Great quality and very good service.,Positive,2026-05-18 14:00:00,great quality good service,0.807,Positive,Positive,True,True
REV010058,O010693,C04626,R0201,4,Everything was perfect and well packed.,Positive,2026-06-25 14:00:00,everything perfect well packed,0.7003,Positive,Positive,True,True
REV001967,O015658,C04971,R0196,5,Fast delivery and great packaging.,Positive,2026-05-25 23:00:00,fast delivery great packaging,0.6249,Positive,Positive,True,True
REV008484,O002887,C00630,R0270,4,Everything was perfect and well packed.,Positive,2026-06-24 08:00:00,everything perfect well packed,0.7003,Positive,Positive,True,True
REV019173,O021498,C02111,R0072,5,Delivery was fast and the food arrived hot.,Positive,2026-06-19 09:00:00,delivery fast food arrived hot,0.0,Neutral,Positive,True,False
REV018789,O030641,C03015,R0220,4,The food was delicious and fresh.,Positive,2026-06-12 04:00:00,food delicious fresh,0.7184,Positive,Positive,True,True
REV022866,O010612,C01477,R0269,3,Average experience.,Neutral,2026-05-19 06:00:00,average experience,0.0,Neutral,Neutral,True,True
REV015695,O025316,C02085,R0009,3,Overall it was satisfactory.,Neutral,2026-06-11 21:00:00,overall satisfactory,0.3612,Positive,Neutral,True,False
REV010881,O016911,C03176,R0139,4,The order arrived quickly and everything was hot.,Positive,2026-04-25 00:00:00,order arrived quickly everything hot,0.0,Neutral,Positive,True,False
REV024581,O003503,C02445,R0158,4,The food was fresh and flavorful.,Positive,2026-04-26 14:00:00,food fresh flavorful,0.3182,Positive,Positive,True,True
REV019553,O034696,C01300,R0171,1,The food arrived cold.,Negative,2026-04-17 20:00:00,food arrived cold,0.0,Neutral,Negative,True,False
REV014256,O033050,C02037,R0230,4,Fast delivery and great packaging.,Positive,2026-05-09 08:00:00,fast delivery great packaging,0.6249,Positive,Positive,True,True
REV029321,O039610,C01438,R0175,3,The experience was fine.,Neutral,2026-06-25 06:00:00,experience fine,0.2023,Positive,Neutral,True,False
REV027925,O016762,C00648,R0124,4,The food was cold and the delivery was late.,Negative,2026-06-13 01:00:00,food cold delivery late,0.0,Neutral,Negative,True,False
REV003218,O043659,C02772,R0173,5,Delivery was fast and the food arrived hot.,Positive,2026-02-24 17:00:00,delivery fast food arrived hot,0.0,Neutral,Positive,True,False
REV016054,O024841,C03427,R0042,4,Delivery was fast and the food arrived hot.,Positive,2026-03-20 14:00:00,delivery fast food arrived hot,0.0,Neutral,Positive,True,False
REV006151,O038741,C03361,R0279,4,The food was fresh and flavorful.,Positive,2026-06-21 20:00:00,food fresh flavorful,0.3182,Positive,Positive,True,True
REV027385,O042664,C00988,R0166,3,My order was missing an item.,Negative,2026-03-06 20:00:00,order missing item,-0.296,Negative,Negative,True,True
REV002072,O021129,C04269,R0161,4,Excellent experience from start to finish.,Positive,2026-04-15 11:00:00,excellent experience start finish,0.5719,Positive,Positive,True,True
REV017781,O027568,C03589,R0089,3,Average experience.,Neutral,2026-06-13 19:00:00,average experience,0.0,Neutral,Neutral,True,True
REV005070,O049566,C02953,R0090,2,I received the wrong item.,Negative,2026-03-15 11:00:00,received wrong item,-0.4767,Negative,Negative,True,True
REV015380,O048411,C02814,R0279,1,The packaging was damaged.,Negative,2026-03-23 16:00:00,packaging damaged,-0.4404,Negative,Negative,True,True
REV028045,O025416,C04286,R0108,4,Excellent experience from start to finish.,Positive,2026-05-29 11:00:00,excellent experience start finish,0.5719,Positive,Positive,True,True
REV015475,O040358,C00387,R0004,4,Really tasty food with generous portions.,Positive,2026-05-30 20:00:00,really tasty food generous portion,0.5106,Positive,Positive,True,True
REV017196,O000204,C00479,R0247,1,The food was cold and the delivery was late.,Negative,2026-03-30 02:00:00,food cold delivery late,0.0,Neutral,Negative,True,False
REV016181,O027312,C01480,R0011,2,The food was cold and the delivery was late.,Negative,2026-03-08 21:00:00,food cold delivery late,0.0,Neutral,Negative,True,False
REV003087,O046539,C02000,R0088,2,The delivery was very late.,Negative,2026-04-15 23:00:00,delivery late,0.0,Neutral,Negative,True,False
REV019416,O007446,C01678,R0082,3,The food was decent.,Neutral,2026-03-16 02:00:00,food decent,0.0,Neutral,Neutral,True,True
REV007230,O046378,C01176,R0054,2,Amazing food and excellent quality.,Positive,2026-03-31 06:00:00,amazing food excellent quality,0.8176,Positive,Positive,True,True
REV017594,O003127,C03388,R0111,5,The food was delicious and fresh.,Positive,2026-03-12 21:00:00,food delicious fresh,0.7184,Positive,Positive,True,True
REV026415,O011407,C02257,R0218,1,I received the wrong item.,Negative,2026-01-27 12:00:00,received wrong item,-0.4767,Negative,Negative,True,True
REV007093,O045899,C03098,R0113,5,Really tasty food with generous portions.,Positive,2026-05-31 11:00:00,really tasty food generous portion,0.5106,Positive,Positive,True,True
REV022600,O011601,C04123,R0017,4,The order arrived quickly and everything was hot.,Positive,2026-04-14 15:00:00,order arrived quickly everything hot,0.0,Neutral,Positive,True,False
REV006814,O006461,C01045,R0121,3,The food was acceptable.,Neutral,2026-04-26 11:00:00,food acceptable,0.3182,Positive,Neutral,True,False
REV006136,O033769,C04348,R0001,5,Amazing food and excellent quality.,Positive,2026-04-28 14:00:00,amazing food excellent quality,0.8176,Positive,Positive,True,True
REV025465,O013027,C01978,R0279,2,The food was cold and the delivery was late.,Negative,2026-03-24 06:00:00,food cold delivery late,0.0,Neutral,Negative,True,False
REV025926,O043035,C00360,R0130,4,Delivery was fast and the food arrived hot.,Positive,2026-03-05 15:00:00,delivery fast food arrived hot,0.0,Neutral,Positive,True,False
REV018896,O049408,C00634,R0039,4,The food was fresh and flavorful.,Positive,2026-06-01 01:00:00,food fresh flavorful,0.3182,Positive,Positive,True,True
REV029115,O023649,C02200,R0099,5,The food was delicious and fresh.,Positive,2026-04-12 18:00:00,food delicious fresh,0.7184,Positive,Positive,True,True
REV021701,O007084,C04190,R0090,5,Delivery was fast and the food arrived hot.,Positive,2026-02-15 07:00:00,delivery fast food arrived hot,0.0,Neutral,Positive,True,False
REV011611,O034912,C00388,R0073,5,The food was fresh and flavorful.,Positive,2026-05-25 20:00:00,food fresh flavorful,0.3182,Positive,Positive,True,True
REV021582,O016244,C00169,R0052,5,The order arrived quickly and everything was hot.,Positive,2026-01-23 06:00:00,order arrived quickly everything hot,0.0,Neutral,Positive,True,False
REV009720,O029252,C04714,R0212,5,Really tasty food with generous portions.,Positive,2026-02-18 07:00:00,really tasty food generous portion,0.5106,Positive,Positive,True,True
REV029869,O041797,C00449,R0109,5,The order arrived quickly and everything was hot.,Positive,2026-05-10 04:00:00,order arrived quickly everything hot,0.0,Neutral,Positive,True,False
REV011105,O015817,C04683,R0011,5,The order arrived quickly and everything was hot.,Positive,2026-02-15 14:00:00,order arrived quickly everything hot,0.0,Neutral,Positive,True,False
REV008799,O012977,C04161,R0030,4,The food was delicious and fresh.,Positive,2026-03-15 16:00:00,food delicious fresh,0.7184,Positive,Positive,True,True
REV026024,O047473,C01476,R0269,3,The food was acceptable.,Neutral,2026-04-02 07:00:00,food acceptable,0.3182,Positive,Neutral,True,False
REV002621,O039939,C00406,R0023,5,Excellent experience from start to finish.,Positive,2026-01-24 22:00:00,excellent experience start finish,0.5719,Positive,Positive,True,True
REV008411,O047256,C04970,R0224,5,Excellent experience from start to finish.,Positive,2026-04-09 17:00:00,excellent experience start finish,0.5719,Positive,Positive,True,True
REV005274,O046982,C03918,R0222,4,The food was bland and disappointing.,Negative,2026-05-16 01:00:00,food bland disappointing,-0.4939,Negative,Negative,True,True
REV021871,O032051,C02103,R0128,2,I received the wrong item.,Negative,2026-02-11 23:00:00,received wrong item,-0.4767,Negative,Negative,True,True
REV029779,O026164,C00663,R0255,5,Really tasty food with generous portions.,Positive,2026-02-25 13:00:00,really tasty food generous portion,0.5106,Positive,Positive,True,True
REV014874,O033894,C03482,R0274,4,The order arrived quickly and everything was hot.,Positive,2026-01-11 04:00:00,order arrived quickly everything hot,0.0,Neutral,Positive,True,False
REV029307,O029550,C00817,R0246,2,I received the wrong item.,Negative,2026-05-17 23:00:00,received wrong item,-0.4767,Negative,Negative,True,True
REV014094,O034873,C02808,R0045,4,The order arrived quickly and everything was hot.,Positive,2026-01-17 21:00:00,order arrived quickly everything hot,0.0,Neutral,Positive,True,False
REV024365,O026436,C01833,R0002,5,The food was delicious and fresh.,Positive,2026-01-05 02:00:00,food delicious fresh,0.7184,Positive,Positive,True,True
REV009755,O042862,C04946,R0204,2,The delivery was very late.,Negative,2026-04-14 13:00:00,delivery late,0.0,Neutral,Negative,True,False
REV021337,O038450,C01145,R0247,5,Really tasty food with generous portions.,Positive,2026-06-25 21:00:00,really tasty food generous portion,0.5106,Positive,Positive,True,True
REV022188,O000253,C00232,R0099,4,Delivery was fast and the food arrived hot.,Positive,2026-06-21 10:00:00,delivery fast food arrived hot,0.0,Neutral,Positive,True,False
REV010571,O042689,C00585,R0013,4,Delivery was fast and the food arrived hot.,Positive,2026-06-10 12:00:00,delivery fast food arrived hot,0.0,Neutral,Positive,True,False
REV001937,O016715,C01958,R0277,5,The order arrived quickly and everything was hot.,Positive,2026-02-03 11:00:00,order arrived quickly everything hot,0.0,Neutral,Positive,True,False
REV004250,O030920,C01346,R0226,4,The food was fresh and flavorful.,Positive,2026-03-03 03:00:00,food fresh flavorful,0.3182,Positive,Positive,True,True
REV028738,O005037,C01991,R0235,1,The food was cold and the delivery was late.,Negative,2026-05-24 02:00:00,food cold delivery late,0.0,Neutral,Negative,True,False
REV020497,O046212,C01410,R0094,5,Excellent experience from start to finish.,Positive,2026-03-19 02:00:00,excellent experience start finish,0.5719,Positive,Positive,True,True
REV008196,O022080,C04844,R0154,5,Really tasty food with generous portions.,Positive,2026-05-14 19:00:00,really tasty food generous portion,0.5106,Positive,Positive,True,True
REV028149,O021935,C00234,R0024,1,The food arrived cold.,Negative,2026-06-26 02:00:00,food arrived cold,0.0,Neutral,Negative,True,False
REV023593,O038560,C04720,R0156,5,Excellent experience from start to finish.,Positive,2026-06-19 10:00:00,excellent experience start finish,0.5719,Positive,Positive,True,True
REV004944,O043309,C03136,R0081,1,Very poor experience with the delivery.,Negative,2026-04-25 05:00:00,poor experience delivery,-0.5256,Negative,Negative,True,True
REV020084,O024107,C01186,R0174,4,Amazing food and excellent quality.,Positive,2026-03-18 16:00:00,amazing food excellent quality,0.8176,Positive,Positive,True,True
REV000376,O033978,C00475,R0001,5,The food was fresh and flavorful.,Positive,2026-05-15 20:00:00,food fresh flavorful,0.3182,Positive,Positive,True,True
REV026808,O048462,C04280,R0256,2,The food was bland and disappointing.,Negative,2026-03-21 01:00:00,food bland disappointing,-0.4939,Negative,Negative,True,True
REV011406,O002746,C02424,R0112,4,The food was cold and the delivery was late.,Negative,2026-06-10 00:00:00,food cold delivery late,0.0,Neutral,Negative,True,False
REV002634,O009532,C01490,R0001,5,Great quality and very good service.,Positive,2026-03-08 01:00:00,great quality good service,0.807,Positive,Positive,True,True
REV007971,O032742,C02565,R0113,4,The food was delicious and fresh.,Positive,2026-04-18 23:00:00,food delicious fresh,0.7184,Positive,Positive,True,True
REV028917,O019616,C04599,R0054,4,Great quality and very good service.,Positive,2026-06-19 11:00:00,great quality good service,0.807,Positive,Positive,True,True
REV006325,O036129,C03559,R0045,5,The order arrived quickly and everything was hot.,Positive,2026-05-23 16:00:00,order arrived quickly everything hot,0.0,Neutral,Positive,True,False
REV025016,O022171,C01967,R0249,5,Amazing food and excellent quality.,Positive,2026-03-29 15:00:00,amazing food excellent quality,0.8176,Positive,Positive,True,True
REV012490,O005804,C03045,R0089,2,The food was cold and the delivery was late.,Negative,2026-01-30 22:00:00,food cold delivery late,0.0,Neutral,Negative,True,False
REV011467,O015694,C04276,R0114,4,Excellent experience from start to finish.,Positive,2026-06-07 20:00:00,excellent experience start finish,0.5719,Positive,Positive,True,True
REV016780,O003731,C02032,R0022,4,The food was fresh and flavorful.,Positive,2026-04-23 05:00:00,food fresh flavorful,0.3182,Positive,Positive,True,True
REV006756,O025461,C00434,R0111,5,Really tasty food with generous portions.,Positive,2026-06-29 12:00:00,really tasty food generous portion,0.5106,Positive,Positive,True,True
REV011372,O048474,C04178,R0060,4,The food was cold and the delivery was late.,Negative,2026-04-21 13:00:00,food cold delivery late,0.0,Neutral,Negative,True,False
REV027799,O038276,C02918,R0119,4,Fast delivery and great packaging.,Positive,2026-03-29 10:00:00,fast delivery great packaging,0.6249,Positive,Positive,True,True
REV019200,O038388,C01788,R0095,4,Everything was perfect and well packed.,Positive,2026-07-02 10:00:00,everything perfect well packed,0.7003,Positive,Positive,True,True
REV003192,O047123,C03731,R0180,1,The order was delayed for a long time.,Negative,2026-05-01 12:00:00,order delayed long time,-0.2263,Negative,Negative,True,True
REV027931,O018907,C03787,R0122,5,Fast delivery and great packaging.,Positive,2026-01-14 23:00:00,fast delivery great packaging,0.6249,Positive,Positive,True,True
REV000624,O021161,C04777,R0295,4,The food was delicious and fresh.,Positive,2026-06-14 12:00:00,food delicious fresh,0.7184,Positive,Positive,True,True
REV016720,O044518,C03204,R0009,3,The experience was fine.,Neutral,2026-03-08 08:00:00,experience fine,0.2023,Positive,Neutral,True,False
REV025988,O039258,C00955,R0056,5,Really tasty food with generous portions.,Positive,2026-03-04 20:00:00,really tasty food generous portion,0.5106,Positive,Positive,True,True
REV024432,O010339,C00197,R0180,5,The order was delayed for a long time.,Negative,2026-03-19 00:00:00,order delayed long time,-0.2263,Negative,Negative,True,True
REV000477,O045579,C04404,R0126,5,Everything was perfect and well packed.,Positive,2026-04-26 14:00:00,everything perfect well packed,0.7003,Positive,Positive,True,True
REV016178,O037024,C01282,R0295,4,Great quality and very good service.,Positive,2026-01-09 22:00:00,great quality good service,0.807,Positive,Positive,True,True
REV022228,O011079,C02385,R0139,5,Amazing food and excellent quality.,Positive,2026-02-01 20:00:00,amazing food excellent quality,0.8176,Positive,Positive,True,True
REV009903,O013425,C00973,R0027,4,Great quality and very good service.,Positive,2026-01-06 14:00:00,great quality good service,0.807,Positive,Positive,True,True
REV017181,O003786,C02390,R0079,4,Everything was perfect and well packed.,Positive,2026-06-26 13:00:00,everything perfect well packed,0.7003,Positive,Positive,True,True
REV014450,O002338,C04265,R0061,3,The food was decent.,Neutral,2026-06-14 07:00:00,food decent,0.0,Neutral,Neutral,True,True
REV004495,O014848,C02667,R0162,5,The food was delicious and fresh.,Positive,2026-01-28 05:00:00,food delicious fresh,0.7184,Positive,Positive,True,True
REV010915,O028400,C00586,R0222,1,The packaging was damaged.,Negative,2026-05-13 10:00:00,packaging damaged,-0.4404,Negative,Negative,True,True
REV028061,O036936,C04608,R0231,5,Everything was perfect and well packed.,Positive,2026-01-22 00:00:00,everything perfect well packed,0.7003,Positive,Positive,True,True
REV018228,O019363,C01940,R0090,4,The food was delicious and fresh.,Positive,2026-07-02 02:00:00,food delicious fresh,0.7184,Positive,Positive,True,True
REV026972,O028627,C04324,R0063,2,The food was cold and the delivery was late.,Negative,2026-04-26 19:00:00,food cold delivery late,0.0,Neutral,Negative,True,False
REV025832,O042746,C01171,R0087,4,Excellent experience from start to finish.,Positive,2026-03-25 08:00:00,excellent experience start finish,0.5719,Positive,Positive,True,True
REV029744,O029196,C02101,R0128,2,The order was delayed for a long time.,Negative,2026-02-07 07:00:00,order delayed long time,-0.2263,Negative,Negative,True,True
REV005292,O003750,C03200,R0240,5,Great quality and very good service.,Positive,2026-02-11 06:00:00,great quality good service,0.807,Positive,Positive,True,True
REV025171,O012603,C01181,R0171,5,The food was fresh and flavorful.,Positive,2026-01-03 23:00:00,food fresh flavorful,0.3182,Positive,Positive,True,True
REV017518,O044681,C02190,R0062,2,The food arrived cold.,Negative,2026-03-17 10:00:00,food arrived cold,0.0,Neutral,Negative,True,False
REV011843,O011398,C02413,R0127,5,Really tasty food with generous portions.,Positive,2026-03-05 13:00:00,really tasty food generous portion,0.5106,Positive,Positive,True,True
REV009895,O021238,C00959,R0046,2,The packaging was damaged.,Negative,2026-06-27 12:00:00,packaging damaged,-0.4404,Negative,Negative,True,True
REV018466,O024259,C00772,R0021,5,Delivery was fast and the food arrived hot.,Positive,2026-01-04 16:00:00,delivery fast food arrived hot,0.0,Neutral,Positive,True,False
REV011778,O043818,C02181,R0181,5,Fast delivery and great packaging.,Positive,2026-05-25 17:00:00,fast delivery great packaging,0.6249,Positive,Positive,True,True
REV007474,O046548,C04499,R0178,1,I received the wrong item.,Negative,2026-03-29 16:00:00,received wrong item,-0.4767,Negative,Negative,True,True
REV000344,O023977,C03664,R0003,1,The food arrived cold.,Negative,2026-03-01 18:00:00,food arrived cold,0.0,Neutral,Negative,True,False
REV013210,O031384,C00970,R0220,5,The order arrived quickly and everything was hot.,Positive,2026-05-11 09:00:00,order arrived quickly everything hot,0.0,Neutral,Positive,True,False
REV007347,O033755,C00703,R0180,3,Average experience.,Neutral,2026-02-01 17:00:00,average experience,0.0,Neutral,Neutral,True,True
REV025935,O013623,C04557,R0182,4,Excellent experience from start to finish.,Positive,2026-01-15 03:00:00,excellent experience start finish,0.5719,Positive,Positive,True,True
REV025364,O011188,C00392,R0011,4,Excellent experience from start to finish.,Positive,2026-01-14 20:00:00,excellent experience start finish,0.5719,Positive,Positive,True,True
REV005076,O034626,C04576,R0191,4,Everything was perfect and well packed.,Positive,2026-02-19 12:00:00,everything perfect well packed,0.7003,Positive,Positive,True,True
REV003086,O035935,C02673,R0020,4,Everything was perfect and well packed.,Positive,2026-06-24 19:00:00,everything perfect well packed,0.7003,Positive,Positive,True,True
REV004628,O038713,C00779,R0203,3,Really tasty food with generous portions.,Positive,2026-06-29 07:00:00,really tasty food generous portion,0.5106,Positive,Positive,True,True
REV029651,O010387,C02940,R0054,3,The food was bland and disappointing.,Negative,2026-02-24 14:00:00,food bland disappointing,-0.4939,Negative,Negative,True,True
REV006913,O034276,C03338,R0106,2,Very poor experience with the delivery.,Negative,2026-03-17 00:00:00,poor experience delivery,-0.5256,Negative,Negative,True,True
REV026686,O030956,C01634,R0285,4,Amazing food and excellent quality.,Positive,2026-03-07 02:00:00,amazing food excellent quality,0.8176,Positive,Positive,True,True
REV008019,O018798,C01419,R0076,5,The food was delicious and fresh.,Positive,2026-02-04 00:00:00,food delicious fresh,0.7184,Positive,Positive,True,True
REV009894,O014069,C00062,R0295,4,The food was fresh and flavorful.,Positive,2026-05-21 15:00:00,food fresh flavorful,0.3182,Positive,Positive,True,True
REV011447,O004178,C01186,R0255,4,The order arrived quickly and everything was hot.,Positive,2026-04-18 01:00:00,order arrived quickly everything hot,0.0,Neutral,Positive,True,False
REV020430,O002943,C04955,R0113,5,Excellent experience from start to finish.,Positive,2026-02-23 14:00:00,excellent experience start finish,0.5719,Positive,Positive,True,True
REV000900,O047144,C02454,R0168,5,Really tasty food with generous portions.,Positive,2026-05-31 07:00:00,really tasty food generous portion,0.5106,Positive,Positive,True,True
REV015197,O042764,C00427,R0165,3,The order was okay overall.,Neutral,2026-01-10 01:00:00,order okay overall,0.2263,Positive,Neutral,True,False
REV008291,O027917,C00051,R0022,4,Really tasty food with generous portions.,Positive,2026-06-29 18:00:00,really tasty food generous portion,0.5106,Positive,Positive,True,True
REV028219,O044172,C01867,R0061,4,Delivery was fast and the food arrived hot.,Positive,2026-01-11 00:00:00,delivery fast food arrived hot,0.0,Neutral,Positive,True,False
REV028655,O040328,C00405,R0262,4,The food was delicious and fresh.,Positive,2026-03-12 10:00:00,food delicious fresh,0.7184,Positive,Positive,True,True
REV026936,O032259,C02923,R0180,5,Really tasty food with generous portions.,Positive,2026-02-16 03:00:00,really tasty food generous portion,0.5106,Positive,Positive,True,True
REV029080,O005196,C04054,R0018,5,The food was fresh and flavorful.,Positive,2026-01-25 12:00:00,food fresh flavorful,0.3182,Positive,Positive,True,True
REV000425,O031413,C03263,R0142,5,Everything was perfect and well packed.,Positive,2026-06-26 15:00:00,everything perfect well packed,0.7003,Positive,Positive,True,True
REV009854,O044654,C04701,R0074,3,Overall it was satisfactory.,Neutral,2026-02-19 03:00:00,overall satisfactory,0.3612,Positive,Neutral,True,False
REV025612,O001122,C03309,R0129,5,Delivery was fast and the food arrived hot.,Positive,2026-04-13 03:00:00,delivery fast food arrived hot,0.0,Neutral,Positive,True,False
REV026047,O005783,C02261,R0126,5,Delivery was fast and the food arrived hot.,Positive,2026-06-19 02:00:00,delivery fast food arrived hot,0.0,Neutral,Positive,True,False
REV014441,O031459,C02818,R0090,4,Excellent experience from start to finish.,Positive,2026-06-10 16:00:00,excellent experience start finish,0.5719,Positive,Positive,True,True
REV021447,O016347,C01504,R0171,5,The food was fresh and flavorful.,Positive,2026-05-17 01:00:00,food fresh flavorful,0.3182,Positive,Positive,True,True
REV003134,O029276,C01276,R0248,4,Fast delivery and great packaging.,Positive,2026-03-12 03:00:00,fast delivery great packaging,0.6249,Positive,Positive,True,True
REV004097,O026390,C04043,R0120,4,Really tasty food with generous portions.,Positive,2026-03-27 07:00:00,really tasty food generous portion,0.5106,Positive,Positive,True,True
REV014165,O046634,C03129,R0244,4,The order arrived quickly and everything was hot.,Positive,2026-04-12 13:00:00,order arrived quickly everything hot,0.0,Neutral,Positive,True,False
REV016818,O008238,C03269,R0175,5,The order arrived quickly and everything was hot.,Positive,2026-01-10 08:00:00,order arrived quickly everything hot,0.0,Neutral,Positive,True,False
REV019931,O018499,C00607,R0222,2,I received the wrong item.,Negative,2026-04-10 11:00:00,received wrong item,-0.4767,Negative,Negative,True,True
REV009666,O042375,C04264,R0106,4,Great quality and very good service.,Positive,2026-04-21 17:00:00,great quality good service,0.807,Positive,Positive,True,True
REV017816,O005589,C01837,R0210,1,The food arrived cold.,Negative,2026-01-11 10:00:00,food arrived cold,0.0,Neutral,Negative,True,False
REV004090,O043390,C03870,R0108,2,The packaging was damaged.,Negative,2026-06-20 07:00:00,packaging damaged,-0.4404,Negative,Negative,True,True
REV010176,O031105,C02192,R0291,5,Really tasty food with generous portions.,Positive,2026-06-11 18:00:00,really tasty food generous portion,0.5106,Positive,Positive,True,True
REV006318,O039134,C01601,R0028,5,Delivery was fast and the food arrived hot.,Positive,2026-01-07 21:00:00,delivery fast food arrived hot,0.0,Neutral,Positive,True,False
REV024725,O049201,C02605,R0282,2,The delivery was very late.,Negative,2026-04-24 10:00:00,delivery late,0.0,Neutral,Negative,True,False
REV014940,O026116,C00889,R0085,1,My order was missing an item.,Negative,2026-05-15 06:00:00,order missing item,-0.296,Negative,Negative,True,True
REV013207,O013205,C03819,R0182,3,The experience was fine.,Neutral,2026-06-29 23:00:00,experience fine,0.2023,Positive,Neutral,True,False
REV011108,O043933,C01065,R0134,4,Fast delivery and great packaging.,Positive,2026-04-29 08:00:00,fast delivery great packaging,0.6249,Positive,Positive,True,True
REV023410,O043814,C01904,R0282,5,Excellent experience from start to finish.,Positive,2026-01-03 22:00:00,excellent experience start finish,0.5719,Positive,Positive,True,True
REV008385,O001710,C01621,R0204,3,The experience was fine.,Neutral,2026-03-24 17:00:00,experience fine,0.2023,Positive,Neutral,True,False
REV015385,O010560,C04001,R0049,3,The order took too long to arrive.,Negative,2026-01-28 19:00:00,order took long arrive,0.0,Neutral,Negative,True,False
REV015435,O020810,C02126,R0121,3,It was an ordinary experience.,Neutral,2026-05-22 04:00:00,ordinary experience,0.0,Neutral,Neutral,True,True
REV022333,O036546,C02097,R0121,3,Nothing special about the order.,Neutral,2026-04-24 19:00:00,nothing special order,-0.3089,Negative,Neutral,True,False
REV022086,O014300,C01042,R0044,5,The food was delicious and fresh.,Positive,2026-02-23 19:00:00,food delicious fresh,0.7184,Positive,Positive,True,True
REV016245,O006147,C04258,R0067,5,Delivery was fast and the food arrived hot.,Positive,2026-05-16 13:00:00,delivery fast food arrived hot,0.0,Neutral,Positive,True,False
REV018167,O045611,C04592,R0178,5,I received the wrong item.,Negative,2026-05-09 11:00:00,received wrong item,-0.4767,Negative,Negative,True,True
REV013559,O000354,C00868,R0009,5,Really tasty food with generous portions.,Positive,2026-01-10 10:00:00,really tasty food generous portion,0.5106,Positive,Positive,True,True
REV005112,O013003,C01661,R0072,5,Amazing food and excellent quality.,Positive,2026-04-13 15:00:00,amazing food excellent quality,0.8176,Positive,Positive,True,True
REV021422,O033030,C04618,R0279,4,Excellent experience from start to finish.,Positive,2026-04-28 13:00:00,excellent experience start finish,0.5719,Positive,Positive,True,True
REV006962,O032505,C00744,R0081,5,The food was delicious and fresh.,Positive,2026-01-22 20:00:00,food delicious fresh,0.7184,Positive,Positive,True,True
REV011056,O024703,C01532,R0114,5,Fast delivery and great packaging.,Positive,2026-04-27 16:00:00,fast delivery great packaging,0.6249,Positive,Positive,True,True
REV004874,O008860,C02844,R0104,4,The food was delicious and fresh.,Positive,2026-06-05 01:00:00,food delicious fresh,0.7184,Positive,Positive,True,True
REV008892,O027464,C02238,R0293,5,Excellent experience from start to finish.,Positive,2026-03-29 14:00:00,excellent experience start finish,0.5719,Positive,Positive,True,True
REV014283,O031953,C02786,R0277,2,The food was bland and disappointing.,Negative,2026-05-06 17:00:00,food bland disappointing,-0.4939,Negative,Negative,True,True
REV007117,O024372,C02477,R0030,5,Everything was perfect and well packed.,Positive,2026-04-04 18:00:00,everything perfect well packed,0.7003,Positive,Positive,True,True
REV011308,O027070,C04656,R0275,2,The order took too long to arrive.,Negative,2026-01-09 13:00:00,order took long arrive,0.0,Neutral,Negative,True,False
REV013585,O041478,C04098,R0106,4,The food was delicious and fresh.,Positive,2026-02-23 21:00:00,food delicious fresh,0.7184,Positive,Positive,True,True
REV017913,O034804,C00304,R0067,4,The food was fresh and flavorful.,Positive,2026-06-15 17:00:00,food fresh flavorful,0.3182,Positive,Positive,True,True
REV028308,O021211,C04019,R0220,5,The food was fresh and flavorful.,Positive,2026-02-21 22:00:00,food fresh flavorful,0.3182,Positive,Positive,True,True
REV025662,O040451,C01069,R0216,5,Everything was perfect and well packed.,Positive,2026-04-24 00:00:00,everything perfect well packed,0.7003,Positive,Positive,True,True
REV005612,O014925,C00973,R0280,4,Amazing food and excellent quality.,Positive,2026-07-01 08:00:00,amazing food excellent quality,0.8176,Positive,Positive,True,True
REV013783,O044912,C04122,R0094,1,I received the wrong item.,Negative,2026-04-11 03:00:00,received wrong item,-0.4767,Negative,Negative,True,True
REV022496,O018133,C03659,R0159,3,Average experience.,Neutral,2026-04-05 06:00:00,average experience,0.0,Neutral,Neutral,True,True
REV000356,O030573,C00624,R0209,4,Great quality and very good service.,Positive,2026-05-18 16:00:00,great quality good service,0.807,Positive,Positive,True,True
REV002305,O049379,C02598,R0011,5,Excellent experience from start to finish.,Positive,2026-05-01 19:00:00,excellent experience start finish,0.5719,Positive,Positive,True,True
REV029363,O026792,C04000,R0086,3,Overall it was satisfactory.,Neutral,2026-04-19 16:00:00,overall satisfactory,0.3612,Positive,Neutral,True,False
REV013412,O023340,C03598,R0018,3,The food was bland and disappointing.,Negative,2026-05-14 17:00:00,food bland disappointing,-0.4939,Negative,Negative,True,True
REV023368,O027576,C02889,R0016,5,The food was fresh and flavorful.,Positive,2026-02-21 04:00:00,food fresh flavorful,0.3182,Positive,Positive,True,True
REV025663,O037374,C04251,R0255,1,The food arrived cold.,Negative,2026-01-31 18:00:00,food arrived cold,0.0,Neutral,Negative,True,False
REV010988,O011293,C02470,R0050,5,Great quality and very good service.,Positive,2026-06-25 12:00:00,great quality good service,0.807,Positive,Positive,True,True
REV003955,O002299,C04358,R0142,5,Fast delivery and great packaging.,Positive,2026-05-13 21:00:00,fast delivery great packaging,0.6249,Positive,Positive,True,True
REV022192,O011549,C02989,R0241,4,Delivery was fast and the food arrived hot.,Positive,2026-02-12 03:00:00,delivery fast food arrived hot,0.0,Neutral,Positive,True,False
REV024118,O034109,C03572,R0210,1,The food arrived cold.,Negative,2026-05-02 20:00:00,food arrived cold,0.0,Neutral,Negative,True,False
REV000059,O048802,C01834,R0177,4,Great quality and very good service.,Positive,2026-02-14 03:00:00,great quality good service,0.807,Positive,Positive,True,True
REV026424,O030730,C04887,R0078,4,The order arrived quickly and everything was hot.,Positive,2026-01-31 20:00:00,order arrived quickly everything hot,0.0,Neutral,Positive,True,False
REV009619,O048910,C01017,R0018,5,Amazing food and excellent quality.,Positive,2026-02-02 15:00:00,amazing food excellent quality,0.8176,Positive,Positive,True,True
REV017207,O005273,C01081,R0280,5,Really tasty food with generous portions.,Positive,2026-04-30 22:00:00,really tasty food generous portion,0.5106,Positive,Positive,True,True
REV000948,O044359,C00948,R0132,5,Excellent experience from start to finish.,Positive,2026-05-06 21:00:00,excellent experience start finish,0.5719,Positive,Positive,True,True
REV002023,O013632,C01699,R0280,4,The order arrived quickly and everything was hot.,Positive,2026-03-30 16:00:00,order arrived quickly everything hot,0.0,Neutral,Positive,True,False
REV020407,O007220,C04125,R0050,3,The delivery was very late.,Negative,2026-03-17 05:00:00,delivery late,0.0,Neutral,Negative,True,False
REV001188,O010179,C02223,R0189,5,The food was fresh and flavorful.,Positive,2026-03-31 17:00:00,food fresh flavorful,0.3182,Positive,Positive,True,True
REV006702,O048273,C01087,R0236,4,The food was delicious and fresh.,Positive,2026-06-14 16:00:00,food delicious fresh,0.7184,Positive,Positive,True,True
REV024261,O045246,C00625,R0240,4,Delivery was fast and the food arrived hot.,Positive,2026-05-25 23:00:00,delivery fast food arrived hot,0.0,Neutral,Positive,True,False
REV013712,O008808,C03358,R0160,4,The food was delicious and fresh.,Positive,2026-06-01 01:00:00,food delicious fresh,0.7184,Positive,Positive,True,True
REV006115,O018599,C03398,R0029,3,Overall it was satisfactory.,Neutral,2026-06-24 09:00:00,overall satisfactory,0.3612,Positive,Neutral,True,False
REV020219,O035652,C03166,R0289,1,Very poor experience with the delivery.,Negative,2026-04-27 17:00:00,poor experience delivery,-0.5256,Negative,Negative,True,True
REV007275,O017770,C01062,R0169,4,Delivery was fast and the food arrived hot.,Positive,2026-04-04 17:00:00,delivery fast food arrived hot,0.0,Neutral,Positive,True,False
REV019326,O017966,C04490,R0249,5,Amazing food and excellent quality.,Positive,2026-06-13 19:00:00,amazing food excellent quality,0.8176,Positive,Positive,True,True
REV013289,O002996,C01748,R0144,5,Really tasty food with generous portions.,Positive,2026-01-28 06:00:00,really tasty food generous portion,0.5106,Positive,Positive,True,True
REV024547,O045444,C04034,R0076,4,The food was delicious and fresh.,Positive,2026-06-21 15:00:00,food delicious fresh,0.7184,Positive,Positive,True,True
REV001766,O045971,C03819,R0041,4,Excellent experience from start to finish.,Positive,2026-01-31 10:00:00,excellent experience start finish,0.5719,Positive,Positive,True,True
REV027254,O049827,C00834,R0203,5,Amazing food and excellent quality.,Positive,2026-04-26 04:00:00,amazing food excellent quality,0.8176,Positive,Positive,True,True
REV012751,O035142,C03811,R0053,3,Food quality was average.,Neutral,2026-01-21 21:00:00,food quality average,0.0,Neutral,Neutral,True,True
REV000629,O023296,C03051,R0116,3,It was an ordinary experience.,Neutral,2026-05-09 00:00:00,ordinary experience,0.0,Neutral,Neutral,True,True
REV014906,O019619,C01814,R0072,5,Delivery was fast and the food arrived hot.,Positive,2026-03-24 02:00:00,delivery fast food arrived hot,0.0,Neutral,Positive,True,False
REV014660,O006905,C01632,R0149,2,The order was delayed for a long time.,Negative,2026-04-30 21:00:00,order delayed long time,-0.2263,Negative,Negative,True,True
REV003199,O021201,C01049,R0290,5,Really tasty food with generous portions.,Positive,2026-06-17 17:00:00,really tasty food generous portion,0.5106,Positive,Positive,True,True
REV019269,O002143,C02809,R0108,4,The food was delicious and fresh.,Positive,2026-02-25 00:00:00,food delicious fresh,0.7184,Positive,Positive,True,True
REV000339,O043623,C00047,R0046,5,Excellent experience from start to finish.,Positive,2026-05-09 22:00:00,excellent experience start finish,0.5719,Positive,Positive,True,True
REV001290,O037901,C04216,R0157,5,Excellent experience from start to finish.,Positive,2026-04-24 15:00:00,excellent experience start finish,0.5719,Positive,Positive,True,True
REV020076,O011208,C00024,R0215,3,Average experience.,Neutral,2026-04-10 06:00:00,average experience,0.0,Neutral,Neutral,True,True
REV010269,O043385,C00992,R0266,4,Excellent experience from start to finish.,Positive,2026-03-11 19:00:00,excellent experience start finish,0.5719,Positive,Positive,True,True
REV015788,O045276,C03652,R0114,3,Excellent experience from start to finish.,Positive,2026-06-14 06:00:00,excellent experience start finish,0.5719,Positive,Positive,True,True
REV022701,O044885,C02515,R0185,4,Amazing food and excellent quality.,Positive,2026-05-17 18:00:00,amazing food excellent quality,0.8176,Positive,Positive,True,True
REV023063,O036748,C03806,R0252,3,Food quality was average.,Neutral,2026-04-08 20:00:00,food quality average,0.0,Neutral,Neutral,True,True
REV026504,O043961,C00510,R0125,3,Overall it was satisfactory.,Neutral,2026-05-20 07:00:00,overall satisfactory,0.3612,Positive,Neutral,True,False
REV019972,O044059,C01807,R0197,4,The food was delicious and fresh.,Positive,2026-05-07 10:00:00,food delicious fresh,0.7184,Positive,Positive,True,True
REV005558,O037157,C03494,R0069,4,Great quality and very good service.,Positive,2026-05-23 22:00:00,great quality good service,0.807,Positive,Positive,True,True
REV006663,O026617,C03555,R0087,3,The food was okay.,Neutral,2026-02-05 05:00:00,food okay,0.2263,Positive,Neutral,True,False
REV018348,O024834,C04715,R0105,5,The food was delicious and fresh.,Positive,2026-05-17 09:00:00,food delicious fresh,0.7184,Positive,Positive,True,True
REV015306,O018614,C02458,R0242,3,The order took too long to arrive.,Negative,2026-05-04 00:00:00,order took long arrive,0.0,Neutral,Negative,True,False
REV024237,O043975,C01044,R0079,4,Amazing food and excellent quality.,Positive,2026-04-23 19:00:00,amazing food excellent quality,0.8176,Positive,Positive,True,True
REV002194,O032306,C02109,R0026,1,The food was cold and the delivery was late.,Negative,2026-02-15 22:00:00,food cold delivery late,0.0,Neutral,Negative,True,False
REV020168,O010293,C02091,R0269,4,Amazing food and excellent quality.,Positive,2026-04-13 09:00:00,amazing food excellent quality,0.8176,Positive,Positive,True,True
REV002670,O029325,C00233,R0159,5,The order was delayed for a long time.,Negative,2026-05-06 23:00:00,order delayed long time,-0.2263,Negative,Negative,True,True
REV026161,O015724,C02300,R0228,5,Everything was perfect and well packed.,Positive,2026-06-20 14:00:00,everything perfect well packed,0.7003,Positive,Positive,True,True
REV008915,O011444,C04961,R0181,4,Fast delivery and great packaging.,Positive,2026-02-12 03:00:00,fast delivery great packaging,0.6249,Positive,Positive,True,True
REV006101,O026964,C02078,R0240,3,I received the wrong item.,Negative,2026-05-11 17:00:00,received wrong item,-0.4767,Negative,Negative,True,True
REV015254,O030459,C00996,R0059,4,The food was fresh and flavorful.,Positive,2026-02-18 21:00:00,food fresh flavorful,0.3182,Positive,Positive,True,True
REV004458,O017954,C04935,R0232,3,The food was okay.,Neutral,2026-06-17 08:00:00,food okay,0.2263,Positive,Neutral,True,False
REV003260,O025435,C03610,R0178,4,The food was delicious and fresh.,Positive,2026-06-07 15:00:00,food delicious fresh,0.7184,Positive,Positive,True,True
REV004362,O000227,C00315,R0129,5,The order arrived quickly and everything was hot.,Positive,2026-01-18 09:00:00,order arrived quickly everything hot,0.0,Neutral,Positive,True,False
REV006851,O000125,C03723,R0225,5,Delivery was fast and the food arrived hot.,Positive,2026-03-23 20:00:00,delivery fast food arrived hot,0.0,Neutral,Positive,True,False
REV015246,O030631,C03405,R0074,4,Everything was perfect and well packed.,Positive,2026-01-09 17:00:00,everything perfect well packed,0.7003,Positive,Positive,True,True
REV017735,O040533,C04416,R0141,3,The order was okay overall.,Neutral,2026-05-20 09:00:00,order okay overall,0.2263,Positive,Neutral,True,False
REV029691,O046837,C02349,R0084,4,The food was fresh and flavorful.,Positive,2026-06-26 06:00:00,food fresh flavorful,0.3182,Positive,Positive,True,True
REV026892,O007062,C02979,R0168,5,Amazing food and excellent quality.,Positive,2026-05-07 23:00:00,amazing food excellent quality,0.8176,Positive,Positive,True,True
REV024573,O017651,C04738,R0064,4,Great quality and very good service.,Positive,2026-03-30 06:00:00,great quality good service,0.807,Positive,Positive,True,True
REV019177,O011088,C00306,R0047,5,Fast delivery and great packaging.,Positive,2026-06-27 19:00:00,fast delivery great packaging,0.6249,Positive,Positive,True,True
REV028676,O027572,C02745,R0117,5,The food was fresh and flavorful.,Positive,2026-03-13 05:00:00,food fresh flavorful,0.3182,Positive,Positive,True,True
REV023520,O015363,C03129,R0052,3,The food was okay.,Neutral,2026-01-03 11:00:00,food okay,0.2263,Positive,Neutral,True,False
REV000036,O020588,C02068,R0098,4,The food was fresh and flavorful.,Positive,2026-05-10 13:00:00,food fresh flavorful,0.3182,Positive,Positive,True,True
REV011482,O001050,C01655,R0027,3,The food was acceptable.,Neutral,2026-06-26 16:00:00,food acceptable,0.3182,Positive,Neutral,True,False
REV022913,O028645,C04154,R0114,4,Everything was perfect and well packed.,Positive,2026-01-19 08:00:00,everything perfect well packed,0.7003,Positive,Positive,True,True
REV020965,O031635,C01415,R0168,1,The order took too long to arrive.,Negative,2026-05-02 18:00:00,order took long arrive,0.0,Neutral,Negative,True,False
REV005447,O026399,C01343,R0028,5,The food was delicious and fresh.,Positive,2026-02-10 02:00:00,food delicious fresh,0.7184,Positive,Positive,True,True
REV021102,O036131,C04313,R0122,4,Excellent experience from start to finish.,Positive,2026-05-28 22:00:00,excellent experience start finish,0.5719,Positive,Positive,True,True
REV012293,O039464,C00283,R0096,5,Delivery was fast and the food arrived hot.,Positive,2026-06-09 08:00:00,delivery fast food arrived hot,0.0,Neutral,Positive,True,False
REV006040,O032256,C02223,R0070,3,The experience was fine.,Neutral,2026-03-04 19:00:00,experience fine,0.2023,Positive,Neutral,True,False
REV020552,O007774,C02924,R0072,3,The order was okay overall.,Neutral,2026-06-19 19:00:00,order okay overall,0.2263,Positive,Neutral,True,False
REV014163,O030442,C03377,R0133,4,The order arrived quickly and everything was hot.,Positive,2026-03-10 12:00:00,order arrived quickly everything hot,0.0,Neutral,Positive,True,False
REV000645,O027669,C04883,R0278,5,The order took too long to arrive.,Negative,2026-04-02 01:00:00,order took long arrive,0.0,Neutral,Negative,True,False
REV017166,O037497,C04100,R0194,4,The food was delicious and fresh.,Positive,2026-06-28 04:00:00,food delicious fresh,0.7184,Positive,Positive,True,True
REV017725,O018830,C01315,R0289,5,Amazing food and excellent quality.,Positive,2026-06-16 12:00:00,amazing food excellent quality,0.8176,Positive,Positive,True,True
REV019470,O033300,C03094,R0166,3,Average experience.,Neutral,2026-06-27 03:00:00,average experience,0.0,Neutral,Neutral,True,True
REV020453,O035316,C01398,R0275,4,The order arrived quickly and everything was hot.,Positive,2026-01-19 13:00:00,order arrived quickly everything hot,0.0,Neutral,Positive,True,False
REV021611,O036055,C00262,R0047,5,Amazing food and excellent quality.,Positive,2026-04-29 05:00:00,amazing food excellent quality,0.8176,Positive,Positive,True,True
REV027373,O038377,C02799,R0277,2,The delivery was very late.,Negative,2026-03-15 05:00:00,delivery late,0.0,Neutral,Negative,True,False
REV004446,O040703,C02309,R0251,5,The order was delayed for a long time.,Negative,2026-07-01 08:00:00,order delayed long time,-0.2263,Negative,Negative,True,True
REV018452,O033845,C03765,R0187,4,The food was delicious and fresh.,Positive,2026-04-04 15:00:00,food delicious fresh,0.7184,Positive,Positive,True,True
REV006587,O041396,C03521,R0242,4,The food was delicious and fresh.,Positive,2026-03-16 11:00:00,food delicious fresh,0.7184,Positive,Positive,True,True
REV000347,O048099,C02648,R0157,4,Everything was perfect and well packed.,Positive,2026-06-23 22:00:00,everything perfect well packed,0.7003,Positive,Positive,True,True
REV000528,O030487,C01745,R0263,4,The food was delicious and fresh.,Positive,2026-04-16 00:00:00,food delicious fresh,0.7184,Positive,Positive,True,True
REV014488,O028800,C04693,R0072,5,Really tasty food with generous portions.,Positive,2026-02-16 03:00:00,really tasty food generous portion,0.5106,Positive,Positive,True,True
REV026942,O027744,C03793,R0011,5,The food was delicious and fresh.,Positive,2026-02-08 05:00:00,food delicious fresh,0.7184,Positive,Positive,True,True
REV017128,O014558,C00304,R0070,4,Amazing food and excellent quality.,Positive,2026-05-09 20:00:00,amazing food excellent quality,0.8176,Positive,Positive,True,True
REV011547,O018706,C02799,R0020,5,Amazing food and excellent quality.,Positive,2026-01-12 19:00:00,amazing food excellent quality,0.8176,Positive,Positive,True,True
REV016464,O036824,C03267,R0225,4,Really tasty food with generous portions.,Positive,2026-04-05 14:00:00,really tasty food generous portion,0.5106,Positive,Positive,True,True
REV005201,O016645,C01085,R0086,3,Overall it was satisfactory.,Neutral,2026-01-19 17:00:00,overall satisfactory,0.3612,Positive,Neutral,True,False
REV012868,O015945,C01896,R0291,4,The food was fresh and flavorful.,Positive,2026-01-17 03:00:00,food fresh flavorful,0.3182,Positive,Positive,True,True
REV022962,O032858,C03793,R0175,5,Everything was perfect and well packed.,Positive,2026-03-23 03:00:00,everything perfect well packed,0.7003,Positive,Positive,True,True
REV018981,O013790,C02534,R0106,5,I received the wrong item.,Negative,2026-03-06 05:00:00,received wrong item,-0.4767,Negative,Negative,True,True
REV011260,O001478,C02866,R0300,5,Amazing food and excellent quality.,Positive,2026-05-26 07:00:00,amazing food excellent quality,0.8176,Positive,Positive,True,True
REV008063,O032319,C02053,R0160,2,My order was missing an item.,Negative,2026-02-17 04:00:00,order missing item,-0.296,Negative,Negative,True,True
REV014852,O027666,C04478,R0210,5,The order arrived quickly and everything was hot.,Positive,2026-06-15 06:00:00,order arrived quickly everything hot,0.0,Neutral,Positive,True,False
REV013431,O033806,C00384,R0292,5,The food was delicious and fresh.,Positive,2026-04-18 03:00:00,food delicious fresh,0.7184,Positive,Positive,True,True
REV010501,O042575,C01954,R0101,5,Fast delivery and great packaging.,Positive,2026-05-28 18:00:00,fast delivery great packaging,0.6249,Positive,Positive,True,True
REV023666,O023019,C01955,R0207,4,Everything was perfect and well packed.,Positive,2026-04-11 03:00:00,everything perfect well packed,0.7003,Positive,Positive,True,True
REV015473,O039110,C03179,R0259,4,Amazing food and excellent quality.,Positive,2026-06-26 17:00:00,amazing food excellent quality,0.8176,Positive,Positive,True,True
REV017740,O043815,C01916,R0215,3,Average experience.,Neutral,2026-03-24 07:00:00,average experience,0.0,Neutral,Neutral,True,True
REV019849,O019611,C03318,R0207,3,The food was decent.,Neutral,2026-03-27 07:00:00,food decent,0.0,Neutral,Neutral,True,True
REV024147,O019426,C03564,R0175,5,The food was fresh and flavorful.,Positive,2026-03-14 22:00:00,food fresh flavorful,0.3182,Positive,Positive,True,True
REV015632,O006164,C04237,R0152,3,The packaging was damaged.,Negative,2026-01-14 12:00:00,packaging damaged,-0.4404,Negative,Negative,True,True
REV023633,O006267,C04524,R0205,4,Excellent experience from start to finish.,Positive,2026-05-16 17:00:00,excellent experience start finish,0.5719,Positive,Positive,True,True
REV004445,O034920,C04227,R0081,2,The packaging was damaged.,Negative,2026-01-16 05:00:00,packaging damaged,-0.4404,Negative,Negative,True,True
REV008168,O009403,C04393,R0164,5,Really tasty food with generous portions.,Positive,2026-04-04 16:00:00,really tasty food generous portion,0.5106,Positive,Positive,True,True
REV018184,O004543,C01924,R0060,2,The delivery was very late.,Negative,2026-06-18 15:00:00,delivery late,0.0,Neutral,Negative,True,False
REV018017,O036834,C01114,R0188,5,Great quality and very good service.,Positive,2026-02-13 14:00:00,great quality good service,0.807,Positive,Positive,True,True
REV026158,O036384,C00654,R0035,2,The food arrived cold.,Negative,2026-03-28 00:00:00,food arrived cold,0.0,Neutral,Negative,True,False
REV018307,O028691,C04302,R0053,5,Delivery was fast and the food arrived hot.,Positive,2026-06-03 02:00:00,delivery fast food arrived hot,0.0,Neutral,Positive,True,False
REV008319,O005349,C01050,R0122,1,Very poor experience with the delivery.,Negative,2026-06-28 11:00:00,poor experience delivery,-0.5256,Negative,Negative,True,True
REV000853,O034760,C02042,R0297,4,Delivery was fast and the food arrived hot.,Positive,2026-02-23 23:00:00,delivery fast food arrived hot,0.0,Neutral,Positive,True,False
REV024408,O016912,C03905,R0020,4,The food was delicious and fresh.,Positive,2026-05-06 18:00:00,food delicious fresh,0.7184,Positive,Positive,True,True
REV026284,O029830,C03635,R0227,5,Amazing food and excellent quality.,Positive,2026-06-25 18:00:00,amazing food excellent quality,0.8176,Positive,Positive,True,True
REV005641,O004534,C04110,R0002,4,The food was fresh and flavorful.,Positive,2026-03-17 11:00:00,food fresh flavorful,0.3182,Positive,Positive,True,True
REV014973,O010261,C03279,R0102,4,The packaging was damaged.,Negative,2026-05-16 12:00:00,packaging damaged,-0.4404,Negative,Negative,True,True
REV022899,O044521,C01025,R0021,3,Everything was perfect and well packed.,Positive,2026-04-27 03:00:00,everything perfect well packed,0.7003,Positive,Positive,True,True
REV014719,O015444,C02725,R0275,4,Fast delivery and great packaging.,Positive,2026-02-18 20:00:00,fast delivery great packaging,0.6249,Positive,Positive,True,True
REV028832,O040350,C03006,R0198,5,The food was delicious and fresh.,Positive,2026-01-05 23:00:00,food delicious fresh,0.7184,Positive,Positive,True,True
REV010788,O027263,C03382,R0219,2,The food was bland and disappointing.,Negative,2026-01-19 13:00:00,food bland disappointing,-0.4939,Negative,Negative,True,True
REV007422,O030159,C04895,R0096,5,Excellent experience from start to finish.,Positive,2026-06-02 06:00:00,excellent experience start finish,0.5719,Positive,Positive,True,True
REV001082,O021960,C02351,R0240,5,Great quality and very good service.,Positive,2026-03-24 00:00:00,great quality good service,0.807,Positive,Positive,True,True
REV029624,O008591,C01703,R0074,5,Delivery was fast and the food arrived hot.,Positive,2026-05-18 07:00:00,delivery fast food arrived hot,0.0,Neutral,Positive,True,False
REV027603,O049636,C00688,R0136,5,The food was delicious and fresh.,Positive,2026-02-11 04:00:00,food delicious fresh,0.7184,Positive,Positive,True,True
REV000165,O036535,C00669,R0024,4,Excellent experience from start to finish.,Positive,2026-06-11 12:00:00,excellent experience start finish,0.5719,Positive,Positive,True,True
REV004400,O029521,C01203,R0161,2,The delivery was very late.,Negative,2026-05-17 10:00:00,delivery late,0.0,Neutral,Negative,True,False
REV008962,O020157,C00130,R0029,4,Really tasty food with generous portions.,Positive,2026-03-12 07:00:00,really tasty food generous portion,0.5106,Positive,Positive,True,True
REV007520,O041817,C04988,R0291,5,Everything was perfect and well packed.,Positive,2026-04-07 19:00:00,everything perfect well packed,0.7003,Positive,Positive,True,True
REV023053,O030957,C00360,R0282,5,Excellent experience from start to finish.,Positive,2026-06-22 10:00:00,excellent experience start finish,0.5719,Positive,Positive,True,True
REV010436,O019904,C04959,R0207,4,Fast delivery and great packaging.,Positive,2026-03-14 22:00:00,fast delivery great packaging,0.6249,Positive,Positive,True,True
REV019867,O005664,C02173,R0052,4,Delivery was fast and the food arrived hot.,Positive,2026-06-19 03:00:00,delivery fast food arrived hot,0.0,Neutral,Positive,True,False
REV015880,O035552,C01921,R0106,4,The food was fresh and flavorful.,Positive,2026-04-05 21:00:00,food fresh flavorful,0.3182,Positive,Positive,True,True
REV024052,O004871,C02053,R0207,5,Fast delivery and great packaging.,Positive,2026-06-22 00:00:00,fast delivery great packaging,0.6249,Positive,Positive,True,True
REV003450,O034106,C01981,R0171,5,Excellent experience from start to finish.,Positive,2026-01-31 07:00:00,excellent experience start finish,0.5719,Positive,Positive,True,True
REV028810,O041825,C02460,R0294,5,The food was delicious and fresh.,Positive,2026-03-08 13:00:00,food delicious fresh,0.7184,Positive,Positive,True,True
REV008234,O046926,C03386,R0033,4,The food was fresh and flavorful.,Positive,2026-01-20 02:00:00,food fresh flavorful,0.3182,Positive,Positive,True,True
REV006221,O022416,C03309,R0206,5,The food was delicious and fresh.,Positive,2026-02-05 00:00:00,food delicious fresh,0.7184,Positive,Positive,True,True
REV024061,O013815,C00988,R0266,4,The order arrived quickly and everything was hot.,Positive,2026-03-31 19:00:00,order arrived quickly everything hot,0.0,Neutral,Positive,True,False
REV026447,O041995,C00903,R0117,5,The packaging was damaged.,Negative,2026-02-07 21:00:00,packaging damaged,-0.4404,Negative,Negative,True,True
REV001596,O039085,C03239,R0125,4,The food was delicious and fresh.,Positive,2026-03-14 23:00:00,food delicious fresh,0.7184,Positive,Positive,True,True
REV009054,O012534,C00530,R0177,4,Great quality and very good service.,Positive,2026-06-01 11:00:00,great quality good service,0.807,Positive,Positive,True,True
REV022297,O019003,C02170,R0221,2,The packaging was damaged.,Negative,2026-01-27 12:00:00,packaging damaged,-0.4404,Negative,Negative,True,True
REV009597,O016597,C04869,R0225,5,Amazing food and excellent quality.,Positive,2026-02-26 17:00:00,amazing food excellent quality,0.8176,Positive,Positive,True,True
REV010003,O045424,C00891,R0259,5,Really tasty food with generous portions.,Positive,2026-01-12 16:00:00,really tasty food generous portion,0.5106,Positive,Positive,True,True
REV018831,O004474,C01154,R0267,5,Really tasty food with generous portions.,Positive,2026-02-07 11:00:00,really tasty food generous portion,0.5106,Positive,Positive,True,True
REV016300,O031801,C03984,R0053,3,The food was decent.,Neutral,2026-04-06 14:00:00,food decent,0.0,Neutral,Neutral,True,True
REV013602,O017080,C04716,R0008,5,Amazing food and excellent quality.,Positive,2026-04-26 20:00:00,amazing food excellent quality,0.8176,Positive,Positive,True,True
REV010548,O012177,C01354,R0186,5,The order arrived quickly and everything was hot.,Positive,2026-04-15 11:00:00,order arrived quickly everything hot,0.0,Neutral,Positive,True,False
REV018037,O035462,C04066,R0078,4,Excellent experience from start to finish.,Positive,2026-03-09 10:00:00,excellent experience start finish,0.5719,Positive,Positive,True,True
REV008822,O044030,C00251,R0140,5,Delivery was fast and the food arrived hot.,Positive,2026-01-09 11:00:00,delivery fast food arrived hot,0.0,Neutral,Positive,True,False
REV021215,O020997,C04094,R0096,3,Average experience.,Neutral,2026-05-24 08:00:00,average experience,0.0,Neutral,Neutral,True,True
REV027032,O000495,C03217,R0234,4,Amazing food and excellent quality.,Positive,2026-06-14 13:00:00,amazing food excellent quality,0.8176,Positive,Positive,True,True
REV019359,O039918,C04485,R0236,5,Everything was perfect and well packed.,Positive,2026-01-29 06:00:00,everything perfect well packed,0.7003,Positive,Positive,True,True
REV019685,O018802,C02568,R0188,5,The order arrived quickly and everything was hot.,Positive,2026-04-11 12:00:00,order arrived quickly everything hot,0.0,Neutral,Positive,True,False
REV015428,O043865,C02888,R0014,4,The food was fresh and flavorful.,Positive,2026-06-03 15:00:00,food fresh flavorful,0.3182,Positive,Positive,True,True
REV029265,O048674,C00811,R0253,4,The food was fresh and flavorful.,Positive,2026-04-09 21:00:00,food fresh flavorful,0.3182,Positive,Positive,True,True
REV024438,O026729,C01721,R0163,5,Excellent experience from start to finish.,Positive,2026-06-04 16:00:00,excellent experience start finish,0.5719,Positive,Positive,True,True
REV018085,O043075,C04094,R0101,4,Really tasty food with generous portions.,Positive,2026-05-11 03:00:00,really tasty food generous portion,0.5106,Positive,Positive,True,True
REV005069,O043472,C00594,R0242,3,Food quality was average.,Neutral,2026-06-26 06:00:00,food quality average,0.0,Neutral,Neutral,True,True
REV015807,O010852,C02099,R0019,4,Excellent experience from start to finish.,Positive,2026-06-02 00:00:00,excellent experience start finish,0.5719,Positive,Positive,True,True
REV016583,O023276,C02740,R0153,4,Fast delivery and great packaging.,Positive,2026-06-26 08:00:00,fast delivery great packaging,0.6249,Positive,Positive,True,True
REV012789,O047740,C03839,R0048,3,Average experience.,Neutral,2026-04-30 05:00:00,average experience,0.0,Neutral,Neutral,True,True
REV004207,O036207,C02015,R0284,4,Everything was perfect and well packed.,Positive,2026-03-24 11:00:00,everything perfect well packed,0.7003,Positive,Positive,True,True
REV010784,O041884,C04606,R0153,2,The food was delicious and fresh.,Positive,2026-06-27 15:00:00,food delicious fresh,0.7184,Positive,Positive,True,True
REV026313,O036232,C03591,R0212,2,Very poor experience with the delivery.,Negative,2026-03-15 11:00:00,poor experience delivery,-0.5256,Negative,Negative,True,True
REV022777,O041235,C00442,R0122,2,I received the wrong item.,Negative,2026-02-06 09:00:00,received wrong item,-0.4767,Negative,Negative,True,True
REV013826,O028499,C01360,R0239,2,The order was delayed for a long time.,Negative,2026-05-16 08:00:00,order delayed long time,-0.2263,Negative,Negative,True,True
REV005900,O038921,C01661,R0132,1,The food arrived cold.,Negative,2026-06-12 22:00:00,food arrived cold,0.0,Neutral,Negative,True,False
REV006177,O045979,C03920,R0144,5,Fast delivery and great packaging.,Positive,2026-04-12 20:00:00,fast delivery great packaging,0.6249,Positive,Positive,True,True
REV025963,O019283,C02555,R0135,5,Amazing food and excellent quality.,Positive,2026-03-02 20:00:00,amazing food excellent quality,0.8176,Positive,Positive,True,True
REV029463,O033775,C00592,R0121,4,Delivery was fast and the food arrived hot.,Positive,2026-01-01 23:00:00,delivery fast food arrived hot,0.0,Neutral,Positive,True,False
REV006467,O029482,C01416,R0169,5,Excellent experience from start to finish.,Positive,2026-05-09 02:00:00,excellent experience start finish,0.5719,Positive,Positive,True,True
REV010506,O001023,C03167,R0141,2,The delivery was very late.,Negative,2026-06-19 08:00:00,delivery late,0.0,Neutral,Negative,True,False
REV025624,O018336,C04832,R0078,5,Everything was perfect and well packed.,Positive,2026-04-19 21:00:00,everything perfect well packed,0.7003,Positive,Positive,True,True
REV019557,O004101,C03121,R0288,2,The order was delayed for a long time.,Negative,2026-01-19 16:00:00,order delayed long time,-0.2263,Negative,Negative,True,True
REV005094,O025007,C01123,R0280,5,Delivery was fast and the food arrived hot.,Positive,2026-05-05 10:00:00,delivery fast food arrived hot,0.0,Neutral,Positive,True,False
REV019783,O042189,C03907,R0095,4,Excellent experience from start to finish.,Positive,2026-03-20 07:00:00,excellent experience start finish,0.5719,Positive,Positive,True,True
REV010346,O008712,C02755,R0189,2,I received the wrong item.,Negative,2026-02-01 00:00:00,received wrong item,-0.4767,Negative,Negative,True,True
REV020679,O027690,C02259,R0088,5,Really tasty food with generous portions.,Positive,2026-06-19 08:00:00,really tasty food generous portion,0.5106,Positive,Positive,True,True
REV000812,O045956,C00542,R0154,4,Great quality and very good service.,Positive,2026-01-12 08:00:00,great quality good service,0.807,Positive,Positive,True,True
REV025282,O028673,C02659,R0012,2,The packaging was damaged.,Negative,2026-01-09 19:00:00,packaging damaged,-0.4404,Negative,Negative,True,True
REV012964,O046677,C03535,R0078,3,The experience was fine.,Neutral,2026-06-04 19:00:00,experience fine,0.2023,Positive,Neutral,True,False
REV021463,O040372,C03645,R0005,3,Nothing special about the order.,Neutral,2026-06-22 10:00:00,nothing special order,-0.3089,Negative,Neutral,True,False
REV005912,O027047,C04176,R0099,3,Food quality was average.,Neutral,2026-04-26 13:00:00,food quality average,0.0,Neutral,Neutral,True,True
REV016416,O023682,C01862,R0187,2,The food was cold and the delivery was late.,Negative,2026-06-30 17:00:00,food cold delivery late,0.0,Neutral,Negative,True,False
REV011886,O014521,C04174,R0007,4,Delivery was fast and the food arrived hot.,Positive,2026-02-19 21:00:00,delivery fast food arrived hot,0.0,Neutral,Positive,True,False
REV019871,O021694,C01989,R0189,4,Delivery was fast and the food arrived hot.,Positive,2026-05-07 14:00:00,delivery fast food arrived hot,0.0,Neutral,Positive,True,False
REV011025,O037890,C00463,R0081,4,Really tasty food with generous portions.,Positive,2026-01-23 10:00:00,really tasty food generous portion,0.5106,Positive,Positive,True,True
REV001211,O035223,C03857,R0154,4,The food was fresh and flavorful.,Positive,2026-05-28 10:00:00,food fresh flavorful,0.3182,Positive,Positive,True,True
REV020373,O048639,C04928,R0137,5,Amazing food and excellent quality.,Positive,2026-02-20 23:00:00,amazing food excellent quality,0.8176,Positive,Positive,True,True
REV027134,O024508,C03014,R0174,2,The delivery was very late.,Negative,2026-03-05 04:00:00,delivery late,0.0,Neutral,Negative,True,False
REV001537,O015371,C02038,R0085,5,The food was delicious and fresh.,Positive,2026-05-01 00:00:00,food delicious fresh,0.7184,Positive,Positive,True,True
REV012329,O017505,C04573,R0078,1,The packaging was damaged.,Negative,2026-01-13 22:00:00,packaging damaged,-0.4404,Negative,Negative,True,True
REV006606,O041419,C00212,R0265,5,Delivery was fast and the food arrived hot.,Positive,2026-03-12 15:00:00,delivery fast food arrived hot,0.0,Neutral,Positive,True,False
REV001503,O027168,C03584,R0033,5,Everything was perfect and well packed.,Positive,2026-01-27 03:00:00,everything perfect well packed,0.7003,Positive,Positive,True,True
REV023007,O024980,C04957,R0215,3,The food was decent.,Neutral,2026-06-24 05:00:00,food decent,0.0,Neutral,Neutral,True,True
REV001183,O033711,C01811,R0053,4,Everything was perfect and well packed.,Positive,2026-01-20 01:00:00,everything perfect well packed,0.7003,Positive,Positive,True,True
REV003827,O036002,C00741,R0281,3,The food was okay.,Neutral,2026-02-23 11:00:00,food okay,0.2263,Positive,Neutral,True,False
REV012424,O025878,C00264,R0007,4,Amazing food and excellent quality.,Positive,2026-04-20 17:00:00,amazing food excellent quality,0.8176,Positive,Positive,True,True
REV022251,O002156,C02160,R0234,5,The food was fresh and flavorful.,Positive,2026-02-16 05:00:00,food fresh flavorful,0.3182,Positive,Positive,True,True
REV005824,O003416,C02388,R0117,3,The food was okay.,Neutral,2026-03-18 14:00:00,food okay,0.2263,Positive,Neutral,True,False
REV029344,O009737,C04582,R0188,4,Great quality and very good service.,Positive,2026-04-23 18:00:00,great quality good service,0.807,Positive,Positive,True,True
REV024848,O042959,C01148,R0036,4,The order arrived quickly and everything was hot.,Positive,2026-01-26 00:00:00,order arrived quickly everything hot,0.0,Neutral,Positive,True,False
REV028109,O025900,C02581,R0225,4,Everything was perfect and well packed.,Positive,2026-06-08 05:00:00,everything perfect well packed,0.7003,Positive,Positive,True,True
REV002480,O026737,C02368,R0123,4,Excellent experience from start to finish.,Positive,2026-01-19 13:00:00,excellent experience start finish,0.5719,Positive,Positive,True,True
REV017378,O004645,C00838,R0206,4,The order arrived quickly and everything was hot.,Positive,2026-01-14 23:00:00,order arrived quickly everything hot,0.0,Neutral,Positive,True,False
REV022691,O024782,C03992,R0238,2,Very poor experience with the delivery.,Negative,2026-06-08 11:00:00,poor experience delivery,-0.5256,Negative,Negative,True,True
REV009795,O008567,C04952,R0203,2,The delivery was very late.,Negative,2026-06-22 07:00:00,delivery late,0.0,Neutral,Negative,True,False
REV018121,O047706,C00466,R0148,2,My order was missing an item.,Negative,2026-06-24 01:00:00,order missing item,-0.296,Negative,Negative,True,True
REV005287,O000542,C02446,R0266,5,The food was fresh and flavorful.,Positive,2026-06-08 05:00:00,food fresh flavorful,0.3182,Positive,Positive,True,True
REV016303,O039762,C04415,R0110,5,Really tasty food with generous portions.,Positive,2026-02-20 15:00:00,really tasty food generous portion,0.5106,Positive,Positive,True,True
REV002653,O037406,C04215,R0217,4,Great quality and very good service.,Positive,2026-01-09 15:00:00,great quality good service,0.807,Positive,Positive,True,True
REV004114,O003796,C04151,R0292,5,Excellent experience from start to finish.,Positive,2026-05-11 03:00:00,excellent experience start finish,0.5719,Positive,Positive,True,True
REV015468,O022031,C01249,R0139,4,Really tasty food with generous portions.,Positive,2026-02-13 17:00:00,really tasty food generous portion,0.5106,Positive,Positive,True,True
REV028597,O015771,C04843,R0101,5,Great quality and very good service.,Positive,2026-06-22 13:00:00,great quality good service,0.807,Positive,Positive,True,True
REV007706,O026188,C00085,R0222,3,The order was okay overall.,Neutral,2026-02-11 00:00:00,order okay overall,0.2263,Positive,Neutral,True,False
REV004138,O012477,C03443,R0195,4,Fast delivery and great packaging.,Positive,2026-01-24 23:00:00,fast delivery great packaging,0.6249,Positive,Positive,True,True
REV018272,O027907,C03591,R0159,4,The food was fresh and flavorful.,Positive,2026-04-12 06:00:00,food fresh flavorful,0.3182,Positive,Positive,True,True
REV029631,O040408,C01125,R0102,5,Really tasty food with generous portions.,Positive,2026-04-02 01:00:00,really tasty food generous portion,0.5106,Positive,Positive,True,True
REV007845,O018740,C00814,R0235,5,Excellent experience from start to finish.,Positive,2026-02-16 07:00:00,excellent experience start finish,0.5719,Positive,Positive,True,True
REV028311,O035272,C01380,R0053,4,Great quality and very good service.,Positive,2026-05-16 04:00:00,great quality good service,0.807,Positive,Positive,True,True
REV020037,O005100,C02919,R0120,4,Really tasty food with generous portions.,Positive,2026-02-26 02:00:00,really tasty food generous portion,0.5106,Positive,Positive,True,True
REV008746,O005751,C02752,R0238,2,My order was missing an item.,Negative,2026-03-12 13:00:00,order missing item,-0.296,Negative,Negative,True,True
REV008791,O043476,C00083,R0232,1,The food was cold and the delivery was late.,Negative,2026-05-20 20:00:00,food cold delivery late,0.0,Neutral,Negative,True,False
REV009930,O002176,C03936,R0044,2,The order was delayed for a long time.,Negative,2026-05-17 08:00:00,order delayed long time,-0.2263,Negative,Negative,True,True
REV029056,O035352,C04910,R0104,4,Amazing food and excellent quality.,Positive,2026-03-18 05:00:00,amazing food excellent quality,0.8176,Positive,Positive,True,True
REV029392,O036399,C02312,R0029,5,Everything was perfect and well packed.,Positive,2026-04-12 11:00:00,everything perfect well packed,0.7003,Positive,Positive,True,True
REV003145,O035731,C03872,R0136,3,Very poor experience with the delivery.,Negative,2026-02-02 00:00:00,poor experience delivery,-0.5256,Negative,Negative,True,True
REV014989,O007813,C04866,R0019,4,The food arrived cold.,Negative,2026-05-08 20:00:00,food arrived cold,0.0,Neutral,Negative,True,False
REV001066,O005536,C04735,R0286,4,Great quality and very good service.,Positive,2026-01-26 16:00:00,great quality good service,0.807,Positive,Positive,True,True
REV008398,O037458,C04727,R0001,4,Excellent experience from start to finish.,Positive,2026-05-06 23:00:00,excellent experience start finish,0.5719,Positive,Positive,True,True
REV027680,O034964,C00472,R0024,2,I received the wrong item.,Negative,2026-01-06 21:00:00,received wrong item,-0.4767,Negative,Negative,True,True
REV025490,O018171,C02028,R0221,5,Fast delivery and great packaging.,Positive,2026-05-16 07:00:00,fast delivery great packaging,0.6249,Positive,Positive,True,True
REV020629,O049161,C04036,R0256,5,Amazing food and excellent quality.,Positive,2026-07-01 02:00:00,amazing food excellent quality,0.8176,Positive,Positive,True,True
REV008224,O000699,C03524,R0006,3,The food was decent.,Neutral,2026-06-08 05:00:00,food decent,0.0,Neutral,Neutral,True,True
REV012779,O016894,C00929,R0198,5,Really tasty food with generous portions.,Positive,2026-05-09 21:00:00,really tasty food generous portion,0.5106,Positive,Positive,True,True
REV013482,O034510,C03947,R0157,2,The food arrived cold.,Negative,2026-02-26 20:00:00,food arrived cold,0.0,Neutral,Negative,True,False
REV007467,O013155,C04674,R0123,5,Fast delivery and great packaging.,Positive,2026-01-28 21:00:00,fast delivery great packaging,0.6249,Positive,Positive,True,True
REV021070,O000610,C01176,R0079,4,Fast delivery and great packaging.,Positive,2026-05-20 04:00:00,fast delivery great packaging,0.6249,Positive,Positive,True,True
REV005865,O002510,C00672,R0073,1,My order was missing an item.,Negative,2026-01-16 14:00:00,order missing item,-0.296,Negative,Negative,True,True
REV017760,O020348,C04137,R0242,5,Delivery was fast and the food arrived hot.,Positive,2026-04-13 08:00:00,delivery fast food arrived hot,0.0,Neutral,Positive,True,False
REV004673,O031403,C01500,R0152,3,The order was okay overall.,Neutral,2026-02-19 04:00:00,order okay overall,0.2263,Positive,Neutral,True,False
REV013509,O049539,C03999,R0219,4,The order arrived quickly and everything was hot.,Positive,2026-02-28 22:00:00,order arrived quickly everything hot,0.0,Neutral,Positive,True,False
REV014457,O027883,C00162,R0101,2,I received the wrong item.,Negative,2026-01-10 13:00:00,received wrong item,-0.4767,Negative,Negative,True,True
REV010628,O019301,C04758,R0273,4,Everything was perfect and well packed.,Positive,2026-04-26 08:00:00,everything perfect well packed,0.7003,Positive,Positive,True,True
REV000346,O045566,C04772,R0210,3,The food was okay.,Neutral,2026-04-06 04:00:00,food okay,0.2263,Positive,Neutral,True,False
REV022065,O032047,C00796,R0136,3,Food quality was average.,Neutral,2026-04-10 04:00:00,food quality average,0.0,Neutral,Neutral,True,True
REV008596,O033720,C02717,R0269,1,The packaging was damaged.,Negative,2026-05-02 23:00:00,packaging damaged,-0.4404,Negative,Negative,True,True
REV000166,O007246,C03260,R0197,5,The food was fresh and flavorful.,Positive,2026-05-17 08:00:00,food fresh flavorful,0.3182,Positive,Positive,True,True
REV011908,O003900,C02511,R0200,3,The food was decent.,Neutral,2026-03-02 07:00:00,food decent,0.0,Neutral,Neutral,True,True
REV000163,O038652,C04620,R0219,5,Great quality and very good service.,Positive,2026-04-10 23:00:00,great quality good service,0.807,Positive,Positive,True,True
REV007610,O017174,C01655,R0148,4,Great quality and very good service.,Positive,2026-04-13 10:00:00,great quality good service,0.807,Positive,Positive,True,True
REV027816,O019235,C00055,R0259,5,Great quality and very good service.,Positive,2026-05-15 20:00:00,great quality good service,0.807,Positive,Positive,True,True
REV017307,O036812,C00274,R0165,5,Fast delivery and great packaging.,Positive,2026-03-11 10:00:00,fast delivery great packaging,0.6249,Positive,Positive,True,True
REV026073,O033578,C04518,R0041,3,Very poor experience with the delivery.,Negative,2026-06-18 16:00:00,poor experience delivery,-0.5256,Negative,Negative,True,True
REV023558,O024026,C04856,R0111,5,Amazing food and excellent quality.,Positive,2026-02-04 03:00:00,amazing food excellent quality,0.8176,Positive,Positive,True,True
REV001672,O028743,C03725,R0182,4,Excellent experience from start to finish.,Positive,2026-06-20 04:00:00,excellent experience start finish,0.5719,Positive,Positive,True,True
REV010315,O042056,C02585,R0228,5,Everything was perfect and well packed.,Positive,2026-06-29 18:00:00,everything perfect well packed,0.7003,Positive,Positive,True,True
REV029190,O012007,C03475,R0116,4,The order was delayed for a long time.,Negative,2026-06-03 02:00:00,order delayed long time,-0.2263,Negative,Negative,True,True
REV029207,O031069,C02307,R0287,5,The food was delicious and fresh.,Positive,2026-04-21 11:00:00,food delicious fresh,0.7184,Positive,Positive,True,True
REV005539,O048163,C02403,R0104,5,Great quality and very good service.,Positive,2026-04-24 15:00:00,great quality good service,0.807,Positive,Positive,True,True
REV017856,O002357,C00006,R0042,5,The food was fresh and flavorful.,Positive,2026-03-29 04:00:00,food fresh flavorful,0.3182,Positive,Positive,True,True
REV027073,O029460,C00878,R0248,4,Excellent experience from start to finish.,Positive,2026-03-28 06:00:00,excellent experience start finish,0.5719,Positive,Positive,True,True
REV026405,O039639,C00121,R0070,4,Great quality and very good service.,Positive,2026-01-02 23:00:00,great quality good service,0.807,Positive,Positive,True,True
REV021853,O002995,C03082,R0241,5,Excellent experience from start to finish.,Positive,2026-03-05 19:00:00,excellent experience start finish,0.5719,Positive,Positive,True,True
REV015291,O021976,C03955,R0061,4,The food arrived cold.,Negative,2026-06-08 04:00:00,food arrived cold,0.0,Neutral,Negative,True,False
REV003825,O018433,C00279,R0010,5,Delivery was fast and the food arrived hot.,Positive,2026-02-24 11:00:00,delivery fast food arrived hot,0.0,Neutral,Positive,True,False
REV023466,O032561,C03103,R0138,2,I received the wrong item.,Negative,2026-01-05 05:00:00,received wrong item,-0.4767,Negative,Negative,True,True
REV024491,O038340,C03851,R0216,5,The order arrived quickly and everything was hot.,Positive,2026-05-26 02:00:00,order arrived quickly everything hot,0.0,Neutral,Positive,True,False
REV009659,O005438,C01927,R0145,5,Great quality and very good service.,Positive,2026-01-30 07:00:00,great quality good service,0.807,Positive,Positive,True,True
REV000331,O022987,C03305,R0208,4,Excellent experience from start to finish.,Positive,2026-03-05 18:00:00,excellent experience start finish,0.5719,Positive,Positive,True,True
REV024913,O032018,C00261,R0114,3,It was an ordinary experience.,Neutral,2026-01-18 03:00:00,ordinary experience,0.0,Neutral,Neutral,True,True
REV013138,O014141,C02411,R0042,5,The food was fresh and flavorful.,Positive,2026-04-20 04:00:00,food fresh flavorful,0.3182,Positive,Positive,True,True
REV023747,O040387,C04861,R0128,4,Amazing food and excellent quality.,Positive,2026-01-06 13:00:00,amazing food excellent quality,0.8176,Positive,Positive,True,True
REV004310,O048266,C00733,R0293,4,The food arrived cold.,Negative,2026-03-13 16:00:00,food arrived cold,0.0,Neutral,Negative,True,False
REV002591,O030187,C01893,R0044,3,Overall it was satisfactory.,Neutral,2026-06-07 00:00:00,overall satisfactory,0.3612,Positive,Neutral,True,False
REV000520,O011303,C04958,R0076,5,The food was delicious and fresh.,Positive,2026-04-08 16:00:00,food delicious fresh,0.7184,Positive,Positive,True,True
REV020296,O033000,C00711,R0183,5,The food was delicious and fresh.,Positive,2026-06-24 09:00:00,food delicious fresh,0.7184,Positive,Positive,True,True
REV021115,O024213,C01532,R0212,5,Delivery was fast and the food arrived hot.,Positive,2026-03-04 18:00:00,delivery fast food arrived hot,0.0,Neutral,Positive,True,False
REV024648,O037981,C00331,R0194,4,Delivery was fast and the food arrived hot.,Positive,2026-05-16 09:00:00,delivery fast food arrived hot,0.0,Neutral,Positive,True,False
REV023975,O035327,C00226,R0009,5,Everything was perfect and well packed.,Positive,2026-05-03 01:00:00,everything perfect well packed,0.7003,Positive,Positive,True,True
REV022568,O049220,C03743,R0263,5,Fast delivery and great packaging.,Positive,2026-01-19 12:00:00,fast delivery great packaging,0.6249,Positive,Positive,True,True
REV004875,O010239,C00990,R0182,4,Delivery was fast and the food arrived hot.,Positive,2026-01-14 19:00:00,delivery fast food arrived hot,0.0,Neutral,Positive,True,False
REV007383,O045577,C04844,R0075,2,The order was delayed for a long time.,Negative,2026-04-13 11:00:00,order delayed long time,-0.2263,Negative,Negative,True,True
REV002872,O019367,C04196,R0171,4,Everything was perfect and well packed.,Positive,2026-01-03 20:00:00,everything perfect well packed,0.7003,Positive,Positive,True,True
REV008498,O032167,C02107,R0275,3,Overall it was satisfactory.,Neutral,2026-02-18 05:00:00,overall satisfactory,0.3612,Positive,Neutral,True,False
REV023778,O005007,C04491,R0284,3,The food was acceptable.,Neutral,2026-05-24 00:00:00,food acceptable,0.3182,Positive,Neutral,True,False
REV018756,O018778,C01202,R0062,5,Everything was perfect and well packed.,Positive,2026-03-08 19:00:00,everything perfect well packed,0.7003,Positive,Positive,True,True
REV016212,O045255,C01148,R0297,3,The food was okay.,Neutral,2026-05-26 02:00:00,food okay,0.2263,Positive,Neutral,True,False
REV004255,O011966,C03611,R0087,5,Amazing food and excellent quality.,Positive,2026-02-02 20:00:00,amazing food excellent quality,0.8176,Positive,Positive,True,True
REV010447,O011720,C02655,R0060,4,Delivery was fast and the food arrived hot.,Positive,2026-01-15 15:00:00,delivery fast food arrived hot,0.0,Neutral,Positive,True,False
REV019130,O003827,C03864,R0247,4,The food was fresh and flavorful.,Positive,2026-06-14 06:00:00,food fresh flavorful,0.3182,Positive,Positive,True,True
REV006413,O003347,C00072,R0243,5,The order arrived quickly and everything was hot.,Positive,2026-06-06 08:00:00,order arrived quickly everything hot,0.0,Neutral,Positive,True,False
REV004794,O001724,C01487,R0169,5,Everything was perfect and well packed.,Positive,2026-03-08 16:00:00,everything perfect well packed,0.7003,Positive,Positive,True,True
REV024535,O002687,C03502,R0102,5,Everything was perfect and well packed.,Positive,2026-03-08 07:00:00,everything perfect well packed,0.7003,Positive,Positive,True,True
REV004527,O012743,C01715,R0043,2,The order took too long to arrive.,Negative,2026-03-14 17:00:00,order took long arrive,0.0,Neutral,Negative,True,False
REV002955,O001813,C04016,R0172,2,The delivery was very late.,Negative,2026-03-30 07:00:00,delivery late,0.0,Neutral,Negative,True,False
REV020199,O006500,C03902,R0180,4,The food was fresh and flavorful.,Positive,2026-03-08 23:00:00,food fresh flavorful,0.3182,Positive,Positive,True,True
REV025007,O026252,C04035,R0031,5,Excellent experience from start to finish.,Positive,2026-03-03 02:00:00,excellent experience start finish,0.5719,Positive,Positive,True,True
REV012571,O045804,C02632,R0109,4,Delivery was fast and the food arrived hot.,Positive,2026-06-26 00:00:00,delivery fast food arrived hot,0.0,Neutral,Positive,True,False
REV016735,O039348,C01402,R0029,4,Really tasty food with generous portions.,Positive,2026-06-05 09:00:00,really tasty food generous portion,0.5106,Positive,Positive,True,True
REV004945,O031951,C01604,R0004,4,Everything was perfect and well packed.,Positive,2026-03-18 00:00:00,everything perfect well packed,0.7003,Positive,Positive,True,True
REV013834,O016204,C04605,R0075,5,Excellent experience from start to finish.,Positive,2026-01-20 06:00:00,excellent experience start finish,0.5719,Positive,Positive,True,True
REV029434,O028537,C01771,R0170,5,Fast delivery and great packaging.,Positive,2026-05-17 18:00:00,fast delivery great packaging,0.6249,Positive,Positive,True,True
REV000358,O027100,C03874,R0255,5,Very poor experience with the delivery.,Negative,2026-01-12 07:00:00,poor experience delivery,-0.5256,Negative,Negative,True,True
REV019643,O001141,C01613,R0013,3,The order was okay overall.,Neutral,2026-05-17 15:00:00,order okay overall,0.2263,Positive,Neutral,True,False
REV023993,O000119,C04363,R0300,5,Delivery was fast and the food arrived hot.,Positive,2026-05-05 17:00:00,delivery fast food arrived hot,0.0,Neutral,Positive,True,False
REV026373,O036302,C03069,R0226,4,Delivery was fast and the food arrived hot.,Positive,2026-01-14 15:00:00,delivery fast food arrived hot,0.0,Neutral,Positive,True,False
REV016088,O011246,C00453,R0174,4,The food was fresh and flavorful.,Positive,2026-01-03 01:00:00,food fresh flavorful,0.3182,Positive,Positive,True,True
REV015697,O036790,C01035,R0131,2,The delivery was very late.,Negative,2026-05-02 16:00:00,delivery late,0.0,Neutral,Negative,True,False
REV009032,O047081,C01817,R0002,3,The experience was fine.,Neutral,2026-05-30 11:00:00,experience fine,0.2023,Positive,Neutral,True,False
REV000371,O033911,C02816,R0220,5,The order arrived quickly and everything was hot.,Positive,2026-06-12 21:00:00,order arrived quickly everything hot,0.0,Neutral,Positive,True,False
REV009194,O040023,C03743,R0017,3,The food was okay.,Neutral,2026-05-18 13:00:00,food okay,0.2263,Positive,Neutral,True,False
REV017843,O034187,C02795,R0291,5,The food was delicious and fresh.,Positive,2026-05-25 05:00:00,food delicious fresh,0.7184,Positive,Positive,True,True
REV005992,O047872,C03754,R0254,5,The food was delicious and fresh.,Positive,2026-06-23 02:00:00,food delicious fresh,0.7184,Positive,Positive,True,True
REV026265,O037365,C01785,R0063,2,I received the wrong item.,Negative,2026-01-19 19:00:00,received wrong item,-0.4767,Negative,Negative,True,True
REV002226,O011976,C01449,R0098,4,Everything was perfect and well packed.,Positive,2026-01-28 14:00:00,everything perfect well packed,0.7003,Positive,Positive,True,True
REV025742,O030375,C03476,R0041,5,The food was delicious and fresh.,Positive,2026-01-12 17:00:00,food delicious fresh,0.7184,Positive,Positive,True,True
REV002519,O007405,C03433,R0117,4,Amazing food and excellent quality.,Positive,2026-01-14 22:00:00,amazing food excellent quality,0.8176,Positive,Positive,True,True
REV017882,O024009,C03652,R0133,5,Really tasty food with generous portions.,Positive,2026-05-06 14:00:00,really tasty food generous portion,0.5106,Positive,Positive,True,True
REV006634,O014465,C04665,R0275,4,The order took too long to arrive.,Negative,2026-04-26 01:00:00,order took long arrive,0.0,Neutral,Negative,True,False
REV029696,O023540,C02010,R0207,5,The food was fresh and flavorful.,Positive,2026-02-20 10:00:00,food fresh flavorful,0.3182,Positive,Positive,True,True
REV015409,O022704,C00151,R0036,2,The delivery was very late.,Negative,2026-04-05 04:00:00,delivery late,0.0,Neutral,Negative,True,False
REV020989,O040875,C02032,R0300,5,The food was fresh and flavorful.,Positive,2026-05-07 00:00:00,food fresh flavorful,0.3182,Positive,Positive,True,True
REV005715,O045795,C00303,R0220,5,Delivery was fast and the food arrived hot.,Positive,2026-05-11 17:00:00,delivery fast food arrived hot,0.0,Neutral,Positive,True,False
REV006098,O048108,C00382,R0294,4,Everything was perfect and well packed.,Positive,2026-02-01 20:00:00,everything perfect well packed,0.7003,Positive,Positive,True,True
REV012545,O013333,C03297,R0078,5,The food was delicious and fresh.,Positive,2026-05-31 17:00:00,food delicious fresh,0.7184,Positive,Positive,True,True
REV000112,O040644,C04648,R0167,5,Fast delivery and great packaging.,Positive,2026-02-14 08:00:00,fast delivery great packaging,0.6249,Positive,Positive,True,True
REV013815,O043755,C04349,R0031,5,The packaging was damaged.,Negative,2026-05-28 17:00:00,packaging damaged,-0.4404,Negative,Negative,True,True
REV029872,O041192,C01822,R0038,1,I received the wrong item.,Negative,2026-01-22 20:00:00,received wrong item,-0.4767,Negative,Negative,True,True
REV017899,O049872,C03161,R0049,4,Excellent experience from start to finish.,Positive,2026-06-15 05:00:00,excellent experience start finish,0.5719,Positive,Positive,True,True
REV010883,O018174,C01897,R0186,3,The food was okay.,Neutral,2026-06-10 15:00:00,food okay,0.2263,Positive,Neutral,True,False
REV008111,O034376,C03150,R0129,4,Great quality and very good service.,Positive,2026-04-23 20:00:00,great quality good service,0.807,Positive,Positive,True,True
REV024904,O016230,C00041,R0111,5,Great quality and very good service.,Positive,2026-06-28 10:00:00,great quality good service,0.807,Positive,Positive,True,True
REV010374,O046696,C01034,R0024,4,Really tasty food with generous portions.,Positive,2026-04-19 04:00:00,really tasty food generous portion,0.5106,Positive,Positive,True,True
REV025944,O015781,C00362,R0091,5,Delivery was fast and the food arrived hot.,Positive,2026-01-20 02:00:00,delivery fast food arrived hot,0.0,Neutral,Positive,True,False
REV013485,O004264,C03984,R0100,4,Everything was perfect and well packed.,Positive,2026-03-27 20:00:00,everything perfect well packed,0.7003,Positive,Positive,True,True
REV009459,O042544,C01267,R0291,5,The food was fresh and flavorful.,Positive,2026-05-03 19:00:00,food fresh flavorful,0.3182,Positive,Positive,True,True
REV014448,O010061,C03412,R0223,5,Fast delivery and great packaging.,Positive,2026-04-27 15:00:00,fast delivery great packaging,0.6249,Positive,Positive,True,True
REV008342,O027411,C03329,R0169,3,The order was okay overall.,Neutral,2026-03-30 06:00:00,order okay overall,0.2263,Positive,Neutral,True,False
REV010624,O014798,C03895,R0196,5,Delivery was fast and the food arrived hot.,Positive,2026-05-09 03:00:00,delivery fast food arrived hot,0.0,Neutral,Positive,True,False
REV016667,O038643,C04922,R0275,5,The order arrived quickly and everything was hot.,Positive,2026-03-22 18:00:00,order arrived quickly everything hot,0.0,Neutral,Positive,True,False
REV017054,O020716,C03047,R0157,3,The food was okay.,Neutral,2026-03-22 08:00:00,food okay,0.2263,Positive,Neutral,True,False
REV003242,O007792,C02663,R0230,3,The food was decent.,Neutral,2026-04-04 14:00:00,food decent,0.0,Neutral,Neutral,True,True
REV026463,O022444,C01506,R0218,4,Delivery was fast and the food arrived hot.,Positive,2026-03-03 04:00:00,delivery fast food arrived hot,0.0,Neutral,Positive,True,False
REV023403,O033446,C03694,R0132,3,Average experience.,Neutral,2026-01-19 11:00:00,average experience,0.0,Neutral,Neutral,True,True
REV026329,O041009,C04090,R0019,4,Really tasty food with generous portions.,Positive,2026-01-24 20:00:00,really tasty food generous portion,0.5106,Positive,Positive,True,True
REV014020,O042830,C04852,R0262,4,Fast delivery and great packaging.,Positive,2026-02-24 11:00:00,fast delivery great packaging,0.6249,Positive,Positive,True,True
REV013298,O021958,C00945,R0100,4,Amazing food and excellent quality.,Positive,2026-02-11 10:00:00,amazing food excellent quality,0.8176,Positive,Positive,True,True
REV024958,O014074,C02395,R0191,4,Really tasty food with generous portions.,Positive,2026-04-17 14:00:00,really tasty food generous portion,0.5106,Positive,Positive,True,True
REV007228,O022675,C02164,R0079,4,Delivery was fast and the food arrived hot.,Positive,2026-03-15 16:00:00,delivery fast food arrived hot,0.0,Neutral,Positive,True,False
REV015929,O011852,C00906,R0067,5,Amazing food and excellent quality.,Positive,2026-04-12 18:00:00,amazing food excellent quality,0.8176,Positive,Positive,True,True
REV011195,O004183,C02426,R0229,4,The order arrived quickly and everything was hot.,Positive,2026-05-24 22:00:00,order arrived quickly everything hot,0.0,Neutral,Positive,True,False
REV023603,O017153,C04916,R0165,2,The food was cold and the delivery was late.,Negative,2026-06-26 06:00:00,food cold delivery late,0.0,Neutral,Negative,True,False
REV003041,O026440,C02365,R0274,3,The experience was fine.,Neutral,2026-02-06 09:00:00,experience fine,0.2023,Positive,Neutral,True,False
REV016078,O026412,C01679,R0133,5,Great quality and very good service.,Positive,2026-04-10 01:00:00,great quality good service,0.807,Positive,Positive,True,True
REV026434,O020170,C04710,R0292,4,Delivery was fast and the food arrived hot.,Positive,2026-03-23 00:00:00,delivery fast food arrived hot,0.0,Neutral,Positive,True,False
REV007499,O031111,C01052,R0194,3,Overall it was satisfactory.,Neutral,2026-01-20 15:00:00,overall satisfactory,0.3612,Positive,Neutral,True,False
REV023821,O019443,C04121,R0125,2,The order took too long to arrive.,Negative,2026-05-15 08:00:00,order took long arrive,0.0,Neutral,Negative,True,False
REV002203,O023294,C01068,R0216,4,Delivery was fast and the food arrived hot.,Positive,2026-05-13 21:00:00,delivery fast food arrived hot,0.0,Neutral,Positive,True,False
REV001687,O010440,C03369,R0221,1,The order was delayed for a long time.,Negative,2026-05-30 07:00:00,order delayed long time,-0.2263,Negative,Negative,True,True
REV008309,O011701,C01528,R0209,3,Average experience.,Neutral,2026-01-22 19:00:00,average experience,0.0,Neutral,Neutral,True,True
REV016100,O032424,C02469,R0039,4,Excellent experience from start to finish.,Positive,2026-06-26 16:00:00,excellent experience start finish,0.5719,Positive,Positive,True,True
REV017113,O011057,C00819,R0279,5,Delivery was fast and the food arrived hot.,Positive,2026-03-17 04:00:00,delivery fast food arrived hot,0.0,Neutral,Positive,True,False
REV017492,O003377,C04720,R0018,5,Amazing food and excellent quality.,Positive,2026-06-16 07:00:00,amazing food excellent quality,0.8176,Positive,Positive,True,True
REV011309,O027905,C04593,R0262,5,Great quality and very good service.,Positive,2026-01-26 07:00:00,great quality good service,0.807,Positive,Positive,True,True
REV000849,O028910,C04849,R0205,5,The order arrived quickly and everything was hot.,Positive,2026-05-13 11:00:00,order arrived quickly everything hot,0.0,Neutral,Positive,True,False
REV016330,O038500,C00101,R0074,4,Delivery was fast and the food arrived hot.,Positive,2026-02-25 05:00:00,delivery fast food arrived hot,0.0,Neutral,Positive,True,False
REV009503,O014019,C01637,R0104,4,Amazing food and excellent quality.,Positive,2026-06-23 06:00:00,amazing food excellent quality,0.8176,Positive,Positive,True,True
REV007722,O038540,C02398,R0187,5,Great quality and very good service.,Positive,2026-02-02 13:00:00,great quality good service,0.807,Positive,Positive,True,True
REV020775,O008599,C03494,R0100,4,The food was delicious and fresh.,Positive,2026-05-25 02:00:00,food delicious fresh,0.7184,Positive,Positive,True,True
REV016098,O029225,C01315,R0001,1,The packaging was damaged.,Negative,2026-05-31 01:00:00,packaging damaged,-0.4404,Negative,Negative,True,True
REV029342,O015431,C00786,R0191,4,Everything was perfect and well packed.,Positive,2026-03-07 23:00:00,everything perfect well packed,0.7003,Positive,Positive,True,True
REV012793,O015266,C02196,R0001,4,Everything was perfect and well packed.,Positive,2026-06-22 18:00:00,everything perfect well packed,0.7003,Positive,Positive,True,True
REV022079,O042894,C03892,R0132,4,Delivery was fast and the food arrived hot.,Positive,2026-05-26 17:00:00,delivery fast food arrived hot,0.0,Neutral,Positive,True,False
REV019437,O015362,C03829,R0125,4,Delivery was fast and the food arrived hot.,Positive,2026-04-20 08:00:00,delivery fast food arrived hot,0.0,Neutral,Positive,True,False
REV019312,O043297,C01117,R0285,1,The food was bland and disappointing.,Negative,2026-05-31 14:00:00,food bland disappointing,-0.4939,Negative,Negative,True,True
REV028085,O027522,C02811,R0279,4,The food was fresh and flavorful.,Positive,2026-03-17 11:00:00,food fresh flavorful,0.3182,Positive,Positive,True,True
REV001428,O032518,C04154,R0210,4,The order arrived quickly and everything was hot.,Positive,2026-03-19 23:00:00,order arrived quickly everything hot,0.0,Neutral,Positive,True,False
REV003526,O026838,C00942,R0108,5,Everything was perfect and well packed.,Positive,2026-03-15 15:00:00,everything perfect well packed,0.7003,Positive,Positive,True,True
REV015954,O031742,C00883,R0097,5,The order arrived quickly and everything was hot.,Positive,2026-03-02 01:00:00,order arrived quickly everything hot,0.0,Neutral,Positive,True,False
REV017458,O020239,C01748,R0052,4,Fast delivery and great packaging.,Positive,2026-01-15 22:00:00,fast delivery great packaging,0.6249,Positive,Positive,True,True
REV007577,O003579,C02790,R0260,5,The food was delicious and fresh.,Positive,2026-04-17 22:00:00,food delicious fresh,0.7184,Positive,Positive,True,True
REV023795,O032898,C00236,R0088,2,The food was cold and the delivery was late.,Negative,2026-06-29 10:00:00,food cold delivery late,0.0,Neutral,Negative,True,False
REV005246,O032443,C00676,R0181,2,Very poor experience with the delivery.,Negative,2026-03-02 01:00:00,poor experience delivery,-0.5256,Negative,Negative,True,True
REV002805,O025062,C01921,R0189,3,The food was acceptable.,Neutral,2026-03-22 09:00:00,food acceptable,0.3182,Positive,Neutral,True,False
REV003786,O005527,C00351,R0292,4,Really tasty food with generous portions.,Positive,2026-06-04 01:00:00,really tasty food generous portion,0.5106,Positive,Positive,True,True
REV025146,O033965,C01406,R0034,3,Amazing food and excellent quality.,Positive,2026-05-01 06:00:00,amazing food excellent quality,0.8176,Positive,Positive,True,True
REV011398,O001515,C04808,R0066,4,Amazing food and excellent quality.,Positive,2026-04-20 08:00:00,amazing food excellent quality,0.8176,Positive,Positive,True,True
REV002459,O035887,C01648,R0268,5,Amazing food and excellent quality.,Positive,2026-03-17 15:00:00,amazing food excellent quality,0.8176,Positive,Positive,True,True
REV020378,O002926,C03955,R0044,4,Really tasty food with generous portions.,Positive,2026-01-19 16:00:00,really tasty food generous portion,0.5106,Positive,Positive,True,True
REV014668,O028932,C03352,R0096,3,The food was acceptable.,Neutral,2026-03-14 16:00:00,food acceptable,0.3182,Positive,Neutral,True,False
REV003929,O010663,C02180,R0212,4,Delivery was fast and the food arrived hot.,Positive,2026-05-20 22:00:00,delivery fast food arrived hot,0.0,Neutral,Positive,True,False
REV025083,O000768,C02960,R0115,5,The food was delicious and fresh.,Positive,2026-04-13 10:00:00,food delicious fresh,0.7184,Positive,Positive,True,True
REV027762,O022537,C01719,R0065,3,Overall it was satisfactory.,Neutral,2026-05-20 03:00:00,overall satisfactory,0.3612,Positive,Neutral,True,False
REV011396,O020467,C00755,R0061,4,Really tasty food with generous portions.,Positive,2026-01-16 08:00:00,really tasty food generous portion,0.5106,Positive,Positive,True,True
REV016362,O033458,C00893,R0068,4,The order arrived quickly and everything was hot.,Positive,2026-03-01 13:00:00,order arrived quickly everything hot,0.0,Neutral,Positive,True,False
REV008462,O040262,C04606,R0215,3,It was an ordinary experience.,Neutral,2026-04-17 14:00:00,ordinary experience,0.0,Neutral,Neutral,True,True
REV004753,O048815,C03913,R0109,5,Delivery was fast and the food arrived hot.,Positive,2026-03-10 05:00:00,delivery fast food arrived hot,0.0,Neutral,Positive,True,False
REV024939,O001323,C03332,R0086,4,The order arrived quickly and everything was hot.,Positive,2026-04-03 11:00:00,order arrived quickly everything hot,0.0,Neutral,Positive,True,False
REV023446,O022631,C00992,R0087,3,The food was decent.,Neutral,2026-02-12 23:00:00,food decent,0.0,Neutral,Neutral,True,True
REV009752,O049835,C04961,R0202,5,Fast delivery and great packaging.,Positive,2026-04-06 22:00:00,fast delivery great packaging,0.6249,Positive,Positive,True,True
REV006555,O030827,C01903,R0080,5,Amazing food and excellent quality.,Positive,2026-04-18 19:00:00,amazing food excellent quality,0.8176,Positive,Positive,True,True
REV029998,O039109,C04212,R0156,5,Everything was perfect and well packed.,Positive,2026-03-22 16:00:00,everything perfect well packed,0.7003,Positive,Positive,True,True
REV019164,O014590,C04264,R0020,4,Excellent experience from start to finish.,Positive,2026-04-26 07:00:00,excellent experience start finish,0.5719,Positive,Positive,True,True
REV029085,O010243,C03338,R0087,3,Great quality and very good service.,Positive,2026-01-09 08:00:00,great quality good service,0.807,Positive,Positive,True,True
REV027308,O046432,C03160,R0088,3,The food was delicious and fresh.,Positive,2026-01-10 16:00:00,food delicious fresh,0.7184,Positive,Positive,True,True
REV024247,O033633,C00304,R0087,1,The packaging was damaged.,Negative,2026-05-25 11:00:00,packaging damaged,-0.4404,Negative,Negative,True,True
REV027684,O032126,C00047,R0008,3,The food was decent.,Neutral,2026-04-29 01:00:00,food decent,0.0,Neutral,Neutral,True,True
REV006237,O032572,C04944,R0295,1,I received the wrong item.,Negative,2026-06-20 22:00:00,received wrong item,-0.4767,Negative,Negative,True,True
REV021109,O042156,C04851,R0120,5,Fast delivery and great packaging.,Positive,2026-05-01 08:00:00,fast delivery great packaging,0.6249,Positive,Positive,True,True
REV021513,O026093,C00377,R0172,4,Really tasty food with generous portions.,Positive,2026-05-23 15:00:00,really tasty food generous portion,0.5106,Positive,Positive,True,True
REV018150,O042599,C01760,R0052,4,The food was fresh and flavorful.,Positive,2026-05-06 20:00:00,food fresh flavorful,0.3182,Positive,Positive,True,True
REV015698,O018398,C00077,R0127,1,The delivery was very late.,Negative,2026-02-12 20:00:00,delivery late,0.0,Neutral,Negative,True,False
REV027971,O048264,C02202,R0017,3,The experience was fine.,Neutral,2026-05-12 09:00:00,experience fine,0.2023,Positive,Neutral,True,False
REV027897,O047905,C02275,R0075,5,Delivery was fast and the food arrived hot.,Positive,2026-03-27 15:00:00,delivery fast food arrived hot,0.0,Neutral,Positive,True,False
REV003581,O035643,C01903,R0110,4,The food was delicious and fresh.,Positive,2026-04-01 10:00:00,food delicious fresh,0.7184,Positive,Positive,True,True
REV005055,O007352,C01421,R0082,5,Excellent experience from start to finish.,Positive,2026-04-30 10:00:00,excellent experience start finish,0.5719,Positive,Positive,True,True
REV003715,O012426,C00158,R0042,2,The food was cold and the delivery was late.,Negative,2026-03-08 00:00:00,food cold delivery late,0.0,Neutral,Negative,True,False
REV002961,O044084,C01270,R0213,5,Excellent experience from start to finish.,Positive,2026-02-16 01:00:00,excellent experience start finish,0.5719,Positive,Positive,True,True
REV009695,O002809,C01116,R0092,5,I received the wrong item.,Negative,2026-06-24 04:00:00,received wrong item,-0.4767,Negative,Negative,True,True
REV004657,O029523,C01288,R0067,5,The food was delicious and fresh.,Positive,2026-04-26 12:00:00,food delicious fresh,0.7184,Positive,Positive,True,True
REV028558,O001209,C02503,R0005,5,The food was delicious and fresh.,Positive,2026-05-25 17:00:00,food delicious fresh,0.7184,Positive,Positive,True,True
REV004357,O045457,C01589,R0288,5,Amazing food and excellent quality.,Positive,2026-01-14 03:00:00,amazing food excellent quality,0.8176,Positive,Positive,True,True
REV005995,O044516,C00023,R0162,5,Delivery was fast and the food arrived hot.,Positive,2026-03-03 07:00:00,delivery fast food arrived hot,0.0,Neutral,Positive,True,False
REV010505,O033743,C02466,R0168,3,Food quality was average.,Neutral,2026-04-13 01:00:00,food quality average,0.0,Neutral,Neutral,True,True
REV029106,O010450,C00189,R0094,3,The food was acceptable.,Neutral,2026-05-08 14:00:00,food acceptable,0.3182,Positive,Neutral,True,False
REV011893,O034993,C00109,R0220,5,Amazing food and excellent quality.,Positive,2026-06-22 06:00:00,amazing food excellent quality,0.8176,Positive,Positive,True,True
REV006603,O043335,C04763,R0263,4,Great quality and very good service.,Positive,2026-01-05 10:00:00,great quality good service,0.807,Positive,Positive,True,True
REV013418,O007380,C00336,R0173,2,The packaging was damaged.,Negative,2026-03-11 12:00:00,packaging damaged,-0.4404,Negative,Negative,True,True
REV010715,O040059,C00446,R0237,4,The food was fresh and flavorful.,Positive,2026-01-17 02:00:00,food fresh flavorful,0.3182,Positive,Positive,True,True
REV019987,O022594,C02820,R0172,5,The order arrived quickly and everything was hot.,Positive,2026-05-19 23:00:00,order arrived quickly everything hot,0.0,Neutral,Positive,True,False
REV008512,O004813,C00899,R0195,5,Amazing food and excellent quality.,Positive,2026-03-29 14:00:00,amazing food excellent quality,0.8176,Positive,Positive,True,True
REV007402,O029308,C03258,R0016,1,The food arrived cold.,Negative,2026-05-19 16:00:00,food arrived cold,0.0,Neutral,Negative,True,False
REV027323,O045558,C03298,R0197,4,Fast delivery and great packaging.,Positive,2026-05-17 10:00:00,fast delivery great packaging,0.6249,Positive,Positive,True,True
REV012136,O040792,C01907,R0098,3,The order took too long to arrive.,Negative,2026-04-08 15:00:00,order took long arrive,0.0,Neutral,Negative,True,False
REV021015,O024058,C04349,R0014,4,Great quality and very good service.,Positive,2026-05-15 07:00:00,great quality good service,0.807,Positive,Positive,True,True
REV008542,O010471,C01710,R0185,5,The order arrived quickly and everything was hot.,Positive,2026-05-14 06:00:00,order arrived quickly everything hot,0.0,Neutral,Positive,True,False
REV026420,O042296,C02004,R0228,2,My order was missing an item.,Negative,2026-03-19 22:00:00,order missing item,-0.296,Negative,Negative,True,True
REV008160,O004925,C04974,R0286,5,Everything was perfect and well packed.,Positive,2026-01-06 00:00:00,everything perfect well packed,0.7003,Positive,Positive,True,True
REV023135,O026486,C02104,R0086,5,Delivery was fast and the food arrived hot.,Positive,2026-05-04 21:00:00,delivery fast food arrived hot,0.0,Neutral,Positive,True,False
REV028419,O048675,C00404,R0118,4,Great quality and very good service.,Positive,2026-02-17 13:00:00,great quality good service,0.807,Positive,Positive,True,True
REV002088,O029366,C02963,R0147,4,Amazing food and excellent quality.,Positive,2026-05-11 18:00:00,amazing food excellent quality,0.8176,Positive,Positive,True,True
REV023441,O014662,C04384,R0194,2,The order arrived quickly and everything was hot.,Positive,2026-03-03 10:00:00,order arrived quickly everything hot,0.0,Neutral,Positive,True,False
REV007809,O034998,C01349,R0152,4,The food was delicious and fresh.,Positive,2026-03-16 03:00:00,food delicious fresh,0.7184,Positive,Positive,True,True
REV017416,O046998,C03063,R0241,4,Really tasty food with generous portions.,Positive,2026-02-24 01:00:00,really tasty food generous portion,0.5106,Positive,Positive,True,True
REV018134,O045533,C01279,R0264,2,The order was delayed for a long time.,Negative,2026-04-30 15:00:00,order delayed long time,-0.2263,Negative,Negative,True,True
REV012923,O012929,C02697,R0096,5,The order arrived quickly and everything was hot.,Positive,2026-04-24 08:00:00,order arrived quickly everything hot,0.0,Neutral,Positive,True,False
REV024835,O045338,C05000,R0079,5,Really tasty food with generous portions.,Positive,2026-05-26 19:00:00,really tasty food generous portion,0.5106,Positive,Positive,True,True
REV023295,O034830,C04457,R0205,5,The food was delicious and fresh.,Positive,2026-01-27 03:00:00,food delicious fresh,0.7184,Positive,Positive,True,True
REV020537,O011114,C04690,R0206,2,The order took too long to arrive.,Negative,2026-06-19 02:00:00,order took long arrive,0.0,Neutral,Negative,True,False
REV018143,O019733,C01209,R0260,5,Everything was perfect and well packed.,Positive,2026-04-10 04:00:00,everything perfect well packed,0.7003,Positive,Positive,True,True
REV026307,O002680,C00417,R0254,1,I received the wrong item.,Negative,2026-06-28 22:00:00,received wrong item,-0.4767,Negative,Negative,True,True
REV011403,O010115,C00952,R0027,3,Nothing special about the order.,Neutral,2026-01-23 20:00:00,nothing special order,-0.3089,Negative,Neutral,True,False
REV002566,O003036,C01260,R0112,5,Excellent experience from start to finish.,Positive,2026-04-23 19:00:00,excellent experience start finish,0.5719,Positive,Positive,True,True
REV024258,O046471,C02031,R0120,5,The order took too long to arrive.,Negative,2026-06-07 01:00:00,order took long arrive,0.0,Neutral,Negative,True,False
REV003642,O048791,C04046,R0071,3,It was an ordinary experience.,Neutral,2026-03-05 02:00:00,ordinary experience,0.0,Neutral,Neutral,True,True
REV018820,O046475,C02838,R0068,3,The food was okay.,Neutral,2026-03-21 14:00:00,food okay,0.2263,Positive,Neutral,True,False
REV008273,O035860,C01458,R0078,3,The food was okay.,Neutral,2026-01-21 08:00:00,food okay,0.2263,Positive,Neutral,True,False
REV028084,O022333,C04451,R0099,2,The food was bland and disappointing.,Negative,2026-06-14 16:00:00,food bland disappointing,-0.4939,Negative,Negative,True,True
REV009583,O021485,C02173,R0004,4,The food was fresh and flavorful.,Positive,2026-02-19 16:00:00,food fresh flavorful,0.3182,Positive,Positive,True,True
REV013804,O026480,C00094,R0013,5,Really tasty food with generous portions.,Positive,2026-04-10 11:00:00,really tasty food generous portion,0.5106,Positive,Positive,True,True
REV022126,O026144,C03655,R0178,4,Everything was perfect and well packed.,Positive,2026-06-19 15:00:00,everything perfect well packed,0.7003,Positive,Positive,True,True
REV002645,O042740,C00899,R0029,4,The food was bland and disappointing.,Negative,2026-06-16 18:00:00,food bland disappointing,-0.4939,Negative,Negative,True,True
REV020765,O048370,C04761,R0031,3,It was an ordinary experience.,Neutral,2026-06-11 07:00:00,ordinary experience,0.0,Neutral,Neutral,True,True
REV028075,O010750,C00160,R0196,5,Everything was perfect and well packed.,Positive,2026-06-18 09:00:00,everything perfect well packed,0.7003,Positive,Positive,True,True
REV015071,O013110,C02670,R0181,5,Amazing food and excellent quality.,Positive,2026-06-29 16:00:00,amazing food excellent quality,0.8176,Positive,Positive,True,True
REV028950,O035413,C04946,R0204,5,Amazing food and excellent quality.,Positive,2026-04-05 11:00:00,amazing food excellent quality,0.8176,Positive,Positive,True,True
REV002334,O012499,C01085,R0023,3,Food quality was average.,Neutral,2026-04-25 04:00:00,food quality average,0.0,Neutral,Neutral,True,True
REV010162,O043041,C02511,R0211,2,The food was bland and disappointing.,Negative,2026-02-20 03:00:00,food bland disappointing,-0.4939,Negative,Negative,True,True
REV024338,O044830,C03265,R0292,4,Fast delivery and great packaging.,Positive,2026-05-08 07:00:00,fast delivery great packaging,0.6249,Positive,Positive,True,True
REV004073,O029085,C01282,R0293,4,Fast delivery and great packaging.,Positive,2026-05-06 08:00:00,fast delivery great packaging,0.6249,Positive,Positive,True,True
REV018744,O015150,C04000,R0024,4,The packaging was damaged.,Negative,2026-03-10 22:00:00,packaging damaged,-0.4404,Negative,Negative,True,True
REV007504,O006787,C02371,R0074,4,The order took too long to arrive.,Negative,2026-04-29 10:00:00,order took long arrive,0.0,Neutral,Negative,True,False
REV029563,O047664,C02511,R0083,4,Amazing food and excellent quality.,Positive,2026-03-05 17:00:00,amazing food excellent quality,0.8176,Positive,Positive,True,True
REV015509,O043318,C00136,R0150,4,Really tasty food with generous portions.,Positive,2026-01-06 16:00:00,really tasty food generous portion,0.5106,Positive,Positive,True,True
REV003368,O021036,C02255,R0033,5,Great quality and very good service.,Positive,2026-05-23 12:00:00,great quality good service,0.807,Positive,Positive,True,True
REV026177,O008837,C00102,R0221,3,The experience was fine.,Neutral,2026-06-29 22:00:00,experience fine,0.2023,Positive,Neutral,True,False
REV019166,O041391,C00210,R0279,5,The food was delicious and fresh.,Positive,2026-05-12 05:00:00,food delicious fresh,0.7184,Positive,Positive,True,True
REV005599,O046322,C00895,R0060,2,Fast delivery and great packaging.,Positive,2026-05-04 13:00:00,fast delivery great packaging,0.6249,Positive,Positive,True,True
REV008024,O027461,C02825,R0059,5,Delivery was fast and the food arrived hot.,Positive,2026-03-13 16:00:00,delivery fast food arrived hot,0.0,Neutral,Positive,True,False
REV014870,O005298,C03412,R0012,5,The order arrived quickly and everything was hot.,Positive,2026-02-22 04:00:00,order arrived quickly everything hot,0.0,Neutral,Positive,True,False
REV016366,O012008,C03781,R0098,4,Everything was perfect and well packed.,Positive,2026-06-17 05:00:00,everything perfect well packed,0.7003,Positive,Positive,True,True
REV000269,O012930,C04267,R0197,3,The order was delayed for a long time.,Negative,2026-05-23 23:00:00,order delayed long time,-0.2263,Negative,Negative,True,True
REV008230,O033844,C03383,R0055,2,The delivery was very late.,Negative,2026-04-15 08:00:00,delivery late,0.0,Neutral,Negative,True,False
REV010971,O014080,C02848,R0071,2,The order was delayed for a long time.,Negative,2026-03-16 07:00:00,order delayed long time,-0.2263,Negative,Negative,True,True
REV024806,O047566,C01006,R0010,4,Amazing food and excellent quality.,Positive,2026-01-19 01:00:00,amazing food excellent quality,0.8176,Positive,Positive,True,True
REV011326,O001173,C04733,R0122,5,Delivery was fast and the food arrived hot.,Positive,2026-05-22 09:00:00,delivery fast food arrived hot,0.0,Neutral,Positive,True,False
REV017568,O030729,C01480,R0149,1,The food was cold and the delivery was late.,Negative,2026-04-27 13:00:00,food cold delivery late,0.0,Neutral,Negative,True,False
REV023643,O045652,C04710,R0113,5,The order arrived quickly and everything was hot.,Positive,2026-01-20 01:00:00,order arrived quickly everything hot,0.0,Neutral,Positive,True,False
REV011346,O001426,C02893,R0119,4,Delivery was fast and the food arrived hot.,Positive,2026-06-06 20:00:00,delivery fast food arrived hot,0.0,Neutral,Positive,True,False
REV018715,O039262,C01401,R0143,5,Great quality and very good service.,Positive,2026-06-29 03:00:00,great quality good service,0.807,Positive,Positive,True,True
REV014074,O046808,C00826,R0041,1,The food was cold and the delivery was late.,Negative,2026-04-24 16:00:00,food cold delivery late,0.0,Neutral,Negative,True,False
REV019475,O049184,C01868,R0222,2,I received the wrong item.,Negative,2026-03-07 02:00:00,received wrong item,-0.4767,Negative,Negative,True,True
REV018917,O036430,C03333,R0224,5,Amazing food and excellent quality.,Positive,2026-06-24 15:00:00,amazing food excellent quality,0.8176,Positive,Positive,True,True
REV018103,O026217,C01084,R0002,3,The food was acceptable.,Neutral,2026-05-04 05:00:00,food acceptable,0.3182,Positive,Neutral,True,False
REV004263,O005275,C03505,R0239,4,The order arrived quickly and everything was hot.,Positive,2026-03-22 10:00:00,order arrived quickly everything hot,0.0,Neutral,Positive,True,False
REV013266,O026584,C01430,R0106,4,Really tasty food with generous portions.,Positive,2026-02-12 12:00:00,really tasty food generous portion,0.5106,Positive,Positive,True,True
REV021732,O022815,C01637,R0236,4,Delivery was fast and the food arrived hot.,Positive,2026-06-01 15:00:00,delivery fast food arrived hot,0.0,Neutral,Positive,True,False
REV029922,O003093,C02320,R0296,5,Great quality and very good service.,Positive,2026-06-25 03:00:00,great quality good service,0.807,Positive,Positive,True,True
REV018142,O045439,C04098,R0015,1,Very poor experience with the delivery.,Negative,2026-03-05 17:00:00,poor experience delivery,-0.5256,Negative,Negative,True,True
REV002175,O003011,C01774,R0269,3,It was an ordinary experience.,Neutral,2026-02-21 20:00:00,ordinary experience,0.0,Neutral,Neutral,True,True
REV009538,O017449,C02801,R0232,3,The food was okay.,Neutral,2026-03-23 13:00:00,food okay,0.2263,Positive,Neutral,True,False
REV029309,O016253,C00302,R0073,5,Excellent experience from start to finish.,Positive,2026-01-03 11:00:00,excellent experience start finish,0.5719,Positive,Positive,True,True
REV004243,O025175,C02558,R0184,1,The food arrived cold.,Negative,2026-01-19 04:00:00,food arrived cold,0.0,Neutral,Negative,True,False
REV014469,O003184,C02523,R0271,5,The order arrived quickly and everything was hot.,Positive,2026-06-28 14:00:00,order arrived quickly everything hot,0.0,Neutral,Positive,True,False
REV010106,O001591,C00821,R0209,5,Really tasty food with generous portions.,Positive,2026-03-08 23:00:00,really tasty food generous portion,0.5106,Positive,Positive,True,True
REV027253,O001597,C02826,R0288,4,Fast delivery and great packaging.,Positive,2026-06-25 22:00:00,fast delivery great packaging,0.6249,Positive,Positive,True,True
REV017090,O005995,C00951,R0012,4,The food was delicious and fresh.,Positive,2026-04-09 10:00:00,food delicious fresh,0.7184,Positive,Positive,True,True
REV006351,O005326,C00999,R0254,3,The food was okay.,Neutral,2026-04-27 21:00:00,food okay,0.2263,Positive,Neutral,True,False
REV006905,O023979,C02682,R0203,5,The food was fresh and flavorful.,Positive,2026-03-01 21:00:00,food fresh flavorful,0.3182,Positive,Positive,True,True
REV009048,O027671,C03307,R0042,3,The experience was fine.,Neutral,2026-06-08 22:00:00,experience fine,0.2023,Positive,Neutral,True,False
REV013530,O013741,C01720,R0276,5,The order arrived quickly and everything was hot.,Positive,2026-01-21 11:00:00,order arrived quickly everything hot,0.0,Neutral,Positive,True,False
REV013268,O030913,C03845,R0185,4,Really tasty food with generous portions.,Positive,2026-03-18 11:00:00,really tasty food generous portion,0.5106,Positive,Positive,True,True
REV004500,O000799,C02596,R0134,4,The food was fresh and flavorful.,Positive,2026-02-20 13:00:00,food fresh flavorful,0.3182,Positive,Positive,True,True
REV013487,O035531,C01977,R0274,4,Amazing food and excellent quality.,Positive,2026-04-25 13:00:00,amazing food excellent quality,0.8176,Positive,Positive,True,True
REV028929,O033480,C00576,R0031,2,Very poor experience with the delivery.,Negative,2026-05-26 10:00:00,poor experience delivery,-0.5256,Negative,Negative,True,True
REV028365,O048500,C03579,R0023,1,The food was bland and disappointing.,Negative,2026-05-11 05:00:00,food bland disappointing,-0.4939,Negative,Negative,True,True
REV028411,O013063,C01211,R0104,4,The order arrived quickly and everything was hot.,Positive,2026-06-27 02:00:00,order arrived quickly everything hot,0.0,Neutral,Positive,True,False
REV004621,O034794,C00725,R0236,3,Overall it was satisfactory.,Neutral,2026-04-20 18:00:00,overall satisfactory,0.3612,Positive,Neutral,True,False
REV027387,O028136,C01454,R0146,3,Food quality was average.,Neutral,2026-02-16 15:00:00,food quality average,0.0,Neutral,Neutral,True,True
REV027109,O029574,C01934,R0287,5,The order took too long to arrive.,Negative,2026-03-02 20:00:00,order took long arrive,0.0,Neutral,Negative,True,False
REV029450,O008092,C04580,R0091,4,Really tasty food with generous portions.,Positive,2026-04-12 20:00:00,really tasty food generous portion,0.5106,Positive,Positive,True,True
REV021467,O015600,C01924,R0204,5,Excellent experience from start to finish.,Positive,2026-03-16 17:00:00,excellent experience start finish,0.5719,Positive,Positive,True,True
REV025388,O000408,C01259,R0132,4,Fast delivery and great packaging.,Positive,2026-03-08 19:00:00,fast delivery great packaging,0.6249,Positive,Positive,True,True
REV026056,O027674,C03005,R0240,5,Delivery was fast and the food arrived hot.,Positive,2026-05-04 09:00:00,delivery fast food arrived hot,0.0,Neutral,Positive,True,False
REV024787,O006454,C02179,R0263,5,Amazing food and excellent quality.,Positive,2026-04-28 00:00:00,amazing food excellent quality,0.8176,Positive,Positive,True,True
REV010557,O013484,C02941,R0213,3,The food was okay.,Neutral,2026-06-01 06:00:00,food okay,0.2263,Positive,Neutral,True,False
REV001154,O015189,C01273,R0071,5,Very poor experience with the delivery.,Negative,2026-05-10 23:00:00,poor experience delivery,-0.5256,Negative,Negative,True,True
REV002512,O000120,C04377,R0177,4,Amazing food and excellent quality.,Positive,2026-04-02 01:00:00,amazing food excellent quality,0.8176,Positive,Positive,True,True
REV006507,O042738,C03525,R0152,4,Great quality and very good service.,Positive,2026-03-08 12:00:00,great quality good service,0.807,Positive,Positive,True,True
REV024527,O008171,C04128,R0027,2,The food arrived cold.,Negative,2026-04-30 02:00:00,food arrived cold,0.0,Neutral,Negative,True,False
REV000828,O017182,C01332,R0146,4,Great quality and very good service.,Positive,2026-05-03 12:00:00,great quality good service,0.807,Positive,Positive,True,True
REV012555,O035963,C00787,R0222,4,Everything was perfect and well packed.,Positive,2026-03-21 00:00:00,everything perfect well packed,0.7003,Positive,Positive,True,True
REV010699,O047245,C01932,R0255,2,The food was cold and the delivery was late.,Negative,2026-04-19 22:00:00,food cold delivery late,0.0,Neutral,Negative,True,False
REV009919,O025044,C00635,R0127,4,Great quality and very good service.,Positive,2026-02-06 19:00:00,great quality good service,0.807,Positive,Positive,True,True
REV014248,O008433,C03581,R0146,3,The order was okay overall.,Neutral,2026-04-25 06:00:00,order okay overall,0.2263,Positive,Neutral,True,False
REV028720,O025820,C04642,R0067,2,Very poor experience with the delivery.,Negative,2026-04-09 07:00:00,poor experience delivery,-0.5256,Negative,Negative,True,True
REV002623,O031198,C04822,R0221,3,The food was acceptable.,Neutral,2026-06-22 15:00:00,food acceptable,0.3182,Positive,Neutral,True,False
REV025907,O017395,C02844,R0255,4,Great quality and very good service.,Positive,2026-06-07 07:00:00,great quality good service,0.807,Positive,Positive,True,True
REV010115,O037104,C04268,R0194,5,Amazing food and excellent quality.,Positive,2026-05-30 16:00:00,amazing food excellent quality,0.8176,Positive,Positive,True,True
REV026637,O039745,C02228,R0057,4,Great quality and very good service.,Positive,2026-04-01 12:00:00,great quality good service,0.807,Positive,Positive,True,True
REV014168,O019651,C02146,R0103,5,Great quality and very good service.,Positive,2026-03-22 19:00:00,great quality good service,0.807,Positive,Positive,True,True
REV025369,O024252,C04373,R0142,5,Delivery was fast and the food arrived hot.,Positive,2026-02-03 06:00:00,delivery fast food arrived hot,0.0,Neutral,Positive,True,False
REV007508,O003834,C04492,R0295,4,The food was delicious and fresh.,Positive,2026-06-08 09:00:00,food delicious fresh,0.7184,Positive,Positive,True,True
REV027048,O049533,C04044,R0136,2,I received the wrong item.,Negative,2026-04-03 03:00:00,received wrong item,-0.4767,Negative,Negative,True,True
REV003268,O018189,C04149,R0155,4,Really tasty food with generous portions.,Positive,2026-04-29 05:00:00,really tasty food generous portion,0.5106,Positive,Positive,True,True
REV029134,O038068,C04919,R0207,4,Great quality and very good service.,Positive,2026-05-08 06:00:00,great quality good service,0.807,Positive,Positive,True,True
REV008328,O032680,C00941,R0043,2,I received the wrong item.,Negative,2026-06-26 02:00:00,received wrong item,-0.4767,Negative,Negative,True,True
REV014453,O040104,C04997,R0019,4,Really tasty food with generous portions.,Positive,2026-05-30 04:00:00,really tasty food generous portion,0.5106,Positive,Positive,True,True
REV003540,O043917,C02223,R0065,5,Great quality and very good service.,Positive,2026-03-30 02:00:00,great quality good service,0.807,Positive,Positive,True,True
REV020673,O035788,C00064,R0111,3,It was an ordinary experience.,Neutral,2026-04-25 10:00:00,ordinary experience,0.0,Neutral,Neutral,True,True
REV021452,O010422,C01640,R0045,5,Excellent experience from start to finish.,Positive,2026-06-10 15:00:00,excellent experience start finish,0.5719,Positive,Positive,True,True
REV022537,O011118,C01349,R0208,4,Really tasty food with generous portions.,Positive,2026-01-03 14:00:00,really tasty food generous portion,0.5106,Positive,Positive,True,True
REV025366,O038622,C04891,R0129,3,The order was okay overall.,Neutral,2026-01-14 06:00:00,order okay overall,0.2263,Positive,Neutral,True,False
REV007335,O032162,C00874,R0251,4,The food was fresh and flavorful.,Positive,2026-01-09 00:00:00,food fresh flavorful,0.3182,Positive,Positive,True,True
REV013642,O016995,C01101,R0225,5,Great quality and very good service.,Positive,2026-03-01 21:00:00,great quality good service,0.807,Positive,Positive,True,True
REV023502,O012969,C00946,R0298,5,Everything was perfect and well packed.,Positive,2026-04-09 22:00:00,everything perfect well packed,0.7003,Positive,Positive,True,True
REV005178,O045450,C04399,R0115,4,The food was fresh and flavorful.,Positive,2026-03-15 16:00:00,food fresh flavorful,0.3182,Positive,Positive,True,True
REV010347,O048828,C00092,R0133,5,Excellent experience from start to finish.,Positive,2026-04-30 16:00:00,excellent experience start finish,0.5719,Positive,Positive,True,True
REV017100,O005782,C04003,R0270,1,The food was cold and the delivery was late.,Negative,2026-03-16 23:00:00,food cold delivery late,0.0,Neutral,Negative,True,False
REV010101,O043241,C04442,R0161,4,Delivery was fast and the food arrived hot.,Positive,2026-06-27 14:00:00,delivery fast food arrived hot,0.0,Neutral,Positive,True,False
REV024548,O006048,C01573,R0168,4,The order arrived quickly and everything was hot.,Positive,2026-05-26 03:00:00,order arrived quickly everything hot,0.0,Neutral,Positive,True,False
REV003416,O039769,C02553,R0276,5,The food was delicious and fresh.,Positive,2026-06-07 03:00:00,food delicious fresh,0.7184,Positive,Positive,True,True
REV022077,O040606,C03711,R0048,4,The order was delayed for a long time.,Negative,2026-04-14 03:00:00,order delayed long time,-0.2263,Negative,Negative,True,True
REV019805,O022322,C01129,R0091,1,Very poor experience with the delivery.,Negative,2026-04-25 02:00:00,poor experience delivery,-0.5256,Negative,Negative,True,True
REV024679,O043977,C02218,R0126,4,The order was delayed for a long time.,Negative,2026-03-14 21:00:00,order delayed long time,-0.2263,Negative,Negative,True,True
REV026837,O025674,C03176,R0172,5,The food was fresh and flavorful.,Positive,2026-03-19 11:00:00,food fresh flavorful,0.3182,Positive,Positive,True,True
REV014370,O023666,C04110,R0204,5,The food was bland and disappointing.,Negative,2026-02-21 05:00:00,food bland disappointing,-0.4939,Negative,Negative,True,True
REV002278,O026464,C03020,R0280,4,Fast delivery and great packaging.,Positive,2026-02-02 19:00:00,fast delivery great packaging,0.6249,Positive,Positive,True,True
REV005869,O040010,C01230,R0224,2,The order was delayed for a long time.,Negative,2026-01-28 04:00:00,order delayed long time,-0.2263,Negative,Negative,True,True
REV002885,O024161,C02473,R0123,4,The food was fresh and flavorful.,Positive,2026-02-16 17:00:00,food fresh flavorful,0.3182,Positive,Positive,True,True
REV026328,O030880,C01341,R0103,5,Delivery was fast and the food arrived hot.,Positive,2026-06-11 17:00:00,delivery fast food arrived hot,0.0,Neutral,Positive,True,False
REV002554,O015123,C04463,R0139,3,Food quality was average.,Neutral,2026-04-18 21:00:00,food quality average,0.0,Neutral,Neutral,True,True
REV001059,O022326,C04901,R0195,5,Excellent experience from start to finish.,Positive,2026-05-19 07:00:00,excellent experience start finish,0.5719,Positive,Positive,True,True
REV025082,O040338,C02051,R0018,5,Really tasty food with generous portions.,Positive,2026-02-04 13:00:00,really tasty food generous portion,0.5106,Positive,Positive,True,True
REV027895,O002758,C00684,R0008,5,Delivery was fast and the food arrived hot.,Positive,2026-02-22 13:00:00,delivery fast food arrived hot,0.0,Neutral,Positive,True,False
REV020521,O032788,C04191,R0151,5,Really tasty food with generous portions.,Positive,2026-01-16 06:00:00,really tasty food generous portion,0.5106,Positive,Positive,True,True
REV014299,O009618,C01115,R0084,5,The packaging was damaged.,Negative,2026-03-23 17:00:00,packaging damaged,-0.4404,Negative,Negative,True,True
REV025984,O049968,C00904,R0202,4,Really tasty food with generous portions.,Positive,2026-02-10 19:00:00,really tasty food generous portion,0.5106,Positive,Positive,True,True
REV011159,O021413,C03134,R0208,3,The food was decent.,Neutral,2026-01-09 18:00:00,food decent,0.0,Neutral,Neutral,True,True
REV017446,O039973,C01249,R0249,2,I received the wrong item.,Negative,2026-03-04 00:00:00,received wrong item,-0.4767,Negative,Negative,True,True
REV016644,O011083,C00016,R0066,5,Amazing food and excellent quality.,Positive,2026-03-09 09:00:00,amazing food excellent quality,0.8176,Positive,Positive,True,True
REV023064,O024018,C02620,R0174,4,The food was delicious and fresh.,Positive,2026-02-09 15:00:00,food delicious fresh,0.7184,Positive,Positive,True,True
REV012286,O034136,C01277,R0184,1,The food was bland and disappointing.,Negative,2026-04-03 10:00:00,food bland disappointing,-0.4939,Negative,Negative,True,True
REV025956,O013893,C04521,R0251,2,The food arrived cold.,Negative,2026-04-05 16:00:00,food arrived cold,0.0,Neutral,Negative,True,False
REV002809,O016649,C01431,R0213,3,The food was decent.,Neutral,2026-04-15 05:00:00,food decent,0.0,Neutral,Neutral,True,True
REV013510,O047684,C02834,R0096,4,Everything was perfect and well packed.,Positive,2026-01-11 01:00:00,everything perfect well packed,0.7003,Positive,Positive,True,True
REV021029,O032903,C02891,R0222,4,Very poor experience with the delivery.,Negative,2026-05-10 08:00:00,poor experience delivery,-0.5256,Negative,Negative,True,True
REV009076,O012122,C00264,R0012,3,The food was okay.,Neutral,2026-01-09 08:00:00,food okay,0.2263,Positive,Neutral,True,False
REV000058,O010688,C01440,R0035,3,It was an ordinary experience.,Neutral,2026-02-21 10:00:00,ordinary experience,0.0,Neutral,Neutral,True,True
REV019666,O007905,C04439,R0093,5,Amazing food and excellent quality.,Positive,2026-06-28 03:00:00,amazing food excellent quality,0.8176,Positive,Positive,True,True
REV015128,O009312,C02554,R0196,5,Excellent experience from start to finish.,Positive,2026-05-10 08:00:00,excellent experience start finish,0.5719,Positive,Positive,True,True
REV027185,O012248,C03213,R0190,5,Fast delivery and great packaging.,Positive,2026-01-20 16:00:00,fast delivery great packaging,0.6249,Positive,Positive,True,True
REV026909,O028390,C04627,R0029,4,Everything was perfect and well packed.,Positive,2026-03-26 12:00:00,everything perfect well packed,0.7003,Positive,Positive,True,True
REV019847,O039823,C01931,R0201,1,The packaging was damaged.,Negative,2026-01-30 02:00:00,packaging damaged,-0.4404,Negative,Negative,True,True
REV029898,O023733,C03455,R0268,4,Delivery was fast and the food arrived hot.,Positive,2026-05-02 13:00:00,delivery fast food arrived hot,0.0,Neutral,Positive,True,False
REV011423,O028823,C02793,R0075,5,The order arrived quickly and everything was hot.,Positive,2026-06-26 21:00:00,order arrived quickly everything hot,0.0,Neutral,Positive,True,False
REV004214,O024254,C03646,R0116,5,Amazing food and excellent quality.,Positive,2026-03-06 13:00:00,amazing food excellent quality,0.8176,Positive,Positive,True,True
REV000875,O026849,C01197,R0179,5,Great quality and very good service.,Positive,2026-03-16 23:00:00,great quality good service,0.807,Positive,Positive,True,True
REV012215,O007181,C03062,R0067,4,Great quality and very good service.,Positive,2026-03-13 00:00:00,great quality good service,0.807,Positive,Positive,True,True
REV014733,O006951,C04225,R0167,4,The food was fresh and flavorful.,Positive,2026-05-10 00:00:00,food fresh flavorful,0.3182,Positive,Positive,True,True
REV012671,O003302,C01642,R0017,4,The food was fresh and flavorful.,Positive,2026-04-09 08:00:00,food fresh flavorful,0.3182,Positive,Positive,True,True
REV006001,O041305,C01296,R0170,4,Really tasty food with generous portions.,Positive,2026-04-13 20:00:00,really tasty food generous portion,0.5106,Positive,Positive,True,True
REV011063,O044538,C04126,R0270,5,The food was fresh and flavorful.,Positive,2026-06-15 09:00:00,food fresh flavorful,0.3182,Positive,Positive,True,True
REV022653,O002905,C00677,R0006,4,Great quality and very good service.,Positive,2026-02-28 12:00:00,great quality good service,0.807,Positive,Positive,True,True
REV013777,O021268,C03844,R0228,5,Great quality and very good service.,Positive,2026-05-03 18:00:00,great quality good service,0.807,Positive,Positive,True,True
REV027531,O034494,C04626,R0167,5,Everything was perfect and well packed.,Positive,2026-04-15 00:00:00,everything perfect well packed,0.7003,Positive,Positive,True,True
REV004540,O036362,C00848,R0267,3,Average experience.,Neutral,2026-04-16 09:00:00,average experience,0.0,Neutral,Neutral,True,True
REV025616,O030434,C04155,R0134,5,The food was delicious and fresh.,Positive,2026-01-09 03:00:00,food delicious fresh,0.7184,Positive,Positive,True,True
REV004565,O035787,C01164,R0005,5,The order arrived quickly and everything was hot.,Positive,2026-03-06 04:00:00,order arrived quickly everything hot,0.0,Neutral,Positive,True,False
REV029763,O030627,C00014,R0188,3,Great quality and very good service.,Positive,2026-04-15 18:00:00,great quality good service,0.807,Positive,Positive,True,True
REV007480,O032689,C04866,R0273,5,Excellent experience from start to finish.,Positive,2026-01-11 20:00:00,excellent experience start finish,0.5719,Positive,Positive,True,True
REV007788,O013670,C03755,R0055,5,Fast delivery and great packaging.,Positive,2026-05-13 04:00:00,fast delivery great packaging,0.6249,Positive,Positive,True,True
REV001202,O016380,C03129,R0179,3,The experience was fine.,Neutral,2026-06-09 19:00:00,experience fine,0.2023,Positive,Neutral,True,False
REV021754,O011409,C03060,R0189,4,Great quality and very good service.,Positive,2026-04-06 04:00:00,great quality good service,0.807,Positive,Positive,True,True
REV008265,O000662,C00971,R0256,3,The order was okay overall.,Neutral,2026-04-20 06:00:00,order okay overall,0.2263,Positive,Neutral,True,False
REV022872,O007787,C04269,R0169,4,Delivery was fast and the food arrived hot.,Positive,2026-02-14 23:00:00,delivery fast food arrived hot,0.0,Neutral,Positive,True,False
REV012077,O025703,C04772,R0001,3,Overall it was satisfactory.,Neutral,2026-02-25 07:00:00,overall satisfactory,0.3612,Positive,Neutral,True,False
REV003403,O049508,C00096,R0174,5,Fast delivery and great packaging.,Positive,2026-04-28 13:00:00,fast delivery great packaging,0.6249,Positive,Positive,True,True
REV003828,O003059,C03978,R0074,5,The food was delicious and fresh.,Positive,2026-02-27 06:00:00,food delicious fresh,0.7184,Positive,Positive,True,True
REV009672,O034921,C03323,R0113,4,Amazing food and excellent quality.,Positive,2026-05-03 21:00:00,amazing food excellent quality,0.8176,Positive,Positive,True,True
REV018969,O028825,C03244,R0087,2,I received the wrong item.,Negative,2026-06-09 04:00:00,received wrong item,-0.4767,Negative,Negative,True,True
REV014835,O036280,C04427,R0089,3,The food was decent.,Neutral,2026-01-31 17:00:00,food decent,0.0,Neutral,Neutral,True,True
REV004189,O018870,C04046,R0067,4,The food was delicious and fresh.,Positive,2026-06-18 13:00:00,food delicious fresh,0.7184,Positive,Positive,True,True
REV000917,O021224,C02334,R0125,4,Fast delivery and great packaging.,Positive,2026-01-28 10:00:00,fast delivery great packaging,0.6249,Positive,Positive,True,True
REV019791,O042342,C02597,R0184,5,Delivery was fast and the food arrived hot.,Positive,2026-06-13 00:00:00,delivery fast food arrived hot,0.0,Neutral,Positive,True,False
REV017352,O043459,C00447,R0104,5,The delivery was very late.,Negative,2026-01-19 06:00:00,delivery late,0.0,Neutral,Negative,True,False
REV024132,O032722,C04615,R0295,4,My order was missing an item.,Negative,2026-06-03 05:00:00,order missing item,-0.296,Negative,Negative,True,True
REV028104,O023498,C00609,R0243,2,The food arrived cold.,Negative,2026-04-07 13:00:00,food arrived cold,0.0,Neutral,Negative,True,False
REV006541,O004587,C01874,R0222,3,The food was decent.,Neutral,2026-05-10 20:00:00,food decent,0.0,Neutral,Neutral,True,True
REV022009,O030237,C03622,R0278,5,The order arrived quickly and everything was hot.,Positive,2026-04-26 22:00:00,order arrived quickly everything hot,0.0,Neutral,Positive,True,False
REV005083,O006148,C02032,R0290,4,The packaging was damaged.,Negative,2026-04-09 08:00:00,packaging damaged,-0.4404,Negative,Negative,True,True
REV014883,O000746,C03889,R0204,3,Overall it was satisfactory.,Neutral,2026-01-24 00:00:00,overall satisfactory,0.3612,Positive,Neutral,True,False
REV013887,O028865,C03441,R0276,3,It was an ordinary experience.,Neutral,2026-04-28 20:00:00,ordinary experience,0.0,Neutral,Neutral,True,True
REV020483,O023313,C00106,R0165,4,The food was delicious and fresh.,Positive,2026-03-05 21:00:00,food delicious fresh,0.7184,Positive,Positive,True,True
REV019508,O038440,C00127,R0180,1,I received the wrong item.,Negative,2026-01-18 13:00:00,received wrong item,-0.4767,Negative,Negative,True,True
REV000619,O048556,C02118,R0103,5,Great quality and very good service.,Positive,2026-05-25 13:00:00,great quality good service,0.807,Positive,Positive,True,True
REV008672,O013413,C04192,R0057,2,The food was bland and disappointing.,Negative,2026-03-17 12:00:00,food bland disappointing,-0.4939,Negative,Negative,True,True
REV001442,O000513,C01870,R0082,5,The food was fresh and flavorful.,Positive,2026-05-03 00:00:00,food fresh flavorful,0.3182,Positive,Positive,True,True
REV027145,O027152,C02427,R0191,3,Really tasty food with generous portions.,Positive,2026-01-18 18:00:00,really tasty food generous portion,0.5106,Positive,Positive,True,True
REV000069,O013858,C02457,R0038,4,Delivery was fast and the food arrived hot.,Positive,2026-06-29 22:00:00,delivery fast food arrived hot,0.0,Neutral,Positive,True,False
REV014969,O016067,C01448,R0299,4,The food was fresh and flavorful.,Positive,2026-01-14 18:00:00,food fresh flavorful,0.3182,Positive,Positive,True,True
REV009469,O035460,C01811,R0164,3,Average experience.,Neutral,2026-04-18 20:00:00,average experience,0.0,Neutral,Neutral,True,True
REV029739,O002230,C03349,R0066,4,The food was fresh and flavorful.,Positive,2026-04-29 15:00:00,food fresh flavorful,0.3182,Positive,Positive,True,True
REV006559,O039154,C03521,R0061,3,The order arrived quickly and everything was hot.,Positive,2026-04-08 17:00:00,order arrived quickly everything hot,0.0,Neutral,Positive,True,False
REV002159,O009555,C00103,R0171,4,The order arrived quickly and everything was hot.,Positive,2026-03-24 19:00:00,order arrived quickly everything hot,0.0,Neutral,Positive,True,False
REV014363,O001786,C01608,R0094,3,The experience was fine.,Neutral,2026-01-26 00:00:00,experience fine,0.2023,Positive,Neutral,True,False
REV004491,O043912,C02128,R0240,5,Delivery was fast and the food arrived hot.,Positive,2026-02-19 00:00:00,delivery fast food arrived hot,0.0,Neutral,Positive,True,False
REV028434,O030436,C04921,R0015,4,The order arrived quickly and everything was hot.,Positive,2026-05-21 10:00:00,order arrived quickly everything hot,0.0,Neutral,Positive,True,False
REV008449,O036597,C02961,R0184,5,The food was fresh and flavorful.,Positive,2026-05-14 20:00:00,food fresh flavorful,0.3182,Positive,Positive,True,True
REV016829,O023200,C00521,R0091,4,The food was fresh and flavorful.,Positive,2026-05-03 00:00:00,food fresh flavorful,0.3182,Positive,Positive,True,True
REV029176,O022727,C04475,R0124,5,Excellent experience from start to finish.,Positive,2026-02-12 16:00:00,excellent experience start finish,0.5719,Positive,Positive,True,True
REV027318,O049472,C04994,R0287,2,The packaging was damaged.,Negative,2026-04-07 01:00:00,packaging damaged,-0.4404,Negative,Negative,True,True
REV025435,O009892,C04194,R0168,3,Average experience.,Neutral,2026-03-29 19:00:00,average experience,0.0,Neutral,Neutral,True,True
REV022528,O049429,C00885,R0086,4,Delivery was fast and the food arrived hot.,Positive,2026-01-11 21:00:00,delivery fast food arrived hot,0.0,Neutral,Positive,True,False
REV015967,O038309,C00962,R0284,4,Amazing food and excellent quality.,Positive,2026-04-26 08:00:00,amazing food excellent quality,0.8176,Positive,Positive,True,True
REV003484,O024100,C04280,R0018,4,The food was fresh and flavorful.,Positive,2026-01-17 07:00:00,food fresh flavorful,0.3182,Positive,Positive,True,True
REV010377,O025881,C02525,R0175,3,The food was delicious and fresh.,Positive,2026-05-21 11:00:00,food delicious fresh,0.7184,Positive,Positive,True,True
REV010515,O048469,C03164,R0152,5,Excellent experience from start to finish.,Positive,2026-01-04 03:00:00,excellent experience start finish,0.5719,Positive,Positive,True,True
REV029443,O010078,C04005,R0114,4,Delivery was fast and the food arrived hot.,Positive,2026-02-24 05:00:00,delivery fast food arrived hot,0.0,Neutral,Positive,True,False
REV012891,O002173,C02677,R0229,5,Really tasty food with generous portions.,Positive,2026-03-13 07:00:00,really tasty food generous portion,0.5106,Positive,Positive,True,True
REV008647,O010967,C02770,R0154,1,The packaging was damaged.,Negative,2026-02-07 17:00:00,packaging damaged,-0.4404,Negative,Negative,True,True
REV004482,O022511,C04519,R0132,4,Excellent experience from start to finish.,Positive,2026-02-22 18:00:00,excellent experience start finish,0.5719,Positive,Positive,True,True
REV023580,O014956,C00221,R0154,4,Fast delivery and great packaging.,Positive,2026-04-03 10:00:00,fast delivery great packaging,0.6249,Positive,Positive,True,True
REV024851,O015992,C04254,R0233,5,Really tasty food with generous portions.,Positive,2026-06-19 07:00:00,really tasty food generous portion,0.5106,Positive,Positive,True,True
REV006144,O023794,C02397,R0265,5,The food was fresh and flavorful.,Positive,2026-04-26 13:00:00,food fresh flavorful,0.3182,Positive,Positive,True,True
REV029786,O027621,C03381,R0299,3,It was an ordinary experience.,Neutral,2026-01-09 16:00:00,ordinary experience,0.0,Neutral,Neutral,True,True
REV015108,O045889,C04289,R0020,2,I received the wrong item.,Negative,2026-06-07 12:00:00,received wrong item,-0.4767,Negative,Negative,True,True
REV008235,O008637,C02173,R0259,5,Delivery was fast and the food arrived hot.,Positive,2026-04-09 06:00:00,delivery fast food arrived hot,0.0,Neutral,Positive,True,False
REV002648,O047311,C03225,R0162,4,Great quality and very good service.,Positive,2026-05-01 01:00:00,great quality good service,0.807,Positive,Positive,True,True
REV011392,O002794,C02252,R0113,4,The food was fresh and flavorful.,Positive,2026-06-22 02:00:00,food fresh flavorful,0.3182,Positive,Positive,True,True
REV011251,O020989,C04638,R0199,2,The food was bland and disappointing.,Negative,2026-04-21 14:00:00,food bland disappointing,-0.4939,Negative,Negative,True,True
REV000647,O025308,C04049,R0163,5,Delivery was fast and the food arrived hot.,Positive,2026-01-05 08:00:00,delivery fast food arrived hot,0.0,Neutral,Positive,True,False
REV027200,O040092,C00747,R0064,5,Great quality and very good service.,Positive,2026-03-22 00:00:00,great quality good service,0.807,Positive,Positive,True,True
REV011519,O044527,C00937,R0149,1,The packaging was damaged.,Negative,2026-05-23 18:00:00,packaging damaged,-0.4404,Negative,Negative,True,True
REV028552,O027582,C04141,R0235,4,Really tasty food with generous portions.,Positive,2026-05-17 15:00:00,really tasty food generous portion,0.5106,Positive,Positive,True,True
REV018652,O036437,C02694,R0197,2,The packaging was damaged.,Negative,2026-06-26 22:00:00,packaging damaged,-0.4404,Negative,Negative,True,True
REV026985,O048008,C01792,R0061,2,Very poor experience with the delivery.,Negative,2026-02-27 19:00:00,poor experience delivery,-0.5256,Negative,Negative,True,True
REV018413,O032327,C00009,R0299,2,My order was missing an item.,Negative,2026-06-13 14:00:00,order missing item,-0.296,Negative,Negative,True,True
REV018763,O018720,C01574,R0287,4,Amazing food and excellent quality.,Positive,2026-06-07 09:00:00,amazing food excellent quality,0.8176,Positive,Positive,True,True
REV029015,O013339,C00983,R0202,4,The food was delicious and fresh.,Positive,2026-04-02 06:00:00,food delicious fresh,0.7184,Positive,Positive,True,True
REV005329,O048723,C00664,R0219,4,Great quality and very good service.,Positive,2026-05-26 05:00:00,great quality good service,0.807,Positive,Positive,True,True
REV021976,O030921,C00791,R0060,3,Delivery was fast and the food arrived hot.,Positive,2026-03-05 04:00:00,delivery fast food arrived hot,0.0,Neutral,Positive,True,False
REV002231,O027301,C00685,R0118,4,Amazing food and excellent quality.,Positive,2026-04-13 19:00:00,amazing food excellent quality,0.8176,Positive,Positive,True,True
REV006213,O035281,C02023,R0194,5,The order arrived quickly and everything was hot.,Positive,2026-06-28 15:00:00,order arrived quickly everything hot,0.0,Neutral,Positive,True,False
REV018474,O009347,C03440,R0239,5,Excellent experience from start to finish.,Positive,2026-01-26 05:00:00,excellent experience start finish,0.5719,Positive,Positive,True,True
REV026281,O029903,C01760,R0196,4,Great quality and very good service.,Positive,2026-05-30 08:00:00,great quality good service,0.807,Positive,Positive,True,True
REV011066,O027439,C03585,R0163,1,The order was delayed for a long time.,Negative,2026-04-06 03:00:00,order delayed long time,-0.2263,Negative,Negative,True,True
REV017234,O032549,C00186,R0293,4,Delivery was fast and the food arrived hot.,Positive,2026-02-01 18:00:00,delivery fast food arrived hot,0.0,Neutral,Positive,True,False
REV026081,O037041,C04410,R0278,5,Amazing food and excellent quality.,Positive,2026-06-23 08:00:00,amazing food excellent quality,0.8176,Positive,Positive,True,True
REV000114,O041575,C04596,R0163,4,Everything was perfect and well packed.,Positive,2026-05-22 11:00:00,everything perfect well packed,0.7003,Positive,Positive,True,True
REV022658,O042019,C04674,R0204,4,The order arrived quickly and everything was hot.,Positive,2026-05-05 19:00:00,order arrived quickly everything hot,0.0,Neutral,Positive,True,False
REV014289,O035758,C04739,R0156,3,It was an ordinary experience.,Neutral,2026-04-03 18:00:00,ordinary experience,0.0,Neutral,Neutral,True,True
REV027528,O028067,C02848,R0174,5,Excellent experience from start to finish.,Positive,2026-04-26 18:00:00,excellent experience start finish,0.5719,Positive,Positive,True,True
REV007649,O025470,C00734,R0033,4,The food was fresh and flavorful.,Positive,2026-05-28 15:00:00,food fresh flavorful,0.3182,Positive,Positive,True,True
REV008231,O047908,C04271,R0291,2,The food was cold and the delivery was late.,Negative,2026-06-22 13:00:00,food cold delivery late,0.0,Neutral,Negative,True,False
REV003328,O028714,C02053,R0058,5,The order arrived quickly and everything was hot.,Positive,2026-01-13 10:00:00,order arrived quickly everything hot,0.0,Neutral,Positive,True,False
REV018638,O038498,C03038,R0140,4,The food was delicious and fresh.,Positive,2026-03-29 06:00:00,food delicious fresh,0.7184,Positive,Positive,True,True
REV008486,O040642,C02061,R0173,1,The food was bland and disappointing.,Negative,2026-07-01 02:00:00,food bland disappointing,-0.4939,Negative,Negative,True,True
REV012419,O040583,C04198,R0100,5,Fast delivery and great packaging.,Positive,2026-01-25 00:00:00,fast delivery great packaging,0.6249,Positive,Positive,True,True
REV002473,O001752,C04950,R0094,4,The order arrived quickly and everything was hot.,Positive,2026-03-28 23:00:00,order arrived quickly everything hot,0.0,Neutral,Positive,True,False
REV027085,O015011,C00241,R0230,3,The food was acceptable.,Neutral,2026-01-20 22:00:00,food acceptable,0.3182,Positive,Neutral,True,False
REV024163,O048033,C00070,R0129,4,Delivery was fast and the food arrived hot.,Positive,2026-05-08 08:00:00,delivery fast food arrived hot,0.0,Neutral,Positive,True,False
REV008960,O009494,C00925,R0183,4,Amazing food and excellent quality.,Positive,2026-01-20 15:00:00,amazing food excellent quality,0.8176,Positive,Positive,True,True
REV025191,O047565,C01440,R0022,5,Everything was perfect and well packed.,Positive,2026-02-20 07:00:00,everything perfect well packed,0.7003,Positive,Positive,True,True
REV019114,O007668,C02800,R0108,4,Everything was perfect and well packed.,Positive,2026-01-18 08:00:00,everything perfect well packed,0.7003,Positive,Positive,True,True
REV018780,O025290,C02685,R0043,5,Amazing food and excellent quality.,Positive,2026-05-23 13:00:00,amazing food excellent quality,0.8176,Positive,Positive,True,True
REV001313,O024977,C04340,R0025,4,Delivery was fast and the food arrived hot.,Positive,2026-05-30 15:00:00,delivery fast food arrived hot,0.0,Neutral,Positive,True,False
REV025501,O041786,C02658,R0059,4,Really tasty food with generous portions.,Positive,2026-06-15 12:00:00,really tasty food generous portion,0.5106,Positive,Positive,True,True
REV011998,O036406,C01645,R0213,4,The food was fresh and flavorful.,Positive,2026-05-07 00:00:00,food fresh flavorful,0.3182,Positive,Positive,True,True
REV006159,O014506,C01158,R0021,4,Everything was perfect and well packed.,Positive,2026-02-15 08:00:00,everything perfect well packed,0.7003,Positive,Positive,True,True
REV012275,O043106,C04042,R0144,3,I received the wrong item.,Negative,2026-05-08 00:00:00,received wrong item,-0.4767,Negative,Negative,True,True
REV017908,O003461,C03724,R0027,5,Everything was perfect and well packed.,Positive,2026-03-24 02:00:00,everything perfect well packed,0.7003,Positive,Positive,True,True
REV022442,O020012,C00233,R0263,4,The order arrived quickly and everything was hot.,Positive,2026-01-25 23:00:00,order arrived quickly everything hot,0.0,Neutral,Positive,True,False
REV017714,O028050,C01272,R0051,4,The food was delicious and fresh.,Positive,2026-04-08 01:00:00,food delicious fresh,0.7184,Positive,Positive,True,True
REV003993,O018010,C02972,R0144,4,Great quality and very good service.,Positive,2026-01-16 20:00:00,great quality good service,0.807,Positive,Positive,True,True
REV029791,O013465,C04240,R0017,4,The food was delicious and fresh.,Positive,2026-02-14 17:00:00,food delicious fresh,0.7184,Positive,Positive,True,True
REV025244,O047598,C03702,R0292,4,Everything was perfect and well packed.,Positive,2026-06-05 09:00:00,everything perfect well packed,0.7003,Positive,Positive,True,True
REV029422,O044102,C04274,R0084,5,The food was bland and disappointing.,Negative,2026-06-19 10:00:00,food bland disappointing,-0.4939,Negative,Negative,True,True
REV011800,O037507,C00395,R0200,4,Fast delivery and great packaging.,Positive,2026-01-19 01:00:00,fast delivery great packaging,0.6249,Positive,Positive,True,True
REV019686,O020533,C00199,R0115,1,The food arrived cold.,Negative,2026-03-18 15:00:00,food arrived cold,0.0,Neutral,Negative,True,False
REV014745,O011465,C04243,R0209,5,Delivery was fast and the food arrived hot.,Positive,2026-04-18 19:00:00,delivery fast food arrived hot,0.0,Neutral,Positive,True,False
REV007976,O032981,C02280,R0003,4,Fast delivery and great packaging.,Positive,2026-03-21 08:00:00,fast delivery great packaging,0.6249,Positive,Positive,True,True
REV016192,O035123,C03403,R0080,4,Amazing food and excellent quality.,Positive,2026-02-06 08:00:00,amazing food excellent quality,0.8176,Positive,Positive,True,True
REV024840,O018069,C03772,R0276,5,The food was delicious and fresh.,Positive,2026-06-30 01:00:00,food delicious fresh,0.7184,Positive,Positive,True,True
REV028840,O000623,C01593,R0021,3,The food was acceptable.,Neutral,2026-02-28 10:00:00,food acceptable,0.3182,Positive,Neutral,True,False
REV008320,O041897,C03289,R0226,4,Delivery was fast and the food arrived hot.,Positive,2026-03-23 18:00:00,delivery fast food arrived hot,0.0,Neutral,Positive,True,False
REV027234,O004763,C02527,R0245,4,Everything was perfect and well packed.,Positive,2026-05-23 00:00:00,everything perfect well packed,0.7003,Positive,Positive,True,True
REV029145,O031471,C00779,R0121,2,The food was cold and the delivery was late.,Negative,2026-04-14 17:00:00,food cold delivery late,0.0,Neutral,Negative,True,False
REV005475,O000995,C00294,R0236,4,Great quality and very good service.,Positive,2026-04-23 16:00:00,great quality good service,0.807,Positive,Positive,True,True
REV001079,O016680,C00497,R0290,3,Great quality and very good service.,Positive,2026-02-14 00:00:00,great quality good service,0.807,Positive,Positive,True,True
REV022305,O018877,C01183,R0184,4,I received the wrong item.,Negative,2026-02-09 23:00:00,received wrong item,-0.4767,Negative,Negative,True,True
REV017315,O039052,C04230,R0251,5,Fast delivery and great packaging.,Positive,2026-03-08 00:00:00,fast delivery great packaging,0.6249,Positive,Positive,True,True
REV002790,O015254,C03658,R0087,1,My order was missing an item.,Negative,2026-04-07 16:00:00,order missing item,-0.296,Negative,Negative,True,True
REV022031,O048383,C02445,R0252,4,Amazing food and excellent quality.,Positive,2026-01-25 15:00:00,amazing food excellent quality,0.8176,Positive,Positive,True,True
REV001025,O047757,C04524,R0142,4,Really tasty food with generous portions.,Positive,2026-01-09 08:00:00,really tasty food generous portion,0.5106,Positive,Positive,True,True
REV020500,O049894,C01583,R0197,2,The food was cold and the delivery was late.,Negative,2026-01-11 08:00:00,food cold delivery late,0.0,Neutral,Negative,True,False
REV004235,O012676,C01858,R0180,2,The order was delayed for a long time.,Negative,2026-03-23 08:00:00,order delayed long time,-0.2263,Negative,Negative,True,True
REV006872,O024740,C04527,R0276,3,The food was acceptable.,Neutral,2026-06-17 03:00:00,food acceptable,0.3182,Positive,Neutral,True,False
REV029167,O016066,C04146,R0173,4,The order arrived quickly and everything was hot.,Positive,2026-05-01 16:00:00,order arrived quickly everything hot,0.0,Neutral,Positive,True,False
REV016758,O026779,C05000,R0264,5,Great quality and very good service.,Positive,2026-01-26 17:00:00,great quality good service,0.807,Positive,Positive,True,True
REV002792,O003323,C03347,R0255,5,Fast delivery and great packaging.,Positive,2026-02-16 10:00:00,fast delivery great packaging,0.6249,Positive,Positive,True,True
REV027266,O020243,C03416,R0150,4,Excellent experience from start to finish.,Positive,2026-06-29 05:00:00,excellent experience start finish,0.5719,Positive,Positive,True,True
REV011460,O048162,C02910,R0237,5,Really tasty food with generous portions.,Positive,2026-06-20 13:00:00,really tasty food generous portion,0.5106,Positive,Positive,True,True
REV003113,O042393,C00806,R0096,4,Fast delivery and great packaging.,Positive,2026-02-13 09:00:00,fast delivery great packaging,0.6249,Positive,Positive,True,True
REV005991,O010827,C01372,R0282,3,The order arrived quickly and everything was hot.,Positive,2026-06-18 02:00:00,order arrived quickly everything hot,0.0,Neutral,Positive,True,False
REV014145,O014960,C04101,R0288,5,Great quality and very good service.,Positive,2026-05-15 08:00:00,great quality good service,0.807,Positive,Positive,True,True
REV008885,O003689,C00972,R0064,5,Great quality and very good service.,Positive,2026-01-20 15:00:00,great quality good service,0.807,Positive,Positive,True,True
REV007454,O024149,C00595,R0292,4,The food was delicious and fresh.,Positive,2026-02-10 18:00:00,food delicious fresh,0.7184,Positive,Positive,True,True
REV019261,O005032,C04541,R0110,5,The food was delicious and fresh.,Positive,2026-02-22 19:00:00,food delicious fresh,0.7184,Positive,Positive,True,True
REV018218,O033066,C02269,R0035,5,Really tasty food with generous portions.,Positive,2026-04-12 06:00:00,really tasty food generous portion,0.5106,Positive,Positive,True,True
REV025472,O048446,C04126,R0277,5,Fast delivery and great packaging.,Positive,2026-03-06 08:00:00,fast delivery great packaging,0.6249,Positive,Positive,True,True
REV015745,O003753,C01990,R0081,5,The order arrived quickly and everything was hot.,Positive,2026-05-27 12:00:00,order arrived quickly everything hot,0.0,Neutral,Positive,True,False
REV013125,O005175,C03626,R0095,4,The food was fresh and flavorful.,Positive,2026-05-24 17:00:00,food fresh flavorful,0.3182,Positive,Positive,True,True
REV013262,O046138,C04339,R0247,5,Amazing food and excellent quality.,Positive,2026-04-06 15:00:00,amazing food excellent quality,0.8176,Positive,Positive,True,True
REV028316,O018131,C04438,R0133,5,Delivery was fast and the food arrived hot.,Positive,2026-04-25 23:00:00,delivery fast food arrived hot,0.0,Neutral,Positive,True,False
REV027374,O000645,C00501,R0056,5,Amazing food and excellent quality.,Positive,2026-05-04 09:00:00,amazing food excellent quality,0.8176,Positive,Positive,True,True
REV007132,O023537,C02014,R0206,3,Overall it was satisfactory.,Neutral,2026-01-19 04:00:00,overall satisfactory,0.3612,Positive,Neutral,True,False
REV010149,O029010,C01162,R0129,4,The food was fresh and flavorful.,Positive,2026-03-12 07:00:00,food fresh flavorful,0.3182,Positive,Positive,True,True
REV002728,O001345,C04126,R0104,5,The food was fresh and flavorful.,Positive,2026-06-14 06:00:00,food fresh flavorful,0.3182,Positive,Positive,True,True
REV027599,O025557,C01070,R0153,4,Excellent experience from start to finish.,Positive,2026-02-09 08:00:00,excellent experience start finish,0.5719,Positive,Positive,True,True
REV029728,O048455,C02206,R0069,1,The order took too long to arrive.,Negative,2026-06-19 05:00:00,order took long arrive,0.0,Neutral,Negative,True,False
REV028107,O010828,C03225,R0086,5,Everything was perfect and well packed.,Positive,2026-06-15 13:00:00,everything perfect well packed,0.7003,Positive,Positive,True,True
REV014246,O038913,C03857,R0138,5,Delivery was fast and the food arrived hot.,Positive,2026-06-23 16:00:00,delivery fast food arrived hot,0.0,Neutral,Positive,True,False
REV026488,O021677,C04907,R0022,5,The food was delicious and fresh.,Positive,2026-05-20 08:00:00,food delicious fresh,0.7184,Positive,Positive,True,True
REV023998,O032463,C02584,R0264,3,It was an ordinary experience.,Neutral,2026-04-09 22:00:00,ordinary experience,0.0,Neutral,Neutral,True,True
REV027181,O008905,C00511,R0076,2,Great quality and very good service.,Positive,2026-01-25 22:00:00,great quality good service,0.807,Positive,Positive,True,True
REV008159,O026832,C02833,R0181,1,The order took too long to arrive.,Negative,2026-03-02 11:00:00,order took long arrive,0.0,Neutral,Negative,True,False
REV013640,O002609,C01879,R0208,5,The order arrived quickly and everything was hot.,Positive,2026-01-26 09:00:00,order arrived quickly everything hot,0.0,Neutral,Positive,True,False
REV007817,O047166,C02558,R0076,2,Very poor experience with the delivery.,Negative,2026-01-30 18:00:00,poor experience delivery,-0.5256,Negative,Negative,True,True
REV011684,O042485,C01882,R0245,5,Great quality and very good service.,Positive,2026-01-05 06:00:00,great quality good service,0.807,Positive,Positive,True,True
REV028697,O041904,C04054,R0128,4,Really tasty food with generous portions.,Positive,2026-04-15 14:00:00,really tasty food generous portion,0.5106,Positive,Positive,True,True
REV008967,O021882,C04445,R0213,5,Really tasty food with generous portions.,Positive,2026-05-02 09:00:00,really tasty food generous portion,0.5106,Positive,Positive,True,True
REV005438,O014650,C01447,R0245,4,Everything was perfect and well packed.,Positive,2026-04-14 03:00:00,everything perfect well packed,0.7003,Positive,Positive,True,True
REV009878,O042464,C03991,R0280,2,The packaging was damaged.,Negative,2026-05-23 09:00:00,packaging damaged,-0.4404,Negative,Negative,True,True
REV017185,O006154,C03888,R0031,5,Excellent experience from start to finish.,Positive,2026-03-16 17:00:00,excellent experience start finish,0.5719,Positive,Positive,True,True
REV015977,O035299,C04885,R0093,1,Very poor experience with the delivery.,Negative,2026-02-08 17:00:00,poor experience delivery,-0.5256,Negative,Negative,True,True
REV019951,O033724,C00870,R0206,4,Delivery was fast and the food arrived hot.,Positive,2026-04-10 20:00:00,delivery fast food arrived hot,0.0,Neutral,Positive,True,False
REV028367,O022633,C04366,R0096,5,The order arrived quickly and everything was hot.,Positive,2026-03-26 03:00:00,order arrived quickly everything hot,0.0,Neutral,Positive,True,False
REV015089,O048412,C04463,R0216,5,Delivery was fast and the food arrived hot.,Positive,2026-02-22 02:00:00,delivery fast food arrived hot,0.0,Neutral,Positive,True,False
REV029803,O011023,C02067,R0107,5,The food was delicious and fresh.,Positive,2026-06-05 03:00:00,food delicious fresh,0.7184,Positive,Positive,True,True
REV028990,O022533,C04133,R0297,4,Great quality and very good service.,Positive,2026-03-03 10:00:00,great quality good service,0.807,Positive,Positive,True,True
REV021411,O018997,C03910,R0236,2,I received the wrong item.,Negative,2026-06-21 03:00:00,received wrong item,-0.4767,Negative,Negative,True,True
REV001999,O024595,C00356,R0021,4,The order arrived quickly and everything was hot.,Positive,2026-03-20 02:00:00,order arrived quickly everything hot,0.0,Neutral,Positive,True,False
REV016625,O044227,C00800,R0038,5,Everything was perfect and well packed.,Positive,2026-01-10 11:00:00,everything perfect well packed,0.7003,Positive,Positive,True,True
REV023629,O019268,C02178,R0096,5,Delivery was fast and the food arrived hot.,Positive,2026-01-01 16:00:00,delivery fast food arrived hot,0.0,Neutral,Positive,True,False
REV023220,O026944,C02858,R0099,4,The food was fresh and flavorful.,Positive,2026-05-09 03:00:00,food fresh flavorful,0.3182,Positive,Positive,True,True
REV010261,O017465,C03366,R0267,4,The order arrived quickly and everything was hot.,Positive,2026-05-15 11:00:00,order arrived quickly everything hot,0.0,Neutral,Positive,True,False
REV013860,O024699,C00308,R0149,4,Great quality and very good service.,Positive,2026-02-17 08:00:00,great quality good service,0.807,Positive,Positive,True,True
REV027158,O016552,C04706,R0035,1,The delivery was very late.,Negative,2026-07-02 00:00:00,delivery late,0.0,Neutral,Negative,True,False
REV015537,O018543,C03732,R0187,4,The order arrived quickly and everything was hot.,Positive,2026-04-21 04:00:00,order arrived quickly everything hot,0.0,Neutral,Positive,True,False
REV007139,O029770,C01537,R0010,5,Great quality and very good service.,Positive,2026-03-27 08:00:00,great quality good service,0.807,Positive,Positive,True,True
REV019100,O045723,C00028,R0244,5,Everything was perfect and well packed.,Positive,2026-05-01 19:00:00,everything perfect well packed,0.7003,Positive,Positive,True,True
REV000694,O008922,C00855,R0268,4,Fast delivery and great packaging.,Positive,2026-01-21 17:00:00,fast delivery great packaging,0.6249,Positive,Positive,True,True
REV018822,O006809,C02423,R0055,4,Everything was perfect and well packed.,Positive,2026-04-27 06:00:00,everything perfect well packed,0.7003,Positive,Positive,True,True
REV014990,O012472,C02787,R0294,3,Really tasty food with generous portions.,Positive,2026-06-12 18:00:00,really tasty food generous portion,0.5106,Positive,Positive,True,True
REV011578,O003589,C02436,R0141,5,Delivery was fast and the food arrived hot.,Positive,2026-04-23 04:00:00,delivery fast food arrived hot,0.0,Neutral,Positive,True,False
REV024316,O019381,C04557,R0219,5,The order arrived quickly and everything was hot.,Positive,2026-01-12 02:00:00,order arrived quickly everything hot,0.0,Neutral,Positive,True,False
REV015077,O046558,C03443,R0242,2,The delivery was very late.,Negative,2026-03-18 14:00:00,delivery late,0.0,Neutral,Negative,True,False
REV021593,O019405,C01395,R0134,4,Fast delivery and great packaging.,Positive,2026-04-10 21:00:00,fast delivery great packaging,0.6249,Positive,Positive,True,True
REV000343,O018743,C02428,R0269,5,Really tasty food with generous portions.,Positive,2026-02-26 01:00:00,really tasty food generous portion,0.5106,Positive,Positive,True,True
REV018739,O027368,C02445,R0227,4,Excellent experience from start to finish.,Positive,2026-06-13 21:00:00,excellent experience start finish,0.5719,Positive,Positive,True,True
REV024810,O005779,C01648,R0181,4,Amazing food and excellent quality.,Positive,2026-04-30 14:00:00,amazing food excellent quality,0.8176,Positive,Positive,True,True
REV019965,O043426,C04935,R0272,3,The experience was fine.,Neutral,2026-02-28 10:00:00,experience fine,0.2023,Positive,Neutral,True,False
REV013057,O005390,C00189,R0293,4,Everything was perfect and well packed.,Positive,2026-06-01 14:00:00,everything perfect well packed,0.7003,Positive,Positive,True,True
REV006209,O025958,C03502,R0126,4,The food was fresh and flavorful.,Positive,2026-03-10 17:00:00,food fresh flavorful,0.3182,Positive,Positive,True,True
REV005054,O018793,C02720,R0259,2,The order was delayed for a long time.,Negative,2026-03-25 01:00:00,order delayed long time,-0.2263,Negative,Negative,True,True
REV008293,O016034,C02345,R0109,3,Nothing special about the order.,Neutral,2026-02-07 09:00:00,nothing special order,-0.3089,Negative,Neutral,True,False
REV019399,O021828,C01860,R0287,3,Food quality was average.,Neutral,2026-04-19 10:00:00,food quality average,0.0,Neutral,Neutral,True,True
REV000089,O036343,C04229,R0120,5,Excellent experience from start to finish.,Positive,2026-04-12 13:00:00,excellent experience start finish,0.5719,Positive,Positive,True,True
REV013202,O049284,C04527,R0212,5,Great quality and very good service.,Positive,2026-04-02 11:00:00,great quality good service,0.807,Positive,Positive,True,True
REV006257,O015384,C04147,R0195,4,Fast delivery and great packaging.,Positive,2026-05-04 21:00:00,fast delivery great packaging,0.6249,Positive,Positive,True,True
REV010236,O040544,C01376,R0083,4,Everything was perfect and well packed.,Positive,2026-05-08 10:00:00,everything perfect well packed,0.7003,Positive,Positive,True,True
REV022183,O037430,C04866,R0009,4,Excellent experience from start to finish.,Positive,2026-04-17 22:00:00,excellent experience start finish,0.5719,Positive,Positive,True,True
REV017608,O001816,C00913,R0273,1,The order took too long to arrive.,Negative,2026-04-02 17:00:00,order took long arrive,0.0,Neutral,Negative,True,False
REV023096,O008445,C03751,R0264,5,Excellent experience from start to finish.,Positive,2026-01-20 07:00:00,excellent experience start finish,0.5719,Positive,Positive,True,True
REV022112,O046673,C00480,R0109,2,My order was missing an item.,Negative,2026-02-08 13:00:00,order missing item,-0.296,Negative,Negative,True,True
REV021124,O007414,C00532,R0208,4,Amazing food and excellent quality.,Positive,2026-02-13 16:00:00,amazing food excellent quality,0.8176,Positive,Positive,True,True
REV019368,O046886,C00068,R0090,4,The order arrived quickly and everything was hot.,Positive,2026-05-17 05:00:00,order arrived quickly everything hot,0.0,Neutral,Positive,True,False
REV012749,O035373,C04749,R0048,2,Everything was perfect and well packed.,Positive,2026-04-21 13:00:00,everything perfect well packed,0.7003,Positive,Positive,True,True
REV010913,O007552,C04065,R0004,4,The order arrived quickly and everything was hot.,Positive,2026-01-18 22:00:00,order arrived quickly everything hot,0.0,Neutral,Positive,True,False
REV021301,O044026,C03614,R0049,3,Food quality was average.,Neutral,2026-03-01 22:00:00,food quality average,0.0,Neutral,Neutral,True,True
REV011077,O046024,C04610,R0300,4,The food was delicious and fresh.,Positive,2026-01-05 21:00:00,food delicious fresh,0.7184,Positive,Positive,True,True
REV023760,O000944,C04278,R0155,4,The food was delicious and fresh.,Positive,2026-05-30 16:00:00,food delicious fresh,0.7184,Positive,Positive,True,True
REV022133,O008861,C00593,R0064,2,The packaging was damaged.,Negative,2026-03-01 06:00:00,packaging damaged,-0.4404,Negative,Negative,True,True
REV006331,O007695,C03872,R0080,2,The order was delayed for a long time.,Negative,2026-04-06 04:00:00,order delayed long time,-0.2263,Negative,Negative,True,True
REV004288,O023908,C00498,R0091,5,Fast delivery and great packaging.,Positive,2026-02-17 08:00:00,fast delivery great packaging,0.6249,Positive,Positive,True,True
REV020984,O020951,C01576,R0003,5,Really tasty food with generous portions.,Positive,2026-05-17 16:00:00,really tasty food generous portion,0.5106,Positive,Positive,True,True
REV021955,O042133,C02066,R0266,5,Great quality and very good service.,Positive,2026-04-18 15:00:00,great quality good service,0.807,Positive,Positive,True,True
REV023352,O014720,C04888,R0062,4,Amazing food and excellent quality.,Positive,2026-05-25 16:00:00,amazing food excellent quality,0.8176,Positive,Positive,True,True
REV021370,O012688,C03252,R0209,4,Fast delivery and great packaging.,Positive,2026-04-04 15:00:00,fast delivery great packaging,0.6249,Positive,Positive,True,True
REV025914,O013856,C03321,R0083,4,Great quality and very good service.,Positive,2026-01-16 04:00:00,great quality good service,0.807,Positive,Positive,True,True
REV018489,O039688,C03770,R0080,2,The order was delayed for a long time.,Negative,2026-01-26 23:00:00,order delayed long time,-0.2263,Negative,Negative,True,True
REV008705,O018931,C03924,R0072,4,Really tasty food with generous portions.,Positive,2026-03-19 13:00:00,really tasty food generous portion,0.5106,Positive,Positive,True,True
REV021825,O011963,C03051,R0072,4,Great quality and very good service.,Positive,2026-02-15 04:00:00,great quality good service,0.807,Positive,Positive,True,True
REV020353,O009850,C02860,R0116,2,The food was bland and disappointing.,Negative,2026-04-13 13:00:00,food bland disappointing,-0.4939,Negative,Negative,True,True
REV004814,O044895,C02121,R0207,1,Very poor experience with the delivery.,Negative,2026-02-07 18:00:00,poor experience delivery,-0.5256,Negative,Negative,True,True
REV002247,O020380,C02743,R0226,3,It was an ordinary experience.,Neutral,2026-03-08 20:00:00,ordinary experience,0.0,Neutral,Neutral,True,True
REV025559,O018001,C04624,R0014,4,Fast delivery and great packaging.,Positive,2026-03-04 00:00:00,fast delivery great packaging,0.6249,Positive,Positive,True,True
REV019263,O041924,C02426,R0188,5,The food was fresh and flavorful.,Positive,2026-01-09 20:00:00,food fresh flavorful,0.3182,Positive,Positive,True,True
REV007979,O032373,C01512,R0049,4,The food was delicious and fresh.,Positive,2026-05-26 11:00:00,food delicious fresh,0.7184,Positive,Positive,True,True
REV008932,O042961,C00659,R0252,3,The food was fresh and flavorful.,Positive,2026-02-15 23:00:00,food fresh flavorful,0.3182,Positive,Positive,True,True
REV029687,O024108,C00875,R0147,1,Very poor experience with the delivery.,Negative,2026-05-26 00:00:00,poor experience delivery,-0.5256,Negative,Negative,True,True
REV003455,O049936,C04340,R0252,5,Amazing food and excellent quality.,Positive,2026-06-09 13:00:00,amazing food excellent quality,0.8176,Positive,Positive,True,True
REV014051,O015749,C01473,R0150,4,The food was delicious and fresh.,Positive,2026-04-11 01:00:00,food delicious fresh,0.7184,Positive,Positive,True,True
REV028910,O014651,C03483,R0017,3,The food was acceptable.,Neutral,2026-03-05 09:00:00,food acceptable,0.3182,Positive,Neutral,True,False
REV010049,O006710,C00716,R0222,4,The food was fresh and flavorful.,Positive,2026-03-12 09:00:00,food fresh flavorful,0.3182,Positive,Positive,True,True
REV027128,O042665,C04598,R0299,5,Excellent experience from start to finish.,Positive,2026-05-06 03:00:00,excellent experience start finish,0.5719,Positive,Positive,True,True
REV001953,O033442,C03640,R0279,4,Fast delivery and great packaging.,Positive,2026-04-09 20:00:00,fast delivery great packaging,0.6249,Positive,Positive,True,True
REV009576,O045773,C00197,R0155,4,Delivery was fast and the food arrived hot.,Positive,2026-04-18 23:00:00,delivery fast food arrived hot,0.0,Neutral,Positive,True,False
REV022668,O019329,C04948,R0139,4,Fast delivery and great packaging.,Positive,2026-04-21 18:00:00,fast delivery great packaging,0.6249,Positive,Positive,True,True
REV005552,O002484,C04509,R0053,4,Delivery was fast and the food arrived hot.,Positive,2026-04-02 16:00:00,delivery fast food arrived hot,0.0,Neutral,Positive,True,False
REV005488,O019311,C02156,R0290,2,My order was missing an item.,Negative,2026-03-16 17:00:00,order missing item,-0.296,Negative,Negative,True,True
REV000949,O049729,C00965,R0139,5,Really tasty food with generous portions.,Positive,2026-04-06 02:00:00,really tasty food generous portion,0.5106,Positive,Positive,True,True
REV000026,O015742,C03938,R0137,5,Delivery was fast and the food arrived hot.,Positive,2026-05-27 12:00:00,delivery fast food arrived hot,0.0,Neutral,Positive,True,False
REV008842,O034334,C02044,R0237,3,Overall it was satisfactory.,Neutral,2026-05-25 17:00:00,overall satisfactory,0.3612,Positive,Neutral,True,False
REV025342,O036727,C04748,R0257,2,My order was missing an item.,Negative,2026-05-24 13:00:00,order missing item,-0.296,Negative,Negative,True,True
REV027233,O015713,C01319,R0158,4,My order was missing an item.,Negative,2026-02-28 15:00:00,order missing item,-0.296,Negative,Negative,True,True
REV022932,O015525,C01124,R0044,3,It was an ordinary experience.,Neutral,2026-02-08 10:00:00,ordinary experience,0.0,Neutral,Neutral,True,True
REV004813,O018658,C00307,R0154,4,The order arrived quickly and everything was hot.,Positive,2026-02-03 08:00:00,order arrived quickly everything hot,0.0,Neutral,Positive,True,False
REV020174,O010349,C04575,R0048,4,The food was delicious and fresh.,Positive,2026-06-14 16:00:00,food delicious fresh,0.7184,Positive,Positive,True,True
REV024733,O037285,C03814,R0054,5,Delivery was fast and the food arrived hot.,Positive,2026-06-21 23:00:00,delivery fast food arrived hot,0.0,Neutral,Positive,True,False
REV010894,O022148,C03284,R0162,1,The order took too long to arrive.,Negative,2026-03-15 19:00:00,order took long arrive,0.0,Neutral,Negative,True,False
REV021498,O040844,C02086,R0105,5,Everything was perfect and well packed.,Positive,2026-04-08 17:00:00,everything perfect well packed,0.7003,Positive,Positive,True,True
REV025144,O025644,C04640,R0270,2,Very poor experience with the delivery.,Negative,2026-05-09 11:00:00,poor experience delivery,-0.5256,Negative,Negative,True,True
REV002353,O045451,C00697,R0115,5,Fast delivery and great packaging.,Positive,2026-05-11 05:00:00,fast delivery great packaging,0.6249,Positive,Positive,True,True
REV023501,O041372,C01409,R0171,3,The food was decent.,Neutral,2026-02-10 04:00:00,food decent,0.0,Neutral,Neutral,True,True
REV026785,O030033,C04957,R0228,4,The food was delicious and fresh.,Positive,2026-03-24 07:00:00,food delicious fresh,0.7184,Positive,Positive,True,True
REV014172,O049601,C01345,R0036,5,Delivery was fast and the food arrived hot.,Positive,2026-04-25 20:00:00,delivery fast food arrived hot,0.0,Neutral,Positive,True,False
REV027822,O013972,C03225,R0091,3,The order was okay overall.,Neutral,2026-06-22 11:00:00,order okay overall,0.2263,Positive,Neutral,True,False
REV014316,O041474,C01895,R0296,5,The food was fresh and flavorful.,Positive,2026-04-26 06:00:00,food fresh flavorful,0.3182,Positive,Positive,True,True
REV023814,O004275,C01357,R0010,5,The order arrived quickly and everything was hot.,Positive,2026-05-29 15:00:00,order arrived quickly everything hot,0.0,Neutral,Positive,True,False
REV010535,O048040,C01877,R0004,5,The food was delicious and fresh.,Positive,2026-02-22 22:00:00,food delicious fresh,0.7184,Positive,Positive,True,True
REV021052,O039125,C00536,R0272,5,Everything was perfect and well packed.,Positive,2026-01-15 23:00:00,everything perfect well packed,0.7003,Positive,Positive,True,True
REV019202,O040688,C04769,R0135,5,The food was fresh and flavorful.,Positive,2026-01-04 16:00:00,food fresh flavorful,0.3182,Positive,Positive,True,True
REV008442,O027519,C02548,R0253,1,My order was missing an item.,Negative,2026-04-19 20:00:00,order missing item,-0.296,Negative,Negative,True,True
REV001723,O040948,C00403,R0113,5,The order arrived quickly and everything was hot.,Positive,2026-03-29 05:00:00,order arrived quickly everything hot,0.0,Neutral,Positive,True,False
REV016847,O013591,C04970,R0274,5,Great quality and very good service.,Positive,2026-01-29 05:00:00,great quality good service,0.807,Positive,Positive,True,True
REV023792,O044123,C04558,R0193,4,The order arrived quickly and everything was hot.,Positive,2026-04-01 21:00:00,order arrived quickly everything hot,0.0,Neutral,Positive,True,False
REV015717,O032937,C00686,R0225,1,The food was fresh and flavorful.,Positive,2026-05-20 16:00:00,food fresh flavorful,0.3182,Positive,Positive,True,True
REV013846,O006457,C00114,R0221,5,The food was delicious and fresh.,Positive,2026-02-27 14:00:00,food delicious fresh,0.7184,Positive,Positive,True,True
REV013721,O045825,C01342,R0184,5,The food was delicious and fresh.,Positive,2026-06-25 03:00:00,food delicious fresh,0.7184,Positive,Positive,True,True
REV003044,O002461,C00148,R0242,3,The food was fresh and flavorful.,Positive,2026-03-03 13:00:00,food fresh flavorful,0.3182,Positive,Positive,True,True
REV008170,O024206,C01985,R0142,5,Everything was perfect and well packed.,Positive,2026-04-06 13:00:00,everything perfect well packed,0.7003,Positive,Positive,True,True
REV019916,O017424,C02407,R0087,5,The order arrived quickly and everything was hot.,Positive,2026-01-03 04:00:00,order arrived quickly everything hot,0.0,Neutral,Positive,True,False
REV014620,O022916,C01049,R0056,5,Delivery was fast and the food arrived hot.,Positive,2026-01-12 21:00:00,delivery fast food arrived hot,0.0,Neutral,Positive,True,False
REV019066,O026087,C04012,R0062,5,Amazing food and excellent quality.,Positive,2026-02-02 19:00:00,amazing food excellent quality,0.8176,Positive,Positive,True,True
REV005689,O009179,C04472,R0205,5,Really tasty food with generous portions.,Positive,2026-04-15 23:00:00,really tasty food generous portion,0.5106,Positive,Positive,True,True
REV018246,O032537,C00266,R0282,1,Very poor experience with the delivery.,Negative,2026-01-11 15:00:00,poor experience delivery,-0.5256,Negative,Negative,True,True
REV024032,O026004,C03079,R0020,5,Amazing food and excellent quality.,Positive,2026-05-27 23:00:00,amazing food excellent quality,0.8176,Positive,Positive,True,True
REV026791,O035954,C00830,R0083,3,Nothing special about the order.,Neutral,2026-05-06 19:00:00,nothing special order,-0.3089,Negative,Neutral,True,False
REV028074,O040087,C00660,R0100,5,Fast delivery and great packaging.,Positive,2026-02-01 13:00:00,fast delivery great packaging,0.6249,Positive,Positive,True,True
REV029679,O036087,C03108,R0237,2,The food was bland and disappointing.,Negative,2026-06-21 14:00:00,food bland disappointing,-0.4939,Negative,Negative,True,True
REV011548,O043131,C04714,R0133,3,The food was okay.,Neutral,2026-03-26 10:00:00,food okay,0.2263,Positive,Neutral,True,False
REV027514,O022547,C03104,R0151,4,Delivery was fast and the food arrived hot.,Positive,2026-01-17 21:00:00,delivery fast food arrived hot,0.0,Neutral,Positive,True,False
REV006748,O000193,C00488,R0243,3,The experience was fine.,Neutral,2026-01-15 17:00:00,experience fine,0.2023,Positive,Neutral,True,False
REV020932,O044044,C01933,R0016,5,The order arrived quickly and everything was hot.,Positive,2026-06-07 06:00:00,order arrived quickly everything hot,0.0,Neutral,Positive,True,False
REV019739,O023105,C02417,R0257,5,The food was fresh and flavorful.,Positive,2026-01-26 10:00:00,food fresh flavorful,0.3182,Positive,Positive,True,True
REV027853,O035340,C01811,R0037,4,The food was fresh and flavorful.,Positive,2026-05-04 07:00:00,food fresh flavorful,0.3182,Positive,Positive,True,True
REV010560,O009856,C02487,R0082,4,Fast delivery and great packaging.,Positive,2026-01-30 16:00:00,fast delivery great packaging,0.6249,Positive,Positive,True,True
REV020703,O048215,C03485,R0125,4,Everything was perfect and well packed.,Positive,2026-04-26 07:00:00,everything perfect well packed,0.7003,Positive,Positive,True,True
REV017654,O043660,C00084,R0091,1,The food was cold and the delivery was late.,Negative,2026-01-29 16:00:00,food cold delivery late,0.0,Neutral,Negative,True,False
REV008773,O007923,C02769,R0058,5,Delivery was fast and the food arrived hot.,Positive,2026-01-08 23:00:00,delivery fast food arrived hot,0.0,Neutral,Positive,True,False
REV008913,O033976,C02442,R0244,4,Everything was perfect and well packed.,Positive,2026-02-07 09:00:00,everything perfect well packed,0.7003,Positive,Positive,True,True
REV012535,O038563,C01941,R0277,5,Amazing food and excellent quality.,Positive,2026-03-11 23:00:00,amazing food excellent quality,0.8176,Positive,Positive,True,True
REV006589,O041710,C03046,R0138,4,Amazing food and excellent quality.,Positive,2026-04-11 15:00:00,amazing food excellent quality,0.8176,Positive,Positive,True,True
REV017255,O029363,C01512,R0002,5,Excellent experience from start to finish.,Positive,2026-03-31 23:00:00,excellent experience start finish,0.5719,Positive,Positive,True,True
REV014715,O015127,C02153,R0043,5,The order took too long to arrive.,Negative,2026-04-16 16:00:00,order took long arrive,0.0,Neutral,Negative,True,False
REV018455,O004733,C03904,R0289,4,The food was delicious and fresh.,Positive,2026-02-24 12:00:00,food delicious fresh,0.7184,Positive,Positive,True,True
REV027064,O046110,C04449,R0284,5,Amazing food and excellent quality.,Positive,2026-06-02 21:00:00,amazing food excellent quality,0.8176,Positive,Positive,True,True
REV028870,O028986,C01390,R0257,4,The order arrived quickly and everything was hot.,Positive,2026-04-27 13:00:00,order arrived quickly everything hot,0.0,Neutral,Positive,True,False
REV003640,O005291,C02813,R0296,4,Great quality and very good service.,Positive,2026-05-18 03:00:00,great quality good service,0.807,Positive,Positive,True,True
REV022883,O019877,C03321,R0122,4,Delivery was fast and the food arrived hot.,Positive,2026-02-17 05:00:00,delivery fast food arrived hot,0.0,Neutral,Positive,True,False
REV009164,O003966,C01451,R0156,3,The food was okay.,Neutral,2026-03-21 12:00:00,food okay,0.2263,Positive,Neutral,True,False
REV020505,O015181,C02147,R0221,4,The food was fresh and flavorful.,Positive,2026-06-10 12:00:00,food fresh flavorful,0.3182,Positive,Positive,True,True
REV018388,O042374,C04773,R0295,5,Amazing food and excellent quality.,Positive,2026-01-30 03:00:00,amazing food excellent quality,0.8176,Positive,Positive,True,True
REV016711,O019941,C03061,R0277,4,Great quality and very good service.,Positive,2026-03-29 11:00:00,great quality good service,0.807,Positive,Positive,True,True
REV019226,O000775,C00039,R0277,4,The food was fresh and flavorful.,Positive,2026-06-01 10:00:00,food fresh flavorful,0.3182,Positive,Positive,True,True
REV026762,O016008,C02572,R0176,4,Great quality and very good service.,Positive,2026-01-11 19:00:00,great quality good service,0.807,Positive,Positive,True,True
REV016220,O023732,C01224,R0218,5,Fast delivery and great packaging.,Positive,2026-03-02 22:00:00,fast delivery great packaging,0.6249,Positive,Positive,True,True
REV016736,O001405,C03528,R0040,4,Fast delivery and great packaging.,Positive,2026-06-07 17:00:00,fast delivery great packaging,0.6249,Positive,Positive,True,True
REV010249,O014271,C00822,R0005,5,Great quality and very good service.,Positive,2026-04-19 15:00:00,great quality good service,0.807,Positive,Positive,True,True
REV005330,O034411,C03753,R0013,4,Everything was perfect and well packed.,Positive,2026-02-09 16:00:00,everything perfect well packed,0.7003,Positive,Positive,True,True
REV020254,O039785,C01476,R0269,5,The food was delicious and fresh.,Positive,2026-02-19 10:00:00,food delicious fresh,0.7184,Positive,Positive,True,True
REV018159,O037344,C03575,R0104,5,Great quality and very good service.,Positive,2026-03-24 02:00:00,great quality good service,0.807,Positive,Positive,True,True
REV010558,O033312,C04844,R0272,4,Delivery was fast and the food arrived hot.,Positive,2026-02-07 15:00:00,delivery fast food arrived hot,0.0,Neutral,Positive,True,False
REV001575,O039424,C02225,R0037,5,Everything was perfect and well packed.,Positive,2026-02-15 17:00:00,everything perfect well packed,0.7003,Positive,Positive,True,True
REV025626,O019533,C01372,R0165,4,Everything was perfect and well packed.,Positive,2026-02-10 17:00:00,everything perfect well packed,0.7003,Positive,Positive,True,True
REV027046,O026592,C02829,R0232,4,Great quality and very good service.,Positive,2026-01-15 00:00:00,great quality good service,0.807,Positive,Positive,True,True
REV017293,O013998,C01290,R0103,4,Amazing food and excellent quality.,Positive,2026-04-20 10:00:00,amazing food excellent quality,0.8176,Positive,Positive,True,True
REV016637,O014482,C00916,R0092,5,Great quality and very good service.,Positive,2026-05-31 01:00:00,great quality good service,0.807,Positive,Positive,True,True
REV008971,O022628,C03016,R0262,2,The food was cold and the delivery was late.,Negative,2026-03-17 04:00:00,food cold delivery late,0.0,Neutral,Negative,True,False
REV005814,O006415,C04145,R0049,4,The order arrived quickly and everything was hot.,Positive,2026-02-22 00:00:00,order arrived quickly everything hot,0.0,Neutral,Positive,True,False
REV006629,O021022,C00154,R0155,4,Really tasty food with generous portions.,Positive,2026-02-04 23:00:00,really tasty food generous portion,0.5106,Positive,Positive,True,True
REV013046,O021407,C04069,R0069,4,The order was delayed for a long time.,Negative,2026-06-10 19:00:00,order delayed long time,-0.2263,Negative,Negative,True,True
REV029400,O034586,C04975,R0107,5,Excellent experience from start to finish.,Positive,2026-06-21 21:00:00,excellent experience start finish,0.5719,Positive,Positive,True,True
REV018583,O012326,C03114,R0215,5,Excellent experience from start to finish.,Positive,2026-06-28 19:00:00,excellent experience start finish,0.5719,Positive,Positive,True,True
REV014513,O004477,C01337,R0230,3,Food quality was average.,Neutral,2026-05-28 06:00:00,food quality average,0.0,Neutral,Neutral,True,True
REV007761,O049565,C00157,R0085,4,Really tasty food with generous portions.,Positive,2026-03-26 11:00:00,really tasty food generous portion,0.5106,Positive,Positive,True,True
REV003732,O034287,C01712,R0188,4,Really tasty food with generous portions.,Positive,2026-04-23 12:00:00,really tasty food generous portion,0.5106,Positive,Positive,True,True
REV028794,O020549,C03329,R0030,4,The food was fresh and flavorful.,Positive,2026-01-05 01:00:00,food fresh flavorful,0.3182,Positive,Positive,True,True
REV007280,O021741,C02018,R0257,4,The order was delayed for a long time.,Negative,2026-05-26 12:00:00,order delayed long time,-0.2263,Negative,Negative,True,True
REV022404,O037287,C04482,R0070,5,Excellent experience from start to finish.,Positive,2026-06-08 00:00:00,excellent experience start finish,0.5719,Positive,Positive,True,True
REV016368,O011538,C01110,R0061,3,The food was okay.,Neutral,2026-03-10 10:00:00,food okay,0.2263,Positive,Neutral,True,False
REV004788,O036848,C01107,R0271,5,Everything was perfect and well packed.,Positive,2026-01-03 21:00:00,everything perfect well packed,0.7003,Positive,Positive,True,True
REV005859,O028386,C02296,R0018,1,The order took too long to arrive.,Negative,2026-06-15 22:00:00,order took long arrive,0.0,Neutral,Negative,True,False
REV026481,O025266,C04938,R0200,2,The order took too long to arrive.,Negative,2026-02-07 22:00:00,order took long arrive,0.0,Neutral,Negative,True,False
REV024398,O041441,C00731,R0005,5,The food was delicious and fresh.,Positive,2026-02-15 21:00:00,food delicious fresh,0.7184,Positive,Positive,True,True
REV027252,O010438,C03433,R0226,5,Everything was perfect and well packed.,Positive,2026-05-15 15:00:00,everything perfect well packed,0.7003,Positive,Positive,True,True
REV005416,O036580,C01117,R0286,1,The order took too long to arrive.,Negative,2026-05-24 03:00:00,order took long arrive,0.0,Neutral,Negative,True,False
REV001469,O029395,C00357,R0161,2,The food was bland and disappointing.,Negative,2026-05-26 04:00:00,food bland disappointing,-0.4939,Negative,Negative,True,True
REV008154,O008346,C02470,R0236,5,Great quality and very good service.,Positive,2026-05-15 14:00:00,great quality good service,0.807,Positive,Positive,True,True
REV026647,O027581,C03853,R0199,4,The food was delicious and fresh.,Positive,2026-04-25 21:00:00,food delicious fresh,0.7184,Positive,Positive,True,True
REV015309,O037978,C00753,R0075,3,The food was decent.,Neutral,2026-03-17 12:00:00,food decent,0.0,Neutral,Neutral,True,True
REV029197,O040296,C00179,R0284,4,Really tasty food with generous portions.,Positive,2026-01-31 16:00:00,really tasty food generous portion,0.5106,Positive,Positive,True,True
REV011484,O039479,C04896,R0012,5,The food was fresh and flavorful.,Positive,2026-02-20 05:00:00,food fresh flavorful,0.3182,Positive,Positive,True,True
REV018437,O042152,C02228,R0005,4,Delivery was fast and the food arrived hot.,Positive,2026-01-06 12:00:00,delivery fast food arrived hot,0.0,Neutral,Positive,True,False
REV011510,O046736,C03870,R0149,1,The food was bland and disappointing.,Negative,2026-04-23 20:00:00,food bland disappointing,-0.4939,Negative,Negative,True,True
REV029248,O023782,C03779,R0009,1,My order was missing an item.,Negative,2026-05-20 12:00:00,order missing item,-0.296,Negative,Negative,True,True
REV011118,O027058,C04551,R0235,5,Very poor experience with the delivery.,Negative,2026-06-19 03:00:00,poor experience delivery,-0.5256,Negative,Negative,True,True
REV028864,O045912,C00777,R0237,3,The order was okay overall.,Neutral,2026-03-12 00:00:00,order okay overall,0.2263,Positive,Neutral,True,False
REV019967,O002548,C03932,R0209,2,The food was cold and the delivery was late.,Negative,2026-02-21 11:00:00,food cold delivery late,0.0,Neutral,Negative,True,False
REV000544,O012998,C02981,R0035,3,The food was okay.,Neutral,2026-03-08 09:00:00,food okay,0.2263,Positive,Neutral,True,False
REV019379,O023452,C02645,R0087,4,Great quality and very good service.,Positive,2026-04-05 09:00:00,great quality good service,0.807,Positive,Positive,True,True
REV014872,O044489,C02685,R0190,5,Amazing food and excellent quality.,Positive,2026-05-08 20:00:00,amazing food excellent quality,0.8176,Positive,Positive,True,True
REV004205,O005724,C03422,R0202,4,The order arrived quickly and everything was hot.,Positive,2026-03-07 08:00:00,order arrived quickly everything hot,0.0,Neutral,Positive,True,False
REV001421,O002180,C04579,R0151,4,The food was fresh and flavorful.,Positive,2026-05-12 06:00:00,food fresh flavorful,0.3182,Positive,Positive,True,True
REV028482,O014731,C04839,R0086,2,Very poor experience with the delivery.,Negative,2026-05-21 12:00:00,poor experience delivery,-0.5256,Negative,Negative,True,True
REV025197,O030512,C04272,R0030,2,The food was bland and disappointing.,Negative,2026-06-29 08:00:00,food bland disappointing,-0.4939,Negative,Negative,True,True
REV023430,O038007,C01302,R0191,5,Excellent experience from start to finish.,Positive,2026-05-07 23:00:00,excellent experience start finish,0.5719,Positive,Positive,True,True
REV007412,O040188,C01204,R0018,5,Very poor experience with the delivery.,Negative,2026-02-08 12:00:00,poor experience delivery,-0.5256,Negative,Negative,True,True
REV001511,O040385,C02130,R0203,4,Excellent experience from start to finish.,Positive,2026-03-16 14:00:00,excellent experience start finish,0.5719,Positive,Positive,True,True
REV025592,O003037,C02221,R0158,3,Delivery was fast and the food arrived hot.,Positive,2026-05-14 18:00:00,delivery fast food arrived hot,0.0,Neutral,Positive,True,False
REV017751,O028031,C02825,R0241,2,The order was delayed for a long time.,Negative,2026-02-26 01:00:00,order delayed long time,-0.2263,Negative,Negative,True,True
REV004761,O034842,C00257,R0056,2,The delivery was very late.,Negative,2026-05-16 02:00:00,delivery late,0.0,Neutral,Negative,True,False
REV025753,O041163,C00478,R0231,5,Amazing food and excellent quality.,Positive,2026-01-20 20:00:00,amazing food excellent quality,0.8176,Positive,Positive,True,True
REV003942,O011029,C02597,R0112,5,Fast delivery and great packaging.,Positive,2026-06-15 23:00:00,fast delivery great packaging,0.6249,Positive,Positive,True,True
REV019964,O000229,C03632,R0132,1,The food was cold and the delivery was late.,Negative,2026-01-26 22:00:00,food cold delivery late,0.0,Neutral,Negative,True,False
REV011605,O007187,C00579,R0066,3,Food quality was average.,Neutral,2026-05-06 14:00:00,food quality average,0.0,Neutral,Neutral,True,True
REV013478,O043632,C01825,R0094,4,Fast delivery and great packaging.,Positive,2026-06-21 09:00:00,fast delivery great packaging,0.6249,Positive,Positive,True,True
REV016301,O046737,C04840,R0104,5,Fast delivery and great packaging.,Positive,2026-03-14 02:00:00,fast delivery great packaging,0.6249,Positive,Positive,True,True
REV011523,O007741,C01854,R0030,4,The food was delicious and fresh.,Positive,2026-03-11 15:00:00,food delicious fresh,0.7184,Positive,Positive,True,True
REV001752,O049485,C00597,R0221,5,Fast delivery and great packaging.,Positive,2026-02-03 10:00:00,fast delivery great packaging,0.6249,Positive,Positive,True,True
REV007259,O020130,C04754,R0191,2,The delivery was very late.,Negative,2026-01-06 18:00:00,delivery late,0.0,Neutral,Negative,True,False
REV009454,O021447,C00703,R0129,5,Delivery was fast and the food arrived hot.,Positive,2026-03-22 20:00:00,delivery fast food arrived hot,0.0,Neutral,Positive,True,False
REV003154,O034426,C01474,R0162,5,Fast delivery and great packaging.,Positive,2026-01-06 02:00:00,fast delivery great packaging,0.6249,Positive,Positive,True,True
REV006577,O035590,C01257,R0040,5,Delivery was fast and the food arrived hot.,Positive,2026-01-12 00:00:00,delivery fast food arrived hot,0.0,Neutral,Positive,True,False
REV006784,O018833,C02246,R0139,5,The food was fresh and flavorful.,Positive,2026-01-10 20:00:00,food fresh flavorful,0.3182,Positive,Positive,True,True
REV001463,O041077,C04437,R0131,5,Fast delivery and great packaging.,Positive,2026-06-20 15:00:00,fast delivery great packaging,0.6249,Positive,Positive,True,True
REV025461,O000157,C00010,R0269,3,Amazing food and excellent quality.,Positive,2026-05-30 19:00:00,amazing food excellent quality,0.8176,Positive,Positive,True,True
REV011409,O044190,C01519,R0082,4,Delivery was fast and the food arrived hot.,Positive,2026-06-27 14:00:00,delivery fast food arrived hot,0.0,Neutral,Positive,True,False
REV016470,O040406,C02341,R0236,1,The order was delayed for a long time.,Negative,2026-04-16 03:00:00,order delayed long time,-0.2263,Negative,Negative,True,True
REV005502,O034453,C04197,R0295,4,Amazing food and excellent quality.,Positive,2026-02-18 17:00:00,amazing food excellent quality,0.8176,Positive,Positive,True,True
REV001394,O043699,C02284,R0253,4,Delivery was fast and the food arrived hot.,Positive,2026-04-22 10:00:00,delivery fast food arrived hot,0.0,Neutral,Positive,True,False
REV024120,O042620,C03887,R0163,2,The food was cold and the delivery was late.,Negative,2026-06-27 17:00:00,food cold delivery late,0.0,Neutral,Negative,True,False
REV002888,O032008,C02184,R0001,4,Excellent experience from start to finish.,Positive,2026-03-31 01:00:00,excellent experience start finish,0.5719,Positive,Positive,True,True
REV003773,O032388,C02919,R0270,4,Amazing food and excellent quality.,Positive,2026-03-01 21:00:00,amazing food excellent quality,0.8176,Positive,Positive,True,True
REV024415,O038167,C04665,R0173,4,Delivery was fast and the food arrived hot.,Positive,2026-04-11 18:00:00,delivery fast food arrived hot,0.0,Neutral,Positive,True,False
REV016663,O027441,C04201,R0010,5,The food was delicious and fresh.,Positive,2026-06-30 20:00:00,food delicious fresh,0.7184,Positive,Positive,True,True
REV016168,O024466,C04198,R0187,4,The food was delicious and fresh.,Positive,2026-04-24 22:00:00,food delicious fresh,0.7184,Positive,Positive,True,True
REV007647,O036914,C02549,R0006,4,The food was fresh and flavorful.,Positive,2026-03-17 02:00:00,food fresh flavorful,0.3182,Positive,Positive,True,True
REV011931,O008820,C04134,R0053,5,Excellent experience from start to finish.,Positive,2026-06-05 07:00:00,excellent experience start finish,0.5719,Positive,Positive,True,True
REV008643,O004809,C03104,R0271,5,Great quality and very good service.,Positive,2026-04-17 06:00:00,great quality good service,0.807,Positive,Positive,True,True
REV021228,O000621,C00336,R0206,1,The order took too long to arrive.,Negative,2026-01-15 21:00:00,order took long arrive,0.0,Neutral,Negative,True,False
REV018081,O009636,C03436,R0124,3,The food was acceptable.,Neutral,2026-02-20 10:00:00,food acceptable,0.3182,Positive,Neutral,True,False
REV011650,O049425,C00205,R0205,2,The food was cold and the delivery was late.,Negative,2026-01-20 09:00:00,food cold delivery late,0.0,Neutral,Negative,True,False
REV005371,O015588,C00968,R0146,4,Excellent experience from start to finish.,Positive,2026-06-14 06:00:00,excellent experience start finish,0.5719,Positive,Positive,True,True
REV002219,O002699,C01057,R0234,4,The order arrived quickly and everything was hot.,Positive,2026-01-14 08:00:00,order arrived quickly everything hot,0.0,Neutral,Positive,True,False
REV005861,O008261,C02493,R0146,3,Great quality and very good service.,Positive,2026-07-01 11:00:00,great quality good service,0.807,Positive,Positive,True,True
REV000049,O039972,C03573,R0075,4,Excellent experience from start to finish.,Positive,2026-03-31 20:00:00,excellent experience start finish,0.5719,Positive,Positive,True,True
REV009675,O001488,C00231,R0030,3,The experience was fine.,Neutral,2026-05-03 01:00:00,experience fine,0.2023,Positive,Neutral,True,False
REV020514,O012753,C02928,R0285,5,Fast delivery and great packaging.,Positive,2026-02-21 10:00:00,fast delivery great packaging,0.6249,Positive,Positive,True,True
REV026884,O029915,C04652,R0250,5,The order arrived quickly and everything was hot.,Positive,2026-05-14 21:00:00,order arrived quickly everything hot,0.0,Neutral,Positive,True,False
REV015832,O011352,C01385,R0050,5,Everything was perfect and well packed.,Positive,2026-01-12 19:00:00,everything perfect well packed,0.7003,Positive,Positive,True,True
REV003453,O013237,C03488,R0036,5,The order arrived quickly and everything was hot.,Positive,2026-03-30 11:00:00,order arrived quickly everything hot,0.0,Neutral,Positive,True,False
REV003533,O048753,C04483,R0041,3,The experience was fine.,Neutral,2026-02-19 11:00:00,experience fine,0.2023,Positive,Neutral,True,False
REV015789,O022534,C00314,R0094,3,Average experience.,Neutral,2026-03-03 17:00:00,average experience,0.0,Neutral,Neutral,True,True
REV029632,O010605,C03047,R0211,4,The food was delicious and fresh.,Positive,2026-04-30 20:00:00,food delicious fresh,0.7184,Positive,Positive,True,True
REV022049,O001744,C01060,R0290,5,Everything was perfect and well packed.,Positive,2026-06-15 01:00:00,everything perfect well packed,0.7003,Positive,Positive,True,True
REV004082,O037404,C03602,R0223,4,Excellent experience from start to finish.,Positive,2026-04-19 22:00:00,excellent experience start finish,0.5719,Positive,Positive,True,True
REV006816,O015664,C01630,R0087,1,The packaging was damaged.,Negative,2026-04-29 14:00:00,packaging damaged,-0.4404,Negative,Negative,True,True
REV019163,O035132,C00683,R0208,5,The order arrived quickly and everything was hot.,Positive,2026-05-28 06:00:00,order arrived quickly everything hot,0.0,Neutral,Positive,True,False
REV002333,O030413,C03097,R0216,4,The order arrived quickly and everything was hot.,Positive,2026-02-10 14:00:00,order arrived quickly everything hot,0.0,Neutral,Positive,True,False
REV024439,O034057,C01348,R0156,4,The food was delicious and fresh.,Positive,2026-01-30 14:00:00,food delicious fresh,0.7184,Positive,Positive,True,True
REV008788,O042989,C04397,R0050,5,The order arrived quickly and everything was hot.,Positive,2026-03-17 05:00:00,order arrived quickly everything hot,0.0,Neutral,Positive,True,False
REV010439,O004093,C03475,R0181,4,Everything was perfect and well packed.,Positive,2026-01-25 17:00:00,everything perfect well packed,0.7003,Positive,Positive,True,True
REV016825,O026204,C03810,R0299,5,The order arrived quickly and everything was hot.,Positive,2026-05-10 19:00:00,order arrived quickly everything hot,0.0,Neutral,Positive,True,False
REV005681,O011554,C04906,R0179,4,The order arrived quickly and everything was hot.,Positive,2026-02-24 17:00:00,order arrived quickly everything hot,0.0,Neutral,Positive,True,False
REV024831,O010548,C00739,R0160,5,Great quality and very good service.,Positive,2026-02-05 21:00:00,great quality good service,0.807,Positive,Positive,True,True
REV004107,O044705,C02602,R0175,3,It was an ordinary experience.,Neutral,2026-01-27 20:00:00,ordinary experience,0.0,Neutral,Neutral,True,True
REV006313,O003860,C04603,R0230,4,Amazing food and excellent quality.,Positive,2026-02-06 17:00:00,amazing food excellent quality,0.8176,Positive,Positive,True,True
REV017605,O003954,C02888,R0263,3,Nothing special about the order.,Neutral,2026-04-05 00:00:00,nothing special order,-0.3089,Negative,Neutral,True,False
REV003774,O046041,C03295,R0152,5,Amazing food and excellent quality.,Positive,2026-04-18 11:00:00,amazing food excellent quality,0.8176,Positive,Positive,True,True
REV005800,O037210,C01266,R0216,4,Delivery was fast and the food arrived hot.,Positive,2026-01-12 20:00:00,delivery fast food arrived hot,0.0,Neutral,Positive,True,False
REV000279,O022938,C04461,R0173,3,The experience was fine.,Neutral,2026-04-02 05:00:00,experience fine,0.2023,Positive,Neutral,True,False
REV023337,O035994,C02726,R0221,5,Everything was perfect and well packed.,Positive,2026-03-13 19:00:00,everything perfect well packed,0.7003,Positive,Positive,True,True
REV001961,O031064,C00522,R0066,4,The food was fresh and flavorful.,Positive,2026-05-12 16:00:00,food fresh flavorful,0.3182,Positive,Positive,True,True
REV000568,O017717,C02199,R0256,5,Delivery was fast and the food arrived hot.,Positive,2026-04-06 23:00:00,delivery fast food arrived hot,0.0,Neutral,Positive,True,False
REV027353,O000785,C03710,R0269,1,I received the wrong item.,Negative,2026-01-27 16:00:00,received wrong item,-0.4767,Negative,Negative,True,True
REV016466,O015666,C04490,R0280,4,Amazing food and excellent quality.,Positive,2026-04-17 23:00:00,amazing food excellent quality,0.8176,Positive,Positive,True,True
REV024343,O045950,C03942,R0287,3,Overall it was satisfactory.,Neutral,2026-06-07 13:00:00,overall satisfactory,0.3612,Positive,Neutral,True,False
REV019314,O001843,C02182,R0269,5,Excellent experience from start to finish.,Positive,2026-04-29 21:00:00,excellent experience start finish,0.5719,Positive,Positive,True,True
REV020372,O007119,C01106,R0055,5,Fast delivery and great packaging.,Positive,2026-05-24 04:00:00,fast delivery great packaging,0.6249,Positive,Positive,True,True
REV021926,O035720,C02993,R0195,1,The packaging was damaged.,Negative,2026-05-02 03:00:00,packaging damaged,-0.4404,Negative,Negative,True,True
REV007141,O045068,C03045,R0077,5,Excellent experience from start to finish.,Positive,2026-06-26 21:00:00,excellent experience start finish,0.5719,Positive,Positive,True,True
REV012594,O047516,C04453,R0053,5,The food was fresh and flavorful.,Positive,2026-03-30 14:00:00,food fresh flavorful,0.3182,Positive,Positive,True,True
REV025638,O011521,C01364,R0292,3,The food was bland and disappointing.,Negative,2026-01-26 21:00:00,food bland disappointing,-0.4939,Negative,Negative,True,True
REV014659,O005122,C02393,R0165,5,The order arrived quickly and everything was hot.,Positive,2026-03-25 12:00:00,order arrived quickly everything hot,0.0,Neutral,Positive,True,False
REV006527,O031013,C00936,R0214,4,Amazing food and excellent quality.,Positive,2026-03-23 02:00:00,amazing food excellent quality,0.8176,Positive,Positive,True,True
REV025000,O030061,C02671,R0008,4,Everything was perfect and well packed.,Positive,2026-06-15 23:00:00,everything perfect well packed,0.7003,Positive,Positive,True,True
REV001075,O003678,C00705,R0209,4,The order arrived quickly and everything was hot.,Positive,2026-04-17 18:00:00,order arrived quickly everything hot,0.0,Neutral,Positive,True,False
REV001331,O031873,C04081,R0040,1,Very poor experience with the delivery.,Negative,2026-01-12 10:00:00,poor experience delivery,-0.5256,Negative,Negative,True,True
REV027255,O047211,C00529,R0299,5,The order arrived quickly and everything was hot.,Positive,2026-02-26 19:00:00,order arrived quickly everything hot,0.0,Neutral,Positive,True,False
REV018854,O035009,C00684,R0050,1,The packaging was damaged.,Negative,2026-04-12 12:00:00,packaging damaged,-0.4404,Negative,Negative,True,True
REV024528,O039850,C04969,R0088,4,Great quality and very good service.,Positive,2026-02-15 14:00:00,great quality good service,0.807,Positive,Positive,True,True
REV005736,O032627,C04776,R0056,3,It was an ordinary experience.,Neutral,2026-06-23 17:00:00,ordinary experience,0.0,Neutral,Neutral,True,True
REV002883,O048911,C01176,R0118,5,Amazing food and excellent quality.,Positive,2026-01-18 08:00:00,amazing food excellent quality,0.8176,Positive,Positive,True,True
REV022710,O039985,C04480,R0300,4,The food was delicious and fresh.,Positive,2026-05-05 13:00:00,food delicious fresh,0.7184,Positive,Positive,True,True
REV022669,O014258,C00259,R0253,4,Excellent experience from start to finish.,Positive,2026-02-08 07:00:00,excellent experience start finish,0.5719,Positive,Positive,True,True
REV018791,O039672,C04594,R0025,1,The food was cold and the delivery was late.,Negative,2026-06-01 04:00:00,food cold delivery late,0.0,Neutral,Negative,True,False
REV026316,O024434,C02537,R0153,2,The order took too long to arrive.,Negative,2026-06-10 08:00:00,order took long arrive,0.0,Neutral,Negative,True,False
REV001618,O030821,C01786,R0272,5,Excellent experience from start to finish.,Positive,2026-06-22 23:00:00,excellent experience start finish,0.5719,Positive,Positive,True,True
REV020162,O023119,C04657,R0139,5,The food was delicious and fresh.,Positive,2026-02-22 06:00:00,food delicious fresh,0.7184,Positive,Positive,True,True
REV020312,O006453,C00901,R0052,4,Everything was perfect and well packed.,Positive,2026-05-13 19:00:00,everything perfect well packed,0.7003,Positive,Positive,True,True
REV019445,O003876,C04881,R0218,5,Amazing food and excellent quality.,Positive,2026-03-23 13:00:00,amazing food excellent quality,0.8176,Positive,Positive,True,True
REV002386,O048995,C01027,R0183,3,Food quality was average.,Neutral,2026-04-18 10:00:00,food quality average,0.0,Neutral,Neutral,True,True
REV014942,O018672,C00033,R0270,4,Fast delivery and great packaging.,Positive,2026-02-19 14:00:00,fast delivery great packaging,0.6249,Positive,Positive,True,True
REV005337,O017330,C01708,R0018,4,The food was delicious and fresh.,Positive,2026-01-28 15:00:00,food delicious fresh,0.7184,Positive,Positive,True,True
REV024360,O003276,C02381,R0046,3,It was an ordinary experience.,Neutral,2026-03-08 07:00:00,ordinary experience,0.0,Neutral,Neutral,True,True
REV005086,O028022,C01789,R0258,4,Delivery was fast and the food arrived hot.,Positive,2026-01-23 08:00:00,delivery fast food arrived hot,0.0,Neutral,Positive,True,False
REV010908,O028894,C00463,R0297,5,Excellent experience from start to finish.,Positive,2026-05-10 06:00:00,excellent experience start finish,0.5719,Positive,Positive,True,True
REV010234,O013832,C00700,R0169,4,Amazing food and excellent quality.,Positive,2026-05-18 13:00:00,amazing food excellent quality,0.8176,Positive,Positive,True,True
REV013847,O017170,C03707,R0113,4,Amazing food and excellent quality.,Positive,2026-01-22 10:00:00,amazing food excellent quality,0.8176,Positive,Positive,True,True
REV017086,O039877,C02703,R0242,5,Fast delivery and great packaging.,Positive,2026-03-20 13:00:00,fast delivery great packaging,0.6249,Positive,Positive,True,True
REV029992,O003971,C03949,R0006,4,The food was fresh and flavorful.,Positive,2026-04-23 14:00:00,food fresh flavorful,0.3182,Positive,Positive,True,True
REV021432,O047630,C04836,R0107,3,The food was acceptable.,Neutral,2026-03-12 13:00:00,food acceptable,0.3182,Positive,Neutral,True,False
REV020048,O047530,C04768,R0009,5,Everything was perfect and well packed.,Positive,2026-02-12 11:00:00,everything perfect well packed,0.7003,Positive,Positive,True,True
REV019632,O006200,C01242,R0240,5,Great quality and very good service.,Positive,2026-03-09 07:00:00,great quality good service,0.807,Positive,Positive,True,True
REV018577,O044016,C00465,R0155,4,The food was delicious and fresh.,Positive,2026-06-18 05:00:00,food delicious fresh,0.7184,Positive,Positive,True,True
REV024254,O033993,C00086,R0153,5,The order arrived quickly and everything was hot.,Positive,2026-02-28 10:00:00,order arrived quickly everything hot,0.0,Neutral,Positive,True,False
REV002892,O039189,C01048,R0190,4,Delivery was fast and the food arrived hot.,Positive,2026-06-02 14:00:00,delivery fast food arrived hot,0.0,Neutral,Positive,True,False
REV024636,O008763,C04183,R0117,3,Delivery was fast and the food arrived hot.,Positive,2026-01-09 05:00:00,delivery fast food arrived hot,0.0,Neutral,Positive,True,False
REV025255,O026522,C03403,R0254,4,Amazing food and excellent quality.,Positive,2026-02-14 12:00:00,amazing food excellent quality,0.8176,Positive,Positive,True,True
REV001612,O034746,C03711,R0179,5,Excellent experience from start to finish.,Positive,2026-05-01 09:00:00,excellent experience start finish,0.5719,Positive,Positive,True,True
REV015701,O015706,C00146,R0093,4,Really tasty food with generous portions.,Positive,2026-01-16 02:00:00,really tasty food generous portion,0.5106,Positive,Positive,True,True
REV019813,O002057,C03843,R0285,4,Fast delivery and great packaging.,Positive,2026-06-24 15:00:00,fast delivery great packaging,0.6249,Positive,Positive,True,True
REV025777,O031910,C02315,R0065,4,Great quality and very good service.,Positive,2026-02-11 14:00:00,great quality good service,0.807,Positive,Positive,True,True
REV010839,O020978,C00653,R0075,1,The packaging was damaged.,Negative,2026-05-17 06:00:00,packaging damaged,-0.4404,Negative,Negative,True,True
REV029245,O048338,C01971,R0056,5,Excellent experience from start to finish.,Positive,2026-03-04 04:00:00,excellent experience start finish,0.5719,Positive,Positive,True,True
REV010356,O046854,C01497,R0168,5,The order was delayed for a long time.,Negative,2026-04-24 15:00:00,order delayed long time,-0.2263,Negative,Negative,True,True
REV001100,O009392,C00172,R0145,4,Everything was perfect and well packed.,Positive,2026-01-27 15:00:00,everything perfect well packed,0.7003,Positive,Positive,True,True
REV028914,O029109,C03544,R0194,2,The delivery was very late.,Negative,2026-02-26 03:00:00,delivery late,0.0,Neutral,Negative,True,False
REV009942,O005528,C02697,R0171,1,The delivery was very late.,Negative,2026-05-13 09:00:00,delivery late,0.0,Neutral,Negative,True,False
REV013953,O043111,C00554,R0211,3,Nothing special about the order.,Neutral,2026-05-04 11:00:00,nothing special order,-0.3089,Negative,Neutral,True,False
REV005349,O007555,C04803,R0207,4,Fast delivery and great packaging.,Positive,2026-06-09 06:00:00,fast delivery great packaging,0.6249,Positive,Positive,True,True
REV020861,O007064,C03654,R0218,3,The order arrived quickly and everything was hot.,Positive,2026-02-05 19:00:00,order arrived quickly everything hot,0.0,Neutral,Positive,True,False
REV022739,O015671,C00860,R0202,4,Amazing food and excellent quality.,Positive,2026-05-29 09:00:00,amazing food excellent quality,0.8176,Positive,Positive,True,True
REV016217,O031352,C02088,R0170,3,The order was okay overall.,Neutral,2026-04-14 00:00:00,order okay overall,0.2263,Positive,Neutral,True,False
REV020577,O038232,C04777,R0282,5,Delivery was fast and the food arrived hot.,Positive,2026-01-22 21:00:00,delivery fast food arrived hot,0.0,Neutral,Positive,True,False
REV027745,O000052,C04068,R0136,4,Everything was perfect and well packed.,Positive,2026-04-20 01:00:00,everything perfect well packed,0.7003,Positive,Positive,True,True
REV000796,O035792,C01675,R0136,5,Excellent experience from start to finish.,Positive,2026-05-02 01:00:00,excellent experience start finish,0.5719,Positive,Positive,True,True
REV017505,O032497,C01750,R0168,3,The packaging was damaged.,Negative,2026-05-25 05:00:00,packaging damaged,-0.4404,Negative,Negative,True,True
REV011045,O002921,C03016,R0061,2,The food was bland and disappointing.,Negative,2026-06-22 17:00:00,food bland disappointing,-0.4939,Negative,Negative,True,True
REV007360,O033805,C03399,R0138,3,Average experience.,Neutral,2026-01-29 18:00:00,average experience,0.0,Neutral,Neutral,True,True
REV018325,O004838,C02704,R0045,4,Amazing food and excellent quality.,Positive,2026-04-17 19:00:00,amazing food excellent quality,0.8176,Positive,Positive,True,True
REV000839,O002840,C00605,R0034,4,The order arrived quickly and everything was hot.,Positive,2026-04-03 10:00:00,order arrived quickly everything hot,0.0,Neutral,Positive,True,False
REV016240,O013400,C00350,R0065,4,Everything was perfect and well packed.,Positive,2026-06-24 20:00:00,everything perfect well packed,0.7003,Positive,Positive,True,True
REV029833,O009227,C01177,R0037,5,Amazing food and excellent quality.,Positive,2026-01-04 12:00:00,amazing food excellent quality,0.8176,Positive,Positive,True,True
REV009388,O045395,C00853,R0181,3,It was an ordinary experience.,Neutral,2026-03-15 12:00:00,ordinary experience,0.0,Neutral,Neutral,True,True
REV029909,O015806,C03486,R0155,4,Amazing food and excellent quality.,Positive,2026-01-30 20:00:00,amazing food excellent quality,0.8176,Positive,Positive,True,True
REV025635,O020971,C04618,R0059,5,Great quality and very good service.,Positive,2026-05-14 08:00:00,great quality good service,0.807,Positive,Positive,True,True
REV021327,O021615,C00951,R0252,4,The order arrived quickly and everything was hot.,Positive,2026-06-20 01:00:00,order arrived quickly everything hot,0.0,Neutral,Positive,True,False
REV013365,O019021,C01587,R0003,5,Everything was perfect and well packed.,Positive,2026-04-27 18:00:00,everything perfect well packed,0.7003,Positive,Positive,True,True
REV014688,O006592,C03317,R0148,4,The order arrived quickly and everything was hot.,Positive,2026-02-15 17:00:00,order arrived quickly everything hot,0.0,Neutral,Positive,True,False
REV018629,O011411,C03418,R0266,3,The food was acceptable.,Neutral,2026-02-23 17:00:00,food acceptable,0.3182,Positive,Neutral,True,False
REV021538,O033014,C01186,R0174,1,The food arrived cold.,Negative,2026-06-30 20:00:00,food arrived cold,0.0,Neutral,Negative,True,False
REV003965,O045239,C00878,R0196,2,Very poor experience with the delivery.,Negative,2026-02-14 11:00:00,poor experience delivery,-0.5256,Negative,Negative,True,True
REV021338,O032776,C01613,R0008,4,Delivery was fast and the food arrived hot.,Positive,2026-04-15 17:00:00,delivery fast food arrived hot,0.0,Neutral,Positive,True,False
REV014833,O011414,C03267,R0045,4,The food was fresh and flavorful.,Positive,2026-01-03 14:00:00,food fresh flavorful,0.3182,Positive,Positive,True,True
REV025920,O019104,C00691,R0068,5,Really tasty food with generous portions.,Positive,2026-04-29 00:00:00,really tasty food generous portion,0.5106,Positive,Positive,True,True
REV023901,O007303,C04924,R0203,4,Fast delivery and great packaging.,Positive,2026-04-07 03:00:00,fast delivery great packaging,0.6249,Positive,Positive,True,True
REV006624,O024409,C04263,R0107,1,The order was delayed for a long time.,Negative,2026-03-12 06:00:00,order delayed long time,-0.2263,Negative,Negative,True,True
REV007452,O021384,C00908,R0227,3,The food was fresh and flavorful.,Positive,2026-01-22 21:00:00,food fresh flavorful,0.3182,Positive,Positive,True,True
REV021403,O025342,C01849,R0156,5,Delivery was fast and the food arrived hot.,Positive,2026-01-29 10:00:00,delivery fast food arrived hot,0.0,Neutral,Positive,True,False
REV005574,O007137,C02379,R0231,5,Amazing food and excellent quality.,Positive,2026-01-25 13:00:00,amazing food excellent quality,0.8176,Positive,Positive,True,True
REV013180,O030086,C01694,R0251,5,The order arrived quickly and everything was hot.,Positive,2026-05-06 19:00:00,order arrived quickly everything hot,0.0,Neutral,Positive,True,False
REV026549,O044399,C03257,R0240,4,The food was fresh and flavorful.,Positive,2026-01-20 12:00:00,food fresh flavorful,0.3182,Positive,Positive,True,True
REV017285,O045746,C01759,R0037,5,Fast delivery and great packaging.,Positive,2026-03-01 00:00:00,fast delivery great packaging,0.6249,Positive,Positive,True,True
REV022315,O001526,C04237,R0023,5,Delivery was fast and the food arrived hot.,Positive,2026-06-11 04:00:00,delivery fast food arrived hot,0.0,Neutral,Positive,True,False
REV020394,O027361,C03786,R0086,1,The food arrived cold.,Negative,2026-04-21 00:00:00,food arrived cold,0.0,Neutral,Negative,True,False
REV002087,O022181,C03346,R0213,3,Overall it was satisfactory.,Neutral,2026-04-27 07:00:00,overall satisfactory,0.3612,Positive,Neutral,True,False
REV027868,O024250,C03752,R0282,3,Food quality was average.,Neutral,2026-01-04 08:00:00,food quality average,0.0,Neutral,Neutral,True,True
REV011680,O015051,C02934,R0157,5,The food arrived cold.,Negative,2026-05-20 23:00:00,food arrived cold,0.0,Neutral,Negative,True,False
REV026609,O018557,C01975,R0098,4,The order arrived quickly and everything was hot.,Positive,2026-01-18 15:00:00,order arrived quickly everything hot,0.0,Neutral,Positive,True,False
REV024300,O027984,C04835,R0244,4,Great quality and very good service.,Positive,2026-04-20 22:00:00,great quality good service,0.807,Positive,Positive,True,True
REV019717,O026377,C01253,R0140,3,The order was okay overall.,Neutral,2026-01-26 04:00:00,order okay overall,0.2263,Positive,Neutral,True,False
REV003099,O029627,C04206,R0195,3,Very poor experience with the delivery.,Negative,2026-02-03 22:00:00,poor experience delivery,-0.5256,Negative,Negative,True,True
REV024017,O032358,C00770,R0246,5,The food was delicious and fresh.,Positive,2026-05-17 03:00:00,food delicious fresh,0.7184,Positive,Positive,True,True
REV007982,O008463,C02672,R0116,4,Delivery was fast and the food arrived hot.,Positive,2026-04-11 00:00:00,delivery fast food arrived hot,0.0,Neutral,Positive,True,False
REV019764,O016546,C03809,R0263,4,Great quality and very good service.,Positive,2026-06-03 10:00:00,great quality good service,0.807,Positive,Positive,True,True
REV000705,O019470,C03217,R0182,4,Fast delivery and great packaging.,Positive,2026-01-12 04:00:00,fast delivery great packaging,0.6249,Positive,Positive,True,True
REV029302,O013113,C02365,R0144,4,Amazing food and excellent quality.,Positive,2026-03-01 12:00:00,amazing food excellent quality,0.8176,Positive,Positive,True,True
REV004219,O001948,C00063,R0178,5,Fast delivery and great packaging.,Positive,2026-04-29 12:00:00,fast delivery great packaging,0.6249,Positive,Positive,True,True
REV024034,O029284,C01343,R0142,2,Very poor experience with the delivery.,Negative,2026-01-09 01:00:00,poor experience delivery,-0.5256,Negative,Negative,True,True
REV009055,O019987,C03866,R0095,2,The order was delayed for a long time.,Negative,2026-04-17 10:00:00,order delayed long time,-0.2263,Negative,Negative,True,True
REV024844,O013921,C04628,R0281,3,The food was decent.,Neutral,2026-05-04 00:00:00,food decent,0.0,Neutral,Neutral,True,True
REV019035,O017445,C04324,R0172,2,The food arrived cold.,Negative,2026-01-22 20:00:00,food arrived cold,0.0,Neutral,Negative,True,False
REV016639,O034071,C04896,R0299,2,The food was cold and the delivery was late.,Negative,2026-04-02 16:00:00,food cold delivery late,0.0,Neutral,Negative,True,False
REV015310,O027363,C03769,R0255,4,Amazing food and excellent quality.,Positive,2026-05-31 07:00:00,amazing food excellent quality,0.8176,Positive,Positive,True,True
REV018544,O044650,C01395,R0056,4,Really tasty food with generous portions.,Positive,2026-04-05 21:00:00,really tasty food generous portion,0.5106,Positive,Positive,True,True
REV009378,O018430,C03369,R0255,3,The food was okay.,Neutral,2026-05-02 17:00:00,food okay,0.2263,Positive,Neutral,True,False
REV022752,O048581,C00815,R0016,5,Everything was perfect and well packed.,Positive,2026-02-17 15:00:00,everything perfect well packed,0.7003,Positive,Positive,True,True
REV011226,O024687,C04116,R0060,4,Everything was perfect and well packed.,Positive,2026-06-14 17:00:00,everything perfect well packed,0.7003,Positive,Positive,True,True
REV019667,O043506,C04421,R0021,2,The food was cold and the delivery was late.,Negative,2026-01-22 15:00:00,food cold delivery late,0.0,Neutral,Negative,True,False
REV013097,O007514,C03573,R0158,5,Fast delivery and great packaging.,Positive,2026-04-29 12:00:00,fast delivery great packaging,0.6249,Positive,Positive,True,True
REV002824,O026474,C03024,R0009,5,The order arrived quickly and everything was hot.,Positive,2026-06-16 15:00:00,order arrived quickly everything hot,0.0,Neutral,Positive,True,False
REV028346,O018195,C00045,R0218,5,Fast delivery and great packaging.,Positive,2026-02-22 01:00:00,fast delivery great packaging,0.6249,Positive,Positive,True,True
REV024125,O039685,C04007,R0070,4,The order arrived quickly and everything was hot.,Positive,2026-04-10 16:00:00,order arrived quickly everything hot,0.0,Neutral,Positive,True,False
REV023065,O031087,C01980,R0275,4,The food was fresh and flavorful.,Positive,2026-02-03 11:00:00,food fresh flavorful,0.3182,Positive,Positive,True,True
REV002036,O015318,C01205,R0010,4,Really tasty food with generous portions.,Positive,2026-02-15 16:00:00,really tasty food generous portion,0.5106,Positive,Positive,True,True
REV001762,O017494,C01491,R0050,5,The food was delicious and fresh.,Positive,2026-04-16 14:00:00,food delicious fresh,0.7184,Positive,Positive,True,True
REV023486,O000064,C04177,R0287,5,The food was delicious and fresh.,Positive,2026-05-18 21:00:00,food delicious fresh,0.7184,Positive,Positive,True,True
REV003181,O040022,C01391,R0208,4,The order arrived quickly and everything was hot.,Positive,2026-03-21 19:00:00,order arrived quickly everything hot,0.0,Neutral,Positive,True,False
REV026668,O025806,C02455,R0081,5,Fast delivery and great packaging.,Positive,2026-04-04 14:00:00,fast delivery great packaging,0.6249,Positive,Positive,True,True
REV006208,O014554,C00212,R0275,1,The food was bland and disappointing.,Negative,2026-01-31 09:00:00,food bland disappointing,-0.4939,Negative,Negative,True,True
REV005717,O043990,C02205,R0234,4,Great quality and very good service.,Positive,2026-05-31 15:00:00,great quality good service,0.807,Positive,Positive,True,True
REV003578,O013983,C02364,R0017,1,The packaging was damaged.,Negative,2026-05-20 19:00:00,packaging damaged,-0.4404,Negative,Negative,True,True
REV014518,O014004,C01898,R0015,3,It was an ordinary experience.,Neutral,2026-03-11 10:00:00,ordinary experience,0.0,Neutral,Neutral,True,True
REV029522,O042669,C02218,R0200,2,Everything was perfect and well packed.,Positive,2026-01-02 15:00:00,everything perfect well packed,0.7003,Positive,Positive,True,True
REV026689,O029649,C03690,R0238,5,Fast delivery and great packaging.,Positive,2026-01-15 17:00:00,fast delivery great packaging,0.6249,Positive,Positive,True,True
REV023069,O036491,C01060,R0008,4,The order arrived quickly and everything was hot.,Positive,2026-06-08 08:00:00,order arrived quickly everything hot,0.0,Neutral,Positive,True,False
REV006737,O017233,C03048,R0254,3,The experience was fine.,Neutral,2026-05-17 15:00:00,experience fine,0.2023,Positive,Neutral,True,False
REV017262,O041442,C00179,R0078,2,The order took too long to arrive.,Negative,2026-02-06 07:00:00,order took long arrive,0.0,Neutral,Negative,True,False
REV016609,O025503,C02471,R0211,5,The order arrived quickly and everything was hot.,Positive,2026-03-20 09:00:00,order arrived quickly everything hot,0.0,Neutral,Positive,True,False
REV013471,O049292,C00634,R0148,3,Food quality was average.,Neutral,2026-01-10 16:00:00,food quality average,0.0,Neutral,Neutral,True,True
REV021919,O027675,C01374,R0261,5,Everything was perfect and well packed.,Positive,2026-05-08 12:00:00,everything perfect well packed,0.7003,Positive,Positive,True,True
REV015562,O045422,C00093,R0084,3,The food was decent.,Neutral,2026-01-31 09:00:00,food decent,0.0,Neutral,Neutral,True,True
REV028677,O033601,C04711,R0224,5,Fast delivery and great packaging.,Positive,2026-02-14 22:00:00,fast delivery great packaging,0.6249,Positive,Positive,True,True
REV024188,O045073,C01684,R0029,5,Great quality and very good service.,Positive,2026-07-01 09:00:00,great quality good service,0.807,Positive,Positive,True,True
REV024449,O017863,C02496,R0081,2,The order took too long to arrive.,Negative,2026-01-07 03:00:00,order took long arrive,0.0,Neutral,Negative,True,False
REV014353,O004291,C04149,R0206,3,Delivery was fast and the food arrived hot.,Positive,2026-02-11 05:00:00,delivery fast food arrived hot,0.0,Neutral,Positive,True,False
REV016567,O001839,C04008,R0078,4,Delivery was fast and the food arrived hot.,Positive,2026-01-05 15:00:00,delivery fast food arrived hot,0.0,Neutral,Positive,True,False
REV011443,O046051,C00666,R0120,4,Amazing food and excellent quality.,Positive,2026-02-22 23:00:00,amazing food excellent quality,0.8176,Positive,Positive,True,True
REV003941,O003350,C03898,R0048,5,The food was cold and the delivery was late.,Negative,2026-04-06 01:00:00,food cold delivery late,0.0,Neutral,Negative,True,False
REV021319,O001499,C04362,R0269,1,The order took too long to arrive.,Negative,2026-03-23 04:00:00,order took long arrive,0.0,Neutral,Negative,True,False
REV021081,O009542,C03248,R0267,2,Very poor experience with the delivery.,Negative,2026-06-21 09:00:00,poor experience delivery,-0.5256,Negative,Negative,True,True
REV018946,O038561,C02021,R0217,1,Very poor experience with the delivery.,Negative,2026-01-07 06:00:00,poor experience delivery,-0.5256,Negative,Negative,True,True
REV022018,O011283,C01628,R0093,3,The food was bland and disappointing.,Negative,2026-06-16 22:00:00,food bland disappointing,-0.4939,Negative,Negative,True,True
REV014342,O030140,C00574,R0300,4,Great quality and very good service.,Positive,2026-03-16 16:00:00,great quality good service,0.807,Positive,Positive,True,True
REV003408,O021075,C00636,R0087,4,Really tasty food with generous portions.,Positive,2026-02-02 14:00:00,really tasty food generous portion,0.5106,Positive,Positive,True,True
REV018253,O013432,C00328,R0114,3,The food was fresh and flavorful.,Positive,2026-06-13 06:00:00,food fresh flavorful,0.3182,Positive,Positive,True,True
REV013042,O004504,C04170,R0255,4,Delivery was fast and the food arrived hot.,Positive,2026-04-21 11:00:00,delivery fast food arrived hot,0.0,Neutral,Positive,True,False
REV028992,O011125,C00661,R0088,4,Fast delivery and great packaging.,Positive,2026-03-10 20:00:00,fast delivery great packaging,0.6249,Positive,Positive,True,True
REV012198,O011136,C01951,R0082,3,Average experience.,Neutral,2026-05-20 13:00:00,average experience,0.0,Neutral,Neutral,True,True
REV014029,O022037,C00990,R0241,4,Excellent experience from start to finish.,Positive,2026-02-18 02:00:00,excellent experience start finish,0.5719,Positive,Positive,True,True
REV003095,O004281,C00153,R0219,1,Very poor experience with the delivery.,Negative,2026-06-10 04:00:00,poor experience delivery,-0.5256,Negative,Negative,True,True
REV020690,O029399,C02442,R0220,5,The order arrived quickly and everything was hot.,Positive,2026-02-09 07:00:00,order arrived quickly everything hot,0.0,Neutral,Positive,True,False
REV003417,O038844,C02543,R0177,4,The food was delicious and fresh.,Positive,2026-05-22 07:00:00,food delicious fresh,0.7184,Positive,Positive,True,True
REV024770,O010849,C01473,R0111,4,The food was delicious and fresh.,Positive,2026-04-26 20:00:00,food delicious fresh,0.7184,Positive,Positive,True,True
REV003325,O003909,C01968,R0192,5,The food was delicious and fresh.,Positive,2026-01-27 08:00:00,food delicious fresh,0.7184,Positive,Positive,True,True
REV014291,O031072,C01216,R0206,3,The experience was fine.,Neutral,2026-04-28 00:00:00,experience fine,0.2023,Positive,Neutral,True,False
REV028887,O013523,C00831,R0159,3,The food was okay.,Neutral,2026-03-26 06:00:00,food okay,0.2263,Positive,Neutral,True,False
REV011444,O009164,C03659,R0208,4,Amazing food and excellent quality.,Positive,2026-04-12 15:00:00,amazing food excellent quality,0.8176,Positive,Positive,True,True
REV004590,O049244,C04148,R0217,4,Amazing food and excellent quality.,Positive,2026-03-31 15:00:00,amazing food excellent quality,0.8176,Positive,Positive,True,True
REV024665,O010897,C04423,R0115,5,Amazing food and excellent quality.,Positive,2026-03-19 06:00:00,amazing food excellent quality,0.8176,Positive,Positive,True,True
REV005791,O038041,C03733,R0015,4,Delivery was fast and the food arrived hot.,Positive,2026-04-20 05:00:00,delivery fast food arrived hot,0.0,Neutral,Positive,True,False
REV019515,O045883,C00726,R0145,4,The order arrived quickly and everything was hot.,Positive,2026-03-12 15:00:00,order arrived quickly everything hot,0.0,Neutral,Positive,True,False
REV006126,O009120,C01384,R0113,5,Excellent experience from start to finish.,Positive,2026-03-19 16:00:00,excellent experience start finish,0.5719,Positive,Positive,True,True
REV006909,O023248,C04514,R0213,5,The food was delicious and fresh.,Positive,2026-03-27 18:00:00,food delicious fresh,0.7184,Positive,Positive,True,True
REV008461,O009821,C02380,R0217,5,Fast delivery and great packaging.,Positive,2026-06-14 04:00:00,fast delivery great packaging,0.6249,Positive,Positive,True,True
REV002703,O029290,C03087,R0075,4,Excellent experience from start to finish.,Positive,2026-06-28 20:00:00,excellent experience start finish,0.5719,Positive,Positive,True,True
REV014072,O023505,C03246,R0030,2,The delivery was very late.,Negative,2026-06-23 21:00:00,delivery late,0.0,Neutral,Negative,True,False
REV019841,O004486,C00461,R0072,5,The food was fresh and flavorful.,Positive,2026-05-27 00:00:00,food fresh flavorful,0.3182,Positive,Positive,True,True
REV006198,O018182,C00378,R0185,5,Amazing food and excellent quality.,Positive,2026-05-10 19:00:00,amazing food excellent quality,0.8176,Positive,Positive,True,True
REV026715,O018832,C01774,R0192,5,The food was fresh and flavorful.,Positive,2026-04-27 03:00:00,food fresh flavorful,0.3182,Positive,Positive,True,True
REV010224,O018391,C01144,R0208,4,I received the wrong item.,Negative,2026-01-08 00:00:00,received wrong item,-0.4767,Negative,Negative,True,True
REV013875,O019498,C00511,R0097,5,Fast delivery and great packaging.,Positive,2026-04-20 01:00:00,fast delivery great packaging,0.6249,Positive,Positive,True,True
REV008232,O039493,C01255,R0034,2,The order was delayed for a long time.,Negative,2026-01-25 07:00:00,order delayed long time,-0.2263,Negative,Negative,True,True
REV012252,O010595,C01385,R0104,3,Food quality was average.,Neutral,2026-02-24 14:00:00,food quality average,0.0,Neutral,Neutral,True,True
REV014792,O013234,C01824,R0113,2,The packaging was damaged.,Negative,2026-02-28 12:00:00,packaging damaged,-0.4404,Negative,Negative,True,True
REV006630,O017185,C02263,R0228,1,The order took too long to arrive.,Negative,2026-02-11 21:00:00,order took long arrive,0.0,Neutral,Negative,True,False
REV024775,O035405,C00782,R0148,4,Everything was perfect and well packed.,Positive,2026-01-18 14:00:00,everything perfect well packed,0.7003,Positive,Positive,True,True
REV014470,O006307,C04588,R0239,3,The food was decent.,Neutral,2026-06-01 03:00:00,food decent,0.0,Neutral,Neutral,True,True
REV007185,O031905,C01785,R0146,5,Excellent experience from start to finish.,Positive,2026-06-29 23:00:00,excellent experience start finish,0.5719,Positive,Positive,True,True
REV015774,O023271,C01844,R0254,4,Really tasty food with generous portions.,Positive,2026-06-17 03:00:00,really tasty food generous portion,0.5106,Positive,Positive,True,True
REV028294,O021847,C00537,R0020,5,Everything was perfect and well packed.,Positive,2026-06-23 06:00:00,everything perfect well packed,0.7003,Positive,Positive,True,True
REV018960,O004609,C01367,R0070,5,Great quality and very good service.,Positive,2026-03-01 09:00:00,great quality good service,0.807,Positive,Positive,True,True
REV001061,O049101,C03041,R0216,4,The food was delicious and fresh.,Positive,2026-03-19 09:00:00,food delicious fresh,0.7184,Positive,Positive,True,True
REV013776,O033449,C01550,R0277,5,The order arrived quickly and everything was hot.,Positive,2026-02-13 09:00:00,order arrived quickly everything hot,0.0,Neutral,Positive,True,False
REV020928,O013067,C04271,R0263,4,Amazing food and excellent quality.,Positive,2026-03-08 02:00:00,amazing food excellent quality,0.8176,Positive,Positive,True,True
REV001507,O001554,C04944,R0038,5,Really tasty food with generous portions.,Positive,2026-06-29 09:00:00,really tasty food generous portion,0.5106,Positive,Positive,True,True
REV018750,O039264,C04354,R0011,4,Everything was perfect and well packed.,Positive,2026-03-08 13:00:00,everything perfect well packed,0.7003,Positive,Positive,True,True
REV000695,O041743,C02860,R0203,2,The food was bland and disappointing.,Negative,2026-03-09 04:00:00,food bland disappointing,-0.4939,Negative,Negative,True,True
REV000305,O041229,C00903,R0294,4,Everything was perfect and well packed.,Positive,2026-05-31 01:00:00,everything perfect well packed,0.7003,Positive,Positive,True,True
REV014015,O041692,C03627,R0186,1,I received the wrong item.,Negative,2026-03-29 12:00:00,received wrong item,-0.4767,Negative,Negative,True,True
REV024811,O012657,C04513,R0245,1,The food was cold and the delivery was late.,Negative,2026-05-25 04:00:00,food cold delivery late,0.0,Neutral,Negative,True,False
REV023794,O002235,C02250,R0236,5,Really tasty food with generous portions.,Positive,2026-01-07 04:00:00,really tasty food generous portion,0.5106,Positive,Positive,True,True
REV009513,O043047,C03071,R0254,5,The food was fresh and flavorful.,Positive,2026-04-13 03:00:00,food fresh flavorful,0.3182,Positive,Positive,True,True
REV015870,O036696,C02058,R0056,4,Amazing food and excellent quality.,Positive,2026-01-19 12:00:00,amazing food excellent quality,0.8176,Positive,Positive,True,True
REV009133,O032573,C02309,R0251,4,The order arrived quickly and everything was hot.,Positive,2026-01-16 15:00:00,order arrived quickly everything hot,0.0,Neutral,Positive,True,False
REV018621,O016915,C03405,R0294,3,Very poor experience with the delivery.,Negative,2026-02-20 15:00:00,poor experience delivery,-0.5256,Negative,Negative,True,True
REV009330,O033160,C04113,R0284,5,Excellent experience from start to finish.,Positive,2026-05-01 22:00:00,excellent experience start finish,0.5719,Positive,Positive,True,True
REV017981,O026180,C00041,R0264,5,Really tasty food with generous portions.,Positive,2026-02-27 10:00:00,really tasty food generous portion,0.5106,Positive,Positive,True,True
REV016519,O042125,C04734,R0158,3,Overall it was satisfactory.,Neutral,2026-04-05 12:00:00,overall satisfactory,0.3612,Positive,Neutral,True,False
REV001217,O037259,C03941,R0280,4,Excellent experience from start to finish.,Positive,2026-03-31 23:00:00,excellent experience start finish,0.5719,Positive,Positive,True,True
REV010551,O016947,C02336,R0124,4,The food was fresh and flavorful.,Positive,2026-04-02 06:00:00,food fresh flavorful,0.3182,Positive,Positive,True,True
REV002958,O009858,C00273,R0120,4,Excellent experience from start to finish.,Positive,2026-02-10 21:00:00,excellent experience start finish,0.5719,Positive,Positive,True,True
REV029848,O026501,C04714,R0291,4,Great quality and very good service.,Positive,2026-06-06 23:00:00,great quality good service,0.807,Positive,Positive,True,True
REV002768,O034661,C03998,R0245,1,The food arrived cold.,Negative,2026-05-16 18:00:00,food arrived cold,0.0,Neutral,Negative,True,False
REV000630,O010627,C00800,R0126,4,The food was delicious and fresh.,Positive,2026-04-26 15:00:00,food delicious fresh,0.7184,Positive,Positive,True,True
REV006797,O006180,C00569,R0057,4,Great quality and very good service.,Positive,2026-05-16 04:00:00,great quality good service,0.807,Positive,Positive,True,True
REV016761,O018463,C01669,R0285,5,Amazing food and excellent quality.,Positive,2026-06-11 03:00:00,amazing food excellent quality,0.8176,Positive,Positive,True,True
REV026189,O024938,C01428,R0029,5,Delivery was fast and the food arrived hot.,Positive,2026-05-25 02:00:00,delivery fast food arrived hot,0.0,Neutral,Positive,True,False
REV029053,O041503,C01008,R0290,5,The order arrived quickly and everything was hot.,Positive,2026-02-26 02:00:00,order arrived quickly everything hot,0.0,Neutral,Positive,True,False
REV004233,O040754,C00514,R0031,4,Fast delivery and great packaging.,Positive,2026-03-06 10:00:00,fast delivery great packaging,0.6249,Positive,Positive,True,True
REV023287,O029291,C00969,R0297,5,Excellent experience from start to finish.,Positive,2026-05-08 20:00:00,excellent experience start finish,0.5719,Positive,Positive,True,True
REV008716,O002225,C03857,R0245,5,The food was delicious and fresh.,Positive,2026-01-19 04:00:00,food delicious fresh,0.7184,Positive,Positive,True,True
REV000499,O006113,C01971,R0050,5,Excellent experience from start to finish.,Positive,2026-03-13 15:00:00,excellent experience start finish,0.5719,Positive,Positive,True,True
REV021435,O029732,C01044,R0128,4,Everything was perfect and well packed.,Positive,2026-05-13 11:00:00,everything perfect well packed,0.7003,Positive,Positive,True,True
REV007486,O010661,C00212,R0198,2,Great quality and very good service.,Positive,2026-05-23 07:00:00,great quality good service,0.807,Positive,Positive,True,True
REV011291,O002834,C02987,R0065,5,Excellent experience from start to finish.,Positive,2026-05-13 05:00:00,excellent experience start finish,0.5719,Positive,Positive,True,True
REV027399,O009507,C01259,R0169,3,The food was okay.,Neutral,2026-04-10 18:00:00,food okay,0.2263,Positive,Neutral,True,False
REV026261,O010980,C03360,R0149,5,Amazing food and excellent quality.,Positive,2026-06-02 04:00:00,amazing food excellent quality,0.8176,Positive,Positive,True,True
REV005867,O006446,C00984,R0231,3,It was an ordinary experience.,Neutral,2026-04-18 02:00:00,ordinary experience,0.0,Neutral,Neutral,True,True
REV002585,O040495,C00746,R0043,5,The food was delicious and fresh.,Positive,2026-02-22 05:00:00,food delicious fresh,0.7184,Positive,Positive,True,True
REV008421,O031893,C00075,R0254,4,The food was delicious and fresh.,Positive,2026-05-23 00:00:00,food delicious fresh,0.7184,Positive,Positive,True,True
REV010305,O018488,C02686,R0236,5,Fast delivery and great packaging.,Positive,2026-03-27 08:00:00,fast delivery great packaging,0.6249,Positive,Positive,True,True
REV026156,O043116,C03743,R0212,5,The food was fresh and flavorful.,Positive,2026-03-12 13:00:00,food fresh flavorful,0.3182,Positive,Positive,True,True
REV017355,O017783,C02636,R0222,4,Fast delivery and great packaging.,Positive,2026-06-29 12:00:00,fast delivery great packaging,0.6249,Positive,Positive,True,True
REV024785,O046986,C01496,R0042,3,My order was missing an item.,Negative,2026-05-11 06:00:00,order missing item,-0.296,Negative,Negative,True,True
REV011827,O010420,C00171,R0269,5,Delivery was fast and the food arrived hot.,Positive,2026-01-24 15:00:00,delivery fast food arrived hot,0.0,Neutral,Positive,True,False
REV014731,O016871,C00411,R0141,2,I received the wrong item.,Negative,2026-06-10 11:00:00,received wrong item,-0.4767,Negative,Negative,True,True
REV024177,O036711,C02148,R0009,4,Everything was perfect and well packed.,Positive,2026-03-07 00:00:00,everything perfect well packed,0.7003,Positive,Positive,True,True
REV025128,O003837,C01629,R0159,4,The order arrived quickly and everything was hot.,Positive,2026-05-05 09:00:00,order arrived quickly everything hot,0.0,Neutral,Positive,True,False
REV013624,O022003,C02411,R0006,4,The food was fresh and flavorful.,Positive,2026-06-16 13:00:00,food fresh flavorful,0.3182,Positive,Positive,True,True
REV002092,O028731,C04441,R0195,5,Fast delivery and great packaging.,Positive,2026-05-30 16:00:00,fast delivery great packaging,0.6249,Positive,Positive,True,True
REV019031,O040404,C04848,R0102,4,Really tasty food with generous portions.,Positive,2026-06-27 04:00:00,really tasty food generous portion,0.5106,Positive,Positive,True,True
REV011914,O019025,C01266,R0039,1,The order took too long to arrive.,Negative,2026-02-10 19:00:00,order took long arrive,0.0,Neutral,Negative,True,False
REV007526,O031714,C00390,R0140,3,Nothing special about the order.,Neutral,2026-01-19 03:00:00,nothing special order,-0.3089,Negative,Neutral,True,False
REV017510,O000162,C03494,R0294,5,Fast delivery and great packaging.,Positive,2026-04-18 09:00:00,fast delivery great packaging,0.6249,Positive,Positive,True,True
REV005218,O048189,C00187,R0012,2,The order took too long to arrive.,Negative,2026-05-25 23:00:00,order took long arrive,0.0,Neutral,Negative,True,False
REV012494,O042229,C00824,R0137,4,Delivery was fast and the food arrived hot.,Positive,2026-02-25 21:00:00,delivery fast food arrived hot,0.0,Neutral,Positive,True,False
REV020044,O019937,C03893,R0252,3,Amazing food and excellent quality.,Positive,2026-03-28 21:00:00,amazing food excellent quality,0.8176,Positive,Positive,True,True
REV026725,O005003,C02105,R0241,4,The order was delayed for a long time.,Negative,2026-05-19 20:00:00,order delayed long time,-0.2263,Negative,Negative,True,True
REV003470,O042271,C00050,R0143,4,Amazing food and excellent quality.,Positive,2026-02-27 14:00:00,amazing food excellent quality,0.8176,Positive,Positive,True,True
REV021439,O003727,C02514,R0255,4,Really tasty food with generous portions.,Positive,2026-02-22 02:00:00,really tasty food generous portion,0.5106,Positive,Positive,True,True
REV025151,O043090,C00816,R0175,3,The order took too long to arrive.,Negative,2026-05-10 11:00:00,order took long arrive,0.0,Neutral,Negative,True,False
REV005250,O008424,C00707,R0193,3,The order was delayed for a long time.,Negative,2026-05-27 08:00:00,order delayed long time,-0.2263,Negative,Negative,True,True
REV005543,O047038,C04258,R0046,5,Delivery was fast and the food arrived hot.,Positive,2026-04-01 09:00:00,delivery fast food arrived hot,0.0,Neutral,Positive,True,False
REV003971,O004272,C04346,R0246,5,The order arrived quickly and everything was hot.,Positive,2026-04-17 08:00:00,order arrived quickly everything hot,0.0,Neutral,Positive,True,False
REV007854,O017557,C04368,R0233,3,Food quality was average.,Neutral,2026-02-20 13:00:00,food quality average,0.0,Neutral,Neutral,True,True
REV025293,O011288,C00921,R0264,4,Amazing food and excellent quality.,Positive,2026-06-04 10:00:00,amazing food excellent quality,0.8176,Positive,Positive,True,True
REV022197,O046789,C04088,R0271,4,Great quality and very good service.,Positive,2026-02-22 05:00:00,great quality good service,0.807,Positive,Positive,True,True
REV017957,O016115,C04521,R0091,4,Fast delivery and great packaging.,Positive,2026-01-14 19:00:00,fast delivery great packaging,0.6249,Positive,Positive,True,True
REV017769,O028353,C01649,R0177,4,Really tasty food with generous portions.,Positive,2026-03-10 16:00:00,really tasty food generous portion,0.5106,Positive,Positive,True,True
REV021088,O003664,C03191,R0296,5,Amazing food and excellent quality.,Positive,2026-03-29 05:00:00,amazing food excellent quality,0.8176,Positive,Positive,True,True
REV018106,O024325,C04050,R0208,5,Fast delivery and great packaging.,Positive,2026-02-01 21:00:00,fast delivery great packaging,0.6249,Positive,Positive,True,True
REV001166,O016171,C02966,R0039,5,Everything was perfect and well packed.,Positive,2026-02-12 23:00:00,everything perfect well packed,0.7003,Positive,Positive,True,True
REV021908,O003520,C01800,R0072,2,The order took too long to arrive.,Negative,2026-04-30 08:00:00,order took long arrive,0.0,Neutral,Negative,True,False
REV005436,O016566,C00070,R0180,1,I received the wrong item.,Negative,2026-03-08 14:00:00,received wrong item,-0.4767,Negative,Negative,True,True
REV002183,O005443,C01693,R0018,4,Fast delivery and great packaging.,Positive,2026-03-01 16:00:00,fast delivery great packaging,0.6249,Positive,Positive,True,True
REV009837,O025882,C00641,R0019,5,Amazing food and excellent quality.,Positive,2026-04-02 05:00:00,amazing food excellent quality,0.8176,Positive,Positive,True,True
REV006014,O024439,C00352,R0132,5,The order arrived quickly and everything was hot.,Positive,2026-05-03 16:00:00,order arrived quickly everything hot,0.0,Neutral,Positive,True,False
REV024577,O036068,C02925,R0217,4,The food was fresh and flavorful.,Positive,2026-04-13 04:00:00,food fresh flavorful,0.3182,Positive,Positive,True,True
REV025862,O023805,C04072,R0240,3,Overall it was satisfactory.,Neutral,2026-06-13 15:00:00,overall satisfactory,0.3612,Positive,Neutral,True,False
REV026737,O012041,C04250,R0165,4,Everything was perfect and well packed.,Positive,2026-06-16 22:00:00,everything perfect well packed,0.7003,Positive,Positive,True,True
REV015639,O036637,C02257,R0019,2,Really tasty food with generous portions.,Positive,2026-03-03 11:00:00,really tasty food generous portion,0.5106,Positive,Positive,True,True
REV016611,O046612,C03321,R0123,3,The order was delayed for a long time.,Negative,2026-02-18 06:00:00,order delayed long time,-0.2263,Negative,Negative,True,True
REV008514,O033353,C00581,R0125,4,Delivery was fast and the food arrived hot.,Positive,2026-03-26 05:00:00,delivery fast food arrived hot,0.0,Neutral,Positive,True,False
REV015671,O026872,C04422,R0004,5,The food was delicious and fresh.,Positive,2026-04-06 13:00:00,food delicious fresh,0.7184,Positive,Positive,True,True
REV001532,O039386,C02528,R0109,4,The food was fresh and flavorful.,Positive,2026-05-17 21:00:00,food fresh flavorful,0.3182,Positive,Positive,True,True
REV015213,O018836,C00384,R0234,4,Delivery was fast and the food arrived hot.,Positive,2026-02-02 15:00:00,delivery fast food arrived hot,0.0,Neutral,Positive,True,False
REV029789,O026769,C00756,R0076,3,The food was decent.,Neutral,2026-06-01 14:00:00,food decent,0.0,Neutral,Neutral,True,True
REV006314,O042596,C03746,R0255,4,Really tasty food with generous portions.,Positive,2026-06-27 21:00:00,really tasty food generous portion,0.5106,Positive,Positive,True,True
REV009410,O045915,C00756,R0076,5,Excellent experience from start to finish.,Positive,2026-01-07 04:00:00,excellent experience start finish,0.5719,Positive,Positive,True,True
REV011718,O043684,C04116,R0230,1,The order took too long to arrive.,Negative,2026-02-28 23:00:00,order took long arrive,0.0,Neutral,Negative,True,False
REV004649,O016415,C00064,R0264,3,Food quality was average.,Neutral,2026-05-09 20:00:00,food quality average,0.0,Neutral,Neutral,True,True
REV029484,O004610,C00341,R0004,4,The order arrived quickly and everything was hot.,Positive,2026-04-05 12:00:00,order arrived quickly everything hot,0.0,Neutral,Positive,True,False
REV019719,O005427,C04853,R0013,5,Delivery was fast and the food arrived hot.,Positive,2026-03-01 17:00:00,delivery fast food arrived hot,0.0,Neutral,Positive,True,False
REV004776,O045216,C04097,R0286,4,Everything was perfect and well packed.,Positive,2026-06-05 00:00:00,everything perfect well packed,0.7003,Positive,Positive,True,True
REV020865,O030302,C00309,R0012,5,Fast delivery and great packaging.,Positive,2026-02-26 11:00:00,fast delivery great packaging,0.6249,Positive,Positive,True,True
REV019241,O010343,C02470,R0022,5,Everything was perfect and well packed.,Positive,2026-02-08 04:00:00,everything perfect well packed,0.7003,Positive,Positive,True,True
REV020601,O010893,C01222,R0240,5,Great quality and very good service.,Positive,2026-05-01 04:00:00,great quality good service,0.807,Positive,Positive,True,True
REV020330,O024054,C02826,R0206,5,The order arrived quickly and everything was hot.,Positive,2026-01-14 04:00:00,order arrived quickly everything hot,0.0,Neutral,Positive,True,False
REV013618,O032949,C04438,R0229,4,The food was cold and the delivery was late.,Negative,2026-03-01 22:00:00,food cold delivery late,0.0,Neutral,Negative,True,False
REV015162,O023392,C00004,R0108,3,The food was decent.,Neutral,2026-01-27 15:00:00,food decent,0.0,Neutral,Neutral,True,True
REV029384,O039319,C04271,R0171,4,Very poor experience with the delivery.,Negative,2026-06-26 14:00:00,poor experience delivery,-0.5256,Negative,Negative,True,True
REV001235,O037244,C02755,R0071,5,Fast delivery and great packaging.,Positive,2026-03-21 17:00:00,fast delivery great packaging,0.6249,Positive,Positive,True,True
REV010062,O022339,C02184,R0109,5,Delivery was fast and the food arrived hot.,Positive,2026-01-29 19:00:00,delivery fast food arrived hot,0.0,Neutral,Positive,True,False
REV002070,O042786,C04003,R0287,3,Overall it was satisfactory.,Neutral,2026-02-05 16:00:00,overall satisfactory,0.3612,Positive,Neutral,True,False
REV025906,O027534,C01206,R0162,5,The food was delicious and fresh.,Positive,2026-06-18 18:00:00,food delicious fresh,0.7184,Positive,Positive,True,True
REV020495,O022741,C00167,R0062,4,The food was fresh and flavorful.,Positive,2026-07-01 15:00:00,food fresh flavorful,0.3182,Positive,Positive,True,True
REV011485,O021202,C04089,R0160,5,Really tasty food with generous portions.,Positive,2026-05-15 11:00:00,really tasty food generous portion,0.5106,Positive,Positive,True,True
REV008095,O031008,C02109,R0100,5,The food was delicious and fresh.,Positive,2026-06-16 15:00:00,food delicious fresh,0.7184,Positive,Positive,True,True
REV021936,O036978,C00012,R0298,2,The packaging was damaged.,Negative,2026-03-21 23:00:00,packaging damaged,-0.4404,Negative,Negative,True,True
REV001974,O021154,C00745,R0084,4,Fast delivery and great packaging.,Positive,2026-04-01 09:00:00,fast delivery great packaging,0.6249,Positive,Positive,True,True
REV029112,O049369,C01345,R0243,2,The delivery was very late.,Negative,2026-02-25 16:00:00,delivery late,0.0,Neutral,Negative,True,False
REV004209,O009927,C02268,R0010,3,Nothing special about the order.,Neutral,2026-03-03 15:00:00,nothing special order,-0.3089,Negative,Neutral,True,False
REV003753,O019074,C00883,R0100,4,The food was fresh and flavorful.,Positive,2026-05-28 13:00:00,food fresh flavorful,0.3182,Positive,Positive,True,True
REV009966,O033726,C04110,R0099,5,The order arrived quickly and everything was hot.,Positive,2026-05-15 08:00:00,order arrived quickly everything hot,0.0,Neutral,Positive,True,False
REV026083,O017832,C01035,R0142,4,Amazing food and excellent quality.,Positive,2026-06-23 16:00:00,amazing food excellent quality,0.8176,Positive,Positive,True,True
REV000432,O030225,C04504,R0097,1,The food was bland and disappointing.,Negative,2026-01-26 07:00:00,food bland disappointing,-0.4939,Negative,Negative,True,True
REV006311,O014767,C03602,R0085,5,Fast delivery and great packaging.,Positive,2026-06-14 02:00:00,fast delivery great packaging,0.6249,Positive,Positive,True,True
REV019521,O049804,C01581,R0070,5,The food was fresh and flavorful.,Positive,2026-02-26 02:00:00,food fresh flavorful,0.3182,Positive,Positive,True,True
REV000164,O043512,C00172,R0267,5,The food was fresh and flavorful.,Positive,2026-02-28 13:00:00,food fresh flavorful,0.3182,Positive,Positive,True,True
REV015479,O025273,C03556,R0263,5,Excellent experience from start to finish.,Positive,2026-05-13 08:00:00,excellent experience start finish,0.5719,Positive,Positive,True,True
REV025636,O046400,C03668,R0231,5,Fast delivery and great packaging.,Positive,2026-02-01 12:00:00,fast delivery great packaging,0.6249,Positive,Positive,True,True
REV006904,O049728,C04483,R0027,4,Amazing food and excellent quality.,Positive,2026-01-14 20:00:00,amazing food excellent quality,0.8176,Positive,Positive,True,True
REV025891,O016355,C03992,R0244,3,Nothing special about the order.,Neutral,2026-06-03 18:00:00,nothing special order,-0.3089,Negative,Neutral,True,False
REV008258,O003613,C01434,R0164,5,Fast delivery and great packaging.,Positive,2026-05-17 11:00:00,fast delivery great packaging,0.6249,Positive,Positive,True,True
REV024427,O006972,C04224,R0248,4,Amazing food and excellent quality.,Positive,2026-01-14 08:00:00,amazing food excellent quality,0.8176,Positive,Positive,True,True
REV022811,O037759,C04068,R0161,4,Really tasty food with generous portions.,Positive,2026-02-11 14:00:00,really tasty food generous portion,0.5106,Positive,Positive,True,True
REV002352,O017636,C03437,R0020,4,Fast delivery and great packaging.,Positive,2026-01-08 20:00:00,fast delivery great packaging,0.6249,Positive,Positive,True,True
REV028134,O002427,C00812,R0191,5,Great quality and very good service.,Positive,2026-04-09 01:00:00,great quality good service,0.807,Positive,Positive,True,True
REV002363,O044145,C02226,R0231,2,My order was missing an item.,Negative,2026-06-25 16:00:00,order missing item,-0.296,Negative,Negative,True,True
REV001979,O015433,C04948,R0234,5,The food was fresh and flavorful.,Positive,2026-05-13 16:00:00,food fresh flavorful,0.3182,Positive,Positive,True,True
REV011036,O031792,C03437,R0022,4,Really tasty food with generous portions.,Positive,2026-04-19 23:00:00,really tasty food generous portion,0.5106,Positive,Positive,True,True
REV005014,O000470,C00214,R0159,5,Fast delivery and great packaging.,Positive,2026-01-31 19:00:00,fast delivery great packaging,0.6249,Positive,Positive,True,True
REV014284,O049938,C03779,R0086,5,Everything was perfect and well packed.,Positive,2026-03-22 03:00:00,everything perfect well packed,0.7003,Positive,Positive,True,True
REV013567,O001367,C03974,R0104,3,Nothing special about the order.,Neutral,2026-06-01 18:00:00,nothing special order,-0.3089,Negative,Neutral,True,False
REV015828,O011939,C03075,R0094,3,Food quality was average.,Neutral,2026-04-21 20:00:00,food quality average,0.0,Neutral,Neutral,True,True
REV023866,O001894,C00720,R0124,5,The food was delicious and fresh.,Positive,2026-01-05 15:00:00,food delicious fresh,0.7184,Positive,Positive,True,True
REV004487,O035183,C02331,R0190,4,Great quality and very good service.,Positive,2026-01-19 12:00:00,great quality good service,0.807,Positive,Positive,True,True
REV018688,O024033,C01623,R0081,4,Great quality and very good service.,Positive,2026-05-09 04:00:00,great quality good service,0.807,Positive,Positive,True,True
REV019300,O004205,C00214,R0276,5,The food was delicious and fresh.,Positive,2026-04-22 03:00:00,food delicious fresh,0.7184,Positive,Positive,True,True
REV002757,O001161,C04262,R0051,5,Excellent experience from start to finish.,Positive,2026-05-29 03:00:00,excellent experience start finish,0.5719,Positive,Positive,True,True
REV014300,O017617,C00595,R0095,4,Everything was perfect and well packed.,Positive,2026-05-26 03:00:00,everything perfect well packed,0.7003,Positive,Positive,True,True
REV028246,O034229,C02289,R0149,5,The order arrived quickly and everything was hot.,Positive,2026-03-28 21:00:00,order arrived quickly everything hot,0.0,Neutral,Positive,True,False
REV009661,O007512,C02166,R0202,4,Fast delivery and great packaging.,Positive,2026-04-25 07:00:00,fast delivery great packaging,0.6249,Positive,Positive,True,True
REV005628,O039628,C01457,R0069,5,The food was fresh and flavorful.,Positive,2026-01-12 18:00:00,food fresh flavorful,0.3182,Positive,Positive,True,True
REV011336,O009848,C00411,R0207,4,The delivery was very late.,Negative,2026-06-27 10:00:00,delivery late,0.0,Neutral,Negative,True,False
REV010326,O022175,C02143,R0006,5,Fast delivery and great packaging.,Positive,2026-02-20 02:00:00,fast delivery great packaging,0.6249,Positive,Positive,True,True
REV028879,O049699,C03692,R0057,4,The food was fresh and flavorful.,Positive,2026-06-27 10:00:00,food fresh flavorful,0.3182,Positive,Positive,True,True
REV009221,O017104,C02095,R0259,4,The order arrived quickly and everything was hot.,Positive,2026-03-20 07:00:00,order arrived quickly everything hot,0.0,Neutral,Positive,True,False
REV003791,O049412,C04892,R0227,4,Excellent experience from start to finish.,Positive,2026-05-21 12:00:00,excellent experience start finish,0.5719,Positive,Positive,True,True
REV008848,O028771,C02368,R0165,5,The food was delicious and fresh.,Positive,2026-04-27 00:00:00,food delicious fresh,0.7184,Positive,Positive,True,True
REV018738,O024437,C01233,R0259,4,Really tasty food with generous portions.,Positive,2026-05-12 05:00:00,really tasty food generous portion,0.5106,Positive,Positive,True,True
REV027940,O029023,C02722,R0175,2,The packaging was damaged.,Negative,2026-04-12 06:00:00,packaging damaged,-0.4404,Negative,Negative,True,True
REV000457,O028057,C01966,R0040,4,The food was fresh and flavorful.,Positive,2026-04-17 19:00:00,food fresh flavorful,0.3182,Positive,Positive,True,True
REV010650,O007337,C04579,R0058,5,The food was fresh and flavorful.,Positive,2026-06-15 20:00:00,food fresh flavorful,0.3182,Positive,Positive,True,True
REV000902,O004289,C01056,R0047,2,Very poor experience with the delivery.,Negative,2026-05-11 21:00:00,poor experience delivery,-0.5256,Negative,Negative,True,True
REV020187,O033832,C02808,R0224,4,The order arrived quickly and everything was hot.,Positive,2026-02-27 15:00:00,order arrived quickly everything hot,0.0,Neutral,Positive,True,False
REV006972,O016463,C04562,R0231,4,The order was delayed for a long time.,Negative,2026-01-26 18:00:00,order delayed long time,-0.2263,Negative,Negative,True,True
REV001150,O037142,C04723,R0158,1,The order was delayed for a long time.,Negative,2026-02-27 12:00:00,order delayed long time,-0.2263,Negative,Negative,True,True
REV023606,O017733,C01906,R0194,5,Great quality and very good service.,Positive,2026-04-25 13:00:00,great quality good service,0.807,Positive,Positive,True,True
REV028967,O027251,C01883,R0125,5,Great quality and very good service.,Positive,2026-02-09 14:00:00,great quality good service,0.807,Positive,Positive,True,True
REV027070,O014325,C04147,R0027,3,The food was okay.,Neutral,2026-05-21 01:00:00,food okay,0.2263,Positive,Neutral,True,False
REV017322,O029030,C04597,R0034,3,Food quality was average.,Neutral,2026-02-20 01:00:00,food quality average,0.0,Neutral,Neutral,True,True
REV023536,O027964,C04392,R0234,5,Delivery was fast and the food arrived hot.,Positive,2026-02-10 12:00:00,delivery fast food arrived hot,0.0,Neutral,Positive,True,False
REV014268,O049535,C04835,R0145,1,The packaging was damaged.,Negative,2026-06-04 02:00:00,packaging damaged,-0.4404,Negative,Negative,True,True
REV016894,O025554,C01494,R0287,4,The food was fresh and flavorful.,Positive,2026-04-24 17:00:00,food fresh flavorful,0.3182,Positive,Positive,True,True
REV017854,O000874,C01027,R0223,5,Amazing food and excellent quality.,Positive,2026-06-30 20:00:00,amazing food excellent quality,0.8176,Positive,Positive,True,True
REV012216,O049010,C04384,R0219,5,Delivery was fast and the food arrived hot.,Positive,2026-04-07 00:00:00,delivery fast food arrived hot,0.0,Neutral,Positive,True,False
REV020840,O032212,C02710,R0271,5,Everything was perfect and well packed.,Positive,2026-06-30 13:00:00,everything perfect well packed,0.7003,Positive,Positive,True,True
REV002101,O045421,C02886,R0015,4,The food was fresh and flavorful.,Positive,2026-03-10 04:00:00,food fresh flavorful,0.3182,Positive,Positive,True,True
REV017693,O009480,C03634,R0063,2,Very poor experience with the delivery.,Negative,2026-06-28 22:00:00,poor experience delivery,-0.5256,Negative,Negative,True,True
REV024893,O043291,C03286,R0245,5,Delivery was fast and the food arrived hot.,Positive,2026-05-16 11:00:00,delivery fast food arrived hot,0.0,Neutral,Positive,True,False
REV009043,O001242,C03160,R0002,5,Fast delivery and great packaging.,Positive,2026-06-09 11:00:00,fast delivery great packaging,0.6249,Positive,Positive,True,True
REV007251,O013439,C03579,R0017,3,The food was acceptable.,Neutral,2026-04-24 19:00:00,food acceptable,0.3182,Positive,Neutral,True,False
REV014398,O040317,C02483,R0138,4,Very poor experience with the delivery.,Negative,2026-06-08 00:00:00,poor experience delivery,-0.5256,Negative,Negative,True,True
REV020026,O026174,C03468,R0106,4,The order arrived quickly and everything was hot.,Positive,2026-05-11 04:00:00,order arrived quickly everything hot,0.0,Neutral,Positive,True,False
REV004909,O046454,C03747,R0143,3,The food was okay.,Neutral,2026-01-20 11:00:00,food okay,0.2263,Positive,Neutral,True,False
REV002599,O040160,C01607,R0278,5,Fast delivery and great packaging.,Positive,2026-03-17 09:00:00,fast delivery great packaging,0.6249,Positive,Positive,True,True
REV015953,O014110,C00706,R0199,3,Food quality was average.,Neutral,2026-03-08 05:00:00,food quality average,0.0,Neutral,Neutral,True,True
REV017129,O002095,C00982,R0005,3,It was an ordinary experience.,Neutral,2026-02-18 16:00:00,ordinary experience,0.0,Neutral,Neutral,True,True
REV007110,O006291,C03311,R0110,2,I received the wrong item.,Negative,2026-03-05 15:00:00,received wrong item,-0.4767,Negative,Negative,True,True
REV010215,O012671,C02025,R0218,2,The food was bland and disappointing.,Negative,2026-04-05 12:00:00,food bland disappointing,-0.4939,Negative,Negative,True,True
REV016259,O042103,C01295,R0159,4,Great quality and very good service.,Positive,2026-04-02 03:00:00,great quality good service,0.807,Positive,Positive,True,True
REV003770,O001366,C00380,R0224,5,Excellent experience from start to finish.,Positive,2026-01-16 22:00:00,excellent experience start finish,0.5719,Positive,Positive,True,True
REV015046,O019615,C04586,R0003,5,The order arrived quickly and everything was hot.,Positive,2026-01-09 22:00:00,order arrived quickly everything hot,0.0,Neutral,Positive,True,False
REV027049,O017578,C00473,R0284,5,Delivery was fast and the food arrived hot.,Positive,2026-04-02 07:00:00,delivery fast food arrived hot,0.0,Neutral,Positive,True,False
REV012318,O003446,C01494,R0087,1,The food was bland and disappointing.,Negative,2026-06-27 04:00:00,food bland disappointing,-0.4939,Negative,Negative,True,True
REV022642,O047763,C03169,R0101,2,I received the wrong item.,Negative,2026-01-18 05:00:00,received wrong item,-0.4767,Negative,Negative,True,True
REV017554,O033923,C02136,R0071,4,The packaging was damaged.,Negative,2026-02-07 06:00:00,packaging damaged,-0.4404,Negative,Negative,True,True
REV026157,O038405,C01064,R0196,5,Delivery was fast and the food arrived hot.,Positive,2026-07-01 19:00:00,delivery fast food arrived hot,0.0,Neutral,Positive,True,False
REV010140,O020411,C02351,R0160,3,The food was decent.,Neutral,2026-03-13 19:00:00,food decent,0.0,Neutral,Neutral,True,True
REV018025,O042572,C04219,R0207,5,Delivery was fast and the food arrived hot.,Positive,2026-01-17 20:00:00,delivery fast food arrived hot,0.0,Neutral,Positive,True,False
REV017122,O039936,C02296,R0082,3,Nothing special about the order.,Neutral,2026-01-25 06:00:00,nothing special order,-0.3089,Negative,Neutral,True,False
REV005159,O020541,C02868,R0097,5,The food was fresh and flavorful.,Positive,2026-04-27 15:00:00,food fresh flavorful,0.3182,Positive,Positive,True,True
REV022445,O038635,C01453,R0162,4,Everything was perfect and well packed.,Positive,2026-06-14 16:00:00,everything perfect well packed,0.7003,Positive,Positive,True,True
REV019096,O001418,C01750,R0006,5,Fast delivery and great packaging.,Positive,2026-06-30 02:00:00,fast delivery great packaging,0.6249,Positive,Positive,True,True
REV019350,O037100,C01454,R0194,3,The food was fresh and flavorful.,Positive,2026-01-17 11:00:00,food fresh flavorful,0.3182,Positive,Positive,True,True
REV026743,O048695,C03154,R0047,5,Everything was perfect and well packed.,Positive,2026-06-08 17:00:00,everything perfect well packed,0.7003,Positive,Positive,True,True
REV025585,O019416,C00252,R0038,3,Great quality and very good service.,Positive,2026-01-30 17:00:00,great quality good service,0.807,Positive,Positive,True,True
REV022067,O015723,C01636,R0117,5,Really tasty food with generous portions.,Positive,2026-02-21 14:00:00,really tasty food generous portion,0.5106,Positive,Positive,True,True
REV028913,O046023,C03085,R0278,5,I received the wrong item.,Negative,2026-04-08 11:00:00,received wrong item,-0.4767,Negative,Negative,True,True
REV026578,O034524,C04519,R0268,3,The order was okay overall.,Neutral,2026-04-20 20:00:00,order okay overall,0.2263,Positive,Neutral,True,False
REV001508,O019006,C01626,R0156,5,The food was delicious and fresh.,Positive,2026-04-24 19:00:00,food delicious fresh,0.7184,Positive,Positive,True,True
REV011017,O025961,C02123,R0256,5,Delivery was fast and the food arrived hot.,Positive,2026-01-22 10:00:00,delivery fast food arrived hot,0.0,Neutral,Positive,True,False
REV014243,O016373,C03550,R0112,5,Everything was perfect and well packed.,Positive,2026-04-19 20:00:00,everything perfect well packed,0.7003,Positive,Positive,True,True
REV027776,O011882,C01962,R0269,1,The packaging was damaged.,Negative,2026-05-20 20:00:00,packaging damaged,-0.4404,Negative,Negative,True,True
REV001017,O024426,C03280,R0041,5,Really tasty food with generous portions.,Positive,2026-06-26 17:00:00,really tasty food generous portion,0.5106,Positive,Positive,True,True
REV018276,O020295,C00916,R0158,5,Excellent experience from start to finish.,Positive,2026-02-11 01:00:00,excellent experience start finish,0.5719,Positive,Positive,True,True
REV025179,O010618,C03778,R0005,3,Everything was perfect and well packed.,Positive,2026-04-07 20:00:00,everything perfect well packed,0.7003,Positive,Positive,True,True
REV015956,O046894,C04614,R0209,4,Great quality and very good service.,Positive,2026-06-26 10:00:00,great quality good service,0.807,Positive,Positive,True,True
REV021400,O015187,C03365,R0245,4,Great quality and very good service.,Positive,2026-06-03 11:00:00,great quality good service,0.807,Positive,Positive,True,True
REV024418,O015041,C01731,R0034,3,Nothing special about the order.,Neutral,2026-06-13 03:00:00,nothing special order,-0.3089,Negative,Neutral,True,False
REV028782,O047943,C04846,R0031,1,Very poor experience with the delivery.,Negative,2026-03-28 16:00:00,poor experience delivery,-0.5256,Negative,Negative,True,True
REV017287,O035136,C01796,R0224,5,Delivery was fast and the food arrived hot.,Positive,2026-06-29 23:00:00,delivery fast food arrived hot,0.0,Neutral,Positive,True,False
REV011042,O039161,C02084,R0241,4,The food was fresh and flavorful.,Positive,2026-05-09 15:00:00,food fresh flavorful,0.3182,Positive,Positive,True,True
REV007024,O000535,C03103,R0248,4,The food was delicious and fresh.,Positive,2026-01-24 16:00:00,food delicious fresh,0.7184,Positive,Positive,True,True
REV016632,O002093,C02479,R0285,2,The order took too long to arrive.,Negative,2026-06-29 15:00:00,order took long arrive,0.0,Neutral,Negative,True,False
REV016428,O005429,C00436,R0047,4,The food was delicious and fresh.,Positive,2026-05-30 19:00:00,food delicious fresh,0.7184,Positive,Positive,True,True
REV016755,O032832,C00027,R0031,3,The food was acceptable.,Neutral,2026-04-11 12:00:00,food acceptable,0.3182,Positive,Neutral,True,False
REV023393,O002049,C03586,R0258,5,The food was delicious and fresh.,Positive,2026-06-23 10:00:00,food delicious fresh,0.7184,Positive,Positive,True,True
REV025736,O030261,C00453,R0236,2,Very poor experience with the delivery.,Negative,2026-04-05 15:00:00,poor experience delivery,-0.5256,Negative,Negative,True,True
REV015041,O024542,C04639,R0181,3,The order arrived quickly and everything was hot.,Positive,2026-06-06 14:00:00,order arrived quickly everything hot,0.0,Neutral,Positive,True,False
REV002839,O042383,C04650,R0194,4,The food was bland and disappointing.,Negative,2026-04-14 21:00:00,food bland disappointing,-0.4939,Negative,Negative,True,True
REV027961,O041073,C00493,R0207,5,The order arrived quickly and everything was hot.,Positive,2026-04-28 11:00:00,order arrived quickly everything hot,0.0,Neutral,Positive,True,False
REV009616,O004585,C04760,R0288,3,Nothing special about the order.,Neutral,2026-01-25 14:00:00,nothing special order,-0.3089,Negative,Neutral,True,False
REV015169,O022155,C03358,R0177,3,Overall it was satisfactory.,Neutral,2026-04-02 22:00:00,overall satisfactory,0.3612,Positive,Neutral,True,False
REV012281,O017432,C02196,R0276,5,The order arrived quickly and everything was hot.,Positive,2026-05-06 19:00:00,order arrived quickly everything hot,0.0,Neutral,Positive,True,False
REV021096,O033447,C01948,R0297,4,The order arrived quickly and everything was hot.,Positive,2026-01-24 10:00:00,order arrived quickly everything hot,0.0,Neutral,Positive,True,False
REV027096,O035054,C00166,R0274,5,The order took too long to arrive.,Negative,2026-05-14 15:00:00,order took long arrive,0.0,Neutral,Negative,True,False
REV022504,O037516,C04973,R0019,4,Great quality and very good service.,Positive,2026-03-10 20:00:00,great quality good service,0.807,Positive,Positive,True,True
REV028636,O024543,C04373,R0226,5,Fast delivery and great packaging.,Positive,2026-05-15 11:00:00,fast delivery great packaging,0.6249,Positive,Positive,True,True
REV018678,O019522,C02903,R0251,5,Amazing food and excellent quality.,Positive,2026-03-26 04:00:00,amazing food excellent quality,0.8176,Positive,Positive,True,True
REV008800,O005335,C04813,R0163,1,The food was cold and the delivery was late.,Negative,2026-01-02 23:00:00,food cold delivery late,0.0,Neutral,Negative,True,False
REV026287,O028905,C04341,R0185,1,My order was missing an item.,Negative,2026-01-07 15:00:00,order missing item,-0.296,Negative,Negative,True,True
REV011410,O047714,C02287,R0135,5,Excellent experience from start to finish.,Positive,2026-06-29 02:00:00,excellent experience start finish,0.5719,Positive,Positive,True,True
REV017563,O003192,C03679,R0076,3,Average experience.,Neutral,2026-03-08 05:00:00,average experience,0.0,Neutral,Neutral,True,True
REV010051,O026611,C04098,R0221,5,The food was delicious and fresh.,Positive,2026-02-18 23:00:00,food delicious fresh,0.7184,Positive,Positive,True,True
REV004146,O036363,C04885,R0025,5,Everything was perfect and well packed.,Positive,2026-04-18 00:00:00,everything perfect well packed,0.7003,Positive,Positive,True,True
REV014366,O016814,C03077,R0222,4,Fast delivery and great packaging.,Positive,2026-03-03 10:00:00,fast delivery great packaging,0.6249,Positive,Positive,True,True
REV027494,O030989,C02470,R0022,4,Delivery was fast and the food arrived hot.,Positive,2026-05-22 02:00:00,delivery fast food arrived hot,0.0,Neutral,Positive,True,False
REV027913,O049344,C01139,R0229,5,Excellent experience from start to finish.,Positive,2026-04-16 11:00:00,excellent experience start finish,0.5719,Positive,Positive,True,True
REV021833,O005711,C03263,R0184,2,The delivery was very late.,Negative,2026-05-13 04:00:00,delivery late,0.0,Neutral,Negative,True,False
REV006660,O026805,C01779,R0124,5,Fast delivery and great packaging.,Positive,2026-02-16 19:00:00,fast delivery great packaging,0.6249,Positive,Positive,True,True
REV006395,O033973,C03163,R0212,1,My order was missing an item.,Negative,2026-03-27 19:00:00,order missing item,-0.296,Negative,Negative,True,True
REV014057,O046009,C02026,R0180,5,Amazing food and excellent quality.,Positive,2026-01-15 11:00:00,amazing food excellent quality,0.8176,Positive,Positive,True,True
REV003652,O031023,C03679,R0021,2,The order was delayed for a long time.,Negative,2026-03-20 08:00:00,order delayed long time,-0.2263,Negative,Negative,True,True
REV001067,O042206,C04213,R0272,5,Fast delivery and great packaging.,Positive,2026-02-14 01:00:00,fast delivery great packaging,0.6249,Positive,Positive,True,True
REV027996,O008253,C04543,R0087,3,The food was acceptable.,Neutral,2026-02-22 01:00:00,food acceptable,0.3182,Positive,Neutral,True,False
REV029886,O042916,C02547,R0051,1,The food arrived cold.,Negative,2026-01-11 11:00:00,food arrived cold,0.0,Neutral,Negative,True,False
REV007193,O024321,C02242,R0019,1,The food was cold and the delivery was late.,Negative,2026-03-08 14:00:00,food cold delivery late,0.0,Neutral,Negative,True,False
REV002335,O049088,C00921,R0054,4,The food was cold and the delivery was late.,Negative,2026-03-12 12:00:00,food cold delivery late,0.0,Neutral,Negative,True,False
REV000699,O025574,C03638,R0012,2,The food was bland and disappointing.,Negative,2026-01-22 18:00:00,food bland disappointing,-0.4939,Negative,Negative,True,True
REV027167,O010774,C00116,R0235,4,Fast delivery and great packaging.,Positive,2026-02-16 22:00:00,fast delivery great packaging,0.6249,Positive,Positive,True,True
REV003624,O001834,C01849,R0296,5,Excellent experience from start to finish.,Positive,2026-04-05 06:00:00,excellent experience start finish,0.5719,Positive,Positive,True,True
REV022469,O002231,C03669,R0208,2,The food arrived cold.,Negative,2026-04-17 04:00:00,food arrived cold,0.0,Neutral,Negative,True,False
REV012046,O025026,C00494,R0221,5,Delivery was fast and the food arrived hot.,Positive,2026-02-08 01:00:00,delivery fast food arrived hot,0.0,Neutral,Positive,True,False
REV022728,O047400,C00616,R0059,4,Fast delivery and great packaging.,Positive,2026-06-30 22:00:00,fast delivery great packaging,0.6249,Positive,Positive,True,True
REV005008,O042986,C04613,R0024,1,The food was cold and the delivery was late.,Negative,2026-06-16 09:00:00,food cold delivery late,0.0,Neutral,Negative,True,False
REV010481,O020991,C00191,R0260,1,The food arrived cold.,Negative,2026-01-24 20:00:00,food arrived cold,0.0,Neutral,Negative,True,False
REV003190,O011213,C03358,R0026,5,The food was delicious and fresh.,Positive,2026-06-07 09:00:00,food delicious fresh,0.7184,Positive,Positive,True,True
REV015457,O034740,C04279,R0057,3,The food was okay.,Neutral,2026-04-24 22:00:00,food okay,0.2263,Positive,Neutral,True,False
REV005623,O048282,C02628,R0072,4,Excellent experience from start to finish.,Positive,2026-03-06 15:00:00,excellent experience start finish,0.5719,Positive,Positive,True,True
REV022328,O008101,C02355,R0117,1,My order was missing an item.,Negative,2026-05-06 23:00:00,order missing item,-0.296,Negative,Negative,True,True
REV015926,O027945,C00913,R0229,5,The food was fresh and flavorful.,Positive,2026-05-05 01:00:00,food fresh flavorful,0.3182,Positive,Positive,True,True
REV026033,O016702,C00869,R0233,4,Really tasty food with generous portions.,Positive,2026-06-26 06:00:00,really tasty food generous portion,0.5106,Positive,Positive,True,True
REV020474,O008116,C01374,R0148,4,Everything was perfect and well packed.,Positive,2026-05-29 19:00:00,everything perfect well packed,0.7003,Positive,Positive,True,True
REV011237,O029153,C01147,R0216,4,Fast delivery and great packaging.,Positive,2026-04-25 19:00:00,fast delivery great packaging,0.6249,Positive,Positive,True,True
REV020390,O029155,C02320,R0136,3,Average experience.,Neutral,2026-05-17 02:00:00,average experience,0.0,Neutral,Neutral,True,True
REV014146,O003573,C04152,R0155,4,Amazing food and excellent quality.,Positive,2026-04-08 01:00:00,amazing food excellent quality,0.8176,Positive,Positive,True,True
REV004749,O033882,C03523,R0222,1,The food was cold and the delivery was late.,Negative,2026-01-16 08:00:00,food cold delivery late,0.0,Neutral,Negative,True,False
REV003291,O029403,C01832,R0164,4,Excellent experience from start to finish.,Positive,2026-06-16 21:00:00,excellent experience start finish,0.5719,Positive,Positive,True,True
REV016358,O028259,C04170,R0104,4,Fast delivery and great packaging.,Positive,2026-01-04 18:00:00,fast delivery great packaging,0.6249,Positive,Positive,True,True
REV012981,O009591,C02766,R0255,5,Everything was perfect and well packed.,Positive,2026-04-16 22:00:00,everything perfect well packed,0.7003,Positive,Positive,True,True
REV021680,O023303,C01426,R0197,5,The food was delicious and fresh.,Positive,2026-02-16 02:00:00,food delicious fresh,0.7184,Positive,Positive,True,True
REV026426,O001177,C04287,R0060,2,The food arrived cold.,Negative,2026-01-21 00:00:00,food arrived cold,0.0,Neutral,Negative,True,False
REV008937,O006942,C04025,R0118,1,The order was delayed for a long time.,Negative,2026-02-08 10:00:00,order delayed long time,-0.2263,Negative,Negative,True,True
REV015148,O008291,C00122,R0154,4,Delivery was fast and the food arrived hot.,Positive,2026-05-15 20:00:00,delivery fast food arrived hot,0.0,Neutral,Positive,True,False
REV029014,O016176,C03730,R0290,1,The food arrived cold.,Negative,2026-01-20 20:00:00,food arrived cold,0.0,Neutral,Negative,True,False
REV025514,O035752,C04490,R0059,3,Food quality was average.,Neutral,2026-01-03 01:00:00,food quality average,0.0,Neutral,Neutral,True,True
REV025301,O000957,C04789,R0019,4,Excellent experience from start to finish.,Positive,2026-03-04 15:00:00,excellent experience start finish,0.5719,Positive,Positive,True,True
REV004501,O003953,C03117,R0131,3,Food quality was average.,Neutral,2026-04-19 14:00:00,food quality average,0.0,Neutral,Neutral,True,True
REV020023,O021899,C02401,R0229,1,The food was bland and disappointing.,Negative,2026-05-05 13:00:00,food bland disappointing,-0.4939,Negative,Negative,True,True
REV026519,O031843,C04038,R0099,4,Great quality and very good service.,Positive,2026-04-12 22:00:00,great quality good service,0.807,Positive,Positive,True,True
REV010431,O044893,C01272,R0111,3,The experience was fine.,Neutral,2026-03-09 11:00:00,experience fine,0.2023,Positive,Neutral,True,False
REV014829,O031976,C04049,R0184,3,The experience was fine.,Neutral,2026-05-17 15:00:00,experience fine,0.2023,Positive,Neutral,True,False
REV029530,O003658,C01969,R0114,4,Amazing food and excellent quality.,Positive,2026-05-21 22:00:00,amazing food excellent quality,0.8176,Positive,Positive,True,True
REV024924,O026675,C04076,R0190,4,The food was delicious and fresh.,Positive,2026-06-03 19:00:00,food delicious fresh,0.7184,Positive,Positive,True,True
REV019071,O038463,C04433,R0166,5,Fast delivery and great packaging.,Positive,2026-06-16 21:00:00,fast delivery great packaging,0.6249,Positive,Positive,True,True
REV002043,O018173,C00185,R0053,2,The food arrived cold.,Negative,2026-02-12 10:00:00,food arrived cold,0.0,Neutral,Negative,True,False
REV018006,O012756,C04773,R0038,4,The food was cold and the delivery was late.,Negative,2026-02-25 21:00:00,food cold delivery late,0.0,Neutral,Negative,True,False
REV024270,O043402,C04926,R0110,5,Great quality and very good service.,Positive,2026-02-18 00:00:00,great quality good service,0.807,Positive,Positive,True,True
REV023383,O046249,C03696,R0214,4,Delivery was fast and the food arrived hot.,Positive,2026-03-20 14:00:00,delivery fast food arrived hot,0.0,Neutral,Positive,True,False
REV023928,O034806,C00364,R0163,5,Really tasty food with generous portions.,Positive,2026-06-10 19:00:00,really tasty food generous portion,0.5106,Positive,Positive,True,True
REV014485,O011263,C02263,R0151,3,The food was fresh and flavorful.,Positive,2026-05-10 18:00:00,food fresh flavorful,0.3182,Positive,Positive,True,True
REV003029,O000285,C00821,R0038,5,The order arrived quickly and everything was hot.,Positive,2026-05-12 16:00:00,order arrived quickly everything hot,0.0,Neutral,Positive,True,False
REV009447,O015661,C03697,R0121,5,Really tasty food with generous portions.,Positive,2026-01-20 06:00:00,really tasty food generous portion,0.5106,Positive,Positive,True,True
REV002656,O009255,C00404,R0080,5,Great quality and very good service.,Positive,2026-03-02 08:00:00,great quality good service,0.807,Positive,Positive,True,True
REV023213,O031568,C04389,R0286,1,The order was delayed for a long time.,Negative,2026-01-18 19:00:00,order delayed long time,-0.2263,Negative,Negative,True,True
REV027036,O023886,C03762,R0170,5,Great quality and very good service.,Positive,2026-04-02 23:00:00,great quality good service,0.807,Positive,Positive,True,True
REV025368,O002524,C03033,R0234,5,The food was fresh and flavorful.,Positive,2026-03-13 06:00:00,food fresh flavorful,0.3182,Positive,Positive,True,True
REV024881,O001445,C04090,R0212,4,Great quality and very good service.,Positive,2026-01-24 09:00:00,great quality good service,0.807,Positive,Positive,True,True
REV012595,O033505,C01698,R0032,5,Everything was perfect and well packed.,Positive,2026-04-07 22:00:00,everything perfect well packed,0.7003,Positive,Positive,True,True
REV020598,O002121,C03201,R0201,3,It was an ordinary experience.,Neutral,2026-04-12 17:00:00,ordinary experience,0.0,Neutral,Neutral,True,True
REV017243,O045186,C01224,R0017,4,Delivery was fast and the food arrived hot.,Positive,2026-04-24 10:00:00,delivery fast food arrived hot,0.0,Neutral,Positive,True,False
REV029004,O025512,C02367,R0118,4,The order arrived quickly and everything was hot.,Positive,2026-01-24 18:00:00,order arrived quickly everything hot,0.0,Neutral,Positive,True,False
REV017840,O001717,C02372,R0259,4,Delivery was fast and the food arrived hot.,Positive,2026-03-14 21:00:00,delivery fast food arrived hot,0.0,Neutral,Positive,True,False
REV019313,O046784,C01181,R0284,4,Excellent experience from start to finish.,Positive,2026-03-19 22:00:00,excellent experience start finish,0.5719,Positive,Positive,True,True
REV027706,O036003,C01307,R0018,5,The order arrived quickly and everything was hot.,Positive,2026-03-04 09:00:00,order arrived quickly everything hot,0.0,Neutral,Positive,True,False
REV002041,O041610,C01897,R0099,5,The food was fresh and flavorful.,Positive,2026-04-05 21:00:00,food fresh flavorful,0.3182,Positive,Positive,True,True
REV022441,O042639,C01902,R0281,5,Fast delivery and great packaging.,Positive,2026-03-17 00:00:00,fast delivery great packaging,0.6249,Positive,Positive,True,True
REV020386,O029020,C02664,R0271,5,Fast delivery and great packaging.,Positive,2026-05-19 06:00:00,fast delivery great packaging,0.6249,Positive,Positive,True,True
REV016657,O016818,C04063,R0142,5,Everything was perfect and well packed.,Positive,2026-05-10 05:00:00,everything perfect well packed,0.7003,Positive,Positive,True,True
REV026704,O042365,C02670,R0090,4,The order arrived quickly and everything was hot.,Positive,2026-01-06 23:00:00,order arrived quickly everything hot,0.0,Neutral,Positive,True,False
REV017248,O023398,C02408,R0024,3,Amazing food and excellent quality.,Positive,2026-01-19 23:00:00,amazing food excellent quality,0.8176,Positive,Positive,True,True
REV024706,O043344,C03660,R0109,5,Everything was perfect and well packed.,Positive,2026-04-07 17:00:00,everything perfect well packed,0.7003,Positive,Positive,True,True
REV011473,O038805,C01429,R0089,3,The food was cold and the delivery was late.,Negative,2026-04-19 06:00:00,food cold delivery late,0.0,Neutral,Negative,True,False
REV009320,O002048,C04753,R0169,4,The food was delicious and fresh.,Positive,2026-03-08 00:00:00,food delicious fresh,0.7184,Positive,Positive,True,True
REV007674,O042462,C01346,R0040,3,Average experience.,Neutral,2026-02-25 00:00:00,average experience,0.0,Neutral,Neutral,True,True
REV021824,O044841,C03028,R0114,4,Great quality and very good service.,Positive,2026-05-08 13:00:00,great quality good service,0.807,Positive,Positive,True,True
REV018189,O026312,C03026,R0267,3,The experience was fine.,Neutral,2026-02-08 01:00:00,experience fine,0.2023,Positive,Neutral,True,False
REV019840,O021728,C03464,R0215,5,Amazing food and excellent quality.,Positive,2026-01-17 07:00:00,amazing food excellent quality,0.8176,Positive,Positive,True,True
REV003461,O024189,C04257,R0087,5,Excellent experience from start to finish.,Positive,2026-04-03 21:00:00,excellent experience start finish,0.5719,Positive,Positive,True,True
REV006956,O031978,C00932,R0255,4,The order arrived quickly and everything was hot.,Positive,2026-02-23 09:00:00,order arrived quickly everything hot,0.0,Neutral,Positive,True,False
REV019287,O019493,C00849,R0275,4,The order took too long to arrive.,Negative,2026-06-11 14:00:00,order took long arrive,0.0,Neutral,Negative,True,False
REV026121,O030635,C02853,R0162,5,The food was fresh and flavorful.,Positive,2026-02-13 02:00:00,food fresh flavorful,0.3182,Positive,Positive,True,True
REV017569,O011919,C02072,R0268,4,Great quality and very good service.,Positive,2026-02-04 07:00:00,great quality good service,0.807,Positive,Positive,True,True
REV015609,O048285,C00918,R0148,4,The order arrived quickly and everything was hot.,Positive,2026-03-30 18:00:00,order arrived quickly everything hot,0.0,Neutral,Positive,True,False
REV029873,O032437,C03686,R0173,5,The order was delayed for a long time.,Negative,2026-04-27 16:00:00,order delayed long time,-0.2263,Negative,Negative,True,True
REV022510,O006389,C01275,R0086,1,My order was missing an item.,Negative,2026-03-22 00:00:00,order missing item,-0.296,Negative,Negative,True,True
REV008428,O007281,C03609,R0054,5,The order arrived quickly and everything was hot.,Positive,2026-06-16 19:00:00,order arrived quickly everything hot,0.0,Neutral,Positive,True,False
REV014738,O040145,C01280,R0178,3,The food was okay.,Neutral,2026-01-14 03:00:00,food okay,0.2263,Positive,Neutral,True,False
REV023924,O016191,C01222,R0215,4,The food was fresh and flavorful.,Positive,2026-02-13 00:00:00,food fresh flavorful,0.3182,Positive,Positive,True,True
REV013911,O000956,C03018,R0276,5,Amazing food and excellent quality.,Positive,2026-06-06 23:00:00,amazing food excellent quality,0.8176,Positive,Positive,True,True
REV018552,O012810,C01588,R0022,4,The food was delicious and fresh.,Positive,2026-02-28 00:00:00,food delicious fresh,0.7184,Positive,Positive,True,True
REV000632,O035598,C04986,R0064,3,The order arrived quickly and everything was hot.,Positive,2026-01-04 15:00:00,order arrived quickly everything hot,0.0,Neutral,Positive,True,False
REV024880,O045527,C02809,R0011,4,The food was delicious and fresh.,Positive,2026-03-05 21:00:00,food delicious fresh,0.7184,Positive,Positive,True,True
REV017445,O005583,C00220,R0219,2,The food was bland and disappointing.,Negative,2026-02-02 07:00:00,food bland disappointing,-0.4939,Negative,Negative,True,True
REV006773,O021287,C03597,R0291,1,The order was delayed for a long time.,Negative,2026-06-03 09:00:00,order delayed long time,-0.2263,Negative,Negative,True,True
REV026777,O014021,C01145,R0177,4,The order arrived quickly and everything was hot.,Positive,2026-05-06 17:00:00,order arrived quickly everything hot,0.0,Neutral,Positive,True,False
REV022915,O034235,C02035,R0239,3,Overall it was satisfactory.,Neutral,2026-05-21 22:00:00,overall satisfactory,0.3612,Positive,Neutral,True,False
REV003043,O040149,C03014,R0115,3,It was an ordinary experience.,Neutral,2026-03-17 10:00:00,ordinary experience,0.0,Neutral,Neutral,True,True
REV020185,O016587,C03320,R0063,4,Delivery was fast and the food arrived hot.,Positive,2026-03-18 11:00:00,delivery fast food arrived hot,0.0,Neutral,Positive,True,False
REV029937,O035078,C03019,R0205,3,The packaging was damaged.,Negative,2026-06-30 13:00:00,packaging damaged,-0.4404,Negative,Negative,True,True
REV002195,O019689,C04078,R0067,3,Average experience.,Neutral,2026-01-02 03:00:00,average experience,0.0,Neutral,Neutral,True,True
REV016681,O045801,C02560,R0167,3,Average experience.,Neutral,2026-02-22 19:00:00,average experience,0.0,Neutral,Neutral,True,True
REV015175,O014937,C00827,R0163,5,Fast delivery and great packaging.,Positive,2026-03-23 00:00:00,fast delivery great packaging,0.6249,Positive,Positive,True,True
REV000561,O042546,C04295,R0094,4,Really tasty food with generous portions.,Positive,2026-06-26 23:00:00,really tasty food generous portion,0.5106,Positive,Positive,True,True
REV003326,O008557,C04221,R0030,4,Really tasty food with generous portions.,Positive,2026-06-21 06:00:00,really tasty food generous portion,0.5106,Positive,Positive,True,True
REV004523,O006600,C03861,R0019,3,Nothing special about the order.,Neutral,2026-05-02 23:00:00,nothing special order,-0.3089,Negative,Neutral,True,False
REV007483,O046010,C02703,R0168,3,It was an ordinary experience.,Neutral,2026-03-11 20:00:00,ordinary experience,0.0,Neutral,Neutral,True,True
REV028628,O016596,C04206,R0286,3,Average experience.,Neutral,2026-04-05 05:00:00,average experience,0.0,Neutral,Neutral,True,True
REV012858,O012931,C00809,R0184,3,The order took too long to arrive.,Negative,2026-04-20 19:00:00,order took long arrive,0.0,Neutral,Negative,True,False
REV025685,O047635,C02501,R0038,4,Really tasty food with generous portions.,Positive,2026-05-25 09:00:00,really tasty food generous portion,0.5106,Positive,Positive,True,True
REV013376,O029871,C01952,R0083,2,The delivery was very late.,Negative,2026-02-23 04:00:00,delivery late,0.0,Neutral,Negative,True,False
REV002851,O014774,C02302,R0253,4,The food was delicious and fresh.,Positive,2026-06-23 22:00:00,food delicious fresh,0.7184,Positive,Positive,True,True
REV006076,O004285,C03803,R0100,5,Delivery was fast and the food arrived hot.,Positive,2026-01-15 03:00:00,delivery fast food arrived hot,0.0,Neutral,Positive,True,False
REV019053,O016429,C03767,R0238,4,Great quality and very good service.,Positive,2026-04-28 04:00:00,great quality good service,0.807,Positive,Positive,True,True
REV007450,O041002,C03641,R0093,5,Really tasty food with generous portions.,Positive,2026-05-10 16:00:00,really tasty food generous portion,0.5106,Positive,Positive,True,True
REV005798,O017302,C01873,R0123,4,The food was delicious and fresh.,Positive,2026-05-20 15:00:00,food delicious fresh,0.7184,Positive,Positive,True,True
REV023156,O001836,C00168,R0289,4,Everything was perfect and well packed.,Positive,2026-01-26 12:00:00,everything perfect well packed,0.7003,Positive,Positive,True,True
REV025237,O038380,C03326,R0225,5,Amazing food and excellent quality.,Positive,2026-04-01 06:00:00,amazing food excellent quality,0.8176,Positive,Positive,True,True
REV027334,O029722,C03615,R0244,5,Amazing food and excellent quality.,Positive,2026-03-01 07:00:00,amazing food excellent quality,0.8176,Positive,Positive,True,True
REV017916,O029590,C00060,R0138,3,The delivery was very late.,Negative,2026-05-10 20:00:00,delivery late,0.0,Neutral,Negative,True,False
REV004313,O032428,C04038,R0102,5,Really tasty food with generous portions.,Positive,2026-06-30 09:00:00,really tasty food generous portion,0.5106,Positive,Positive,True,True
REV027746,O005847,C00503,R0040,5,Amazing food and excellent quality.,Positive,2026-03-10 03:00:00,amazing food excellent quality,0.8176,Positive,Positive,True,True
REV003808,O025691,C01447,R0272,4,Really tasty food with generous portions.,Positive,2026-06-21 15:00:00,really tasty food generous portion,0.5106,Positive,Positive,True,True
REV009223,O007107,C02441,R0093,4,Really tasty food with generous portions.,Positive,2026-05-03 05:00:00,really tasty food generous portion,0.5106,Positive,Positive,True,True
REV001740,O022283,C04018,R0295,4,Really tasty food with generous portions.,Positive,2026-02-13 02:00:00,really tasty food generous portion,0.5106,Positive,Positive,True,True
REV008513,O023821,C04532,R0164,5,The food was delicious and fresh.,Positive,2026-02-28 15:00:00,food delicious fresh,0.7184,Positive,Positive,True,True
REV006520,O012715,C00076,R0162,5,Great quality and very good service.,Positive,2026-05-22 12:00:00,great quality good service,0.807,Positive,Positive,True,True
REV026890,O048761,C04893,R0108,5,The food was fresh and flavorful.,Positive,2026-05-19 02:00:00,food fresh flavorful,0.3182,Positive,Positive,True,True
REV025880,O041081,C02633,R0094,1,The order took too long to arrive.,Negative,2026-01-26 22:00:00,order took long arrive,0.0,Neutral,Negative,True,False
REV019291,O003469,C04516,R0064,3,Overall it was satisfactory.,Neutral,2026-01-12 08:00:00,overall satisfactory,0.3612,Positive,Neutral,True,False
REV023568,O004314,C00334,R0010,4,The order arrived quickly and everything was hot.,Positive,2026-04-27 21:00:00,order arrived quickly everything hot,0.0,Neutral,Positive,True,False
REV014368,O032315,C00612,R0218,5,The food was bland and disappointing.,Negative,2026-05-01 17:00:00,food bland disappointing,-0.4939,Negative,Negative,True,True
REV017281,O032154,C04982,R0085,2,The food was cold and the delivery was late.,Negative,2026-02-13 14:00:00,food cold delivery late,0.0,Neutral,Negative,True,False
REV013661,O019480,C01035,R0100,5,Very poor experience with the delivery.,Negative,2026-03-30 12:00:00,poor experience delivery,-0.5256,Negative,Negative,True,True
REV014787,O025187,C01607,R0126,3,The experience was fine.,Neutral,2026-05-25 17:00:00,experience fine,0.2023,Positive,Neutral,True,False
REV028124,O020602,C00482,R0186,4,The food was fresh and flavorful.,Positive,2026-06-12 15:00:00,food fresh flavorful,0.3182,Positive,Positive,True,True
REV020392,O033992,C00084,R0212,4,The food was fresh and flavorful.,Positive,2026-03-21 13:00:00,food fresh flavorful,0.3182,Positive,Positive,True,True
REV007638,O015775,C03680,R0124,5,Great quality and very good service.,Positive,2026-01-26 11:00:00,great quality good service,0.807,Positive,Positive,True,True
REV011095,O024160,C00459,R0048,5,The food was fresh and flavorful.,Positive,2026-03-25 08:00:00,food fresh flavorful,0.3182,Positive,Positive,True,True
REV013107,O013399,C04969,R0293,2,The delivery was very late.,Negative,2026-02-28 07:00:00,delivery late,0.0,Neutral,Negative,True,False
REV011386,O034398,C00681,R0090,4,Delivery was fast and the food arrived hot.,Positive,2026-05-02 05:00:00,delivery fast food arrived hot,0.0,Neutral,Positive,True,False
REV020724,O001819,C03562,R0300,4,Amazing food and excellent quality.,Positive,2026-03-28 23:00:00,amazing food excellent quality,0.8176,Positive,Positive,True,True
REV021746,O005668,C04990,R0101,5,Excellent experience from start to finish.,Positive,2026-04-13 22:00:00,excellent experience start finish,0.5719,Positive,Positive,True,True
REV012177,O011085,C00837,R0135,3,The food was okay.,Neutral,2026-02-03 23:00:00,food okay,0.2263,Positive,Neutral,True,False
REV006830,O043298,C00826,R0061,4,Amazing food and excellent quality.,Positive,2026-01-25 19:00:00,amazing food excellent quality,0.8176,Positive,Positive,True,True
REV004710,O047934,C04533,R0020,3,Fast delivery and great packaging.,Positive,2026-02-13 21:00:00,fast delivery great packaging,0.6249,Positive,Positive,True,True
REV014462,O034234,C00284,R0095,5,The order arrived quickly and everything was hot.,Positive,2026-04-20 00:00:00,order arrived quickly everything hot,0.0,Neutral,Positive,True,False
REV027076,O008661,C04293,R0195,2,My order was missing an item.,Negative,2026-02-08 12:00:00,order missing item,-0.296,Negative,Negative,True,True
REV019991,O020675,C03269,R0068,4,The order arrived quickly and everything was hot.,Positive,2026-02-20 18:00:00,order arrived quickly everything hot,0.0,Neutral,Positive,True,False
REV027035,O011205,C00903,R0097,5,Delivery was fast and the food arrived hot.,Positive,2026-05-19 20:00:00,delivery fast food arrived hot,0.0,Neutral,Positive,True,False
REV017177,O027560,C04097,R0195,4,Amazing food and excellent quality.,Positive,2026-06-28 16:00:00,amazing food excellent quality,0.8176,Positive,Positive,True,True
REV014613,O049895,C01802,R0277,4,Fast delivery and great packaging.,Positive,2026-03-27 19:00:00,fast delivery great packaging,0.6249,Positive,Positive,True,True
REV007778,O028349,C02647,R0067,4,Excellent experience from start to finish.,Positive,2026-03-14 19:00:00,excellent experience start finish,0.5719,Positive,Positive,True,True
REV014101,O016019,C04976,R0158,5,The order arrived quickly and everything was hot.,Positive,2026-05-30 11:00:00,order arrived quickly everything hot,0.0,Neutral,Positive,True,False
REV023836,O049502,C04761,R0159,2,The food was cold and the delivery was late.,Negative,2026-06-21 02:00:00,food cold delivery late,0.0,Neutral,Negative,True,False
REV013792,O040464,C03638,R0252,2,The food was bland and disappointing.,Negative,2026-06-29 02:00:00,food bland disappointing,-0.4939,Negative,Negative,True,True
REV027106,O012876,C03678,R0278,2,The delivery was very late.,Negative,2026-05-30 00:00:00,delivery late,0.0,Neutral,Negative,True,False
REV007940,O018029,C04637,R0054,1,I received the wrong item.,Negative,2026-06-14 17:00:00,received wrong item,-0.4767,Negative,Negative,True,True
REV002420,O012640,C03062,R0166,5,Fast delivery and great packaging.,Positive,2026-02-22 05:00:00,fast delivery great packaging,0.6249,Positive,Positive,True,True
REV016638,O015738,C02779,R0162,3,Really tasty food with generous portions.,Positive,2026-03-06 03:00:00,really tasty food generous portion,0.5106,Positive,Positive,True,True
REV002845,O034923,C04462,R0128,3,Nothing special about the order.,Neutral,2026-02-09 00:00:00,nothing special order,-0.3089,Negative,Neutral,True,False
REV019872,O023350,C00376,R0248,5,Really tasty food with generous portions.,Positive,2026-04-14 23:00:00,really tasty food generous portion,0.5106,Positive,Positive,True,True
REV017885,O043686,C04808,R0202,4,Delivery was fast and the food arrived hot.,Positive,2026-05-16 08:00:00,delivery fast food arrived hot,0.0,Neutral,Positive,True,False
REV004260,O018507,C03558,R0263,5,The order arrived quickly and everything was hot.,Positive,2026-02-10 15:00:00,order arrived quickly everything hot,0.0,Neutral,Positive,True,False
REV014890,O045505,C01959,R0234,1,The food was bland and disappointing.,Negative,2026-05-08 19:00:00,food bland disappointing,-0.4939,Negative,Negative,True,True
REV017069,O014958,C04606,R0103,3,Really tasty food with generous portions.,Positive,2026-05-12 16:00:00,really tasty food generous portion,0.5106,Positive,Positive,True,True
REV010487,O020392,C04637,R0111,3,The food was okay.,Neutral,2026-03-09 08:00:00,food okay,0.2263,Positive,Neutral,True,False
REV024557,O032285,C03210,R0126,4,The food was fresh and flavorful.,Positive,2026-04-13 13:00:00,food fresh flavorful,0.3182,Positive,Positive,True,True
REV005789,O026950,C02483,R0179,5,The food was delicious and fresh.,Positive,2026-02-19 17:00:00,food delicious fresh,0.7184,Positive,Positive,True,True
REV014711,O022132,C03558,R0017,4,Very poor experience with the delivery.,Negative,2026-07-01 03:00:00,poor experience delivery,-0.5256,Negative,Negative,True,True
REV011805,O048475,C01317,R0218,5,The food was cold and the delivery was late.,Negative,2026-01-07 13:00:00,food cold delivery late,0.0,Neutral,Negative,True,False
REV013008,O047611,C03456,R0110,4,The order arrived quickly and everything was hot.,Positive,2026-05-15 07:00:00,order arrived quickly everything hot,0.0,Neutral,Positive,True,False
REV011126,O012658,C00439,R0126,2,The delivery was very late.,Negative,2026-05-26 03:00:00,delivery late,0.0,Neutral,Negative,True,False
REV020292,O013182,C00847,R0136,5,Everything was perfect and well packed.,Positive,2026-06-14 02:00:00,everything perfect well packed,0.7003,Positive,Positive,True,True
REV019737,O026708,C00763,R0201,3,The food was cold and the delivery was late.,Negative,2026-02-24 04:00:00,food cold delivery late,0.0,Neutral,Negative,True,False
REV017486,O018103,C01886,R0049,3,Great quality and very good service.,Positive,2026-06-27 17:00:00,great quality good service,0.807,Positive,Positive,True,True
REV017575,O016781,C01820,R0299,4,The food was delicious and fresh.,Positive,2026-05-08 22:00:00,food delicious fresh,0.7184,Positive,Positive,True,True
REV013426,O022520,C03431,R0163,5,The order arrived quickly and everything was hot.,Positive,2026-01-20 08:00:00,order arrived quickly everything hot,0.0,Neutral,Positive,True,False
REV023649,O011076,C01486,R0300,4,Excellent experience from start to finish.,Positive,2026-03-27 01:00:00,excellent experience start finish,0.5719,Positive,Positive,True,True
REV009340,O035206,C01237,R0044,5,Delivery was fast and the food arrived hot.,Positive,2026-05-09 14:00:00,delivery fast food arrived hot,0.0,Neutral,Positive,True,False
REV022433,O014520,C03365,R0055,4,The food was fresh and flavorful.,Positive,2026-06-25 22:00:00,food fresh flavorful,0.3182,Positive,Positive,True,True
REV016935,O028493,C04418,R0046,2,The food was bland and disappointing.,Negative,2026-06-25 05:00:00,food bland disappointing,-0.4939,Negative,Negative,True,True
REV027477,O030671,C01584,R0203,3,Food quality was average.,Neutral,2026-01-30 09:00:00,food quality average,0.0,Neutral,Neutral,True,True
REV019921,O033799,C03823,R0079,4,Delivery was fast and the food arrived hot.,Positive,2026-02-23 21:00:00,delivery fast food arrived hot,0.0,Neutral,Positive,True,False
REV010520,O015829,C02812,R0152,4,Excellent experience from start to finish.,Positive,2026-02-05 13:00:00,excellent experience start finish,0.5719,Positive,Positive,True,True
REV006197,O048653,C04108,R0043,5,Everything was perfect and well packed.,Positive,2026-05-26 23:00:00,everything perfect well packed,0.7003,Positive,Positive,True,True
REV026652,O009280,C04869,R0225,5,Great quality and very good service.,Positive,2026-02-01 18:00:00,great quality good service,0.807,Positive,Positive,True,True
REV028359,O003919,C02359,R0090,3,Overall it was satisfactory.,Neutral,2026-03-21 03:00:00,overall satisfactory,0.3612,Positive,Neutral,True,False
REV025172,O029689,C00979,R0119,5,The food was delicious and fresh.,Positive,2026-03-20 00:00:00,food delicious fresh,0.7184,Positive,Positive,True,True
REV003636,O016017,C03005,R0160,4,Fast delivery and great packaging.,Positive,2026-02-05 10:00:00,fast delivery great packaging,0.6249,Positive,Positive,True,True
REV023316,O025869,C04426,R0011,5,Excellent experience from start to finish.,Positive,2026-01-18 05:00:00,excellent experience start finish,0.5719,Positive,Positive,True,True
REV010386,O031113,C02923,R0260,3,Nothing special about the order.,Neutral,2026-04-30 04:00:00,nothing special order,-0.3089,Negative,Neutral,True,False
REV028574,O007324,C00516,R0082,3,Nothing special about the order.,Neutral,2026-06-25 02:00:00,nothing special order,-0.3089,Negative,Neutral,True,False
REV024043,O044726,C00769,R0268,5,Fast delivery and great packaging.,Positive,2026-02-07 17:00:00,fast delivery great packaging,0.6249,Positive,Positive,True,True
REV012785,O021908,C03454,R0147,4,Great quality and very good service.,Positive,2026-01-29 21:00:00,great quality good service,0.807,Positive,Positive,True,True
REV011048,O002490,C03921,R0142,4,Amazing food and excellent quality.,Positive,2026-02-17 17:00:00,amazing food excellent quality,0.8176,Positive,Positive,True,True
REV022111,O025771,C04371,R0119,5,Excellent experience from start to finish.,Positive,2026-05-21 04:00:00,excellent experience start finish,0.5719,Positive,Positive,True,True
REV025336,O048130,C04638,R0064,4,The order arrived quickly and everything was hot.,Positive,2026-02-09 01:00:00,order arrived quickly everything hot,0.0,Neutral,Positive,True,False
REV027928,O043816,C01943,R0256,2,The delivery was very late.,Negative,2026-04-13 09:00:00,delivery late,0.0,Neutral,Negative,True,False
REV027728,O043073,C04439,R0176,2,The packaging was damaged.,Negative,2026-06-29 16:00:00,packaging damaged,-0.4404,Negative,Negative,True,True
REV029809,O027292,C00975,R0080,2,I received the wrong item.,Negative,2026-04-10 11:00:00,received wrong item,-0.4767,Negative,Negative,True,True
REV028348,O027855,C04503,R0166,5,Everything was perfect and well packed.,Positive,2026-01-24 16:00:00,everything perfect well packed,0.7003,Positive,Positive,True,True
REV008495,O039601,C04618,R0029,3,The food was decent.,Neutral,2026-05-04 22:00:00,food decent,0.0,Neutral,Neutral,True,True
REV008040,O037861,C03200,R0184,1,The order took too long to arrive.,Negative,2026-04-17 04:00:00,order took long arrive,0.0,Neutral,Negative,True,False
REV025975,O014808,C00532,R0284,2,Very poor experience with the delivery.,Negative,2026-05-31 06:00:00,poor experience delivery,-0.5256,Negative,Negative,True,True
REV018685,O018320,C02378,R0150,4,Delivery was fast and the food arrived hot.,Positive,2026-01-12 17:00:00,delivery fast food arrived hot,0.0,Neutral,Positive,True,False
REV020664,O011512,C01853,R0012,4,Amazing food and excellent quality.,Positive,2026-04-05 14:00:00,amazing food excellent quality,0.8176,Positive,Positive,True,True
REV011300,O044290,C03928,R0018,4,Fast delivery and great packaging.,Positive,2026-06-25 20:00:00,fast delivery great packaging,0.6249,Positive,Positive,True,True
REV006466,O033982,C04799,R0203,3,The experience was fine.,Neutral,2026-01-11 21:00:00,experience fine,0.2023,Positive,Neutral,True,False
REV003071,O009819,C03370,R0255,5,Delivery was fast and the food arrived hot.,Positive,2026-03-23 05:00:00,delivery fast food arrived hot,0.0,Neutral,Positive,True,False
REV002572,O002033,C01964,R0075,3,Average experience.,Neutral,2026-04-09 09:00:00,average experience,0.0,Neutral,Neutral,True,True
REV018052,O001665,C03847,R0211,3,Average experience.,Neutral,2026-01-25 20:00:00,average experience,0.0,Neutral,Neutral,True,True
REV004162,O040588,C00018,R0207,5,Amazing food and excellent quality.,Positive,2026-01-25 06:00:00,amazing food excellent quality,0.8176,Positive,Positive,True,True
REV000221,O001546,C02566,R0195,5,Everything was perfect and well packed.,Positive,2026-01-19 05:00:00,everything perfect well packed,0.7003,Positive,Positive,True,True
REV001482,O026146,C01324,R0099,5,The food was fresh and flavorful.,Positive,2026-04-04 18:00:00,food fresh flavorful,0.3182,Positive,Positive,True,True
REV019236,O031517,C04017,R0237,5,Fast delivery and great packaging.,Positive,2026-03-24 18:00:00,fast delivery great packaging,0.6249,Positive,Positive,True,True
REV019687,O015796,C02989,R0095,3,Food quality was average.,Neutral,2026-04-15 07:00:00,food quality average,0.0,Neutral,Neutral,True,True
REV018546,O001512,C03362,R0103,4,Everything was perfect and well packed.,Positive,2026-03-31 05:00:00,everything perfect well packed,0.7003,Positive,Positive,True,True
REV006980,O034735,C04062,R0193,5,Excellent experience from start to finish.,Positive,2026-02-01 16:00:00,excellent experience start finish,0.5719,Positive,Positive,True,True
REV016701,O007083,C01739,R0289,2,Very poor experience with the delivery.,Negative,2026-04-24 06:00:00,poor experience delivery,-0.5256,Negative,Negative,True,True
REV014670,O035159,C02315,R0134,4,The order arrived quickly and everything was hot.,Positive,2026-05-27 01:00:00,order arrived quickly everything hot,0.0,Neutral,Positive,True,False
REV024605,O025046,C01193,R0036,5,Fast delivery and great packaging.,Positive,2026-06-25 07:00:00,fast delivery great packaging,0.6249,Positive,Positive,True,True
REV019814,O036467,C04566,R0175,4,Great quality and very good service.,Positive,2026-06-21 23:00:00,great quality good service,0.807,Positive,Positive,True,True
REV028787,O007118,C01915,R0139,4,The food was fresh and flavorful.,Positive,2026-02-02 13:00:00,food fresh flavorful,0.3182,Positive,Positive,True,True
REV004734,O031376,C00688,R0296,3,Nothing special about the order.,Neutral,2026-06-26 16:00:00,nothing special order,-0.3089,Negative,Neutral,True,False
REV016272,O032568,C02912,R0170,3,It was an ordinary experience.,Neutral,2026-05-18 14:00:00,ordinary experience,0.0,Neutral,Neutral,True,True
REV012791,O046464,C02869,R0257,4,Delivery was fast and the food arrived hot.,Positive,2026-04-06 17:00:00,delivery fast food arrived hot,0.0,Neutral,Positive,True,False
REV002274,O023670,C03306,R0013,5,The order arrived quickly and everything was hot.,Positive,2026-07-01 01:00:00,order arrived quickly everything hot,0.0,Neutral,Positive,True,False
REV003865,O007149,C04454,R0122,5,Fast delivery and great packaging.,Positive,2026-05-31 07:00:00,fast delivery great packaging,0.6249,Positive,Positive,True,True
REV005813,O048642,C04889,R0190,5,The order arrived quickly and everything was hot.,Positive,2026-01-25 04:00:00,order arrived quickly everything hot,0.0,Neutral,Positive,True,False
REV004265,O006660,C02494,R0239,4,Delivery was fast and the food arrived hot.,Positive,2026-01-16 16:00:00,delivery fast food arrived hot,0.0,Neutral,Positive,True,False
REV016477,O024181,C00561,R0046,3,The food arrived cold.,Negative,2026-01-05 20:00:00,food arrived cold,0.0,Neutral,Negative,True,False
REV003486,O011176,C04446,R0038,4,The food was delicious and fresh.,Positive,2026-04-17 20:00:00,food delicious fresh,0.7184,Positive,Positive,True,True
REV018083,O048214,C00941,R0168,4,Great quality and very good service.,Positive,2026-01-04 07:00:00,great quality good service,0.807,Positive,Positive,True,True
REV020511,O035847,C01671,R0230,4,Amazing food and excellent quality.,Positive,2026-02-04 11:00:00,amazing food excellent quality,0.8176,Positive,Positive,True,True
REV016173,O016551,C03843,R0095,5,Excellent experience from start to finish.,Positive,2026-05-03 04:00:00,excellent experience start finish,0.5719,Positive,Positive,True,True
REV010567,O013761,C03243,R0251,1,The food was cold and the delivery was late.,Negative,2026-03-09 14:00:00,food cold delivery late,0.0,Neutral,Negative,True,False
REV022017,O040685,C02408,R0152,5,Great quality and very good service.,Positive,2026-04-20 04:00:00,great quality good service,0.807,Positive,Positive,True,True
REV020459,O033579,C03550,R0005,4,I received the wrong item.,Negative,2026-05-11 10:00:00,received wrong item,-0.4767,Negative,Negative,True,True
REV028476,O028336,C02196,R0109,3,The food was acceptable.,Neutral,2026-03-17 17:00:00,food acceptable,0.3182,Positive,Neutral,True,False
REV014349,O020205,C03975,R0266,4,The food was fresh and flavorful.,Positive,2026-01-21 00:00:00,food fresh flavorful,0.3182,Positive,Positive,True,True
REV029983,O000798,C03636,R0066,2,The food arrived cold.,Negative,2026-03-26 17:00:00,food arrived cold,0.0,Neutral,Negative,True,False
REV015727,O030950,C03475,R0132,3,The food was bland and disappointing.,Negative,2026-02-21 16:00:00,food bland disappointing,-0.4939,Negative,Negative,True,True
REV004488,O012558,C03420,R0296,5,The food was delicious and fresh.,Positive,2026-05-22 08:00:00,food delicious fresh,0.7184,Positive,Positive,True,True
REV016326,O007595,C04676,R0194,4,Everything was perfect and well packed.,Positive,2026-03-04 08:00:00,everything perfect well packed,0.7003,Positive,Positive,True,True
REV022706,O001957,C00394,R0032,2,The order was delayed for a long time.,Negative,2026-06-07 11:00:00,order delayed long time,-0.2263,Negative,Negative,True,True
REV014075,O003236,C02393,R0099,5,Amazing food and excellent quality.,Positive,2026-04-21 09:00:00,amazing food excellent quality,0.8176,Positive,Positive,True,True
REV004819,O045398,C00962,R0086,4,Amazing food and excellent quality.,Positive,2026-01-26 08:00:00,amazing food excellent quality,0.8176,Positive,Positive,True,True
REV007362,O042690,C01040,R0168,3,Food quality was average.,Neutral,2026-03-28 03:00:00,food quality average,0.0,Neutral,Neutral,True,True
REV019758,O001483,C01490,R0023,4,Amazing food and excellent quality.,Positive,2026-01-24 12:00:00,amazing food excellent quality,0.8176,Positive,Positive,True,True
REV024090,O047092,C03754,R0136,4,Everything was perfect and well packed.,Positive,2026-06-03 01:00:00,everything perfect well packed,0.7003,Positive,Positive,True,True
REV015902,O026305,C03553,R0062,5,Great quality and very good service.,Positive,2026-04-12 02:00:00,great quality good service,0.807,Positive,Positive,True,True
REV013081,O016969,C02151,R0093,4,Everything was perfect and well packed.,Positive,2026-01-04 04:00:00,everything perfect well packed,0.7003,Positive,Positive,True,True
REV006729,O042135,C04608,R0225,4,Amazing food and excellent quality.,Positive,2026-03-17 20:00:00,amazing food excellent quality,0.8176,Positive,Positive,True,True
REV009409,O015055,C04849,R0097,1,The food was cold and the delivery was late.,Negative,2026-01-30 06:00:00,food cold delivery late,0.0,Neutral,Negative,True,False
REV009456,O019509,C02736,R0226,4,Great quality and very good service.,Positive,2026-03-26 10:00:00,great quality good service,0.807,Positive,Positive,True,True
REV026505,O020465,C00103,R0218,5,The order arrived quickly and everything was hot.,Positive,2026-06-01 12:00:00,order arrived quickly everything hot,0.0,Neutral,Positive,True,False
REV004674,O040282,C03365,R0201,4,Delivery was fast and the food arrived hot.,Positive,2026-06-18 09:00:00,delivery fast food arrived hot,0.0,Neutral,Positive,True,False
REV015067,O046665,C00406,R0101,4,Delivery was fast and the food arrived hot.,Positive,2026-04-16 02:00:00,delivery fast food arrived hot,0.0,Neutral,Positive,True,False
REV028631,O005851,C03533,R0022,1,The order arrived quickly and everything was hot.,Positive,2026-02-04 15:00:00,order arrived quickly everything hot,0.0,Neutral,Positive,True,False
REV022911,O027810,C01791,R0258,5,The order arrived quickly and everything was hot.,Positive,2026-06-25 12:00:00,order arrived quickly everything hot,0.0,Neutral,Positive,True,False
REV020699,O007496,C01914,R0127,3,The food was decent.,Neutral,2026-04-12 03:00:00,food decent,0.0,Neutral,Neutral,True,True
REV023817,O013401,C02693,R0285,4,I received the wrong item.,Negative,2026-02-08 23:00:00,received wrong item,-0.4767,Negative,Negative,True,True
REV006083,O019481,C00837,R0081,4,The order arrived quickly and everything was hot.,Positive,2026-04-27 06:00:00,order arrived quickly everything hot,0.0,Neutral,Positive,True,False
REV022143,O045098,C04199,R0175,2,Very poor experience with the delivery.,Negative,2026-06-14 10:00:00,poor experience delivery,-0.5256,Negative,Negative,True,True
REV019631,O036376,C04843,R0101,5,Delivery was fast and the food arrived hot.,Positive,2026-04-06 09:00:00,delivery fast food arrived hot,0.0,Neutral,Positive,True,False
REV018372,O049915,C01691,R0139,4,Great quality and very good service.,Positive,2026-06-12 01:00:00,great quality good service,0.807,Positive,Positive,True,True
REV028001,O049092,C04748,R0091,4,Fast delivery and great packaging.,Positive,2026-03-20 04:00:00,fast delivery great packaging,0.6249,Positive,Positive,True,True
REV010752,O039102,C01906,R0042,3,The order was okay overall.,Neutral,2026-06-06 07:00:00,order okay overall,0.2263,Positive,Neutral,True,False
REV005873,O007952,C04731,R0089,2,Very poor experience with the delivery.,Negative,2026-05-24 17:00:00,poor experience delivery,-0.5256,Negative,Negative,True,True
REV020115,O027080,C03509,R0232,4,Fast delivery and great packaging.,Positive,2026-05-13 05:00:00,fast delivery great packaging,0.6249,Positive,Positive,True,True
REV028318,O044036,C02394,R0063,1,The food was cold and the delivery was late.,Negative,2026-05-21 18:00:00,food cold delivery late,0.0,Neutral,Negative,True,False
REV019858,O027076,C01040,R0059,3,Food quality was average.,Neutral,2026-03-12 14:00:00,food quality average,0.0,Neutral,Neutral,True,True
REV011528,O038620,C00304,R0221,5,Delivery was fast and the food arrived hot.,Positive,2026-06-21 11:00:00,delivery fast food arrived hot,0.0,Neutral,Positive,True,False
REV003464,O038762,C04131,R0128,1,The food was cold and the delivery was late.,Negative,2026-06-29 11:00:00,food cold delivery late,0.0,Neutral,Negative,True,False
REV018902,O034328,C02023,R0039,5,The food was delicious and fresh.,Positive,2026-03-24 00:00:00,food delicious fresh,0.7184,Positive,Positive,True,True
REV023490,O019483,C00642,R0021,5,The order arrived quickly and everything was hot.,Positive,2026-05-12 02:00:00,order arrived quickly everything hot,0.0,Neutral,Positive,True,False
REV009873,O005525,C00451,R0294,5,The order arrived quickly and everything was hot.,Positive,2026-01-09 11:00:00,order arrived quickly everything hot,0.0,Neutral,Positive,True,False
REV026731,O018244,C01770,R0048,1,The food arrived cold.,Negative,2026-02-01 21:00:00,food arrived cold,0.0,Neutral,Negative,True,False
REV007606,O040561,C03820,R0167,5,Really tasty food with generous portions.,Positive,2026-04-23 01:00:00,really tasty food generous portion,0.5106,Positive,Positive,True,True
REV001597,O046180,C03250,R0047,4,The order arrived quickly and everything was hot.,Positive,2026-03-20 05:00:00,order arrived quickly everything hot,0.0,Neutral,Positive,True,False
REV020572,O023040,C01398,R0049,3,The order was okay overall.,Neutral,2026-04-01 16:00:00,order okay overall,0.2263,Positive,Neutral,True,False
REV004269,O006648,C01194,R0054,5,My order was missing an item.,Negative,2026-02-23 12:00:00,order missing item,-0.296,Negative,Negative,True,True
REV007173,O049303,C01769,R0256,5,Everything was perfect and well packed.,Positive,2026-06-30 19:00:00,everything perfect well packed,0.7003,Positive,Positive,True,True
REV016341,O011788,C02628,R0121,4,The food was fresh and flavorful.,Positive,2026-05-11 21:00:00,food fresh flavorful,0.3182,Positive,Positive,True,True
REV000006,O006382,C01522,R0121,4,Amazing food and excellent quality.,Positive,2026-04-26 20:00:00,amazing food excellent quality,0.8176,Positive,Positive,True,True
REV025305,O038543,C00877,R0013,2,The food was bland and disappointing.,Negative,2026-01-07 11:00:00,food bland disappointing,-0.4939,Negative,Negative,True,True
REV010368,O019124,C00569,R0057,5,The food was delicious and fresh.,Positive,2026-03-07 01:00:00,food delicious fresh,0.7184,Positive,Positive,True,True
REV011498,O039299,C04041,R0233,2,The order was delayed for a long time.,Negative,2026-05-23 10:00:00,order delayed long time,-0.2263,Negative,Negative,True,True
REV019468,O048580,C00096,R0255,5,The food was fresh and flavorful.,Positive,2026-02-05 08:00:00,food fresh flavorful,0.3182,Positive,Positive,True,True
REV001379,O013197,C03682,R0017,5,Everything was perfect and well packed.,Positive,2026-04-02 03:00:00,everything perfect well packed,0.7003,Positive,Positive,True,True
REV012625,O023759,C01943,R0064,3,Food quality was average.,Neutral,2026-02-19 23:00:00,food quality average,0.0,Neutral,Neutral,True,True
REV018186,O040251,C00162,R0152,5,The order arrived quickly and everything was hot.,Positive,2026-05-04 14:00:00,order arrived quickly everything hot,0.0,Neutral,Positive,True,False
REV016487,O007371,C04645,R0114,2,The food was bland and disappointing.,Negative,2026-04-10 10:00:00,food bland disappointing,-0.4939,Negative,Negative,True,True
REV026343,O047825,C03659,R0229,2,The order took too long to arrive.,Negative,2026-05-30 21:00:00,order took long arrive,0.0,Neutral,Negative,True,False
REV025392,O021871,C03447,R0002,3,The experience was fine.,Neutral,2026-05-24 02:00:00,experience fine,0.2023,Positive,Neutral,True,False
REV017800,O013196,C01088,R0145,4,Amazing food and excellent quality.,Positive,2026-06-02 04:00:00,amazing food excellent quality,0.8176,Positive,Positive,True,True
REV009688,O023326,C04982,R0158,5,Excellent experience from start to finish.,Positive,2026-02-04 22:00:00,excellent experience start finish,0.5719,Positive,Positive,True,True
REV018835,O014915,C04755,R0285,2,Fast delivery and great packaging.,Positive,2026-02-12 05:00:00,fast delivery great packaging,0.6249,Positive,Positive,True,True
REV027450,O007240,C03579,R0001,2,The food was bland and disappointing.,Negative,2026-01-12 03:00:00,food bland disappointing,-0.4939,Negative,Negative,True,True
REV019925,O025841,C00985,R0269,4,The order arrived quickly and everything was hot.,Positive,2026-05-26 12:00:00,order arrived quickly everything hot,0.0,Neutral,Positive,True,False
REV025909,O041159,C03789,R0062,5,The food was delicious and fresh.,Positive,2026-01-17 15:00:00,food delicious fresh,0.7184,Positive,Positive,True,True
REV021448,O001694,C04561,R0283,1,The food was cold and the delivery was late.,Negative,2026-01-07 02:00:00,food cold delivery late,0.0,Neutral,Negative,True,False
REV009406,O039675,C00149,R0055,5,Really tasty food with generous portions.,Positive,2026-05-24 17:00:00,really tasty food generous portion,0.5106,Positive,Positive,True,True
REV007062,O020400,C00640,R0126,2,The order took too long to arrive.,Negative,2026-03-04 16:00:00,order took long arrive,0.0,Neutral,Negative,True,False
REV027404,O001378,C00778,R0150,5,Amazing food and excellent quality.,Positive,2026-01-03 05:00:00,amazing food excellent quality,0.8176,Positive,Positive,True,True
REV020467,O023619,C03054,R0089,5,Delivery was fast and the food arrived hot.,Positive,2026-01-29 10:00:00,delivery fast food arrived hot,0.0,Neutral,Positive,True,False
REV028415,O031354,C02760,R0073,4,The food was delicious and fresh.,Positive,2026-01-15 00:00:00,food delicious fresh,0.7184,Positive,Positive,True,True
REV021364,O035419,C03575,R0008,4,Delivery was fast and the food arrived hot.,Positive,2026-03-08 04:00:00,delivery fast food arrived hot,0.0,Neutral,Positive,True,False
REV000372,O023601,C04757,R0079,5,Everything was perfect and well packed.,Positive,2026-06-05 15:00:00,everything perfect well packed,0.7003,Positive,Positive,True,True
REV001406,O017644,C02273,R0189,3,Food quality was average.,Neutral,2026-04-08 05:00:00,food quality average,0.0,Neutral,Neutral,True,True
REV026797,O015691,C02683,R0217,2,The food arrived cold.,Negative,2026-06-22 04:00:00,food arrived cold,0.0,Neutral,Negative,True,False
REV019907,O022616,C02588,R0281,4,Really tasty food with generous portions.,Positive,2026-04-07 19:00:00,really tasty food generous portion,0.5106,Positive,Positive,True,True
REV023745,O040927,C03179,R0025,4,Everything was perfect and well packed.,Positive,2026-05-29 10:00:00,everything perfect well packed,0.7003,Positive,Positive,True,True
REV019787,O032386,C02945,R0212,2,The food was bland and disappointing.,Negative,2026-04-23 09:00:00,food bland disappointing,-0.4939,Negative,Negative,True,True
REV023636,O032139,C03185,R0217,4,Fast delivery and great packaging.,Positive,2026-04-28 07:00:00,fast delivery great packaging,0.6249,Positive,Positive,True,True
REV010307,O026624,C00568,R0158,5,The food was fresh and flavorful.,Positive,2026-06-08 07:00:00,food fresh flavorful,0.3182,Positive,Positive,True,True
REV013918,O045713,C00965,R0242,5,The food was delicious and fresh.,Positive,2026-02-13 05:00:00,food delicious fresh,0.7184,Positive,Positive,True,True
REV014336,O049011,C04715,R0250,4,Fast delivery and great packaging.,Positive,2026-03-09 15:00:00,fast delivery great packaging,0.6249,Positive,Positive,True,True
REV002213,O036434,C04178,R0209,2,The food arrived cold.,Negative,2026-03-11 18:00:00,food arrived cold,0.0,Neutral,Negative,True,False
REV018827,O010063,C01480,R0175,4,The food was fresh and flavorful.,Positive,2026-03-11 10:00:00,food fresh flavorful,0.3182,Positive,Positive,True,True
REV003177,O019437,C03926,R0134,3,It was an ordinary experience.,Neutral,2026-06-21 15:00:00,ordinary experience,0.0,Neutral,Neutral,True,True
REV000946,O022102,C03048,R0192,5,Everything was perfect and well packed.,Positive,2026-04-14 16:00:00,everything perfect well packed,0.7003,Positive,Positive,True,True
REV028746,O013637,C02252,R0168,4,Delivery was fast and the food arrived hot.,Positive,2026-04-30 13:00:00,delivery fast food arrived hot,0.0,Neutral,Positive,True,False
REV017946,O033024,C00762,R0213,4,The food was delicious and fresh.,Positive,2026-04-27 05:00:00,food delicious fresh,0.7184,Positive,Positive,True,True
REV020222,O007341,C04141,R0122,4,Fast delivery and great packaging.,Positive,2026-04-21 00:00:00,fast delivery great packaging,0.6249,Positive,Positive,True,True
REV016827,O041440,C01751,R0274,4,Everything was perfect and well packed.,Positive,2026-02-06 03:00:00,everything perfect well packed,0.7003,Positive,Positive,True,True
REV028925,O004212,C02787,R0205,4,The food was delicious and fresh.,Positive,2026-01-08 01:00:00,food delicious fresh,0.7184,Positive,Positive,True,True
REV025040,O031538,C03130,R0112,3,I received the wrong item.,Negative,2026-02-16 16:00:00,received wrong item,-0.4767,Negative,Negative,True,True
REV008767,O046649,C04933,R0168,4,Fast delivery and great packaging.,Positive,2026-01-19 23:00:00,fast delivery great packaging,0.6249,Positive,Positive,True,True
REV001454,O038117,C00396,R0143,5,Delivery was fast and the food arrived hot.,Positive,2026-05-03 03:00:00,delivery fast food arrived hot,0.0,Neutral,Positive,True,False
REV027502,O037649,C00602,R0254,1,The food was bland and disappointing.,Negative,2026-03-19 14:00:00,food bland disappointing,-0.4939,Negative,Negative,True,True
REV025222,O038141,C02976,R0011,5,The food was fresh and flavorful.,Positive,2026-02-15 22:00:00,food fresh flavorful,0.3182,Positive,Positive,True,True
REV020683,O036638,C00435,R0269,4,Amazing food and excellent quality.,Positive,2026-06-18 03:00:00,amazing food excellent quality,0.8176,Positive,Positive,True,True
REV029741,O017274,C02844,R0174,5,The food was bland and disappointing.,Negative,2026-05-18 10:00:00,food bland disappointing,-0.4939,Negative,Negative,True,True
REV028460,O019120,C04926,R0203,4,Really tasty food with generous portions.,Positive,2026-03-31 16:00:00,really tasty food generous portion,0.5106,Positive,Positive,True,True
REV025578,O032634,C04776,R0300,4,Fast delivery and great packaging.,Positive,2026-06-21 00:00:00,fast delivery great packaging,0.6249,Positive,Positive,True,True
REV016306,O001915,C02921,R0005,3,It was an ordinary experience.,Neutral,2026-03-04 09:00:00,ordinary experience,0.0,Neutral,Neutral,True,True
REV017097,O019318,C04294,R0251,5,Great quality and very good service.,Positive,2026-06-29 03:00:00,great quality good service,0.807,Positive,Positive,True,True
REV007008,O013495,C03732,R0131,3,The food was bland and disappointing.,Negative,2026-02-22 08:00:00,food bland disappointing,-0.4939,Negative,Negative,True,True
REV000102,O006987,C04325,R0022,4,The food was delicious and fresh.,Positive,2026-02-23 12:00:00,food delicious fresh,0.7184,Positive,Positive,True,True
REV026079,O037440,C03421,R0030,5,Everything was perfect and well packed.,Positive,2026-04-15 14:00:00,everything perfect well packed,0.7003,Positive,Positive,True,True
REV029945,O036693,C00674,R0140,4,The food was fresh and flavorful.,Positive,2026-04-26 09:00:00,food fresh flavorful,0.3182,Positive,Positive,True,True
REV005043,O000114,C02996,R0167,4,The packaging was damaged.,Negative,2026-04-08 02:00:00,packaging damaged,-0.4404,Negative,Negative,True,True
REV001712,O030396,C00095,R0051,4,Great quality and very good service.,Positive,2026-02-25 08:00:00,great quality good service,0.807,Positive,Positive,True,True
REV011796,O046306,C02560,R0025,4,Everything was perfect and well packed.,Positive,2026-01-05 08:00:00,everything perfect well packed,0.7003,Positive,Positive,True,True
REV001095,O041445,C02600,R0139,5,Really tasty food with generous portions.,Positive,2026-04-10 05:00:00,really tasty food generous portion,0.5106,Positive,Positive,True,True
REV024568,O010673,C03317,R0107,5,Everything was perfect and well packed.,Positive,2026-05-20 13:00:00,everything perfect well packed,0.7003,Positive,Positive,True,True
REV020707,O001904,C04452,R0231,4,Excellent experience from start to finish.,Positive,2026-05-02 19:00:00,excellent experience start finish,0.5719,Positive,Positive,True,True
REV016763,O012447,C01235,R0259,5,The food was fresh and flavorful.,Positive,2026-01-06 07:00:00,food fresh flavorful,0.3182,Positive,Positive,True,True
REV029477,O001329,C03787,R0034,4,Delivery was fast and the food arrived hot.,Positive,2026-03-22 11:00:00,delivery fast food arrived hot,0.0,Neutral,Positive,True,False
REV019886,O021953,C01666,R0212,3,Food quality was average.,Neutral,2026-06-06 17:00:00,food quality average,0.0,Neutral,Neutral,True,True
REV021428,O005647,C03160,R0130,5,Everything was perfect and well packed.,Positive,2026-01-18 10:00:00,everything perfect well packed,0.7003,Positive,Positive,True,True
REV026676,O008115,C04079,R0098,5,The order arrived quickly and everything was hot.,Positive,2026-04-27 17:00:00,order arrived quickly everything hot,0.0,Neutral,Positive,True,False
REV014661,O023936,C01249,R0219,1,The order was delayed for a long time.,Negative,2026-04-05 07:00:00,order delayed long time,-0.2263,Negative,Negative,True,True
REV004738,O018643,C00487,R0095,3,The food was decent.,Neutral,2026-04-28 22:00:00,food decent,0.0,Neutral,Neutral,True,True
REV011358,O023020,C04277,R0180,4,The food was delicious and fresh.,Positive,2026-01-31 03:00:00,food delicious fresh,0.7184,Positive,Positive,True,True
REV023452,O016041,C01708,R0269,5,Everything was perfect and well packed.,Positive,2026-01-30 18:00:00,everything perfect well packed,0.7003,Positive,Positive,True,True
REV013664,O036832,C03805,R0140,3,Overall it was satisfactory.,Neutral,2026-01-13 17:00:00,overall satisfactory,0.3612,Positive,Neutral,True,False
REV029697,O028835,C04506,R0096,5,Fast delivery and great packaging.,Positive,2026-01-07 20:00:00,fast delivery great packaging,0.6249,Positive,Positive,True,True
REV013071,O016422,C04418,R0300,2,I received the wrong item.,Negative,2026-01-20 03:00:00,received wrong item,-0.4767,Negative,Negative,True,True
REV022729,O022295,C00618,R0260,4,The food was fresh and flavorful.,Positive,2026-06-05 10:00:00,food fresh flavorful,0.3182,Positive,Positive,True,True
REV019276,O033556,C04960,R0225,4,Great quality and very good service.,Positive,2026-02-19 17:00:00,great quality good service,0.807,Positive,Positive,True,True
REV021602,O005843,C03627,R0198,5,The packaging was damaged.,Negative,2026-03-09 03:00:00,packaging damaged,-0.4404,Negative,Negative,True,True
REV012109,O028580,C03905,R0166,5,The order arrived quickly and everything was hot.,Positive,2026-05-21 16:00:00,order arrived quickly everything hot,0.0,Neutral,Positive,True,False
REV009804,O044543,C03526,R0257,4,Great quality and very good service.,Positive,2026-05-11 16:00:00,great quality good service,0.807,Positive,Positive,True,True
REV017824,O007739,C02834,R0214,2,The order was delayed for a long time.,Negative,2026-06-08 10:00:00,order delayed long time,-0.2263,Negative,Negative,True,True
REV028612,O038454,C01780,R0263,4,Excellent experience from start to finish.,Positive,2026-05-18 19:00:00,excellent experience start finish,0.5719,Positive,Positive,True,True
REV023447,O027591,C04234,R0069,1,The food was cold and the delivery was late.,Negative,2026-02-21 17:00:00,food cold delivery late,0.0,Neutral,Negative,True,False
REV005222,O012029,C03158,R0210,4,The food was fresh and flavorful.,Positive,2026-04-28 09:00:00,food fresh flavorful,0.3182,Positive,Positive,True,True
REV003592,O041070,C04259,R0240,4,The order arrived quickly and everything was hot.,Positive,2026-02-13 05:00:00,order arrived quickly everything hot,0.0,Neutral,Positive,True,False
REV016478,O030756,C02878,R0170,4,The food was fresh and flavorful.,Positive,2026-04-01 00:00:00,food fresh flavorful,0.3182,Positive,Positive,True,True
REV013636,O040439,C02567,R0085,2,Delivery was fast and the food arrived hot.,Positive,2026-04-05 20:00:00,delivery fast food arrived hot,0.0,Neutral,Positive,True,False
REV006275,O019695,C01676,R0131,1,The food arrived cold.,Negative,2026-05-01 06:00:00,food arrived cold,0.0,Neutral,Negative,True,False
REV013362,O007947,C02803,R0017,3,Food quality was average.,Neutral,2026-03-29 20:00:00,food quality average,0.0,Neutral,Neutral,True,True
REV012702,O006270,C02955,R0015,5,Great quality and very good service.,Positive,2026-01-30 20:00:00,great quality good service,0.807,Positive,Positive,True,True
REV019010,O047495,C03929,R0062,5,Great quality and very good service.,Positive,2026-03-28 14:00:00,great quality good service,0.807,Positive,Positive,True,True
REV006809,O044850,C00303,R0092,4,Delivery was fast and the food arrived hot.,Positive,2026-06-24 22:00:00,delivery fast food arrived hot,0.0,Neutral,Positive,True,False
REV008743,O042518,C00323,R0239,2,The food was bland and disappointing.,Negative,2026-01-07 07:00:00,food bland disappointing,-0.4939,Negative,Negative,True,True
REV012943,O031204,C01110,R0039,4,Fast delivery and great packaging.,Positive,2026-06-13 18:00:00,fast delivery great packaging,0.6249,Positive,Positive,True,True
REV007213,O019485,C01809,R0282,5,Amazing food and excellent quality.,Positive,2026-04-09 08:00:00,amazing food excellent quality,0.8176,Positive,Positive,True,True
REV001617,O026790,C01313,R0156,5,Really tasty food with generous portions.,Positive,2026-01-02 08:00:00,really tasty food generous portion,0.5106,Positive,Positive,True,True
REV013090,O003776,C02874,R0134,1,The packaging was damaged.,Negative,2026-02-05 13:00:00,packaging damaged,-0.4404,Negative,Negative,True,True
REV003589,O011959,C02840,R0068,3,Nothing special about the order.,Neutral,2026-02-03 04:00:00,nothing special order,-0.3089,Negative,Neutral,True,False
REV011210,O009714,C04270,R0246,3,The order was okay overall.,Neutral,2026-06-04 18:00:00,order okay overall,0.2263,Positive,Neutral,True,False
REV003809,O008140,C01029,R0008,5,Amazing food and excellent quality.,Positive,2026-06-16 17:00:00,amazing food excellent quality,0.8176,Positive,Positive,True,True
REV010702,O033557,C00336,R0282,1,The food was bland and disappointing.,Negative,2026-04-03 14:00:00,food bland disappointing,-0.4939,Negative,Negative,True,True
REV027549,O049805,C02467,R0172,5,Fast delivery and great packaging.,Positive,2026-04-09 01:00:00,fast delivery great packaging,0.6249,Positive,Positive,True,True
REV025522,O013002,C03519,R0261,4,Everything was perfect and well packed.,Positive,2026-03-02 03:00:00,everything perfect well packed,0.7003,Positive,Positive,True,True
REV004542,O007060,C01753,R0231,4,Very poor experience with the delivery.,Negative,2026-03-22 09:00:00,poor experience delivery,-0.5256,Negative,Negative,True,True
REV009980,O018117,C00299,R0186,5,Everything was perfect and well packed.,Positive,2026-02-10 11:00:00,everything perfect well packed,0.7003,Positive,Positive,True,True
REV018571,O042610,C03336,R0155,3,Average experience.,Neutral,2026-05-21 15:00:00,average experience,0.0,Neutral,Neutral,True,True
REV017171,O041453,C01668,R0173,5,Excellent experience from start to finish.,Positive,2026-03-13 19:00:00,excellent experience start finish,0.5719,Positive,Positive,True,True
REV012715,O017284,C01214,R0005,5,The food was fresh and flavorful.,Positive,2026-02-27 18:00:00,food fresh flavorful,0.3182,Positive,Positive,True,True
REV007112,O035391,C03928,R0268,5,The order arrived quickly and everything was hot.,Positive,2026-03-29 16:00:00,order arrived quickly everything hot,0.0,Neutral,Positive,True,False
REV003764,O023214,C00513,R0028,3,The experience was fine.,Neutral,2026-02-25 12:00:00,experience fine,0.2023,Positive,Neutral,True,False
REV008833,O043142,C04813,R0021,4,The order arrived quickly and everything was hot.,Positive,2026-05-03 22:00:00,order arrived quickly everything hot,0.0,Neutral,Positive,True,False
REV018262,O018699,C00671,R0085,5,The food was delicious and fresh.,Positive,2026-03-23 08:00:00,food delicious fresh,0.7184,Positive,Positive,True,True
REV002938,O049283,C03725,R0029,4,The order arrived quickly and everything was hot.,Positive,2026-03-17 03:00:00,order arrived quickly everything hot,0.0,Neutral,Positive,True,False
REV001132,O048364,C01005,R0186,5,Delivery was fast and the food arrived hot.,Positive,2026-03-16 16:00:00,delivery fast food arrived hot,0.0,Neutral,Positive,True,False
REV015664,O037450,C04540,R0005,3,Nothing special about the order.,Neutral,2026-01-25 12:00:00,nothing special order,-0.3089,Negative,Neutral,True,False
REV025123,O012772,C03795,R0188,4,Really tasty food with generous portions.,Positive,2026-02-14 20:00:00,really tasty food generous portion,0.5106,Positive,Positive,True,True
REV013328,O042163,C04588,R0255,4,Fast delivery and great packaging.,Positive,2026-06-16 15:00:00,fast delivery great packaging,0.6249,Positive,Positive,True,True
REV017845,O014225,C04661,R0294,2,My order was missing an item.,Negative,2026-05-04 20:00:00,order missing item,-0.296,Negative,Negative,True,True
REV004964,O006982,C01372,R0088,4,The order arrived quickly and everything was hot.,Positive,2026-05-16 03:00:00,order arrived quickly everything hot,0.0,Neutral,Positive,True,False
REV016955,O049304,C00233,R0214,5,Fast delivery and great packaging.,Positive,2026-04-03 04:00:00,fast delivery great packaging,0.6249,Positive,Positive,True,True
REV020001,O008219,C03026,R0055,3,Overall it was satisfactory.,Neutral,2026-04-16 01:00:00,overall satisfactory,0.3612,Positive,Neutral,True,False
REV019154,O033349,C03858,R0203,4,Fast delivery and great packaging.,Positive,2026-01-03 19:00:00,fast delivery great packaging,0.6249,Positive,Positive,True,True
REV025439,O003051,C02468,R0286,4,Excellent experience from start to finish.,Positive,2026-04-08 03:00:00,excellent experience start finish,0.5719,Positive,Positive,True,True
REV019051,O044712,C04282,R0044,5,Everything was perfect and well packed.,Positive,2026-06-12 22:00:00,everything perfect well packed,0.7003,Positive,Positive,True,True
REV009237,O018096,C00513,R0142,4,Amazing food and excellent quality.,Positive,2026-04-09 16:00:00,amazing food excellent quality,0.8176,Positive,Positive,True,True
REV024306,O030502,C00017,R0057,5,The food was delicious and fresh.,Positive,2026-06-07 19:00:00,food delicious fresh,0.7184,Positive,Positive,True,True
REV022012,O041309,C01334,R0160,4,Amazing food and excellent quality.,Positive,2026-05-25 09:00:00,amazing food excellent quality,0.8176,Positive,Positive,True,True
REV007595,O004915,C01818,R0220,5,Excellent experience from start to finish.,Positive,2026-04-21 06:00:00,excellent experience start finish,0.5719,Positive,Positive,True,True
REV026999,O000343,C04892,R0075,4,Really tasty food with generous portions.,Positive,2026-04-14 15:00:00,really tasty food generous portion,0.5106,Positive,Positive,True,True
REV027495,O043206,C02121,R0240,5,Fast delivery and great packaging.,Positive,2026-03-31 01:00:00,fast delivery great packaging,0.6249,Positive,Positive,True,True
REV020146,O022144,C00244,R0283,2,The order was delayed for a long time.,Negative,2026-06-23 06:00:00,order delayed long time,-0.2263,Negative,Negative,True,True
REV023011,O012874,C04904,R0156,4,Everything was perfect and well packed.,Positive,2026-01-27 16:00:00,everything perfect well packed,0.7003,Positive,Positive,True,True
REV026215,O000505,C01069,R0285,3,The food was acceptable.,Neutral,2026-01-31 10:00:00,food acceptable,0.3182,Positive,Neutral,True,False
REV000446,O020244,C01717,R0102,5,Everything was perfect and well packed.,Positive,2026-01-05 19:00:00,everything perfect well packed,0.7003,Positive,Positive,True,True
REV019074,O034242,C02347,R0254,4,Delivery was fast and the food arrived hot.,Positive,2026-05-04 04:00:00,delivery fast food arrived hot,0.0,Neutral,Positive,True,False
REV009473,O005251,C02317,R0229,5,Great quality and very good service.,Positive,2026-03-23 13:00:00,great quality good service,0.807,Positive,Positive,True,True
REV012437,O010870,C03450,R0058,5,Fast delivery and great packaging.,Positive,2026-01-17 17:00:00,fast delivery great packaging,0.6249,Positive,Positive,True,True
REV013742,O041970,C04147,R0041,3,Nothing special about the order.,Neutral,2026-05-04 05:00:00,nothing special order,-0.3089,Negative,Neutral,True,False
REV008492,O031308,C01479,R0120,5,Amazing food and excellent quality.,Positive,2026-04-14 00:00:00,amazing food excellent quality,0.8176,Positive,Positive,True,True
REV028175,O044597,C01920,R0031,4,Delivery was fast and the food arrived hot.,Positive,2026-06-15 00:00:00,delivery fast food arrived hot,0.0,Neutral,Positive,True,False
REV005019,O033198,C02069,R0270,5,Really tasty food with generous portions.,Positive,2026-04-27 02:00:00,really tasty food generous portion,0.5106,Positive,Positive,True,True
REV021785,O014351,C01099,R0295,4,The food was delicious and fresh.,Positive,2026-01-21 03:00:00,food delicious fresh,0.7184,Positive,Positive,True,True
REV012013,O018284,C03447,R0206,1,The order took too long to arrive.,Negative,2026-04-15 15:00:00,order took long arrive,0.0,Neutral,Negative,True,False
REV000701,O027162,C03373,R0286,1,The order took too long to arrive.,Negative,2026-02-26 14:00:00,order took long arrive,0.0,Neutral,Negative,True,False
REV016714,O035301,C04278,R0278,5,Delivery was fast and the food arrived hot.,Positive,2026-05-04 02:00:00,delivery fast food arrived hot,0.0,Neutral,Positive,True,False
REV016271,O010157,C00992,R0290,4,The food was delicious and fresh.,Positive,2026-03-17 14:00:00,food delicious fresh,0.7184,Positive,Positive,True,True
REV010918,O016427,C03770,R0150,5,Really tasty food with generous portions.,Positive,2026-03-16 08:00:00,really tasty food generous portion,0.5106,Positive,Positive,True,True
REV006462,O001962,C03971,R0033,5,The food was fresh and flavorful.,Positive,2026-04-12 21:00:00,food fresh flavorful,0.3182,Positive,Positive,True,True
REV015225,O049301,C00394,R0167,4,Great quality and very good service.,Positive,2026-05-03 02:00:00,great quality good service,0.807,Positive,Positive,True,True
REV028822,O047504,C02734,R0300,2,The food was bland and disappointing.,Negative,2026-02-10 09:00:00,food bland disappointing,-0.4939,Negative,Negative,True,True
REV017063,O026999,C04874,R0117,5,Fast delivery and great packaging.,Positive,2026-02-06 05:00:00,fast delivery great packaging,0.6249,Positive,Positive,True,True
REV012680,O024952,C02792,R0052,5,Really tasty food with generous portions.,Positive,2026-04-20 12:00:00,really tasty food generous portion,0.5106,Positive,Positive,True,True
REV022321,O043988,C03241,R0147,5,Amazing food and excellent quality.,Positive,2026-06-24 07:00:00,amazing food excellent quality,0.8176,Positive,Positive,True,True
REV008424,O034477,C02911,R0008,5,The packaging was damaged.,Negative,2026-06-07 05:00:00,packaging damaged,-0.4404,Negative,Negative,True,True
REV022351,O048139,C04969,R0038,1,The order was delayed for a long time.,Negative,2026-04-17 09:00:00,order delayed long time,-0.2263,Negative,Negative,True,True
REV017011,O009648,C02121,R0294,4,The order arrived quickly and everything was hot.,Positive,2026-03-10 01:00:00,order arrived quickly everything hot,0.0,Neutral,Positive,True,False
REV028919,O000671,C03795,R0289,3,Food quality was average.,Neutral,2026-05-14 15:00:00,food quality average,0.0,Neutral,Neutral,True,True
REV021341,O005141,C04387,R0263,5,Everything was perfect and well packed.,Positive,2026-02-26 05:00:00,everything perfect well packed,0.7003,Positive,Positive,True,True
REV015909,O034144,C04718,R0016,4,The food was fresh and flavorful.,Positive,2026-06-03 11:00:00,food fresh flavorful,0.3182,Positive,Positive,True,True
REV014356,O035043,C04850,R0253,5,Excellent experience from start to finish.,Positive,2026-03-21 22:00:00,excellent experience start finish,0.5719,Positive,Positive,True,True
REV024005,O021748,C04705,R0238,1,The order took too long to arrive.,Negative,2026-01-12 19:00:00,order took long arrive,0.0,Neutral,Negative,True,False
REV017524,O039898,C02609,R0297,5,The food was delicious and fresh.,Positive,2026-06-18 22:00:00,food delicious fresh,0.7184,Positive,Positive,True,True
REV019648,O040005,C00465,R0260,5,Amazing food and excellent quality.,Positive,2026-05-24 03:00:00,amazing food excellent quality,0.8176,Positive,Positive,True,True
REV023150,O023938,C03946,R0141,5,Amazing food and excellent quality.,Positive,2026-01-12 05:00:00,amazing food excellent quality,0.8176,Positive,Positive,True,True
REV027525,O016391,C04415,R0030,3,The food was okay.,Neutral,2026-04-08 19:00:00,food okay,0.2263,Positive,Neutral,True,False
REV003518,O041756,C04924,R0199,5,Amazing food and excellent quality.,Positive,2026-06-11 09:00:00,amazing food excellent quality,0.8176,Positive,Positive,True,True
REV014308,O030881,C02378,R0068,5,Really tasty food with generous portions.,Positive,2026-04-28 04:00:00,really tasty food generous portion,0.5106,Positive,Positive,True,True
REV012388,O021720,C03205,R0186,3,The food was acceptable.,Neutral,2026-03-18 19:00:00,food acceptable,0.3182,Positive,Neutral,True,False
REV016848,O045531,C03932,R0033,2,The order took too long to arrive.,Negative,2026-06-22 06:00:00,order took long arrive,0.0,Neutral,Negative,True,False
REV002287,O030711,C02069,R0046,3,It was an ordinary experience.,Neutral,2026-07-01 00:00:00,ordinary experience,0.0,Neutral,Neutral,True,True
REV028083,O006288,C03518,R0078,4,Fast delivery and great packaging.,Positive,2026-06-07 15:00:00,fast delivery great packaging,0.6249,Positive,Positive,True,True
REV019165,O001231,C04077,R0013,4,Fast delivery and great packaging.,Positive,2026-04-11 13:00:00,fast delivery great packaging,0.6249,Positive,Positive,True,True
REV004613,O005840,C01902,R0075,5,Amazing food and excellent quality.,Positive,2026-04-03 15:00:00,amazing food excellent quality,0.8176,Positive,Positive,True,True
REV005732,O000759,C02115,R0070,5,The food was fresh and flavorful.,Positive,2026-06-27 09:00:00,food fresh flavorful,0.3182,Positive,Positive,True,True
REV001581,O011433,C03368,R0081,5,The food was delicious and fresh.,Positive,2026-06-17 06:00:00,food delicious fresh,0.7184,Positive,Positive,True,True
REV012076,O012454,C00068,R0254,1,Very poor experience with the delivery.,Negative,2026-05-30 05:00:00,poor experience delivery,-0.5256,Negative,Negative,True,True
REV003759,O040135,C01508,R0189,4,Delivery was fast and the food arrived hot.,Positive,2026-03-09 01:00:00,delivery fast food arrived hot,0.0,Neutral,Positive,True,False
REV019936,O022189,C04883,R0016,5,The food was fresh and flavorful.,Positive,2026-02-21 04:00:00,food fresh flavorful,0.3182,Positive,Positive,True,True
REV006058,O026111,C00776,R0098,3,Everything was perfect and well packed.,Positive,2026-03-08 07:00:00,everything perfect well packed,0.7003,Positive,Positive,True,True
REV011746,O024660,C02422,R0095,4,The food was delicious and fresh.,Positive,2026-01-24 10:00:00,food delicious fresh,0.7184,Positive,Positive,True,True
REV016956,O029354,C03591,R0086,5,The order arrived quickly and everything was hot.,Positive,2026-04-23 17:00:00,order arrived quickly everything hot,0.0,Neutral,Positive,True,False
REV010582,O047468,C02481,R0127,2,The order took too long to arrive.,Negative,2026-03-01 09:00:00,order took long arrive,0.0,Neutral,Negative,True,False
REV017705,O021534,C04026,R0139,5,The food was fresh and flavorful.,Positive,2026-05-30 01:00:00,food fresh flavorful,0.3182,Positive,Positive,True,True
REV011755,O014979,C00378,R0261,5,The food was delicious and fresh.,Positive,2026-04-30 23:00:00,food delicious fresh,0.7184,Positive,Positive,True,True
REV003574,O034290,C00172,R0105,2,Very poor experience with the delivery.,Negative,2026-03-09 03:00:00,poor experience delivery,-0.5256,Negative,Negative,True,True
REV017750,O014764,C02078,R0053,4,Really tasty food with generous portions.,Positive,2026-01-30 05:00:00,really tasty food generous portion,0.5106,Positive,Positive,True,True
REV023425,O023664,C03996,R0051,2,The packaging was damaged.,Negative,2026-03-22 20:00:00,packaging damaged,-0.4404,Negative,Negative,True,True
REV018753,O003806,C04486,R0234,4,Really tasty food with generous portions.,Positive,2026-02-09 04:00:00,really tasty food generous portion,0.5106,Positive,Positive,True,True
REV008861,O035207,C02781,R0196,4,Everything was perfect and well packed.,Positive,2026-05-29 06:00:00,everything perfect well packed,0.7003,Positive,Positive,True,True
REV018507,O015870,C02262,R0152,4,Amazing food and excellent quality.,Positive,2026-02-06 01:00:00,amazing food excellent quality,0.8176,Positive,Positive,True,True
REV015332,O033308,C01487,R0136,3,It was an ordinary experience.,Neutral,2026-02-02 19:00:00,ordinary experience,0.0,Neutral,Neutral,True,True
REV009721,O039234,C03624,R0186,4,Delivery was fast and the food arrived hot.,Positive,2026-02-02 09:00:00,delivery fast food arrived hot,0.0,Neutral,Positive,True,False
REV018568,O039901,C00023,R0101,4,Really tasty food with generous portions.,Positive,2026-04-18 08:00:00,really tasty food generous portion,0.5106,Positive,Positive,True,True
REV023145,O033076,C00995,R0120,4,The food was fresh and flavorful.,Positive,2026-04-04 09:00:00,food fresh flavorful,0.3182,Positive,Positive,True,True
REV001363,O038413,C02334,R0271,5,Really tasty food with generous portions.,Positive,2026-06-22 13:00:00,really tasty food generous portion,0.5106,Positive,Positive,True,True
REV013935,O012231,C02820,R0280,4,Excellent experience from start to finish.,Positive,2026-01-15 23:00:00,excellent experience start finish,0.5719,Positive,Positive,True,True
REV029693,O020014,C02653,R0047,4,The food was delicious and fresh.,Positive,2026-04-29 03:00:00,food delicious fresh,0.7184,Positive,Positive,True,True
REV019183,O011211,C02451,R0095,4,Great quality and very good service.,Positive,2026-05-07 04:00:00,great quality good service,0.807,Positive,Positive,True,True
REV000398,O015715,C03799,R0120,4,The food was delicious and fresh.,Positive,2026-02-06 02:00:00,food delicious fresh,0.7184,Positive,Positive,True,True
REV016082,O016236,C00879,R0069,5,The food was delicious and fresh.,Positive,2026-04-02 23:00:00,food delicious fresh,0.7184,Positive,Positive,True,True
REV024053,O027728,C02277,R0165,5,Delivery was fast and the food arrived hot.,Positive,2026-03-22 17:00:00,delivery fast food arrived hot,0.0,Neutral,Positive,True,False
REV005649,O042253,C01300,R0017,1,The food was bland and disappointing.,Negative,2026-06-16 00:00:00,food bland disappointing,-0.4939,Negative,Negative,True,True
REV012391,O040638,C03149,R0286,4,Amazing food and excellent quality.,Positive,2026-04-06 10:00:00,amazing food excellent quality,0.8176,Positive,Positive,True,True
REV012507,O028988,C02399,R0056,5,Amazing food and excellent quality.,Positive,2026-01-20 04:00:00,amazing food excellent quality,0.8176,Positive,Positive,True,True
REV001578,O002035,C03568,R0268,5,Everything was perfect and well packed.,Positive,2026-02-28 12:00:00,everything perfect well packed,0.7003,Positive,Positive,True,True
REV017626,O038201,C03466,R0233,4,Really tasty food with generous portions.,Positive,2026-01-30 20:00:00,really tasty food generous portion,0.5106,Positive,Positive,True,True
REV019055,O032392,C03240,R0165,2,The order was delayed for a long time.,Negative,2026-02-24 03:00:00,order delayed long time,-0.2263,Negative,Negative,True,True
REV022267,O048824,C03588,R0023,5,Delivery was fast and the food arrived hot.,Positive,2026-06-12 20:00:00,delivery fast food arrived hot,0.0,Neutral,Positive,True,False
REV020721,O015565,C02264,R0150,5,Amazing food and excellent quality.,Positive,2026-03-21 03:00:00,amazing food excellent quality,0.8176,Positive,Positive,True,True
REV013882,O033378,C01942,R0289,5,Everything was perfect and well packed.,Positive,2026-05-01 10:00:00,everything perfect well packed,0.7003,Positive,Positive,True,True
REV001293,O045174,C03610,R0151,2,The food was bland and disappointing.,Negative,2026-03-26 13:00:00,food bland disappointing,-0.4939,Negative,Negative,True,True
REV017088,O045841,C03819,R0148,4,The food was fresh and flavorful.,Positive,2026-05-11 03:00:00,food fresh flavorful,0.3182,Positive,Positive,True,True
REV014319,O040771,C00355,R0227,4,The order arrived quickly and everything was hot.,Positive,2026-05-24 03:00:00,order arrived quickly everything hot,0.0,Neutral,Positive,True,False
REV002588,O006462,C00033,R0022,4,Everything was perfect and well packed.,Positive,2026-06-09 13:00:00,everything perfect well packed,0.7003,Positive,Positive,True,True
REV004537,O004118,C00251,R0287,4,Everything was perfect and well packed.,Positive,2026-05-18 16:00:00,everything perfect well packed,0.7003,Positive,Positive,True,True
REV002307,O012406,C02018,R0152,4,Really tasty food with generous portions.,Positive,2026-04-28 17:00:00,really tasty food generous portion,0.5106,Positive,Positive,True,True
REV019237,O033874,C01438,R0068,3,The food was cold and the delivery was late.,Negative,2026-02-24 02:00:00,food cold delivery late,0.0,Neutral,Negative,True,False
REV021164,O015674,C04864,R0185,4,Excellent experience from start to finish.,Positive,2026-06-16 00:00:00,excellent experience start finish,0.5719,Positive,Positive,True,True
REV025466,O006370,C00806,R0263,2,The order was delayed for a long time.,Negative,2026-06-29 13:00:00,order delayed long time,-0.2263,Negative,Negative,True,True
REV028646,O012381,C03950,R0243,2,The order was delayed for a long time.,Negative,2026-05-05 14:00:00,order delayed long time,-0.2263,Negative,Negative,True,True
REV029625,O013300,C00882,R0114,1,The food arrived cold.,Negative,2026-03-25 19:00:00,food arrived cold,0.0,Neutral,Negative,True,False
REV014464,O038740,C00766,R0199,1,The order took too long to arrive.,Negative,2026-03-08 23:00:00,order took long arrive,0.0,Neutral,Negative,True,False
REV018447,O044076,C00243,R0211,4,The food was cold and the delivery was late.,Negative,2026-04-08 11:00:00,food cold delivery late,0.0,Neutral,Negative,True,False
REV020692,O015206,C01281,R0095,2,The food was bland and disappointing.,Negative,2026-01-25 15:00:00,food bland disappointing,-0.4939,Negative,Negative,True,True
REV023509,O023593,C02926,R0271,5,Amazing food and excellent quality.,Positive,2026-01-17 18:00:00,amazing food excellent quality,0.8176,Positive,Positive,True,True
REV012699,O040199,C02312,R0234,5,Excellent experience from start to finish.,Positive,2026-04-27 09:00:00,excellent experience start finish,0.5719,Positive,Positive,True,True
REV016329,O043065,C01070,R0226,5,Amazing food and excellent quality.,Positive,2026-04-21 21:00:00,amazing food excellent quality,0.8176,Positive,Positive,True,True
REV006268,O014823,C04770,R0285,4,Great quality and very good service.,Positive,2026-04-17 04:00:00,great quality good service,0.807,Positive,Positive,True,True
REV018541,O006641,C02945,R0023,1,My order was missing an item.,Negative,2026-02-27 05:00:00,order missing item,-0.296,Negative,Negative,True,True
REV025360,O046305,C04460,R0177,2,Great quality and very good service.,Positive,2026-05-04 16:00:00,great quality good service,0.807,Positive,Positive,True,True
REV017873,O046531,C01157,R0163,4,Everything was perfect and well packed.,Positive,2026-05-18 09:00:00,everything perfect well packed,0.7003,Positive,Positive,True,True
REV020072,O032307,C02356,R0106,1,The food was bland and disappointing.,Negative,2026-06-14 20:00:00,food bland disappointing,-0.4939,Negative,Negative,True,True
REV006175,O015977,C04260,R0261,3,The packaging was damaged.,Negative,2026-02-08 07:00:00,packaging damaged,-0.4404,Negative,Negative,True,True
REV008427,O030032,C04432,R0299,5,Excellent experience from start to finish.,Positive,2026-01-02 19:00:00,excellent experience start finish,0.5719,Positive,Positive,True,True
REV024390,O030265,C04718,R0200,5,Great quality and very good service.,Positive,2026-03-07 08:00:00,great quality good service,0.807,Positive,Positive,True,True
REV029288,O031510,C00971,R0121,3,The food arrived cold.,Negative,2026-02-16 02:00:00,food arrived cold,0.0,Neutral,Negative,True,False
REV002813,O035638,C00019,R0009,5,Fast delivery and great packaging.,Positive,2026-05-04 17:00:00,fast delivery great packaging,0.6249,Positive,Positive,True,True
REV025724,O024661,C00600,R0162,5,Excellent experience from start to finish.,Positive,2026-04-20 10:00:00,excellent experience start finish,0.5719,Positive,Positive,True,True
REV012884,O035723,C04673,R0252,3,Average experience.,Neutral,2026-02-20 06:00:00,average experience,0.0,Neutral,Neutral,True,True
REV018289,O000697,C02461,R0290,4,Everything was perfect and well packed.,Positive,2026-02-04 16:00:00,everything perfect well packed,0.7003,Positive,Positive,True,True
REV000926,O020018,C04733,R0230,4,The order arrived quickly and everything was hot.,Positive,2026-01-11 16:00:00,order arrived quickly everything hot,0.0,Neutral,Positive,True,False
REV010201,O037893,C00436,R0239,5,Amazing food and excellent quality.,Positive,2026-02-24 08:00:00,amazing food excellent quality,0.8176,Positive,Positive,True,True
REV022423,O033794,C02024,R0225,2,I received the wrong item.,Negative,2026-03-25 15:00:00,received wrong item,-0.4767,Negative,Negative,True,True
REV001112,O012824,C03283,R0189,5,The order arrived quickly and everything was hot.,Positive,2026-03-16 21:00:00,order arrived quickly everything hot,0.0,Neutral,Positive,True,False
REV014252,O006234,C02570,R0135,1,The food arrived cold.,Negative,2026-05-03 17:00:00,food arrived cold,0.0,Neutral,Negative,True,False
REV011027,O008535,C00389,R0283,5,The order arrived quickly and everything was hot.,Positive,2026-05-12 15:00:00,order arrived quickly everything hot,0.0,Neutral,Positive,True,False
REV027202,O002379,C04229,R0015,3,Food quality was average.,Neutral,2026-04-25 12:00:00,food quality average,0.0,Neutral,Neutral,True,True
REV013447,O013927,C00879,R0124,4,The food was delicious and fresh.,Positive,2026-01-17 01:00:00,food delicious fresh,0.7184,Positive,Positive,True,True
REV022563,O011396,C04390,R0208,4,Really tasty food with generous portions.,Positive,2026-02-05 21:00:00,really tasty food generous portion,0.5106,Positive,Positive,True,True
REV020999,O002645,C01048,R0003,5,Delivery was fast and the food arrived hot.,Positive,2026-01-30 01:00:00,delivery fast food arrived hot,0.0,Neutral,Positive,True,False
REV011256,O048419,C04912,R0052,4,Fast delivery and great packaging.,Positive,2026-06-23 12:00:00,fast delivery great packaging,0.6249,Positive,Positive,True,True
REV012015,O041074,C01830,R0153,2,The delivery was very late.,Negative,2026-02-17 13:00:00,delivery late,0.0,Neutral,Negative,True,False
REV018188,O011438,C00574,R0233,3,Nothing special about the order.,Neutral,2026-03-30 10:00:00,nothing special order,-0.3089,Negative,Neutral,True,False
REV021760,O035312,C02264,R0199,5,Really tasty food with generous portions.,Positive,2026-02-13 22:00:00,really tasty food generous portion,0.5106,Positive,Positive,True,True
REV014215,O033383,C00945,R0228,3,The order was delayed for a long time.,Negative,2026-05-28 11:00:00,order delayed long time,-0.2263,Negative,Negative,True,True
REV027819,O009084,C01311,R0060,2,The order took too long to arrive.,Negative,2026-03-04 06:00:00,order took long arrive,0.0,Neutral,Negative,True,False
REV005163,O039330,C00627,R0022,5,Great quality and very good service.,Positive,2026-06-15 10:00:00,great quality good service,0.807,Positive,Positive,True,True
REV020998,O036706,C01319,R0025,5,Everything was perfect and well packed.,Positive,2026-01-25 10:00:00,everything perfect well packed,0.7003,Positive,Positive,True,True
REV001556,O045922,C01405,R0291,4,Fast delivery and great packaging.,Positive,2026-04-03 08:00:00,fast delivery great packaging,0.6249,Positive,Positive,True,True
REV014105,O001768,C01416,R0054,1,The food was bland and disappointing.,Negative,2026-06-15 01:00:00,food bland disappointing,-0.4939,Negative,Negative,True,True
REV014869,O004695,C01686,R0160,2,I received the wrong item.,Negative,2026-04-21 13:00:00,received wrong item,-0.4767,Negative,Negative,True,True
REV025665,O003039,C02839,R0193,4,Really tasty food with generous portions.,Positive,2026-02-28 04:00:00,really tasty food generous portion,0.5106,Positive,Positive,True,True
REV004524,O005653,C04675,R0215,5,Delivery was fast and the food arrived hot.,Positive,2026-06-09 06:00:00,delivery fast food arrived hot,0.0,Neutral,Positive,True,False
REV016146,O045885,C04153,R0249,1,The order was delayed for a long time.,Negative,2026-06-21 19:00:00,order delayed long time,-0.2263,Negative,Negative,True,True
REV019736,O033526,C04168,R0102,1,My order was missing an item.,Negative,2026-06-09 01:00:00,order missing item,-0.296,Negative,Negative,True,True
REV020326,O025324,C04748,R0212,5,The food arrived cold.,Negative,2026-02-13 19:00:00,food arrived cold,0.0,Neutral,Negative,True,False
REV020290,O047000,C03382,R0041,4,Everything was perfect and well packed.,Positive,2026-05-28 22:00:00,everything perfect well packed,0.7003,Positive,Positive,True,True
REV006170,O043980,C01958,R0166,4,Great quality and very good service.,Positive,2026-02-27 22:00:00,great quality good service,0.807,Positive,Positive,True,True
REV021942,O009570,C04803,R0178,5,Great quality and very good service.,Positive,2026-02-28 15:00:00,great quality good service,0.807,Positive,Positive,True,True
REV016374,O019751,C03067,R0223,2,The food arrived cold.,Negative,2026-03-25 23:00:00,food arrived cold,0.0,Neutral,Negative,True,False
REV026622,O029924,C00901,R0010,1,The order took too long to arrive.,Negative,2026-06-20 20:00:00,order took long arrive,0.0,Neutral,Negative,True,False
REV018553,O027446,C00875,R0248,4,Delivery was fast and the food arrived hot.,Positive,2026-03-02 08:00:00,delivery fast food arrived hot,0.0,Neutral,Positive,True,False
REV007292,O033539,C03935,R0300,5,The order arrived quickly and everything was hot.,Positive,2026-04-30 07:00:00,order arrived quickly everything hot,0.0,Neutral,Positive,True,False
REV012505,O047426,C00033,R0239,4,The order arrived quickly and everything was hot.,Positive,2026-03-08 10:00:00,order arrived quickly everything hot,0.0,Neutral,Positive,True,False
REV012848,O017574,C01127,R0218,4,Fast delivery and great packaging.,Positive,2026-02-08 05:00:00,fast delivery great packaging,0.6249,Positive,Positive,True,True
REV014378,O031514,C02854,R0032,3,It was an ordinary experience.,Neutral,2026-06-01 03:00:00,ordinary experience,0.0,Neutral,Neutral,True,True
REV002568,O030905,C04957,R0164,4,The order arrived quickly and everything was hot.,Positive,2026-06-05 10:00:00,order arrived quickly everything hot,0.0,Neutral,Positive,True,False
REV002922,O012051,C00518,R0257,5,Everything was perfect and well packed.,Positive,2026-02-08 01:00:00,everything perfect well packed,0.7003,Positive,Positive,True,True
REV014519,O023685,C02864,R0159,4,The order arrived quickly and everything was hot.,Positive,2026-01-01 23:00:00,order arrived quickly everything hot,0.0,Neutral,Positive,True,False
REV029061,O002387,C00630,R0047,5,Delivery was fast and the food arrived hot.,Positive,2026-04-20 01:00:00,delivery fast food arrived hot,0.0,Neutral,Positive,True,False
REV017673,O030212,C00032,R0147,3,The food was acceptable.,Neutral,2026-01-07 21:00:00,food acceptable,0.3182,Positive,Neutral,True,False
REV006306,O031155,C02348,R0180,4,Really tasty food with generous portions.,Positive,2026-04-08 16:00:00,really tasty food generous portion,0.5106,Positive,Positive,True,True
REV022304,O038321,C00708,R0170,4,Really tasty food with generous portions.,Positive,2026-06-10 03:00:00,really tasty food generous portion,0.5106,Positive,Positive,True,True
REV020380,O014763,C01686,R0240,4,Excellent experience from start to finish.,Positive,2026-01-27 14:00:00,excellent experience start finish,0.5719,Positive,Positive,True,True
REV017745,O016277,C01913,R0109,1,I received the wrong item.,Negative,2026-02-22 23:00:00,received wrong item,-0.4767,Negative,Negative,True,True
REV027974,O029562,C04088,R0036,5,The food was fresh and flavorful.,Positive,2026-01-13 12:00:00,food fresh flavorful,0.3182,Positive,Positive,True,True
REV010577,O015023,C03263,R0037,4,The order arrived quickly and everything was hot.,Positive,2026-04-16 08:00:00,order arrived quickly everything hot,0.0,Neutral,Positive,True,False
REV027572,O013886,C01479,R0236,4,Really tasty food with generous portions.,Positive,2026-03-21 15:00:00,really tasty food generous portion,0.5106,Positive,Positive,True,True
REV015857,O000392,C00146,R0055,5,The food was delicious and fresh.,Positive,2026-03-11 12:00:00,food delicious fresh,0.7184,Positive,Positive,True,True
REV013160,O027879,C01599,R0149,2,The food was cold and the delivery was late.,Negative,2026-02-23 17:00:00,food cold delivery late,0.0,Neutral,Negative,True,False
REV018810,O019385,C02113,R0091,4,Everything was perfect and well packed.,Positive,2026-01-18 14:00:00,everything perfect well packed,0.7003,Positive,Positive,True,True
REV021599,O047937,C04893,R0030,4,The order arrived quickly and everything was hot.,Positive,2026-02-07 06:00:00,order arrived quickly everything hot,0.0,Neutral,Positive,True,False
REV021053,O040082,C04035,R0109,3,The food was acceptable.,Neutral,2026-01-11 01:00:00,food acceptable,0.3182,Positive,Neutral,True,False
REV019999,O048514,C00862,R0071,3,Food quality was average.,Neutral,2026-05-13 18:00:00,food quality average,0.0,Neutral,Neutral,True,True
REV005351,O005616,C01961,R0203,4,Great quality and very good service.,Positive,2026-01-26 07:00:00,great quality good service,0.807,Positive,Positive,True,True
REV008858,O005242,C01777,R0259,5,The order arrived quickly and everything was hot.,Positive,2026-02-02 14:00:00,order arrived quickly everything hot,0.0,Neutral,Positive,True,False
REV012458,O006573,C00164,R0090,5,Everything was perfect and well packed.,Positive,2026-01-25 02:00:00,everything perfect well packed,0.7003,Positive,Positive,True,True
REV024638,O002009,C02665,R0148,5,The food was fresh and flavorful.,Positive,2026-05-23 07:00:00,food fresh flavorful,0.3182,Positive,Positive,True,True
REV026034,O004008,C02824,R0160,5,Everything was perfect and well packed.,Positive,2026-03-22 06:00:00,everything perfect well packed,0.7003,Positive,Positive,True,True
REV026087,O012708,C00751,R0040,5,Fast delivery and great packaging.,Positive,2026-06-29 12:00:00,fast delivery great packaging,0.6249,Positive,Positive,True,True
REV023379,O045078,C02640,R0293,4,Delivery was fast and the food arrived hot.,Positive,2026-01-21 21:00:00,delivery fast food arrived hot,0.0,Neutral,Positive,True,False
REV016202,O024403,C00623,R0195,5,Everything was perfect and well packed.,Positive,2026-05-12 01:00:00,everything perfect well packed,0.7003,Positive,Positive,True,True
REV023878,O046776,C01815,R0016,5,Everything was perfect and well packed.,Positive,2026-04-05 23:00:00,everything perfect well packed,0.7003,Positive,Positive,True,True
REV001087,O019019,C04665,R0235,5,Delivery was fast and the food arrived hot.,Positive,2026-01-12 11:00:00,delivery fast food arrived hot,0.0,Neutral,Positive,True,False
REV006954,O047419,C01594,R0176,5,Excellent experience from start to finish.,Positive,2026-03-08 14:00:00,excellent experience start finish,0.5719,Positive,Positive,True,True
REV028457,O028021,C03785,R0202,2,The food was bland and disappointing.,Negative,2026-01-29 08:00:00,food bland disappointing,-0.4939,Negative,Negative,True,True
REV005257,O038192,C04219,R0153,3,The food was decent.,Neutral,2026-07-01 06:00:00,food decent,0.0,Neutral,Neutral,True,True
REV022863,O014885,C04982,R0154,4,The order arrived quickly and everything was hot.,Positive,2026-06-11 01:00:00,order arrived quickly everything hot,0.0,Neutral,Positive,True,False
REV015161,O001375,C03775,R0140,4,Fast delivery and great packaging.,Positive,2026-07-02 17:00:00,fast delivery great packaging,0.6249,Positive,Positive,True,True
REV025463,O026335,C02667,R0237,3,The food was decent.,Neutral,2026-06-20 23:00:00,food decent,0.0,Neutral,Neutral,True,True
REV029835,O037123,C01039,R0206,5,The food was delicious and fresh.,Positive,2026-05-14 23:00:00,food delicious fresh,0.7184,Positive,Positive,True,True
REV007443,O036743,C04072,R0187,4,The food was delicious and fresh.,Positive,2026-06-10 08:00:00,food delicious fresh,0.7184,Positive,Positive,True,True
REV014223,O032767,C00400,R0211,4,Everything was perfect and well packed.,Positive,2026-05-30 14:00:00,everything perfect well packed,0.7003,Positive,Positive,True,True
REV012904,O019938,C00733,R0288,3,The food was okay.,Neutral,2026-04-28 00:00:00,food okay,0.2263,Positive,Neutral,True,False
REV021372,O009724,C00159,R0296,4,Fast delivery and great packaging.,Positive,2026-02-24 09:00:00,fast delivery great packaging,0.6249,Positive,Positive,True,True
REV015199,O021789,C00794,R0092,5,Really tasty food with generous portions.,Positive,2026-02-09 21:00:00,really tasty food generous portion,0.5106,Positive,Positive,True,True
REV007488,O005387,C01066,R0122,4,Delivery was fast and the food arrived hot.,Positive,2026-05-10 06:00:00,delivery fast food arrived hot,0.0,Neutral,Positive,True,False
REV028310,O028619,C01586,R0226,5,Delivery was fast and the food arrived hot.,Positive,2026-03-14 01:00:00,delivery fast food arrived hot,0.0,Neutral,Positive,True,False
REV004522,O029920,C04598,R0231,5,Excellent experience from start to finish.,Positive,2026-06-25 12:00:00,excellent experience start finish,0.5719,Positive,Positive,True,True
REV009046,O037698,C04151,R0127,4,The order was delayed for a long time.,Negative,2026-02-02 10:00:00,order delayed long time,-0.2263,Negative,Negative,True,True
REV009927,O027891,C04143,R0181,3,The order was okay overall.,Neutral,2026-03-21 11:00:00,order okay overall,0.2263,Positive,Neutral,True,False
REV021933,O013387,C01689,R0134,4,Amazing food and excellent quality.,Positive,2026-02-05 21:00:00,amazing food excellent quality,0.8176,Positive,Positive,True,True
REV015024,O034961,C01479,R0020,4,The order arrived quickly and everything was hot.,Positive,2026-03-14 04:00:00,order arrived quickly everything hot,0.0,Neutral,Positive,True,False
REV014150,O020421,C03510,R0027,4,The order was delayed for a long time.,Negative,2026-04-12 08:00:00,order delayed long time,-0.2263,Negative,Negative,True,True
REV011219,O023281,C03577,R0300,5,Fast delivery and great packaging.,Positive,2026-03-21 13:00:00,fast delivery great packaging,0.6249,Positive,Positive,True,True
REV005994,O008998,C03585,R0160,4,Everything was perfect and well packed.,Positive,2026-04-07 10:00:00,everything perfect well packed,0.7003,Positive,Positive,True,True
REV028288,O047652,C02827,R0123,1,The packaging was damaged.,Negative,2026-04-20 15:00:00,packaging damaged,-0.4404,Negative,Negative,True,True
REV023506,O035437,C03539,R0281,5,The food was fresh and flavorful.,Positive,2026-05-16 01:00:00,food fresh flavorful,0.3182,Positive,Positive,True,True
REV007325,O022844,C02832,R0102,4,The packaging was damaged.,Negative,2026-06-22 18:00:00,packaging damaged,-0.4404,Negative,Negative,True,True
REV006432,O008013,C02996,R0144,5,Excellent experience from start to finish.,Positive,2026-03-03 22:00:00,excellent experience start finish,0.5719,Positive,Positive,True,True
REV016234,O023023,C00161,R0068,5,Really tasty food with generous portions.,Positive,2026-02-10 01:00:00,really tasty food generous portion,0.5106,Positive,Positive,True,True
REV010605,O015110,C02354,R0123,5,Excellent experience from start to finish.,Positive,2026-06-06 23:00:00,excellent experience start finish,0.5719,Positive,Positive,True,True
REV029569,O045944,C04002,R0219,3,Overall it was satisfactory.,Neutral,2026-01-26 01:00:00,overall satisfactory,0.3612,Positive,Neutral,True,False
REV015663,O044188,C00092,R0210,2,The order was delayed for a long time.,Negative,2026-06-24 20:00:00,order delayed long time,-0.2263,Negative,Negative,True,True
REV015370,O013151,C03249,R0279,5,Excellent experience from start to finish.,Positive,2026-05-17 17:00:00,excellent experience start finish,0.5719,Positive,Positive,True,True
REV024088,O001937,C01813,R0161,5,Excellent experience from start to finish.,Positive,2026-05-17 00:00:00,excellent experience start finish,0.5719,Positive,Positive,True,True
REV006821,O016602,C03176,R0039,4,Delivery was fast and the food arrived hot.,Positive,2026-01-05 02:00:00,delivery fast food arrived hot,0.0,Neutral,Positive,True,False
REV023294,O002196,C00805,R0046,4,Fast delivery and great packaging.,Positive,2026-06-19 11:00:00,fast delivery great packaging,0.6249,Positive,Positive,True,True
REV017813,O022780,C02602,R0054,2,The food arrived cold.,Negative,2026-05-02 01:00:00,food arrived cold,0.0,Neutral,Negative,True,False
REV000567,O005603,C00495,R0099,5,Delivery was fast and the food arrived hot.,Positive,2026-01-26 00:00:00,delivery fast food arrived hot,0.0,Neutral,Positive,True,False
REV028603,O024781,C02817,R0002,5,Fast delivery and great packaging.,Positive,2026-05-01 23:00:00,fast delivery great packaging,0.6249,Positive,Positive,True,True
REV020909,O022355,C00414,R0100,3,The order was okay overall.,Neutral,2026-06-26 15:00:00,order okay overall,0.2263,Positive,Neutral,True,False
REV025830,O031865,C00893,R0199,5,Really tasty food with generous portions.,Positive,2026-01-27 19:00:00,really tasty food generous portion,0.5106,Positive,Positive,True,True
REV004918,O003369,C01603,R0173,3,Delivery was fast and the food arrived hot.,Positive,2026-03-04 08:00:00,delivery fast food arrived hot,0.0,Neutral,Positive,True,False
REV027123,O030700,C03228,R0255,5,Everything was perfect and well packed.,Positive,2026-01-21 11:00:00,everything perfect well packed,0.7003,Positive,Positive,True,True
REV005609,O009244,C04208,R0026,3,The experience was fine.,Neutral,2026-02-16 20:00:00,experience fine,0.2023,Positive,Neutral,True,False
REV016571,O042016,C00965,R0059,5,Amazing food and excellent quality.,Positive,2026-06-29 01:00:00,amazing food excellent quality,0.8176,Positive,Positive,True,True
REV003766,O039976,C01472,R0031,5,The food was fresh and flavorful.,Positive,2026-06-07 09:00:00,food fresh flavorful,0.3182,Positive,Positive,True,True
REV025871,O021892,C04282,R0170,3,The order was okay overall.,Neutral,2026-05-13 09:00:00,order okay overall,0.2263,Positive,Neutral,True,False
REV028881,O011743,C01937,R0201,4,The order arrived quickly and everything was hot.,Positive,2026-02-18 17:00:00,order arrived quickly everything hot,0.0,Neutral,Positive,True,False
REV009317,O016126,C00990,R0190,3,The experience was fine.,Neutral,2026-01-10 15:00:00,experience fine,0.2023,Positive,Neutral,True,False
REV014638,O036103,C04129,R0002,4,Excellent experience from start to finish.,Positive,2026-06-28 08:00:00,excellent experience start finish,0.5719,Positive,Positive,True,True
REV011419,O041366,C01123,R0139,5,Excellent experience from start to finish.,Positive,2026-05-19 21:00:00,excellent experience start finish,0.5719,Positive,Positive,True,True
REV018943,O027397,C02755,R0221,5,Really tasty food with generous portions.,Positive,2026-03-13 05:00:00,really tasty food generous portion,0.5106,Positive,Positive,True,True
REV010472,O008246,C02321,R0118,4,Fast delivery and great packaging.,Positive,2026-04-04 20:00:00,fast delivery great packaging,0.6249,Positive,Positive,True,True
REV006468,O028606,C01435,R0071,3,Food quality was average.,Neutral,2026-01-26 17:00:00,food quality average,0.0,Neutral,Neutral,True,True
REV024876,O009725,C01838,R0194,5,The order took too long to arrive.,Negative,2026-03-18 13:00:00,order took long arrive,0.0,Neutral,Negative,True,False
REV026511,O041578,C04578,R0004,1,The packaging was damaged.,Negative,2026-03-30 15:00:00,packaging damaged,-0.4404,Negative,Negative,True,True
REV017696,O047923,C02947,R0138,4,Really tasty food with generous portions.,Positive,2026-03-15 23:00:00,really tasty food generous portion,0.5106,Positive,Positive,True,True
REV000911,O037847,C01849,R0268,3,Fast delivery and great packaging.,Positive,2026-06-10 05:00:00,fast delivery great packaging,0.6249,Positive,Positive,True,True
REV016262,O046872,C01927,R0250,5,The food was fresh and flavorful.,Positive,2026-01-30 08:00:00,food fresh flavorful,0.3182,Positive,Positive,True,True
REV027566,O007593,C02387,R0220,4,The food arrived cold.,Negative,2026-06-28 05:00:00,food arrived cold,0.0,Neutral,Negative,True,False
REV003693,O039783,C04200,R0173,4,The food was fresh and flavorful.,Positive,2026-03-15 10:00:00,food fresh flavorful,0.3182,Positive,Positive,True,True
REV017360,O035339,C00879,R0164,5,Amazing food and excellent quality.,Positive,2026-05-15 07:00:00,amazing food excellent quality,0.8176,Positive,Positive,True,True
REV013565,O022886,C04518,R0279,4,Excellent experience from start to finish.,Positive,2026-01-22 20:00:00,excellent experience start finish,0.5719,Positive,Positive,True,True
REV004835,O017587,C01737,R0014,3,Average experience.,Neutral,2026-01-17 03:00:00,average experience,0.0,Neutral,Neutral,True,True
REV001476,O046870,C00919,R0244,4,Amazing food and excellent quality.,Positive,2026-04-28 10:00:00,amazing food excellent quality,0.8176,Positive,Positive,True,True
REV021204,O021159,C02865,R0045,5,Really tasty food with generous portions.,Positive,2026-01-28 12:00:00,really tasty food generous portion,0.5106,Positive,Positive,True,True
REV019462,O005158,C00180,R0123,1,The packaging was damaged.,Negative,2026-05-22 23:00:00,packaging damaged,-0.4404,Negative,Negative,True,True
REV001802,O035334,C02092,R0161,2,I received the wrong item.,Negative,2026-01-13 14:00:00,received wrong item,-0.4767,Negative,Negative,True,True
REV022855,O037628,C02180,R0078,4,Everything was perfect and well packed.,Positive,2026-04-17 16:00:00,everything perfect well packed,0.7003,Positive,Positive,True,True
REV005190,O042495,C04788,R0221,4,The food was delicious and fresh.,Positive,2026-01-04 10:00:00,food delicious fresh,0.7184,Positive,Positive,True,True
REV024505,O046098,C03135,R0231,1,Amazing food and excellent quality.,Positive,2026-02-20 10:00:00,amazing food excellent quality,0.8176,Positive,Positive,True,True
REV018809,O024769,C04456,R0174,3,Food quality was average.,Neutral,2026-01-31 12:00:00,food quality average,0.0,Neutral,Neutral,True,True
REV014447,O023567,C00256,R0009,5,Amazing food and excellent quality.,Positive,2026-02-23 19:00:00,amazing food excellent quality,0.8176,Positive,Positive,True,True
REV028207,O032961,C03682,R0073,4,The food was delicious and fresh.,Positive,2026-01-25 18:00:00,food delicious fresh,0.7184,Positive,Positive,True,True
REV013500,O033227,C00835,R0042,5,Great quality and very good service.,Positive,2026-03-22 17:00:00,great quality good service,0.807,Positive,Positive,True,True
REV014831,O011265,C00210,R0044,5,The food was fresh and flavorful.,Positive,2026-04-28 05:00:00,food fresh flavorful,0.3182,Positive,Positive,True,True
REV023713,O009552,C04376,R0202,4,Amazing food and excellent quality.,Positive,2026-03-18 03:00:00,amazing food excellent quality,0.8176,Positive,Positive,True,True
REV006057,O036130,C00914,R0259,5,Great quality and very good service.,Positive,2026-06-20 20:00:00,great quality good service,0.807,Positive,Positive,True,True
REV018461,O011917,C00166,R0154,3,The experience was fine.,Neutral,2026-02-23 18:00:00,experience fine,0.2023,Positive,Neutral,True,False
REV002177,O038714,C03523,R0140,4,Great quality and very good service.,Positive,2026-01-27 12:00:00,great quality good service,0.807,Positive,Positive,True,True
REV022947,O026564,C04319,R0213,4,Really tasty food with generous portions.,Positive,2026-01-18 08:00:00,really tasty food generous portion,0.5106,Positive,Positive,True,True
REV026815,O031899,C03692,R0240,5,Everything was perfect and well packed.,Positive,2026-02-19 11:00:00,everything perfect well packed,0.7003,Positive,Positive,True,True
REV029644,O020637,C02156,R0070,3,It was an ordinary experience.,Neutral,2026-01-07 16:00:00,ordinary experience,0.0,Neutral,Neutral,True,True
REV025819,O047858,C00871,R0200,3,Average experience.,Neutral,2026-02-23 18:00:00,average experience,0.0,Neutral,Neutral,True,True
REV009131,O032849,C04441,R0286,5,The food was fresh and flavorful.,Positive,2026-04-23 21:00:00,food fresh flavorful,0.3182,Positive,Positive,True,True
REV000841,O042368,C04191,R0026,4,Great quality and very good service.,Positive,2026-02-23 07:00:00,great quality good service,0.807,Positive,Positive,True,True
REV013980,O009678,C04454,R0102,4,The food was delicious and fresh.,Positive,2026-05-01 08:00:00,food delicious fresh,0.7184,Positive,Positive,True,True
REV018382,O017132,C02216,R0122,4,The food arrived cold.,Negative,2026-01-17 20:00:00,food arrived cold,0.0,Neutral,Negative,True,False
REV020099,O008147,C01388,R0037,4,Excellent experience from start to finish.,Positive,2026-03-04 03:00:00,excellent experience start finish,0.5719,Positive,Positive,True,True
REV006524,O041057,C00967,R0229,5,The packaging was damaged.,Negative,2026-01-04 05:00:00,packaging damaged,-0.4404,Negative,Negative,True,True
REV026232,O038464,C00517,R0171,5,Fast delivery and great packaging.,Positive,2026-05-23 12:00:00,fast delivery great packaging,0.6249,Positive,Positive,True,True
REV028664,O027352,C03129,R0145,5,Really tasty food with generous portions.,Positive,2026-03-29 23:00:00,really tasty food generous portion,0.5106,Positive,Positive,True,True
REV013923,O016591,C00735,R0171,4,The food was fresh and flavorful.,Positive,2026-04-06 13:00:00,food fresh flavorful,0.3182,Positive,Positive,True,True
REV026544,O007015,C01694,R0001,5,Great quality and very good service.,Positive,2026-07-01 13:00:00,great quality good service,0.807,Positive,Positive,True,True
REV004355,O018154,C00948,R0064,5,Delivery was fast and the food arrived hot.,Positive,2026-05-29 05:00:00,delivery fast food arrived hot,0.0,Neutral,Positive,True,False
REV020933,O004778,C03035,R0118,5,The food was delicious and fresh.,Positive,2026-05-13 18:00:00,food delicious fresh,0.7184,Positive,Positive,True,True
REV014198,O014822,C02568,R0276,5,Really tasty food with generous portions.,Positive,2026-01-14 05:00:00,really tasty food generous portion,0.5106,Positive,Positive,True,True
REV006860,O003839,C01560,R0109,4,Everything was perfect and well packed.,Positive,2026-05-09 00:00:00,everything perfect well packed,0.7003,Positive,Positive,True,True
REV010946,O023926,C03987,R0132,3,It was an ordinary experience.,Neutral,2026-03-30 15:00:00,ordinary experience,0.0,Neutral,Neutral,True,True
REV007358,O016287,C04897,R0080,4,Amazing food and excellent quality.,Positive,2026-04-08 07:00:00,amazing food excellent quality,0.8176,Positive,Positive,True,True
REV022508,O022463,C00180,R0275,2,The order was delayed for a long time.,Negative,2026-01-21 14:00:00,order delayed long time,-0.2263,Negative,Negative,True,True
REV025609,O008391,C02608,R0046,2,The packaging was damaged.,Negative,2026-05-18 10:00:00,packaging damaged,-0.4404,Negative,Negative,True,True
REV002846,O045901,C01605,R0137,2,Very poor experience with the delivery.,Negative,2026-05-30 23:00:00,poor experience delivery,-0.5256,Negative,Negative,True,True
REV021545,O005726,C01165,R0034,4,The food was fresh and flavorful.,Positive,2026-03-25 14:00:00,food fresh flavorful,0.3182,Positive,Positive,True,True
REV026928,O023587,C00666,R0022,3,The order was okay overall.,Neutral,2026-04-15 17:00:00,order okay overall,0.2263,Positive,Neutral,True,False
REV022054,O026135,C03811,R0243,4,The food was fresh and flavorful.,Positive,2026-02-27 20:00:00,food fresh flavorful,0.3182,Positive,Positive,True,True
REV019883,O020969,C01729,R0028,5,The food was delicious and fresh.,Positive,2026-01-11 11:00:00,food delicious fresh,0.7184,Positive,Positive,True,True
REV028767,O030468,C00906,R0087,3,Overall it was satisfactory.,Neutral,2026-04-26 02:00:00,overall satisfactory,0.3612,Positive,Neutral,True,False
REV005645,O031212,C00916,R0225,4,The food was fresh and flavorful.,Positive,2026-01-30 03:00:00,food fresh flavorful,0.3182,Positive,Positive,True,True
REV027344,O029736,C02688,R0154,5,Delivery was fast and the food arrived hot.,Positive,2026-06-21 23:00:00,delivery fast food arrived hot,0.0,Neutral,Positive,True,False
REV007970,O019228,C02132,R0229,5,Fast delivery and great packaging.,Positive,2026-02-05 18:00:00,fast delivery great packaging,0.6249,Positive,Positive,True,True
REV002559,O004108,C01469,R0165,4,Great quality and very good service.,Positive,2026-02-23 03:00:00,great quality good service,0.807,Positive,Positive,True,True
REV008761,O043477,C03384,R0099,4,Very poor experience with the delivery.,Negative,2026-04-18 03:00:00,poor experience delivery,-0.5256,Negative,Negative,True,True
REV017261,O042480,C01446,R0151,4,The food was fresh and flavorful.,Positive,2026-06-29 18:00:00,food fresh flavorful,0.3182,Positive,Positive,True,True
REV023989,O013472,C01960,R0200,4,Really tasty food with generous portions.,Positive,2026-05-28 06:00:00,really tasty food generous portion,0.5106,Positive,Positive,True,True
REV016310,O014135,C02773,R0080,4,Excellent experience from start to finish.,Positive,2026-02-06 04:00:00,excellent experience start finish,0.5719,Positive,Positive,True,True
REV027428,O042843,C03704,R0299,5,Great quality and very good service.,Positive,2026-06-01 10:00:00,great quality good service,0.807,Positive,Positive,True,True
REV026361,O022490,C03097,R0234,5,The order arrived quickly and everything was hot.,Positive,2026-04-05 15:00:00,order arrived quickly everything hot,0.0,Neutral,Positive,True,False
REV003266,O015222,C00121,R0067,3,The food was acceptable.,Neutral,2026-03-03 08:00:00,food acceptable,0.3182,Positive,Neutral,True,False
REV029041,O005602,C03820,R0075,5,Excellent experience from start to finish.,Positive,2026-04-10 04:00:00,excellent experience start finish,0.5719,Positive,Positive,True,True
REV015095,O039859,C00374,R0292,3,Excellent experience from start to finish.,Positive,2026-01-06 14:00:00,excellent experience start finish,0.5719,Positive,Positive,True,True
REV007868,O049841,C01310,R0145,3,Overall it was satisfactory.,Neutral,2026-01-08 21:00:00,overall satisfactory,0.3612,Positive,Neutral,True,False
REV005874,O014621,C00700,R0217,4,Excellent experience from start to finish.,Positive,2026-01-07 16:00:00,excellent experience start finish,0.5719,Positive,Positive,True,True
REV015680,O042084,C02092,R0111,5,Great quality and very good service.,Positive,2026-01-16 01:00:00,great quality good service,0.807,Positive,Positive,True,True
REV024230,O024128,C01987,R0175,5,The food was fresh and flavorful.,Positive,2026-03-25 05:00:00,food fresh flavorful,0.3182,Positive,Positive,True,True
REV025815,O039908,C03518,R0086,3,Nothing special about the order.,Neutral,2026-02-20 16:00:00,nothing special order,-0.3089,Negative,Neutral,True,False
REV018241,O010090,C02462,R0003,2,The food was cold and the delivery was late.,Negative,2026-05-14 18:00:00,food cold delivery late,0.0,Neutral,Negative,True,False
REV024406,O023428,C03239,R0057,3,Excellent experience from start to finish.,Positive,2026-06-22 19:00:00,excellent experience start finish,0.5719,Positive,Positive,True,True
REV016153,O032226,C04403,R0267,2,I received the wrong item.,Negative,2026-04-19 08:00:00,received wrong item,-0.4767,Negative,Negative,True,True
REV008946,O033106,C00738,R0206,3,It was an ordinary experience.,Neutral,2026-03-26 08:00:00,ordinary experience,0.0,Neutral,Neutral,True,True
REV007332,O037387,C02223,R0035,4,Delivery was fast and the food arrived hot.,Positive,2026-04-12 11:00:00,delivery fast food arrived hot,0.0,Neutral,Positive,True,False
REV029110,O034658,C04742,R0299,3,Amazing food and excellent quality.,Positive,2026-02-15 17:00:00,amazing food excellent quality,0.8176,Positive,Positive,True,True
REV009189,O022254,C04072,R0026,2,Very poor experience with the delivery.,Negative,2026-01-15 08:00:00,poor experience delivery,-0.5256,Negative,Negative,True,True
REV009817,O048148,C02173,R0145,4,The food arrived cold.,Negative,2026-06-10 04:00:00,food arrived cold,0.0,Neutral,Negative,True,False
REV000634,O019097,C01036,R0033,3,Fast delivery and great packaging.,Positive,2026-02-16 04:00:00,fast delivery great packaging,0.6249,Positive,Positive,True,True
REV012129,O019271,C02125,R0220,1,The packaging was damaged.,Negative,2026-04-04 14:00:00,packaging damaged,-0.4404,Negative,Negative,True,True
REV010912,O015056,C00230,R0142,5,Great quality and very good service.,Positive,2026-01-31 21:00:00,great quality good service,0.807,Positive,Positive,True,True
REV027840,O047680,C02704,R0281,5,The order arrived quickly and everything was hot.,Positive,2026-03-23 01:00:00,order arrived quickly everything hot,0.0,Neutral,Positive,True,False
REV012402,O035001,C03588,R0214,5,The food was delicious and fresh.,Positive,2026-06-16 17:00:00,food delicious fresh,0.7184,Positive,Positive,True,True
REV024556,O021466,C00573,R0059,2,Very poor experience with the delivery.,Negative,2026-02-14 20:00:00,poor experience delivery,-0.5256,Negative,Negative,True,True
REV024256,O004845,C00855,R0072,5,Fast delivery and great packaging.,Positive,2026-03-03 10:00:00,fast delivery great packaging,0.6249,Positive,Positive,True,True
REV012249,O005591,C01569,R0144,3,The order was okay overall.,Neutral,2026-01-24 10:00:00,order okay overall,0.2263,Positive,Neutral,True,False
REV029717,O012459,C02569,R0139,5,Amazing food and excellent quality.,Positive,2026-06-03 01:00:00,amazing food excellent quality,0.8176,Positive,Positive,True,True
REV017002,O009958,C02399,R0290,2,The order was delayed for a long time.,Negative,2026-06-11 08:00:00,order delayed long time,-0.2263,Negative,Negative,True,True
REV002563,O024553,C01382,R0017,4,Excellent experience from start to finish.,Positive,2026-04-22 02:00:00,excellent experience start finish,0.5719,Positive,Positive,True,True
REV020956,O044105,C04718,R0173,5,Delivery was fast and the food arrived hot.,Positive,2026-05-11 20:00:00,delivery fast food arrived hot,0.0,Neutral,Positive,True,False
REV014577,O005352,C04005,R0014,2,The order took too long to arrive.,Negative,2026-05-15 16:00:00,order took long arrive,0.0,Neutral,Negative,True,False
REV007538,O045790,C00226,R0283,3,The food was delicious and fresh.,Positive,2026-05-03 09:00:00,food delicious fresh,0.7184,Positive,Positive,True,True
REV007607,O009035,C01587,R0286,4,Delivery was fast and the food arrived hot.,Positive,2026-02-22 14:00:00,delivery fast food arrived hot,0.0,Neutral,Positive,True,False
REV013550,O027536,C03307,R0029,4,Fast delivery and great packaging.,Positive,2026-03-20 04:00:00,fast delivery great packaging,0.6249,Positive,Positive,True,True
REV024561,O031520,C00566,R0252,3,Food quality was average.,Neutral,2026-06-10 03:00:00,food quality average,0.0,Neutral,Neutral,True,True
REV018410,O041681,C03685,R0255,5,The food was fresh and flavorful.,Positive,2026-03-13 19:00:00,food fresh flavorful,0.3182,Positive,Positive,True,True
REV010474,O009976,C02369,R0169,5,The order arrived quickly and everything was hot.,Positive,2026-01-29 17:00:00,order arrived quickly everything hot,0.0,Neutral,Positive,True,False
REV023761,O002098,C01267,R0009,4,The order arrived quickly and everything was hot.,Positive,2026-04-30 14:00:00,order arrived quickly everything hot,0.0,Neutral,Positive,True,False
REV012540,O041358,C00054,R0034,4,Everything was perfect and well packed.,Positive,2026-04-13 22:00:00,everything perfect well packed,0.7003,Positive,Positive,True,True
REV012902,O001814,C02963,R0025,1,I received the wrong item.,Negative,2026-05-25 00:00:00,received wrong item,-0.4767,Negative,Negative,True,True
REV000727,O008583,C04412,R0056,2,The packaging was damaged.,Negative,2026-06-15 15:00:00,packaging damaged,-0.4404,Negative,Negative,True,True
REV016057,O049705,C04037,R0224,3,The order took too long to arrive.,Negative,2026-03-06 05:00:00,order took long arrive,0.0,Neutral,Negative,True,False
REV012353,O034310,C03669,R0291,4,Amazing food and excellent quality.,Positive,2026-01-11 21:00:00,amazing food excellent quality,0.8176,Positive,Positive,True,True
REV015110,O010908,C04943,R0012,5,Really tasty food with generous portions.,Positive,2026-03-01 15:00:00,really tasty food generous portion,0.5106,Positive,Positive,True,True
REV016986,O047724,C00726,R0147,5,Delivery was fast and the food arrived hot.,Positive,2026-05-26 19:00:00,delivery fast food arrived hot,0.0,Neutral,Positive,True,False
REV024203,O002474,C01818,R0007,4,The order arrived quickly and everything was hot.,Positive,2026-05-19 08:00:00,order arrived quickly everything hot,0.0,Neutral,Positive,True,False
REV014569,O012620,C04532,R0131,4,Fast delivery and great packaging.,Positive,2026-03-31 16:00:00,fast delivery great packaging,0.6249,Positive,Positive,True,True
REV001072,O026637,C00542,R0252,4,The order arrived quickly and everything was hot.,Positive,2026-06-14 10:00:00,order arrived quickly everything hot,0.0,Neutral,Positive,True,False
REV003061,O025682,C04509,R0226,5,The food was delicious and fresh.,Positive,2026-05-04 21:00:00,food delicious fresh,0.7184,Positive,Positive,True,True
REV016585,O004929,C04197,R0129,4,Everything was perfect and well packed.,Positive,2026-06-12 00:00:00,everything perfect well packed,0.7003,Positive,Positive,True,True
REV023534,O021530,C03618,R0132,3,Nothing special about the order.,Neutral,2026-01-26 19:00:00,nothing special order,-0.3089,Negative,Neutral,True,False
REV027820,O016241,C01252,R0122,5,The food was delicious and fresh.,Positive,2026-04-29 18:00:00,food delicious fresh,0.7184,Positive,Positive,True,True
REV012693,O021581,C01233,R0089,5,Fast delivery and great packaging.,Positive,2026-05-19 18:00:00,fast delivery great packaging,0.6249,Positive,Positive,True,True
REV009905,O016710,C04388,R0004,4,Excellent experience from start to finish.,Positive,2026-05-04 01:00:00,excellent experience start finish,0.5719,Positive,Positive,True,True
REV018564,O005894,C00154,R0288,2,The order took too long to arrive.,Negative,2026-04-06 10:00:00,order took long arrive,0.0,Neutral,Negative,True,False
REV025583,O023178,C02771,R0026,3,The food was acceptable.,Neutral,2026-03-16 00:00:00,food acceptable,0.3182,Positive,Neutral,True,False
REV027904,O010590,C01685,R0073,4,Fast delivery and great packaging.,Positive,2026-05-24 17:00:00,fast delivery great packaging,0.6249,Positive,Positive,True,True
REV016771,O009656,C00099,R0128,4,The food was delicious and fresh.,Positive,2026-01-03 19:00:00,food delicious fresh,0.7184,Positive,Positive,True,True
REV017897,O027908,C02500,R0005,1,The delivery was very late.,Negative,2026-04-02 20:00:00,delivery late,0.0,Neutral,Negative,True,False
REV025842,O005735,C02223,R0120,1,The order took too long to arrive.,Negative,2026-06-12 10:00:00,order took long arrive,0.0,Neutral,Negative,True,False
REV029442,O006253,C00723,R0269,5,Great quality and very good service.,Positive,2026-05-18 15:00:00,great quality good service,0.807,Positive,Positive,True,True
REV008068,O004959,C02471,R0034,5,Delivery was fast and the food arrived hot.,Positive,2026-02-04 23:00:00,delivery fast food arrived hot,0.0,Neutral,Positive,True,False
REV017919,O028572,C04530,R0115,4,Amazing food and excellent quality.,Positive,2026-03-08 08:00:00,amazing food excellent quality,0.8176,Positive,Positive,True,True
REV024221,O004946,C00543,R0004,2,I received the wrong item.,Negative,2026-06-20 17:00:00,received wrong item,-0.4767,Negative,Negative,True,True
REV018561,O049229,C03765,R0240,5,The food was delicious and fresh.,Positive,2026-05-29 17:00:00,food delicious fresh,0.7184,Positive,Positive,True,True
REV009813,O002237,C03223,R0273,5,The food was fresh and flavorful.,Positive,2026-02-06 05:00:00,food fresh flavorful,0.3182,Positive,Positive,True,True
REV009259,O004327,C02298,R0122,3,The food was acceptable.,Neutral,2026-05-21 22:00:00,food acceptable,0.3182,Positive,Neutral,True,False
REV015790,O038303,C00354,R0222,2,The packaging was damaged.,Negative,2026-03-07 19:00:00,packaging damaged,-0.4404,Negative,Negative,True,True
REV016293,O031877,C03651,R0199,5,The food was fresh and flavorful.,Positive,2026-05-10 20:00:00,food fresh flavorful,0.3182,Positive,Positive,True,True
REV013522,O031404,C01054,R0161,3,The food was decent.,Neutral,2026-03-07 22:00:00,food decent,0.0,Neutral,Neutral,True,True
REV021714,O047146,C02071,R0082,4,Great quality and very good service.,Positive,2026-03-21 05:00:00,great quality good service,0.807,Positive,Positive,True,True
REV000758,O009845,C02593,R0063,4,Everything was perfect and well packed.,Positive,2026-05-11 22:00:00,everything perfect well packed,0.7003,Positive,Positive,True,True
REV011810,O022430,C03779,R0257,5,Excellent experience from start to finish.,Positive,2026-05-08 05:00:00,excellent experience start finish,0.5719,Positive,Positive,True,True
REV012319,O008812,C01647,R0251,4,Everything was perfect and well packed.,Positive,2026-02-03 01:00:00,everything perfect well packed,0.7003,Positive,Positive,True,True
REV005260,O033292,C01050,R0230,5,Everything was perfect and well packed.,Positive,2026-06-26 12:00:00,everything perfect well packed,0.7003,Positive,Positive,True,True
REV014675,O015849,C00743,R0086,5,The food was delicious and fresh.,Positive,2026-02-09 14:00:00,food delicious fresh,0.7184,Positive,Positive,True,True
REV005871,O038133,C03594,R0016,4,Great quality and very good service.,Positive,2026-05-24 00:00:00,great quality good service,0.807,Positive,Positive,True,True
REV018586,O016148,C00938,R0054,2,The packaging was damaged.,Negative,2026-03-29 21:00:00,packaging damaged,-0.4404,Negative,Negative,True,True
REV006704,O001592,C03061,R0115,5,Amazing food and excellent quality.,Positive,2026-01-11 08:00:00,amazing food excellent quality,0.8176,Positive,Positive,True,True
REV001932,O028530,C02573,R0168,3,The order was okay overall.,Neutral,2026-05-19 12:00:00,order okay overall,0.2263,Positive,Neutral,True,False
REV026881,O017943,C03379,R0134,2,The food was cold and the delivery was late.,Negative,2026-01-21 22:00:00,food cold delivery late,0.0,Neutral,Negative,True,False
REV021817,O027213,C02081,R0171,2,I received the wrong item.,Negative,2026-05-31 14:00:00,received wrong item,-0.4767,Negative,Negative,True,True
REV009978,O043450,C02417,R0101,1,The food was cold and the delivery was late.,Negative,2026-05-09 07:00:00,food cold delivery late,0.0,Neutral,Negative,True,False
REV010662,O046348,C03915,R0132,3,The packaging was damaged.,Negative,2026-04-26 05:00:00,packaging damaged,-0.4404,Negative,Negative,True,True
REV025808,O047889,C03576,R0180,2,The order took too long to arrive.,Negative,2026-06-30 08:00:00,order took long arrive,0.0,Neutral,Negative,True,False
REV011383,O033703,C01329,R0100,5,Fast delivery and great packaging.,Positive,2026-02-21 08:00:00,fast delivery great packaging,0.6249,Positive,Positive,True,True
REV029757,O030558,C01145,R0131,3,Nothing special about the order.,Neutral,2026-02-15 04:00:00,nothing special order,-0.3089,Negative,Neutral,True,False
REV010250,O022209,C01973,R0171,5,Great quality and very good service.,Positive,2026-04-22 03:00:00,great quality good service,0.807,Positive,Positive,True,True
REV021007,O011626,C02321,R0150,4,Amazing food and excellent quality.,Positive,2026-04-08 20:00:00,amazing food excellent quality,0.8176,Positive,Positive,True,True
REV008975,O015783,C04498,R0026,1,My order was missing an item.,Negative,2026-05-15 04:00:00,order missing item,-0.296,Negative,Negative,True,True
REV020722,O032751,C04029,R0008,3,Average experience.,Neutral,2026-05-10 18:00:00,average experience,0.0,Neutral,Neutral,True,True
REV006497,O040101,C03774,R0095,5,The food was fresh and flavorful.,Positive,2026-01-06 16:00:00,food fresh flavorful,0.3182,Positive,Positive,True,True
REV023256,O015061,C03773,R0022,5,The food was delicious and fresh.,Positive,2026-06-17 17:00:00,food delicious fresh,0.7184,Positive,Positive,True,True
REV011708,O025875,C03494,R0057,3,The food was delicious and fresh.,Positive,2026-01-17 15:00:00,food delicious fresh,0.7184,Positive,Positive,True,True
REV004115,O009584,C04137,R0029,5,Amazing food and excellent quality.,Positive,2026-06-08 15:00:00,amazing food excellent quality,0.8176,Positive,Positive,True,True
REV025464,O013731,C00920,R0195,5,Great quality and very good service.,Positive,2026-01-11 04:00:00,great quality good service,0.807,Positive,Positive,True,True
REV005223,O034373,C00470,R0276,4,Fast delivery and great packaging.,Positive,2026-04-05 03:00:00,fast delivery great packaging,0.6249,Positive,Positive,True,True
REV003337,O035363,C00820,R0013,4,Delivery was fast and the food arrived hot.,Positive,2026-01-07 13:00:00,delivery fast food arrived hot,0.0,Neutral,Positive,True,False
REV026249,O044947,C04218,R0258,5,Delivery was fast and the food arrived hot.,Positive,2026-01-06 09:00:00,delivery fast food arrived hot,0.0,Neutral,Positive,True,False
REV003674,O003297,C04941,R0142,4,Everything was perfect and well packed.,Positive,2026-04-23 04:00:00,everything perfect well packed,0.7003,Positive,Positive,True,True
REV023651,O020511,C00416,R0219,4,Everything was perfect and well packed.,Positive,2026-03-18 14:00:00,everything perfect well packed,0.7003,Positive,Positive,True,True
REV026935,O001855,C01372,R0295,5,Really tasty food with generous portions.,Positive,2026-06-28 18:00:00,really tasty food generous portion,0.5106,Positive,Positive,True,True
REV002227,O029108,C01882,R0223,4,The food was delicious and fresh.,Positive,2026-03-16 04:00:00,food delicious fresh,0.7184,Positive,Positive,True,True
REV013656,O006420,C01177,R0151,3,The experience was fine.,Neutral,2026-03-04 14:00:00,experience fine,0.2023,Positive,Neutral,True,False
REV001209,O017670,C01972,R0281,4,Excellent experience from start to finish.,Positive,2026-04-26 23:00:00,excellent experience start finish,0.5719,Positive,Positive,True,True
REV013820,O048817,C00671,R0025,3,The food was okay.,Neutral,2026-01-09 11:00:00,food okay,0.2263,Positive,Neutral,True,False
REV012426,O018641,C00812,R0138,4,Delivery was fast and the food arrived hot.,Positive,2026-03-23 05:00:00,delivery fast food arrived hot,0.0,Neutral,Positive,True,False
REV023233,O026299,C04053,R0158,5,Amazing food and excellent quality.,Positive,2026-06-27 13:00:00,amazing food excellent quality,0.8176,Positive,Positive,True,True
REV028297,O034563,C00790,R0232,5,Fast delivery and great packaging.,Positive,2026-04-25 16:00:00,fast delivery great packaging,0.6249,Positive,Positive,True,True
REV015911,O022550,C03126,R0275,5,Amazing food and excellent quality.,Positive,2026-02-28 02:00:00,amazing food excellent quality,0.8176,Positive,Positive,True,True
REV004548,O007541,C04517,R0196,5,The food was delicious and fresh.,Positive,2026-04-08 06:00:00,food delicious fresh,0.7184,Positive,Positive,True,True
REV002841,O017665,C03688,R0256,2,The packaging was damaged.,Negative,2026-04-04 03:00:00,packaging damaged,-0.4404,Negative,Negative,True,True
REV004171,O047043,C00339,R0009,3,Nothing special about the order.,Neutral,2026-06-10 15:00:00,nothing special order,-0.3089,Negative,Neutral,True,False
REV018380,O031254,C03135,R0075,5,Great quality and very good service.,Positive,2026-01-14 11:00:00,great quality good service,0.807,Positive,Positive,True,True
REV011887,O000916,C04323,R0160,4,Really tasty food with generous portions.,Positive,2026-02-07 12:00:00,really tasty food generous portion,0.5106,Positive,Positive,True,True
REV001227,O012970,C01641,R0043,4,The food was delicious and fresh.,Positive,2026-03-10 17:00:00,food delicious fresh,0.7184,Positive,Positive,True,True
REV005849,O039419,C01171,R0120,1,The order was delayed for a long time.,Negative,2026-02-01 09:00:00,order delayed long time,-0.2263,Negative,Negative,True,True
REV004244,O048650,C04293,R0039,2,The food was bland and disappointing.,Negative,2026-02-23 18:00:00,food bland disappointing,-0.4939,Negative,Negative,True,True
REV027072,O034404,C01788,R0285,5,Delivery was fast and the food arrived hot.,Positive,2026-03-06 14:00:00,delivery fast food arrived hot,0.0,Neutral,Positive,True,False
REV002006,O021344,C04608,R0010,4,Amazing food and excellent quality.,Positive,2026-03-01 15:00:00,amazing food excellent quality,0.8176,Positive,Positive,True,True
REV027548,O003841,C02510,R0037,4,Amazing food and excellent quality.,Positive,2026-04-21 02:00:00,amazing food excellent quality,0.8176,Positive,Positive,True,True
REV007287,O023210,C02268,R0179,1,The order took too long to arrive.,Negative,2026-01-09 00:00:00,order took long arrive,0.0,Neutral,Negative,True,False
REV016096,O005733,C01893,R0027,1,Very poor experience with the delivery.,Negative,2026-01-21 12:00:00,poor experience delivery,-0.5256,Negative,Negative,True,True
REV013219,O013810,C01878,R0197,3,Nothing special about the order.,Neutral,2026-04-06 18:00:00,nothing special order,-0.3089,Negative,Neutral,True,False
REV023689,O020349,C02980,R0178,5,Great quality and very good service.,Positive,2026-02-21 03:00:00,great quality good service,0.807,Positive,Positive,True,True
REV027634,O016323,C04238,R0297,4,Great quality and very good service.,Positive,2026-03-25 05:00:00,great quality good service,0.807,Positive,Positive,True,True
REV010050,O035927,C04314,R0016,5,Fast delivery and great packaging.,Positive,2026-03-01 06:00:00,fast delivery great packaging,0.6249,Positive,Positive,True,True
REV009786,O014507,C03250,R0221,5,Excellent experience from start to finish.,Positive,2026-06-19 21:00:00,excellent experience start finish,0.5719,Positive,Positive,True,True
REV011742,O004711,C03967,R0098,1,Very poor experience with the delivery.,Negative,2026-03-31 06:00:00,poor experience delivery,-0.5256,Negative,Negative,True,True
REV023132,O028023,C04288,R0298,5,Delivery was fast and the food arrived hot.,Positive,2026-02-19 02:00:00,delivery fast food arrived hot,0.0,Neutral,Positive,True,False
REV000532,O008286,C04927,R0226,4,The food was bland and disappointing.,Negative,2026-04-05 17:00:00,food bland disappointing,-0.4939,Negative,Negative,True,True
REV014128,O033451,C04411,R0296,5,Excellent experience from start to finish.,Positive,2026-02-04 23:00:00,excellent experience start finish,0.5719,Positive,Positive,True,True
REV029577,O041991,C02017,R0170,2,The packaging was damaged.,Negative,2026-04-13 01:00:00,packaging damaged,-0.4404,Negative,Negative,True,True
REV027372,O040474,C00706,R0051,4,Everything was perfect and well packed.,Positive,2026-01-18 01:00:00,everything perfect well packed,0.7003,Positive,Positive,True,True
REV010299,O016403,C01849,R0258,3,Overall it was satisfactory.,Neutral,2026-01-08 22:00:00,overall satisfactory,0.3612,Positive,Neutral,True,False
REV003573,O047514,C00143,R0216,3,Average experience.,Neutral,2026-06-13 14:00:00,average experience,0.0,Neutral,Neutral,True,True
REV009845,O030506,C03260,R0235,4,Really tasty food with generous portions.,Positive,2026-04-26 11:00:00,really tasty food generous portion,0.5106,Positive,Positive,True,True
REV004019,O041015,C03387,R0043,5,The food was delicious and fresh.,Positive,2026-02-24 13:00:00,food delicious fresh,0.7184,Positive,Positive,True,True
REV005833,O006045,C04947,R0009,5,The order arrived quickly and everything was hot.,Positive,2026-03-04 23:00:00,order arrived quickly everything hot,0.0,Neutral,Positive,True,False
REV005446,O045272,C04359,R0295,4,Fast delivery and great packaging.,Positive,2026-02-01 05:00:00,fast delivery great packaging,0.6249,Positive,Positive,True,True
REV004959,O044761,C04490,R0182,4,Great quality and very good service.,Positive,2026-04-12 08:00:00,great quality good service,0.807,Positive,Positive,True,True
REV022232,O004761,C00493,R0177,2,The food was cold and the delivery was late.,Negative,2026-03-17 07:00:00,food cold delivery late,0.0,Neutral,Negative,True,False
REV028291,O049661,C04574,R0075,4,Amazing food and excellent quality.,Positive,2026-04-24 22:00:00,amazing food excellent quality,0.8176,Positive,Positive,True,True
REV003730,O035559,C00366,R0084,5,The food was fresh and flavorful.,Positive,2026-04-13 08:00:00,food fresh flavorful,0.3182,Positive,Positive,True,True
REV010575,O005380,C00438,R0276,4,Delivery was fast and the food arrived hot.,Positive,2026-06-04 20:00:00,delivery fast food arrived hot,0.0,Neutral,Positive,True,False
REV026063,O031823,C03007,R0077,5,Excellent experience from start to finish.,Positive,2026-05-01 09:00:00,excellent experience start finish,0.5719,Positive,Positive,True,True
REV016158,O022409,C03849,R0184,3,Overall it was satisfactory.,Neutral,2026-03-09 16:00:00,overall satisfactory,0.3612,Positive,Neutral,True,False
REV012052,O011131,C02143,R0170,3,The food was acceptable.,Neutral,2026-06-23 08:00:00,food acceptable,0.3182,Positive,Neutral,True,False
REV002895,O001828,C02823,R0279,2,The packaging was damaged.,Negative,2026-05-28 17:00:00,packaging damaged,-0.4404,Negative,Negative,True,True
REV018982,O038001,C02083,R0184,4,The order arrived quickly and everything was hot.,Positive,2026-05-08 23:00:00,order arrived quickly everything hot,0.0,Neutral,Positive,True,False
REV026948,O019216,C00124,R0066,5,Everything was perfect and well packed.,Positive,2026-04-30 22:00:00,everything perfect well packed,0.7003,Positive,Positive,True,True
REV001262,O012683,C01395,R0174,5,The food was fresh and flavorful.,Positive,2026-01-20 08:00:00,food fresh flavorful,0.3182,Positive,Positive,True,True
REV014103,O027186,C04359,R0253,4,Really tasty food with generous portions.,Positive,2026-06-18 08:00:00,really tasty food generous portion,0.5106,Positive,Positive,True,True
REV029929,O009743,C00001,R0003,2,My order was missing an item.,Negative,2026-04-22 21:00:00,order missing item,-0.296,Negative,Negative,True,True
REV027630,O009920,C04409,R0009,3,The experience was fine.,Neutral,2026-03-17 04:00:00,experience fine,0.2023,Positive,Neutral,True,False
REV009063,O036386,C04686,R0093,5,Amazing food and excellent quality.,Positive,2026-04-02 21:00:00,amazing food excellent quality,0.8176,Positive,Positive,True,True
REV023305,O002830,C03711,R0232,5,The order arrived quickly and everything was hot.,Positive,2026-03-31 01:00:00,order arrived quickly everything hot,0.0,Neutral,Positive,True,False
REV012558,O027967,C01821,R0242,4,Great quality and very good service.,Positive,2026-06-26 10:00:00,great quality good service,0.807,Positive,Positive,True,True
REV023358,O022293,C04752,R0065,4,The food was delicious and fresh.,Positive,2026-05-14 10:00:00,food delicious fresh,0.7184,Positive,Positive,True,True
REV006903,O046225,C01109,R0261,4,The food was fresh and flavorful.,Positive,2026-01-09 04:00:00,food fresh flavorful,0.3182,Positive,Positive,True,True
REV029607,O037050,C01644,R0263,4,The food was delicious and fresh.,Positive,2026-05-31 09:00:00,food delicious fresh,0.7184,Positive,Positive,True,True
REV016815,O009260,C01257,R0141,4,Delivery was fast and the food arrived hot.,Positive,2026-01-08 17:00:00,delivery fast food arrived hot,0.0,Neutral,Positive,True,False
REV002496,O001462,C00059,R0271,5,Everything was perfect and well packed.,Positive,2026-05-31 03:00:00,everything perfect well packed,0.7003,Positive,Positive,True,True
REV028528,O046588,C03448,R0018,5,Excellent experience from start to finish.,Positive,2026-02-09 03:00:00,excellent experience start finish,0.5719,Positive,Positive,True,True
REV029587,O032189,C00006,R0043,5,Amazing food and excellent quality.,Positive,2026-05-14 21:00:00,amazing food excellent quality,0.8176,Positive,Positive,True,True
REV023528,O020617,C03853,R0268,5,Delivery was fast and the food arrived hot.,Positive,2026-03-22 08:00:00,delivery fast food arrived hot,0.0,Neutral,Positive,True,False
REV006927,O039064,C03734,R0274,4,Amazing food and excellent quality.,Positive,2026-06-08 09:00:00,amazing food excellent quality,0.8176,Positive,Positive,True,True
REV009774,O027327,C03938,R0296,5,The order arrived quickly and everything was hot.,Positive,2026-03-22 01:00:00,order arrived quickly everything hot,0.0,Neutral,Positive,True,False
REV021360,O016592,C03310,R0194,4,The order arrived quickly and everything was hot.,Positive,2026-05-19 14:00:00,order arrived quickly everything hot,0.0,Neutral,Positive,True,False
REV002884,O039243,C04075,R0132,4,The food was delicious and fresh.,Positive,2026-01-09 10:00:00,food delicious fresh,0.7184,Positive,Positive,True,True
REV001735,O026824,C04958,R0021,4,Excellent experience from start to finish.,Positive,2026-02-16 06:00:00,excellent experience start finish,0.5719,Positive,Positive,True,True
REV014504,O025914,C00255,R0125,5,Really tasty food with generous portions.,Positive,2026-01-23 11:00:00,really tasty food generous portion,0.5106,Positive,Positive,True,True
REV008218,O022713,C04104,R0045,5,Delivery was fast and the food arrived hot.,Positive,2026-04-12 10:00:00,delivery fast food arrived hot,0.0,Neutral,Positive,True,False
REV000019,O015712,C03951,R0071,5,Excellent experience from start to finish.,Positive,2026-04-13 05:00:00,excellent experience start finish,0.5719,Positive,Positive,True,True
REV028431,O039833,C01663,R0201,4,The food was fresh and flavorful.,Positive,2026-05-29 15:00:00,food fresh flavorful,0.3182,Positive,Positive,True,True
REV009972,O015552,C00025,R0099,5,Delivery was fast and the food arrived hot.,Positive,2026-01-10 06:00:00,delivery fast food arrived hot,0.0,Neutral,Positive,True,False
REV002760,O041052,C02242,R0237,5,Everything was perfect and well packed.,Positive,2026-03-09 10:00:00,everything perfect well packed,0.7003,Positive,Positive,True,True
REV004667,O038576,C04727,R0208,2,The packaging was damaged.,Negative,2026-01-13 06:00:00,packaging damaged,-0.4404,Negative,Negative,True,True
REV015122,O044441,C00685,R0258,4,Everything was perfect and well packed.,Positive,2026-04-15 12:00:00,everything perfect well packed,0.7003,Positive,Positive,True,True
REV010047,O030341,C02890,R0261,4,The order arrived quickly and everything was hot.,Positive,2026-01-06 08:00:00,order arrived quickly everything hot,0.0,Neutral,Positive,True,False
REV011082,O012411,C04871,R0145,2,The food was bland and disappointing.,Negative,2026-06-03 23:00:00,food bland disappointing,-0.4939,Negative,Negative,True,True
REV028265,O005166,C03600,R0090,2,The packaging was damaged.,Negative,2026-02-24 22:00:00,packaging damaged,-0.4404,Negative,Negative,True,True
REV004938,O016909,C04611,R0261,3,The order took too long to arrive.,Negative,2026-05-15 07:00:00,order took long arrive,0.0,Neutral,Negative,True,False
REV005450,O019850,C00429,R0195,3,The order was okay overall.,Neutral,2026-01-14 15:00:00,order okay overall,0.2263,Positive,Neutral,True,False
REV027938,O033609,C02845,R0146,2,The order was delayed for a long time.,Negative,2026-04-26 05:00:00,order delayed long time,-0.2263,Negative,Negative,True,True
REV008564,O035187,C00619,R0166,4,The food was cold and the delivery was late.,Negative,2026-02-08 20:00:00,food cold delivery late,0.0,Neutral,Negative,True,False
REV014771,O012198,C03538,R0194,3,The experience was fine.,Neutral,2026-05-31 16:00:00,experience fine,0.2023,Positive,Neutral,True,False
REV014245,O019219,C00603,R0118,5,The order arrived quickly and everything was hot.,Positive,2026-03-03 19:00:00,order arrived quickly everything hot,0.0,Neutral,Positive,True,False
REV007872,O032478,C00409,R0033,4,Excellent experience from start to finish.,Positive,2026-06-19 00:00:00,excellent experience start finish,0.5719,Positive,Positive,True,True
REV000043,O022674,C01748,R0299,4,Excellent experience from start to finish.,Positive,2026-06-14 11:00:00,excellent experience start finish,0.5719,Positive,Positive,True,True
REV000020,O016296,C01882,R0075,4,Fast delivery and great packaging.,Positive,2026-02-09 18:00:00,fast delivery great packaging,0.6249,Positive,Positive,True,True
REV007043,O030682,C01685,R0162,2,The order was delayed for a long time.,Negative,2026-02-25 08:00:00,order delayed long time,-0.2263,Negative,Negative,True,True
REV006591,O017325,C00111,R0096,5,Really tasty food with generous portions.,Positive,2026-01-19 19:00:00,really tasty food generous portion,0.5106,Positive,Positive,True,True
REV018214,O019581,C03385,R0136,5,Amazing food and excellent quality.,Positive,2026-05-26 19:00:00,amazing food excellent quality,0.8176,Positive,Positive,True,True
REV009551,O035993,C00332,R0123,4,Fast delivery and great packaging.,Positive,2026-04-25 10:00:00,fast delivery great packaging,0.6249,Positive,Positive,True,True
REV023023,O040511,C01172,R0057,5,Amazing food and excellent quality.,Positive,2026-03-05 18:00:00,amazing food excellent quality,0.8176,Positive,Positive,True,True
REV016974,O025855,C02151,R0248,1,I received the wrong item.,Negative,2026-05-08 23:00:00,received wrong item,-0.4767,Negative,Negative,True,True
REV017648,O014305,C04812,R0099,1,The food was cold and the delivery was late.,Negative,2026-01-23 15:00:00,food cold delivery late,0.0,Neutral,Negative,True,False
REV016972,O008546,C02051,R0256,4,Delivery was fast and the food arrived hot.,Positive,2026-02-02 20:00:00,delivery fast food arrived hot,0.0,Neutral,Positive,True,False
REV012808,O026137,C04791,R0214,4,The food was fresh and flavorful.,Positive,2026-04-04 01:00:00,food fresh flavorful,0.3182,Positive,Positive,True,True
REV006405,O036876,C04726,R0209,3,Overall it was satisfactory.,Neutral,2026-02-26 17:00:00,overall satisfactory,0.3612,Positive,Neutral,True,False
REV011325,O030334,C01109,R0193,5,The order took too long to arrive.,Negative,2026-03-06 16:00:00,order took long arrive,0.0,Neutral,Negative,True,False
REV004947,O001985,C02575,R0076,5,Fast delivery and great packaging.,Positive,2026-04-14 11:00:00,fast delivery great packaging,0.6249,Positive,Positive,True,True
REV012169,O024893,C03934,R0020,2,The order was delayed for a long time.,Negative,2026-03-10 15:00:00,order delayed long time,-0.2263,Negative,Negative,True,True
REV028185,O029515,C04692,R0055,5,Delivery was fast and the food arrived hot.,Positive,2026-04-20 23:00:00,delivery fast food arrived hot,0.0,Neutral,Positive,True,False
REV009604,O024783,C00460,R0073,2,The food was cold and the delivery was late.,Negative,2026-03-02 02:00:00,food cold delivery late,0.0,Neutral,Negative,True,False
REV026318,O030849,C04364,R0109,5,The delivery was very late.,Negative,2026-06-11 03:00:00,delivery late,0.0,Neutral,Negative,True,False
REV023970,O025697,C02045,R0147,3,The food was decent.,Neutral,2026-06-09 21:00:00,food decent,0.0,Neutral,Neutral,True,True
REV018087,O009091,C00507,R0277,3,I received the wrong item.,Negative,2026-02-02 15:00:00,received wrong item,-0.4767,Negative,Negative,True,True
REV013966,O001687,C03921,R0100,4,Everything was perfect and well packed.,Positive,2026-01-28 17:00:00,everything perfect well packed,0.7003,Positive,Positive,True,True
REV018371,O018479,C02787,R0117,4,Amazing food and excellent quality.,Positive,2026-06-02 08:00:00,amazing food excellent quality,0.8176,Positive,Positive,True,True
REV026046,O016728,C01166,R0057,3,Nothing special about the order.,Neutral,2026-04-29 17:00:00,nothing special order,-0.3089,Negative,Neutral,True,False
REV014949,O035398,C00174,R0067,4,My order was missing an item.,Negative,2026-01-12 20:00:00,order missing item,-0.296,Negative,Negative,True,True
REV022030,O024944,C04612,R0140,5,Great quality and very good service.,Positive,2026-01-20 15:00:00,great quality good service,0.807,Positive,Positive,True,True
REV003733,O022954,C00331,R0107,4,Amazing food and excellent quality.,Positive,2026-04-13 04:00:00,amazing food excellent quality,0.8176,Positive,Positive,True,True
REV017246,O048473,C02643,R0207,3,Food quality was average.,Neutral,2026-01-15 14:00:00,food quality average,0.0,Neutral,Neutral,True,True
REV027366,O039585,C00089,R0022,2,The order took too long to arrive.,Negative,2026-04-27 00:00:00,order took long arrive,0.0,Neutral,Negative,True,False
REV013630,O048516,C03460,R0003,2,Very poor experience with the delivery.,Negative,2026-05-08 04:00:00,poor experience delivery,-0.5256,Negative,Negative,True,True
REV013651,O028831,C01285,R0198,5,Great quality and very good service.,Positive,2026-03-09 13:00:00,great quality good service,0.807,Positive,Positive,True,True
REV005255,O047035,C03555,R0087,4,Excellent experience from start to finish.,Positive,2026-02-05 02:00:00,excellent experience start finish,0.5719,Positive,Positive,True,True
REV027561,O019684,C03689,R0257,3,The food was fresh and flavorful.,Positive,2026-03-09 15:00:00,food fresh flavorful,0.3182,Positive,Positive,True,True
REV028629,O031557,C03634,R0170,4,Everything was perfect and well packed.,Positive,2026-02-22 19:00:00,everything perfect well packed,0.7003,Positive,Positive,True,True
REV012378,O002066,C02037,R0155,3,The food was decent.,Neutral,2026-04-26 03:00:00,food decent,0.0,Neutral,Neutral,True,True
REV021161,O005946,C01820,R0176,4,Really tasty food with generous portions.,Positive,2026-06-11 00:00:00,really tasty food generous portion,0.5106,Positive,Positive,True,True
REV024603,O005503,C00977,R0096,5,Delivery was fast and the food arrived hot.,Positive,2026-01-24 05:00:00,delivery fast food arrived hot,0.0,Neutral,Positive,True,False
REV002979,O031139,C00717,R0259,5,The food was fresh and flavorful.,Positive,2026-01-25 04:00:00,food fresh flavorful,0.3182,Positive,Positive,True,True
REV012903,O044854,C04264,R0035,5,The food was fresh and flavorful.,Positive,2026-06-09 12:00:00,food fresh flavorful,0.3182,Positive,Positive,True,True
REV026102,O007642,C04122,R0088,5,Amazing food and excellent quality.,Positive,2026-04-06 05:00:00,amazing food excellent quality,0.8176,Positive,Positive,True,True
REV013344,O028555,C03850,R0134,3,The experience was fine.,Neutral,2026-01-29 16:00:00,experience fine,0.2023,Positive,Neutral,True,False
REV021503,O016908,C00687,R0182,2,The delivery was very late.,Negative,2026-02-05 19:00:00,delivery late,0.0,Neutral,Negative,True,False
REV005764,O037322,C04535,R0156,4,Everything was perfect and well packed.,Positive,2026-06-08 07:00:00,everything perfect well packed,0.7003,Positive,Positive,True,True
REV007156,O048359,C00238,R0211,2,The food was bland and disappointing.,Negative,2026-07-01 08:00:00,food bland disappointing,-0.4939,Negative,Negative,True,True
REV003167,O034083,C02404,R0162,4,Everything was perfect and well packed.,Positive,2026-04-27 17:00:00,everything perfect well packed,0.7003,Positive,Positive,True,True
REV015822,O036681,C03814,R0090,2,My order was missing an item.,Negative,2026-02-17 16:00:00,order missing item,-0.296,Negative,Negative,True,True
REV029389,O027864,C01997,R0253,1,Amazing food and excellent quality.,Positive,2026-05-16 09:00:00,amazing food excellent quality,0.8176,Positive,Positive,True,True
REV008054,O036172,C01641,R0182,4,Excellent experience from start to finish.,Positive,2026-01-29 19:00:00,excellent experience start finish,0.5719,Positive,Positive,True,True
REV026320,O010301,C03177,R0009,3,Everything was perfect and well packed.,Positive,2026-01-18 00:00:00,everything perfect well packed,0.7003,Positive,Positive,True,True
REV021829,O017234,C01358,R0107,3,Nothing special about the order.,Neutral,2026-04-24 07:00:00,nothing special order,-0.3089,Negative,Neutral,True,False
REV015893,O022161,C02190,R0004,4,Everything was perfect and well packed.,Positive,2026-05-18 06:00:00,everything perfect well packed,0.7003,Positive,Positive,True,True
REV018266,O014857,C01285,R0060,3,Food quality was average.,Neutral,2026-04-07 08:00:00,food quality average,0.0,Neutral,Neutral,True,True
REV008624,O041927,C04227,R0294,4,Fast delivery and great packaging.,Positive,2026-03-15 22:00:00,fast delivery great packaging,0.6249,Positive,Positive,True,True
REV027406,O024900,C04400,R0293,3,It was an ordinary experience.,Neutral,2026-03-02 10:00:00,ordinary experience,0.0,Neutral,Neutral,True,True
REV015392,O027609,C04135,R0236,5,Fast delivery and great packaging.,Positive,2026-01-15 19:00:00,fast delivery great packaging,0.6249,Positive,Positive,True,True
REV025898,O039025,C02807,R0108,5,Great quality and very good service.,Positive,2026-03-28 14:00:00,great quality good service,0.807,Positive,Positive,True,True
REV009614,O049678,C04951,R0040,2,The delivery was very late.,Negative,2026-04-23 12:00:00,delivery late,0.0,Neutral,Negative,True,False
REV015000,O041409,C04212,R0111,3,Average experience.,Neutral,2026-03-01 08:00:00,average experience,0.0,Neutral,Neutral,True,True
REV015140,O044884,C00364,R0026,5,Everything was perfect and well packed.,Positive,2026-03-09 16:00:00,everything perfect well packed,0.7003,Positive,Positive,True,True
REV003143,O024942,C03914,R0300,5,The food was fresh and flavorful.,Positive,2026-03-29 15:00:00,food fresh flavorful,0.3182,Positive,Positive,True,True
REV011839,O048760,C03627,R0094,4,Amazing food and excellent quality.,Positive,2026-02-02 02:00:00,amazing food excellent quality,0.8176,Positive,Positive,True,True
REV009012,O025916,C01835,R0233,3,The food arrived cold.,Negative,2026-05-24 06:00:00,food arrived cold,0.0,Neutral,Negative,True,False
REV010242,O000829,C03941,R0043,4,The order arrived quickly and everything was hot.,Positive,2026-04-13 05:00:00,order arrived quickly everything hot,0.0,Neutral,Positive,True,False
REV023563,O044937,C01406,R0173,4,Excellent experience from start to finish.,Positive,2026-05-10 15:00:00,excellent experience start finish,0.5719,Positive,Positive,True,True
REV005561,O047052,C01108,R0030,3,The food was okay.,Neutral,2026-06-22 02:00:00,food okay,0.2263,Positive,Neutral,True,False
REV013415,O019947,C02042,R0294,5,Everything was perfect and well packed.,Positive,2026-02-21 06:00:00,everything perfect well packed,0.7003,Positive,Positive,True,True
REV006059,O023483,C01062,R0254,4,Amazing food and excellent quality.,Positive,2026-02-01 16:00:00,amazing food excellent quality,0.8176,Positive,Positive,True,True
REV014208,O027135,C01670,R0049,5,Delivery was fast and the food arrived hot.,Positive,2026-03-29 15:00:00,delivery fast food arrived hot,0.0,Neutral,Positive,True,False
REV022610,O017164,C02430,R0115,2,The order was delayed for a long time.,Negative,2026-06-27 10:00:00,order delayed long time,-0.2263,Negative,Negative,True,True
REV014159,O012705,C00402,R0139,4,The delivery was very late.,Negative,2026-03-11 10:00:00,delivery late,0.0,Neutral,Negative,True,False
REV025647,O004805,C01284,R0136,3,The food was decent.,Neutral,2026-03-02 05:00:00,food decent,0.0,Neutral,Neutral,True,True
REV020406,O007351,C04854,R0250,4,Everything was perfect and well packed.,Positive,2026-06-04 15:00:00,everything perfect well packed,0.7003,Positive,Positive,True,True
REV006551,O004953,C04979,R0016,3,Excellent experience from start to finish.,Positive,2026-06-16 12:00:00,excellent experience start finish,0.5719,Positive,Positive,True,True
REV025370,O030097,C04897,R0264,5,Everything was perfect and well packed.,Positive,2026-03-16 11:00:00,everything perfect well packed,0.7003,Positive,Positive,True,True
REV001900,O028642,C00848,R0231,5,Great quality and very good service.,Positive,2026-03-05 07:00:00,great quality good service,0.807,Positive,Positive,True,True
REV010738,O024174,C00812,R0052,4,Excellent experience from start to finish.,Positive,2026-01-10 00:00:00,excellent experience start finish,0.5719,Positive,Positive,True,True
REV026393,O009144,C00615,R0093,1,The order was delayed for a long time.,Negative,2026-04-12 05:00:00,order delayed long time,-0.2263,Negative,Negative,True,True
REV015567,O000714,C03452,R0064,4,Fast delivery and great packaging.,Positive,2026-01-25 12:00:00,fast delivery great packaging,0.6249,Positive,Positive,True,True
REV004007,O024131,C00165,R0033,4,Great quality and very good service.,Positive,2026-04-21 20:00:00,great quality good service,0.807,Positive,Positive,True,True
REV006874,O016745,C04124,R0258,5,The food was fresh and flavorful.,Positive,2026-06-15 04:00:00,food fresh flavorful,0.3182,Positive,Positive,True,True
REV029318,O047822,C00735,R0159,5,The food was fresh and flavorful.,Positive,2026-04-15 03:00:00,food fresh flavorful,0.3182,Positive,Positive,True,True
REV021420,O006960,C01878,R0016,5,The order arrived quickly and everything was hot.,Positive,2026-04-04 02:00:00,order arrived quickly everything hot,0.0,Neutral,Positive,True,False
REV010614,O005755,C01232,R0233,4,Really tasty food with generous portions.,Positive,2026-03-15 21:00:00,really tasty food generous portion,0.5106,Positive,Positive,True,True
REV017582,O025695,C04214,R0115,2,The food arrived cold.,Negative,2026-01-10 11:00:00,food arrived cold,0.0,Neutral,Negative,True,False
REV014757,O022641,C03222,R0265,4,Delivery was fast and the food arrived hot.,Positive,2026-05-10 00:00:00,delivery fast food arrived hot,0.0,Neutral,Positive,True,False
REV010651,O025642,C02026,R0230,4,Everything was perfect and well packed.,Positive,2026-06-24 10:00:00,everything perfect well packed,0.7003,Positive,Positive,True,True
REV010533,O045273,C00199,R0290,5,Amazing food and excellent quality.,Positive,2026-01-19 00:00:00,amazing food excellent quality,0.8176,Positive,Positive,True,True
REV013613,O006532,C03916,R0201,5,Amazing food and excellent quality.,Positive,2026-04-29 03:00:00,amazing food excellent quality,0.8176,Positive,Positive,True,True
REV021693,O039681,C03446,R0143,4,The order arrived quickly and everything was hot.,Positive,2026-06-10 01:00:00,order arrived quickly everything hot,0.0,Neutral,Positive,True,False
REV016286,O014130,C03693,R0198,3,Overall it was satisfactory.,Neutral,2026-06-07 04:00:00,overall satisfactory,0.3612,Positive,Neutral,True,False
REV000912,O018956,C00340,R0017,4,Amazing food and excellent quality.,Positive,2026-05-08 23:00:00,amazing food excellent quality,0.8176,Positive,Positive,True,True
REV027615,O047732,C01073,R0115,2,Very poor experience with the delivery.,Negative,2026-05-07 06:00:00,poor experience delivery,-0.5256,Negative,Negative,True,True
REV000125,O041138,C02662,R0047,4,Excellent experience from start to finish.,Positive,2026-03-15 06:00:00,excellent experience start finish,0.5719,Positive,Positive,True,True
REV006873,O045793,C00002,R0156,4,The food was fresh and flavorful.,Positive,2026-06-15 18:00:00,food fresh flavorful,0.3182,Positive,Positive,True,True
REV015231,O008182,C04474,R0114,5,Delivery was fast and the food arrived hot.,Positive,2026-06-16 15:00:00,delivery fast food arrived hot,0.0,Neutral,Positive,True,False
REV015378,O016870,C01231,R0058,1,Very poor experience with the delivery.,Negative,2026-03-07 04:00:00,poor experience delivery,-0.5256,Negative,Negative,True,True
REV028135,O035557,C04310,R0268,1,The packaging was damaged.,Negative,2026-02-07 07:00:00,packaging damaged,-0.4404,Negative,Negative,True,True
REV015312,O001812,C04302,R0057,5,Amazing food and excellent quality.,Positive,2026-04-23 01:00:00,amazing food excellent quality,0.8176,Positive,Positive,True,True
REV000214,O019338,C04238,R0028,5,Excellent experience from start to finish.,Positive,2026-02-16 21:00:00,excellent experience start finish,0.5719,Positive,Positive,True,True
REV025332,O043618,C03451,R0269,2,The order took too long to arrive.,Negative,2026-03-09 11:00:00,order took long arrive,0.0,Neutral,Negative,True,False
REV001560,O011979,C00108,R0295,4,Everything was perfect and well packed.,Positive,2026-04-13 14:00:00,everything perfect well packed,0.7003,Positive,Positive,True,True
REV017419,O035253,C02972,R0144,4,Fast delivery and great packaging.,Positive,2026-03-30 22:00:00,fast delivery great packaging,0.6249,Positive,Positive,True,True
REV027722,O000337,C02423,R0012,2,My order was missing an item.,Negative,2026-06-12 14:00:00,order missing item,-0.296,Negative,Negative,True,True
REV020862,O030667,C04070,R0097,1,The food was cold and the delivery was late.,Negative,2026-03-08 03:00:00,food cold delivery late,0.0,Neutral,Negative,True,False
REV022156,O003934,C00930,R0136,5,Fast delivery and great packaging.,Positive,2026-02-06 11:00:00,fast delivery great packaging,0.6249,Positive,Positive,True,True
REV028095,O025797,C02434,R0261,5,Excellent experience from start to finish.,Positive,2026-05-12 09:00:00,excellent experience start finish,0.5719,Positive,Positive,True,True
REV001173,O042761,C00302,R0159,2,The food was cold and the delivery was late.,Negative,2026-05-22 06:00:00,food cold delivery late,0.0,Neutral,Negative,True,False
REV001277,O016120,C00807,R0018,5,Fast delivery and great packaging.,Positive,2026-04-19 23:00:00,fast delivery great packaging,0.6249,Positive,Positive,True,True
REV027099,O045247,C04556,R0115,2,I received the wrong item.,Negative,2026-05-25 10:00:00,received wrong item,-0.4767,Negative,Negative,True,True
REV015874,O013316,C04270,R0016,2,The packaging was damaged.,Negative,2026-04-22 19:00:00,packaging damaged,-0.4404,Negative,Negative,True,True
REV006827,O005238,C00468,R0293,5,The order arrived quickly and everything was hot.,Positive,2026-01-28 14:00:00,order arrived quickly everything hot,0.0,Neutral,Positive,True,False
REV020060,O015109,C04248,R0048,4,Fast delivery and great packaging.,Positive,2026-02-21 22:00:00,fast delivery great packaging,0.6249,Positive,Positive,True,True
REV011546,O004425,C04434,R0198,5,Fast delivery and great packaging.,Positive,2026-04-20 08:00:00,fast delivery great packaging,0.6249,Positive,Positive,True,True
REV024522,O014370,C01344,R0200,5,Delivery was fast and the food arrived hot.,Positive,2026-06-17 10:00:00,delivery fast food arrived hot,0.0,Neutral,Positive,True,False
REV023492,O044525,C00297,R0146,5,Fast delivery and great packaging.,Positive,2026-03-30 13:00:00,fast delivery great packaging,0.6249,Positive,Positive,True,True
REV001821,O022418,C01027,R0299,4,The delivery was very late.,Negative,2026-05-20 23:00:00,delivery late,0.0,Neutral,Negative,True,False
REV015204,O026414,C01885,R0125,1,The food was cold and the delivery was late.,Negative,2026-03-09 22:00:00,food cold delivery late,0.0,Neutral,Negative,True,False
REV024525,O013945,C03704,R0025,2,The order took too long to arrive.,Negative,2026-01-21 07:00:00,order took long arrive,0.0,Neutral,Negative,True,False
REV015155,O034736,C02865,R0244,5,The food was delicious and fresh.,Positive,2026-02-23 10:00:00,food delicious fresh,0.7184,Positive,Positive,True,True
REV016907,O011763,C04769,R0226,5,The food was fresh and flavorful.,Positive,2026-03-08 08:00:00,food fresh flavorful,0.3182,Positive,Positive,True,True
REV012561,O023284,C04938,R0198,4,Excellent experience from start to finish.,Positive,2026-02-08 00:00:00,excellent experience start finish,0.5719,Positive,Positive,True,True
REV012731,O028964,C00309,R0098,5,The food was fresh and flavorful.,Positive,2026-03-25 04:00:00,food fresh flavorful,0.3182,Positive,Positive,True,True
REV019642,O046855,C02474,R0172,2,The order took too long to arrive.,Negative,2026-06-20 15:00:00,order took long arrive,0.0,Neutral,Negative,True,False
REV011387,O033961,C02748,R0229,5,The order arrived quickly and everything was hot.,Positive,2026-03-22 22:00:00,order arrived quickly everything hot,0.0,Neutral,Positive,True,False
REV012920,O004844,C00621,R0113,5,Everything was perfect and well packed.,Positive,2026-01-18 11:00:00,everything perfect well packed,0.7003,Positive,Positive,True,True
REV012957,O028628,C00214,R0078,4,Excellent experience from start to finish.,Positive,2026-04-19 00:00:00,excellent experience start finish,0.5719,Positive,Positive,True,True
REV007953,O001302,C04631,R0081,5,The food was delicious and fresh.,Positive,2026-01-09 10:00:00,food delicious fresh,0.7184,Positive,Positive,True,True
REV003220,O018323,C01626,R0150,5,Excellent experience from start to finish.,Positive,2026-03-23 23:00:00,excellent experience start finish,0.5719,Positive,Positive,True,True
REV000894,O046463,C04968,R0150,2,The packaging was damaged.,Negative,2026-04-19 10:00:00,packaging damaged,-0.4404,Negative,Negative,True,True
REV015368,O031728,C02551,R0027,3,The experience was fine.,Neutral,2026-03-05 15:00:00,experience fine,0.2023,Positive,Neutral,True,False
REV013117,O033687,C03878,R0230,1,The food arrived cold.,Negative,2026-02-24 09:00:00,food arrived cold,0.0,Neutral,Negative,True,False
REV001259,O011812,C01997,R0206,5,Fast delivery and great packaging.,Positive,2026-04-05 03:00:00,fast delivery great packaging,0.6249,Positive,Positive,True,True
REV022586,O033362,C02892,R0254,5,The food was fresh and flavorful.,Positive,2026-03-25 03:00:00,food fresh flavorful,0.3182,Positive,Positive,True,True
REV028975,O027229,C04515,R0207,4,Really tasty food with generous portions.,Positive,2026-01-11 06:00:00,really tasty food generous portion,0.5106,Positive,Positive,True,True
REV018076,O018246,C02883,R0197,3,Food quality was average.,Neutral,2026-05-16 11:00:00,food quality average,0.0,Neutral,Neutral,True,True
REV000713,O020115,C04872,R0183,2,The food was cold and the delivery was late.,Negative,2026-06-14 00:00:00,food cold delivery late,0.0,Neutral,Negative,True,False
REV028966,O021001,C04170,R0067,4,The food was delicious and fresh.,Positive,2026-06-03 21:00:00,food delicious fresh,0.7184,Positive,Positive,True,True
REV010322,O035641,C03342,R0210,5,Fast delivery and great packaging.,Positive,2026-01-19 17:00:00,fast delivery great packaging,0.6249,Positive,Positive,True,True
REV013363,O035848,C03203,R0177,5,Everything was perfect and well packed.,Positive,2026-05-23 01:00:00,everything perfect well packed,0.7003,Positive,Positive,True,True
REV011924,O010846,C03363,R0001,4,The food was fresh and flavorful.,Positive,2026-04-03 12:00:00,food fresh flavorful,0.3182,Positive,Positive,True,True
REV003252,O040470,C00773,R0266,5,The food was delicious and fresh.,Positive,2026-06-05 06:00:00,food delicious fresh,0.7184,Positive,Positive,True,True
REV005662,O037017,C00157,R0077,3,The food was decent.,Neutral,2026-05-27 18:00:00,food decent,0.0,Neutral,Neutral,True,True
REV000857,O007596,C04613,R0096,1,The order took too long to arrive.,Negative,2026-03-21 03:00:00,order took long arrive,0.0,Neutral,Negative,True,False
REV027817,O021398,C02436,R0151,3,Amazing food and excellent quality.,Positive,2026-01-30 10:00:00,amazing food excellent quality,0.8176,Positive,Positive,True,True
REV005215,O009831,C02036,R0098,5,Everything was perfect and well packed.,Positive,2026-05-23 05:00:00,everything perfect well packed,0.7003,Positive,Positive,True,True
REV005291,O033674,C02434,R0261,5,Excellent experience from start to finish.,Positive,2026-03-24 14:00:00,excellent experience start finish,0.5719,Positive,Positive,True,True
REV029023,O001162,C02025,R0273,1,The order was delayed for a long time.,Negative,2026-02-17 16:00:00,order delayed long time,-0.2263,Negative,Negative,True,True
REV013391,O004867,C04992,R0084,5,Delivery was fast and the food arrived hot.,Positive,2026-05-11 09:00:00,delivery fast food arrived hot,0.0,Neutral,Positive,True,False
REV010348,O030214,C00542,R0232,4,Amazing food and excellent quality.,Positive,2026-03-18 12:00:00,amazing food excellent quality,0.8176,Positive,Positive,True,True
REV005324,O025735,C02853,R0212,4,Really tasty food with generous portions.,Positive,2026-04-18 18:00:00,really tasty food generous portion,0.5106,Positive,Positive,True,True
REV005233,O039565,C04260,R0262,1,The order took too long to arrive.,Negative,2026-03-03 19:00:00,order took long arrive,0.0,Neutral,Negative,True,False
REV005146,O044569,C04260,R0195,3,Fast delivery and great packaging.,Positive,2026-06-23 15:00:00,fast delivery great packaging,0.6249,Positive,Positive,True,True
REV028305,O004532,C01904,R0204,5,Fast delivery and great packaging.,Positive,2026-03-10 23:00:00,fast delivery great packaging,0.6249,Positive,Positive,True,True
REV022139,O018986,C04724,R0175,5,Great quality and very good service.,Positive,2026-04-16 01:00:00,great quality good service,0.807,Positive,Positive,True,True
REV006329,O004104,C04461,R0246,1,The food arrived cold.,Negative,2026-01-11 11:00:00,food arrived cold,0.0,Neutral,Negative,True,False
REV027453,O016022,C02715,R0250,1,The food was bland and disappointing.,Negative,2026-01-09 04:00:00,food bland disappointing,-0.4939,Negative,Negative,True,True
REV028019,O014333,C02242,R0208,4,Excellent experience from start to finish.,Positive,2026-04-17 21:00:00,excellent experience start finish,0.5719,Positive,Positive,True,True
REV022206,O012428,C03319,R0022,5,The food was delicious and fresh.,Positive,2026-03-06 22:00:00,food delicious fresh,0.7184,Positive,Positive,True,True
REV026915,O004973,C04697,R0038,5,The food was fresh and flavorful.,Positive,2026-06-24 09:00:00,food fresh flavorful,0.3182,Positive,Positive,True,True
REV010263,O008492,C04806,R0297,5,The food was delicious and fresh.,Positive,2026-06-29 07:00:00,food delicious fresh,0.7184,Positive,Positive,True,True
REV005261,O011703,C01466,R0125,5,The order arrived quickly and everything was hot.,Positive,2026-05-14 03:00:00,order arrived quickly everything hot,0.0,Neutral,Positive,True,False
REV009505,O015502,C03856,R0098,4,Amazing food and excellent quality.,Positive,2026-02-03 05:00:00,amazing food excellent quality,0.8176,Positive,Positive,True,True
REV014781,O008151,C02123,R0051,5,Amazing food and excellent quality.,Positive,2026-02-09 20:00:00,amazing food excellent quality,0.8176,Positive,Positive,True,True
REV022422,O034374,C00312,R0050,3,The food was decent.,Neutral,2026-03-20 12:00:00,food decent,0.0,Neutral,Neutral,True,True
REV016170,O044453,C00559,R0149,4,The food was fresh and flavorful.,Positive,2026-05-09 05:00:00,food fresh flavorful,0.3182,Positive,Positive,True,True
REV013354,O026196,C02231,R0180,5,Amazing food and excellent quality.,Positive,2026-05-22 08:00:00,amazing food excellent quality,0.8176,Positive,Positive,True,True
REV005604,O038461,C03517,R0215,5,Amazing food and excellent quality.,Positive,2026-03-16 01:00:00,amazing food excellent quality,0.8176,Positive,Positive,True,True
REV024897,O014749,C02845,R0039,4,The order arrived quickly and everything was hot.,Positive,2026-02-27 11:00:00,order arrived quickly everything hot,0.0,Neutral,Positive,True,False
REV019960,O045150,C03812,R0248,4,The food was delicious and fresh.,Positive,2026-04-15 13:00:00,food delicious fresh,0.7184,Positive,Positive,True,True
REV014739,O007641,C04725,R0065,5,Great quality and very good service.,Positive,2026-06-13 20:00:00,great quality good service,0.807,Positive,Positive,True,True
REV021912,O010896,C04203,R0186,1,The order was delayed for a long time.,Negative,2026-01-19 03:00:00,order delayed long time,-0.2263,Negative,Negative,True,True
REV021397,O032236,C03133,R0100,4,The food was fresh and flavorful.,Positive,2026-02-12 12:00:00,food fresh flavorful,0.3182,Positive,Positive,True,True
REV015441,O040940,C03917,R0131,4,Everything was perfect and well packed.,Positive,2026-04-15 05:00:00,everything perfect well packed,0.7003,Positive,Positive,True,True
REV028443,O007613,C01296,R0061,4,Great quality and very good service.,Positive,2026-04-06 05:00:00,great quality good service,0.807,Positive,Positive,True,True
REV025335,O018921,C04373,R0058,5,Everything was perfect and well packed.,Positive,2026-05-11 03:00:00,everything perfect well packed,0.7003,Positive,Positive,True,True
REV023844,O037776,C02334,R0074,1,The food was bland and disappointing.,Negative,2026-02-21 02:00:00,food bland disappointing,-0.4939,Negative,Negative,True,True
REV009030,O007130,C01814,R0066,5,Very poor experience with the delivery.,Negative,2026-01-02 08:00:00,poor experience delivery,-0.5256,Negative,Negative,True,True
REV010416,O028636,C02392,R0245,5,Everything was perfect and well packed.,Positive,2026-03-12 20:00:00,everything perfect well packed,0.7003,Positive,Positive,True,True
REV027138,O021600,C02411,R0003,5,Excellent experience from start to finish.,Positive,2026-05-04 17:00:00,excellent experience start finish,0.5719,Positive,Positive,True,True
REV004741,O046095,C00097,R0228,4,Fast delivery and great packaging.,Positive,2026-02-16 05:00:00,fast delivery great packaging,0.6249,Positive,Positive,True,True
REV029437,O048328,C04272,R0256,3,The order took too long to arrive.,Negative,2026-01-18 22:00:00,order took long arrive,0.0,Neutral,Negative,True,False
REV005139,O045975,C03666,R0227,5,Excellent experience from start to finish.,Positive,2026-01-20 00:00:00,excellent experience start finish,0.5719,Positive,Positive,True,True
REV025563,O044839,C04237,R0023,4,Everything was perfect and well packed.,Positive,2026-06-08 09:00:00,everything perfect well packed,0.7003,Positive,Positive,True,True
REV002391,O003927,C00228,R0183,4,The food was fresh and flavorful.,Positive,2026-01-20 07:00:00,food fresh flavorful,0.3182,Positive,Positive,True,True
REV008991,O008513,C00742,R0197,5,The food was fresh and flavorful.,Positive,2026-04-07 18:00:00,food fresh flavorful,0.3182,Positive,Positive,True,True
REV001263,O043841,C01540,R0032,5,Excellent experience from start to finish.,Positive,2026-05-04 05:00:00,excellent experience start finish,0.5719,Positive,Positive,True,True
REV010075,O013489,C03000,R0070,3,The food was okay.,Neutral,2026-04-08 10:00:00,food okay,0.2263,Positive,Neutral,True,False
REV001145,O031553,C04584,R0210,5,Excellent experience from start to finish.,Positive,2026-06-25 04:00:00,excellent experience start finish,0.5719,Positive,Positive,True,True
REV016083,O021067,C03558,R0171,2,Very poor experience with the delivery.,Negative,2026-06-04 03:00:00,poor experience delivery,-0.5256,Negative,Negative,True,True
REV014986,O003928,C04978,R0237,4,The food was fresh and flavorful.,Positive,2026-06-19 10:00:00,food fresh flavorful,0.3182,Positive,Positive,True,True
REV011004,O044971,C04424,R0164,3,It was an ordinary experience.,Neutral,2026-03-04 09:00:00,ordinary experience,0.0,Neutral,Neutral,True,True
REV000715,O027369,C03089,R0049,5,Delivery was fast and the food arrived hot.,Positive,2026-06-22 13:00:00,delivery fast food arrived hot,0.0,Neutral,Positive,True,False
REV012709,O044900,C01301,R0086,4,Amazing food and excellent quality.,Positive,2026-06-27 21:00:00,amazing food excellent quality,0.8176,Positive,Positive,True,True
REV008355,O032473,C03097,R0280,5,Excellent experience from start to finish.,Positive,2026-01-06 05:00:00,excellent experience start finish,0.5719,Positive,Positive,True,True
REV022240,O000835,C02395,R0138,2,The food was fresh and flavorful.,Positive,2026-02-06 07:00:00,food fresh flavorful,0.3182,Positive,Positive,True,True
REV027960,O021058,C02638,R0272,4,The order arrived quickly and everything was hot.,Positive,2026-03-24 04:00:00,order arrived quickly everything hot,0.0,Neutral,Positive,True,False
REV013759,O009817,C00345,R0265,3,Food quality was average.,Neutral,2026-05-15 19:00:00,food quality average,0.0,Neutral,Neutral,True,True
REV012441,O021158,C02426,R0284,5,The food was delicious and fresh.,Positive,2026-03-31 17:00:00,food delicious fresh,0.7184,Positive,Positive,True,True
REV017663,O024909,C03040,R0178,5,Excellent experience from start to finish.,Positive,2026-05-20 19:00:00,excellent experience start finish,0.5719,Positive,Positive,True,True
REV025017,O039677,C02267,R0240,3,Nothing special about the order.,Neutral,2026-03-11 01:00:00,nothing special order,-0.3089,Negative,Neutral,True,False
REV000438,O008680,C02961,R0005,5,Everything was perfect and well packed.,Positive,2026-03-19 01:00:00,everything perfect well packed,0.7003,Positive,Positive,True,True
REV003689,O022125,C04875,R0149,5,The order was delayed for a long time.,Negative,2026-05-24 15:00:00,order delayed long time,-0.2263,Negative,Negative,True,True
REV023330,O027192,C02165,R0082,2,The delivery was very late.,Negative,2026-01-29 07:00:00,delivery late,0.0,Neutral,Negative,True,False
REV016043,O010920,C02729,R0004,4,The food was delicious and fresh.,Positive,2026-03-01 00:00:00,food delicious fresh,0.7184,Positive,Positive,True,True
REV017464,O017797,C04351,R0050,4,Everything was perfect and well packed.,Positive,2026-01-09 20:00:00,everything perfect well packed,0.7003,Positive,Positive,True,True
REV017278,O045677,C02617,R0180,4,Everything was perfect and well packed.,Positive,2026-05-03 03:00:00,everything perfect well packed,0.7003,Positive,Positive,True,True
REV007877,O008069,C03453,R0140,2,The order was delayed for a long time.,Negative,2026-06-10 17:00:00,order delayed long time,-0.2263,Negative,Negative,True,True
REV014799,O030854,C04714,R0086,4,Fast delivery and great packaging.,Positive,2026-05-11 08:00:00,fast delivery great packaging,0.6249,Positive,Positive,True,True
REV007727,O006392,C03922,R0044,3,It was an ordinary experience.,Neutral,2026-04-19 21:00:00,ordinary experience,0.0,Neutral,Neutral,True,True
REV012962,O045071,C02723,R0190,5,The food was fresh and flavorful.,Positive,2026-01-08 11:00:00,food fresh flavorful,0.3182,Positive,Positive,True,True
REV008721,O011591,C03366,R0201,4,Great quality and very good service.,Positive,2026-05-22 20:00:00,great quality good service,0.807,Positive,Positive,True,True
REV024146,O024959,C03033,R0063,5,Fast delivery and great packaging.,Positive,2026-01-18 07:00:00,fast delivery great packaging,0.6249,Positive,Positive,True,True
REV002433,O005691,C03928,R0181,5,Everything was perfect and well packed.,Positive,2026-03-07 13:00:00,everything perfect well packed,0.7003,Positive,Positive,True,True
REV001647,O017988,C02072,R0011,3,Nothing special about the order.,Neutral,2026-02-13 14:00:00,nothing special order,-0.3089,Negative,Neutral,True,False
REV028324,O024830,C03089,R0173,5,Amazing food and excellent quality.,Positive,2026-03-30 16:00:00,amazing food excellent quality,0.8176,Positive,Positive,True,True
REV021044,O046731,C04717,R0019,4,Everything was perfect and well packed.,Positive,2026-06-20 13:00:00,everything perfect well packed,0.7003,Positive,Positive,True,True
REV002520,O049225,C03869,R0078,3,The order was okay overall.,Neutral,2026-02-22 06:00:00,order okay overall,0.2263,Positive,Neutral,True,False
REV000558,O035521,C03643,R0069,3,The food was okay.,Neutral,2026-03-12 01:00:00,food okay,0.2263,Positive,Neutral,True,False
REV028968,O033740,C04203,R0034,5,The food was delicious and fresh.,Positive,2026-03-30 06:00:00,food delicious fresh,0.7184,Positive,Positive,True,True
REV003120,O042706,C02938,R0129,4,Excellent experience from start to finish.,Positive,2026-02-19 00:00:00,excellent experience start finish,0.5719,Positive,Positive,True,True
REV003550,O044981,C04153,R0148,1,The order was delayed for a long time.,Negative,2026-03-15 20:00:00,order delayed long time,-0.2263,Negative,Negative,True,True
REV012710,O039177,C00625,R0207,5,Fast delivery and great packaging.,Positive,2026-06-23 10:00:00,fast delivery great packaging,0.6249,Positive,Positive,True,True
REV021876,O029006,C01198,R0194,3,The experience was fine.,Neutral,2026-02-22 17:00:00,experience fine,0.2023,Positive,Neutral,True,False
REV026967,O037760,C01384,R0292,3,The food was okay.,Neutral,2026-04-18 20:00:00,food okay,0.2263,Positive,Neutral,True,False
REV019186,O004203,C00551,R0245,5,Great quality and very good service.,Positive,2026-05-07 11:00:00,great quality good service,0.807,Positive,Positive,True,True
REV010639,O020772,C00113,R0113,2,The order took too long to arrive.,Negative,2026-04-01 11:00:00,order took long arrive,0.0,Neutral,Negative,True,False
REV006866,O020432,C01616,R0113,4,Delivery was fast and the food arrived hot.,Positive,2026-06-25 15:00:00,delivery fast food arrived hot,0.0,Neutral,Positive,True,False
REV024099,O024168,C02752,R0298,5,Excellent experience from start to finish.,Positive,2026-02-10 08:00:00,excellent experience start finish,0.5719,Positive,Positive,True,True
REV024779,O010482,C03688,R0030,5,Excellent experience from start to finish.,Positive,2026-02-23 14:00:00,excellent experience start finish,0.5719,Positive,Positive,True,True
REV028855,O049561,C02362,R0255,5,The food was fresh and flavorful.,Positive,2026-01-19 04:00:00,food fresh flavorful,0.3182,Positive,Positive,True,True
REV029582,O037904,C02517,R0135,5,The food was delicious and fresh.,Positive,2026-05-14 04:00:00,food delicious fresh,0.7184,Positive,Positive,True,True
REV011194,O009933,C01832,R0215,5,Fast delivery and great packaging.,Positive,2026-04-10 03:00:00,fast delivery great packaging,0.6249,Positive,Positive,True,True
REV024925,O016086,C00419,R0086,5,Really tasty food with generous portions.,Positive,2026-01-11 00:00:00,really tasty food generous portion,0.5106,Positive,Positive,True,True
REV015608,O022118,C04856,R0149,5,Fast delivery and great packaging.,Positive,2026-06-03 05:00:00,fast delivery great packaging,0.6249,Positive,Positive,True,True
REV010780,O036825,C03513,R0275,4,The order arrived quickly and everything was hot.,Positive,2026-05-31 22:00:00,order arrived quickly everything hot,0.0,Neutral,Positive,True,False
REV028427,O033827,C00553,R0119,1,The order arrived quickly and everything was hot.,Positive,2026-02-22 23:00:00,order arrived quickly everything hot,0.0,Neutral,Positive,True,False
REV003513,O044133,C03973,R0013,3,The food was acceptable.,Neutral,2026-02-13 20:00:00,food acceptable,0.3182,Positive,Neutral,True,False
REV009674,O010927,C00742,R0278,3,Food quality was average.,Neutral,2026-03-26 06:00:00,food quality average,0.0,Neutral,Neutral,True,True
REV016570,O027922,C03304,R0057,4,Amazing food and excellent quality.,Positive,2026-05-04 01:00:00,amazing food excellent quality,0.8176,Positive,Positive,True,True
REV028814,O040649,C02270,R0054,4,Everything was perfect and well packed.,Positive,2026-06-18 15:00:00,everything perfect well packed,0.7003,Positive,Positive,True,True
REV017831,O039561,C00344,R0255,5,Amazing food and excellent quality.,Positive,2026-03-04 21:00:00,amazing food excellent quality,0.8176,Positive,Positive,True,True
REV026828,O033535,C03747,R0133,5,Fast delivery and great packaging.,Positive,2026-05-11 19:00:00,fast delivery great packaging,0.6249,Positive,Positive,True,True
REV024027,O030030,C02876,R0196,5,Everything was perfect and well packed.,Positive,2026-01-19 12:00:00,everything perfect well packed,0.7003,Positive,Positive,True,True
REV029303,O027018,C01271,R0058,4,The food was fresh and flavorful.,Positive,2026-02-05 06:00:00,food fresh flavorful,0.3182,Positive,Positive,True,True
REV002906,O021181,C01162,R0084,5,The order arrived quickly and everything was hot.,Positive,2026-05-16 23:00:00,order arrived quickly everything hot,0.0,Neutral,Positive,True,False
REV009380,O019240,C01945,R0027,5,The food was cold and the delivery was late.,Negative,2026-04-30 21:00:00,food cold delivery late,0.0,Neutral,Negative,True,False
REV018604,O016054,C02265,R0209,4,Really tasty food with generous portions.,Positive,2026-02-08 06:00:00,really tasty food generous portion,0.5106,Positive,Positive,True,True
REV024372,O035020,C03995,R0061,5,The food was fresh and flavorful.,Positive,2026-03-06 21:00:00,food fresh flavorful,0.3182,Positive,Positive,True,True
REV027791,O024068,C00835,R0279,2,Great quality and very good service.,Positive,2026-02-14 08:00:00,great quality good service,0.807,Positive,Positive,True,True
REV004085,O034010,C03701,R0030,4,Amazing food and excellent quality.,Positive,2026-04-20 11:00:00,amazing food excellent quality,0.8176,Positive,Positive,True,True
REV004675,O022565,C03795,R0073,2,The order was delayed for a long time.,Negative,2026-05-09 20:00:00,order delayed long time,-0.2263,Negative,Negative,True,True
REV013851,O018569,C03246,R0269,5,Everything was perfect and well packed.,Positive,2026-05-03 01:00:00,everything perfect well packed,0.7003,Positive,Positive,True,True
REV001279,O031132,C02379,R0201,3,The food was decent.,Neutral,2026-01-06 06:00:00,food decent,0.0,Neutral,Neutral,True,True
REV029374,O027762,C02474,R0042,4,Everything was perfect and well packed.,Positive,2026-05-24 05:00:00,everything perfect well packed,0.7003,Positive,Positive,True,True
REV027470,O045059,C00552,R0070,5,Really tasty food with generous portions.,Positive,2026-05-08 18:00:00,really tasty food generous portion,0.5106,Positive,Positive,True,True
REV008501,O034697,C03733,R0222,4,Amazing food and excellent quality.,Positive,2026-01-16 15:00:00,amazing food excellent quality,0.8176,Positive,Positive,True,True
REV007972,O049309,C00832,R0178,4,The food was delicious and fresh.,Positive,2026-04-17 03:00:00,food delicious fresh,0.7184,Positive,Positive,True,True
REV022182,O007363,C01887,R0189,5,Delivery was fast and the food arrived hot.,Positive,2026-03-09 06:00:00,delivery fast food arrived hot,0.0,Neutral,Positive,True,False
REV021658,O032995,C04137,R0195,4,Excellent experience from start to finish.,Positive,2026-02-16 07:00:00,excellent experience start finish,0.5719,Positive,Positive,True,True
REV002935,O038379,C03137,R0120,5,Everything was perfect and well packed.,Positive,2026-01-25 16:00:00,everything perfect well packed,0.7003,Positive,Positive,True,True
REV004273,O004428,C00913,R0283,2,The food arrived cold.,Negative,2026-06-28 19:00:00,food arrived cold,0.0,Neutral,Negative,True,False
REV012284,O033946,C04331,R0182,5,Great quality and very good service.,Positive,2026-02-22 03:00:00,great quality good service,0.807,Positive,Positive,True,True
REV015322,O004184,C00426,R0245,5,The food was fresh and flavorful.,Positive,2026-05-24 18:00:00,food fresh flavorful,0.3182,Positive,Positive,True,True
REV014131,O047142,C02128,R0026,3,The food was okay.,Neutral,2026-03-30 20:00:00,food okay,0.2263,Positive,Neutral,True,False
REV026486,O024461,C01480,R0161,4,Great quality and very good service.,Positive,2026-04-19 22:00:00,great quality good service,0.807,Positive,Positive,True,True
REV022184,O048764,C03778,R0163,4,Delivery was fast and the food arrived hot.,Positive,2026-03-25 10:00:00,delivery fast food arrived hot,0.0,Neutral,Positive,True,False
REV014279,O046031,C02022,R0238,5,Everything was perfect and well packed.,Positive,2026-04-26 08:00:00,everything perfect well packed,0.7003,Positive,Positive,True,True
REV026241,O025649,C03324,R0060,4,The order arrived quickly and everything was hot.,Positive,2026-04-19 22:00:00,order arrived quickly everything hot,0.0,Neutral,Positive,True,False
REV028820,O043780,C04480,R0087,5,The order took too long to arrive.,Negative,2026-03-29 00:00:00,order took long arrive,0.0,Neutral,Negative,True,False
REV002556,O018767,C00890,R0010,4,Everything was perfect and well packed.,Positive,2026-04-18 11:00:00,everything perfect well packed,0.7003,Positive,Positive,True,True
REV014950,O031866,C00717,R0025,4,Great quality and very good service.,Positive,2026-01-26 14:00:00,great quality good service,0.807,Positive,Positive,True,True
REV002156,O020892,C04659,R0025,5,Great quality and very good service.,Positive,2026-03-05 08:00:00,great quality good service,0.807,Positive,Positive,True,True
REV020508,O000827,C03170,R0091,5,Delivery was fast and the food arrived hot.,Positive,2026-05-17 22:00:00,delivery fast food arrived hot,0.0,Neutral,Positive,True,False
REV005283,O005998,C01222,R0040,4,The food was fresh and flavorful.,Positive,2026-04-16 18:00:00,food fresh flavorful,0.3182,Positive,Positive,True,True
REV005174,O040604,C00964,R0043,5,Fast delivery and great packaging.,Positive,2026-06-30 04:00:00,fast delivery great packaging,0.6249,Positive,Positive,True,True
REV002234,O017541,C01734,R0184,2,The order was delayed for a long time.,Negative,2026-03-13 02:00:00,order delayed long time,-0.2263,Negative,Negative,True,True
REV013342,O049253,C01505,R0205,5,The food was fresh and flavorful.,Positive,2026-02-18 22:00:00,food fresh flavorful,0.3182,Positive,Positive,True,True
REV007992,O029867,C03659,R0023,3,It was an ordinary experience.,Neutral,2026-02-15 00:00:00,ordinary experience,0.0,Neutral,Neutral,True,True
REV025489,O032814,C04032,R0141,5,Great quality and very good service.,Positive,2026-02-17 01:00:00,great quality good service,0.807,Positive,Positive,True,True
REV008891,O034551,C04665,R0049,3,The delivery was very late.,Negative,2026-01-14 01:00:00,delivery late,0.0,Neutral,Negative,True,False
REV029073,O006793,C04215,R0192,4,Delivery was fast and the food arrived hot.,Positive,2026-06-12 08:00:00,delivery fast food arrived hot,0.0,Neutral,Positive,True,False
REV020473,O006661,C02128,R0153,4,Really tasty food with generous portions.,Positive,2026-03-01 18:00:00,really tasty food generous portion,0.5106,Positive,Positive,True,True
REV013280,O017685,C00076,R0019,5,The order arrived quickly and everything was hot.,Positive,2026-01-17 09:00:00,order arrived quickly everything hot,0.0,Neutral,Positive,True,False
REV012725,O022598,C01699,R0146,5,Everything was perfect and well packed.,Positive,2026-04-18 07:00:00,everything perfect well packed,0.7003,Positive,Positive,True,True
REV005449,O006760,C01230,R0267,5,Everything was perfect and well packed.,Positive,2026-05-11 12:00:00,everything perfect well packed,0.7003,Positive,Positive,True,True
REV009398,O031989,C02795,R0276,4,Really tasty food with generous portions.,Positive,2026-03-19 17:00:00,really tasty food generous portion,0.5106,Positive,Positive,True,True
REV012694,O041059,C04699,R0065,3,The food was delicious and fresh.,Positive,2026-02-23 05:00:00,food delicious fresh,0.7184,Positive,Positive,True,True
REV023219,O027781,C00725,R0233,4,The order arrived quickly and everything was hot.,Positive,2026-06-17 05:00:00,order arrived quickly everything hot,0.0,Neutral,Positive,True,False
REV018517,O047399,C02209,R0201,5,Fast delivery and great packaging.,Positive,2026-01-08 14:00:00,fast delivery great packaging,0.6249,Positive,Positive,True,True
REV017105,O021838,C04483,R0172,3,The food was decent.,Neutral,2026-06-18 22:00:00,food decent,0.0,Neutral,Neutral,True,True
REV025577,O027716,C01614,R0127,5,Amazing food and excellent quality.,Positive,2026-01-25 21:00:00,amazing food excellent quality,0.8176,Positive,Positive,True,True
REV024624,O009205,C03068,R0052,4,Fast delivery and great packaging.,Positive,2026-04-13 14:00:00,fast delivery great packaging,0.6249,Positive,Positive,True,True
REV022070,O016255,C03302,R0257,1,Very poor experience with the delivery.,Negative,2026-04-06 08:00:00,poor experience delivery,-0.5256,Negative,Negative,True,True
REV000804,O049312,C02218,R0083,4,Great quality and very good service.,Positive,2026-03-08 13:00:00,great quality good service,0.807,Positive,Positive,True,True
REV004717,O005287,C02756,R0210,3,The food was okay.,Neutral,2026-01-20 10:00:00,food okay,0.2263,Positive,Neutral,True,False
REV021325,O020809,C03344,R0239,4,Really tasty food with generous portions.,Positive,2026-04-30 10:00:00,really tasty food generous portion,0.5106,Positive,Positive,True,True
REV022413,O033606,C03300,R0209,3,Food quality was average.,Neutral,2026-02-27 13:00:00,food quality average,0.0,Neutral,Neutral,True,True
REV020791,O008848,C01972,R0196,3,Overall it was satisfactory.,Neutral,2026-04-16 08:00:00,overall satisfactory,0.3612,Positive,Neutral,True,False
REV026620,O040788,C00427,R0088,4,Really tasty food with generous portions.,Positive,2026-01-10 12:00:00,really tasty food generous portion,0.5106,Positive,Positive,True,True
REV021647,O003849,C04610,R0221,5,Really tasty food with generous portions.,Positive,2026-02-17 06:00:00,really tasty food generous portion,0.5106,Positive,Positive,True,True
REV011015,O018166,C03183,R0032,4,Excellent experience from start to finish.,Positive,2026-05-02 21:00:00,excellent experience start finish,0.5719,Positive,Positive,True,True
REV014355,O000644,C02435,R0078,4,The order arrived quickly and everything was hot.,Positive,2026-03-15 11:00:00,order arrived quickly everything hot,0.0,Neutral,Positive,True,False
REV002063,O026443,C01770,R0025,4,Excellent experience from start to finish.,Positive,2026-06-21 23:00:00,excellent experience start finish,0.5719,Positive,Positive,True,True
REV012913,O004398,C01512,R0099,5,Very poor experience with the delivery.,Negative,2026-05-15 01:00:00,poor experience delivery,-0.5256,Negative,Negative,True,True
REV027137,O006990,C03059,R0027,5,Great quality and very good service.,Positive,2026-06-17 06:00:00,great quality good service,0.807,Positive,Positive,True,True
REV022274,O018668,C01835,R0140,2,I received the wrong item.,Negative,2026-04-04 13:00:00,received wrong item,-0.4767,Negative,Negative,True,True
REV013515,O004480,C04045,R0219,5,Excellent experience from start to finish.,Positive,2026-01-23 14:00:00,excellent experience start finish,0.5719,Positive,Positive,True,True
REV022249,O013757,C01998,R0028,4,Amazing food and excellent quality.,Positive,2026-03-14 21:00:00,amazing food excellent quality,0.8176,Positive,Positive,True,True
REV029921,O024625,C01305,R0247,3,The food was okay.,Neutral,2026-04-14 08:00:00,food okay,0.2263,Positive,Neutral,True,False
REV008142,O032050,C00814,R0083,3,Overall it was satisfactory.,Neutral,2026-02-21 11:00:00,overall satisfactory,0.3612,Positive,Neutral,True,False
REV008921,O041580,C04327,R0027,4,The food was fresh and flavorful.,Positive,2026-01-02 18:00:00,food fresh flavorful,0.3182,Positive,Positive,True,True
REV019325,O002247,C03226,R0009,4,The food was fresh and flavorful.,Positive,2026-04-25 00:00:00,food fresh flavorful,0.3182,Positive,Positive,True,True
REV023683,O014147,C04080,R0298,5,The order arrived quickly and everything was hot.,Positive,2026-03-07 05:00:00,order arrived quickly everything hot,0.0,Neutral,Positive,True,False
REV012008,O036325,C01711,R0026,3,The food was acceptable.,Neutral,2026-06-21 02:00:00,food acceptable,0.3182,Positive,Neutral,True,False
REV021106,O003353,C02412,R0262,5,Really tasty food with generous portions.,Positive,2026-05-11 01:00:00,really tasty food generous portion,0.5106,Positive,Positive,True,True
REV015178,O026025,C04396,R0035,3,Food quality was average.,Neutral,2026-02-05 13:00:00,food quality average,0.0,Neutral,Neutral,True,True
REV003274,O016341,C00648,R0187,4,Fast delivery and great packaging.,Positive,2026-06-23 07:00:00,fast delivery great packaging,0.6249,Positive,Positive,True,True
REV021567,O003110,C01361,R0097,4,Excellent experience from start to finish.,Positive,2026-06-22 14:00:00,excellent experience start finish,0.5719,Positive,Positive,True,True
REV010960,O004407,C00997,R0019,1,Very poor experience with the delivery.,Negative,2026-04-01 18:00:00,poor experience delivery,-0.5256,Negative,Negative,True,True
REV025476,O037522,C02318,R0218,5,Really tasty food with generous portions.,Positive,2026-01-26 18:00:00,really tasty food generous portion,0.5106,Positive,Positive,True,True
REV024789,O005177,C01145,R0207,5,The food was delicious and fresh.,Positive,2026-02-01 05:00:00,food delicious fresh,0.7184,Positive,Positive,True,True
REV015228,O026645,C01257,R0053,5,The order arrived quickly and everything was hot.,Positive,2026-05-10 20:00:00,order arrived quickly everything hot,0.0,Neutral,Positive,True,False
REV006205,O047852,C01152,R0048,2,The packaging was damaged.,Negative,2026-05-15 03:00:00,packaging damaged,-0.4404,Negative,Negative,True,True
REV007908,O030289,C00645,R0259,2,The food arrived cold.,Negative,2026-01-12 06:00:00,food arrived cold,0.0,Neutral,Negative,True,False
REV002434,O049198,C00267,R0199,4,Amazing food and excellent quality.,Positive,2026-02-02 17:00:00,amazing food excellent quality,0.8176,Positive,Positive,True,True
REV022131,O041400,C01696,R0215,5,The food was delicious and fresh.,Positive,2026-01-28 03:00:00,food delicious fresh,0.7184,Positive,Positive,True,True
REV027292,O013802,C00468,R0088,4,Fast delivery and great packaging.,Positive,2026-05-31 14:00:00,fast delivery great packaging,0.6249,Positive,Positive,True,True
REV024985,O003324,C04055,R0202,3,Amazing food and excellent quality.,Positive,2026-03-22 02:00:00,amazing food excellent quality,0.8176,Positive,Positive,True,True
REV009685,O034284,C02591,R0129,5,Delivery was fast and the food arrived hot.,Positive,2026-05-30 22:00:00,delivery fast food arrived hot,0.0,Neutral,Positive,True,False
REV027878,O041731,C01083,R0042,5,The order arrived quickly and everything was hot.,Positive,2026-05-09 21:00:00,order arrived quickly everything hot,0.0,Neutral,Positive,True,False
REV004650,O019360,C03657,R0011,4,Really tasty food with generous portions.,Positive,2026-06-09 17:00:00,really tasty food generous portion,0.5106,Positive,Positive,True,True
REV027345,O004882,C02708,R0003,5,Delivery was fast and the food arrived hot.,Positive,2026-04-11 18:00:00,delivery fast food arrived hot,0.0,Neutral,Positive,True,False
REV011363,O029692,C03177,R0019,4,The food was delicious and fresh.,Positive,2026-03-19 03:00:00,food delicious fresh,0.7184,Positive,Positive,True,True
REV020558,O016094,C02632,R0273,4,Really tasty food with generous portions.,Positive,2026-02-01 15:00:00,really tasty food generous portion,0.5106,Positive,Positive,True,True
REV011758,O021822,C00826,R0261,4,Really tasty food with generous portions.,Positive,2026-04-10 01:00:00,really tasty food generous portion,0.5106,Positive,Positive,True,True
REV022497,O036957,C02597,R0243,3,Nothing special about the order.,Neutral,2026-01-26 04:00:00,nothing special order,-0.3089,Negative,Neutral,True,False
REV003878,O015970,C00514,R0214,4,Excellent experience from start to finish.,Positive,2026-05-26 06:00:00,excellent experience start finish,0.5719,Positive,Positive,True,True
REV029043,O032913,C00984,R0196,2,The delivery was very late.,Negative,2026-02-07 02:00:00,delivery late,0.0,Neutral,Negative,True,False
REV026798,O033788,C00646,R0082,5,The order arrived quickly and everything was hot.,Positive,2026-05-09 19:00:00,order arrived quickly everything hot,0.0,Neutral,Positive,True,False
REV021586,O031419,C03551,R0087,5,The order arrived quickly and everything was hot.,Positive,2026-06-23 14:00:00,order arrived quickly everything hot,0.0,Neutral,Positive,True,False
REV011181,O023311,C00872,R0245,4,Really tasty food with generous portions.,Positive,2026-03-06 20:00:00,really tasty food generous portion,0.5106,Positive,Positive,True,True
REV000642,O017795,C02185,R0035,5,The order took too long to arrive.,Negative,2026-03-23 13:00:00,order took long arrive,0.0,Neutral,Negative,True,False
REV028501,O003202,C03588,R0212,4,The food was fresh and flavorful.,Positive,2026-03-31 14:00:00,food fresh flavorful,0.3182,Positive,Positive,True,True
REV000707,O041484,C01585,R0027,4,Really tasty food with generous portions.,Positive,2026-03-12 10:00:00,really tasty food generous portion,0.5106,Positive,Positive,True,True
REV028157,O028917,C04609,R0134,4,Really tasty food with generous portions.,Positive,2026-05-11 08:00:00,really tasty food generous portion,0.5106,Positive,Positive,True,True
REV009603,O044411,C04995,R0009,4,The order arrived quickly and everything was hot.,Positive,2026-02-06 23:00:00,order arrived quickly everything hot,0.0,Neutral,Positive,True,False
REV008077,O013122,C01007,R0282,4,Really tasty food with generous portions.,Positive,2026-02-01 20:00:00,really tasty food generous portion,0.5106,Positive,Positive,True,True
REV023018,O039153,C01208,R0045,5,Great quality and very good service.,Positive,2026-05-23 15:00:00,great quality good service,0.807,Positive,Positive,True,True
REV025145,O000370,C01557,R0223,5,Great quality and very good service.,Positive,2026-03-08 17:00:00,great quality good service,0.807,Positive,Positive,True,True
REV029683,O021475,C01211,R0015,4,Amazing food and excellent quality.,Positive,2026-04-25 07:00:00,amazing food excellent quality,0.8176,Positive,Positive,True,True
REV010916,O039789,C04313,R0204,4,Fast delivery and great packaging.,Positive,2026-03-02 04:00:00,fast delivery great packaging,0.6249,Positive,Positive,True,True
REV012606,O037176,C03873,R0174,1,I received the wrong item.,Negative,2026-05-31 19:00:00,received wrong item,-0.4767,Negative,Negative,True,True
REV012851,O047171,C04535,R0068,4,Fast delivery and great packaging.,Positive,2026-04-05 14:00:00,fast delivery great packaging,0.6249,Positive,Positive,True,True
REV013170,O036265,C01845,R0033,2,The delivery was very late.,Negative,2026-06-19 20:00:00,delivery late,0.0,Neutral,Negative,True,False
REV017925,O031662,C02773,R0080,5,The food was delicious and fresh.,Positive,2026-04-19 12:00:00,food delicious fresh,0.7184,Positive,Positive,True,True
REV025569,O034371,C02234,R0207,5,The food was delicious and fresh.,Positive,2026-03-07 11:00:00,food delicious fresh,0.7184,Positive,Positive,True,True
REV002901,O005084,C02410,R0116,3,Overall it was satisfactory.,Neutral,2026-01-10 11:00:00,overall satisfactory,0.3612,Positive,Neutral,True,False
REV014945,O001594,C04941,R0151,5,The food was fresh and flavorful.,Positive,2026-01-23 02:00:00,food fresh flavorful,0.3182,Positive,Positive,True,True
REV019584,O042198,C04640,R0013,5,The order arrived quickly and everything was hot.,Positive,2026-05-25 01:00:00,order arrived quickly everything hot,0.0,Neutral,Positive,True,False
REV004804,O031435,C01545,R0217,5,Everything was perfect and well packed.,Positive,2026-01-08 13:00:00,everything perfect well packed,0.7003,Positive,Positive,True,True
REV013325,O041618,C00516,R0080,5,The order took too long to arrive.,Negative,2026-05-25 23:00:00,order took long arrive,0.0,Neutral,Negative,True,False
REV023673,O029946,C02681,R0240,1,The food was cold and the delivery was late.,Negative,2026-04-14 21:00:00,food cold delivery late,0.0,Neutral,Negative,True,False
REV017396,O026504,C00081,R0176,3,Food quality was average.,Neutral,2026-05-10 11:00:00,food quality average,0.0,Neutral,Neutral,True,True
REV017808,O022897,C02457,R0123,5,The delivery was very late.,Negative,2026-02-01 23:00:00,delivery late,0.0,Neutral,Negative,True,False
REV024681,O026214,C00062,R0155,4,Everything was perfect and well packed.,Positive,2026-01-29 08:00:00,everything perfect well packed,0.7003,Positive,Positive,True,True
REV021916,O026908,C03767,R0062,5,Delivery was fast and the food arrived hot.,Positive,2026-03-26 06:00:00,delivery fast food arrived hot,0.0,Neutral,Positive,True,False
REV015160,O011391,C01225,R0122,2,The food was bland and disappointing.,Negative,2026-05-11 13:00:00,food bland disappointing,-0.4939,Negative,Negative,True,True
REV001220,O013542,C00861,R0079,5,Excellent experience from start to finish.,Positive,2026-06-07 00:00:00,excellent experience start finish,0.5719,Positive,Positive,True,True
REV025823,O041036,C01619,R0024,3,The food was okay.,Neutral,2026-06-29 19:00:00,food okay,0.2263,Positive,Neutral,True,False
REV003174,O026786,C03934,R0035,4,Great quality and very good service.,Positive,2026-05-26 02:00:00,great quality good service,0.807,Positive,Positive,True,True
REV018009,O037438,C01728,R0075,4,My order was missing an item.,Negative,2026-01-29 13:00:00,order missing item,-0.296,Negative,Negative,True,True
REV028915,O037983,C04050,R0114,5,The food was fresh and flavorful.,Positive,2026-04-05 16:00:00,food fresh flavorful,0.3182,Positive,Positive,True,True
REV021142,O022513,C00305,R0118,1,The food was bland and disappointing.,Negative,2026-03-09 18:00:00,food bland disappointing,-0.4939,Negative,Negative,True,True
REV012593,O007929,C00630,R0065,5,Great quality and very good service.,Positive,2026-01-23 04:00:00,great quality good service,0.807,Positive,Positive,True,True
REV029240,O040881,C04922,R0033,4,Everything was perfect and well packed.,Positive,2026-03-29 03:00:00,everything perfect well packed,0.7003,Positive,Positive,True,True
REV012372,O001145,C01040,R0292,4,My order was missing an item.,Negative,2026-02-28 14:00:00,order missing item,-0.296,Negative,Negative,True,True
REV022280,O011999,C00910,R0104,1,The packaging was damaged.,Negative,2026-03-23 03:00:00,packaging damaged,-0.4404,Negative,Negative,True,True
REV004976,O007589,C03251,R0026,4,The food was delicious and fresh.,Positive,2026-01-12 08:00:00,food delicious fresh,0.7184,Positive,Positive,True,True
REV010238,O025897,C03902,R0200,4,Fast delivery and great packaging.,Positive,2026-02-02 11:00:00,fast delivery great packaging,0.6249,Positive,Positive,True,True
REV019548,O034775,C04308,R0265,5,Really tasty food with generous portions.,Positive,2026-05-28 05:00:00,really tasty food generous portion,0.5106,Positive,Positive,True,True
REV009949,O000783,C00605,R0119,5,My order was missing an item.,Negative,2026-05-27 11:00:00,order missing item,-0.296,Negative,Negative,True,True
REV012182,O035370,C03555,R0022,5,Delivery was fast and the food arrived hot.,Positive,2026-05-24 23:00:00,delivery fast food arrived hot,0.0,Neutral,Positive,True,False
REV004697,O010666,C01527,R0202,4,Excellent experience from start to finish.,Positive,2026-06-15 01:00:00,excellent experience start finish,0.5719,Positive,Positive,True,True
REV002228,O033718,C04710,R0234,5,Really tasty food with generous portions.,Positive,2026-02-09 11:00:00,really tasty food generous portion,0.5106,Positive,Positive,True,True
REV018334,O010257,C04309,R0262,5,Excellent experience from start to finish.,Positive,2026-05-24 07:00:00,excellent experience start finish,0.5719,Positive,Positive,True,True
REV004225,O040190,C01472,R0284,4,Excellent experience from start to finish.,Positive,2026-06-23 07:00:00,excellent experience start finish,0.5719,Positive,Positive,True,True
REV001134,O028794,C01632,R0116,3,I received the wrong item.,Negative,2026-03-02 19:00:00,received wrong item,-0.4767,Negative,Negative,True,True
REV008269,O005908,C02493,R0127,5,Everything was perfect and well packed.,Positive,2026-05-23 16:00:00,everything perfect well packed,0.7003,Positive,Positive,True,True
REV023638,O040134,C02660,R0199,5,The order arrived quickly and everything was hot.,Positive,2026-04-17 00:00:00,order arrived quickly everything hot,0.0,Neutral,Positive,True,False
REV002171,O035182,C01987,R0054,4,Everything was perfect and well packed.,Positive,2026-05-21 21:00:00,everything perfect well packed,0.7003,Positive,Positive,True,True
REV027601,O006526,C00865,R0110,4,Great quality and very good service.,Positive,2026-06-27 02:00:00,great quality good service,0.807,Positive,Positive,True,True
REV014985,O038372,C04322,R0132,1,Everything was perfect and well packed.,Positive,2026-04-15 20:00:00,everything perfect well packed,0.7003,Positive,Positive,True,True
REV015141,O026912,C00735,R0109,5,The food was delicious and fresh.,Positive,2026-02-22 20:00:00,food delicious fresh,0.7184,Positive,Positive,True,True
REV003697,O024140,C00364,R0125,4,Excellent experience from start to finish.,Positive,2026-03-23 22:00:00,excellent experience start finish,0.5719,Positive,Positive,True,True
REV022393,O044793,C01840,R0171,4,The food was delicious and fresh.,Positive,2026-06-28 09:00:00,food delicious fresh,0.7184,Positive,Positive,True,True
REV029897,O003575,C03342,R0276,5,Delivery was fast and the food arrived hot.,Positive,2026-06-02 11:00:00,delivery fast food arrived hot,0.0,Neutral,Positive,True,False
REV027989,O024978,C04613,R0014,2,I received the wrong item.,Negative,2026-05-31 13:00:00,received wrong item,-0.4767,Negative,Negative,True,True
REV012004,O029968,C03376,R0295,4,Great quality and very good service.,Positive,2026-06-19 18:00:00,great quality good service,0.807,Positive,Positive,True,True
REV025565,O004836,C00914,R0183,4,Fast delivery and great packaging.,Positive,2026-04-10 09:00:00,fast delivery great packaging,0.6249,Positive,Positive,True,True
REV014909,O033933,C04997,R0162,5,Fast delivery and great packaging.,Positive,2026-02-19 03:00:00,fast delivery great packaging,0.6249,Positive,Positive,True,True
REV002658,O013648,C01339,R0247,5,Really tasty food with generous portions.,Positive,2026-02-26 11:00:00,really tasty food generous portion,0.5106,Positive,Positive,True,True
REV026681,O021737,C03075,R0200,5,The food was delicious and fresh.,Positive,2026-04-24 17:00:00,food delicious fresh,0.7184,Positive,Positive,True,True
REV005826,O024163,C04851,R0277,4,Delivery was fast and the food arrived hot.,Positive,2026-05-28 00:00:00,delivery fast food arrived hot,0.0,Neutral,Positive,True,False
REV016190,O021005,C03161,R0235,3,The food was acceptable.,Neutral,2026-04-28 01:00:00,food acceptable,0.3182,Positive,Neutral,True,False
REV004639,O015085,C01694,R0208,4,The order arrived quickly and everything was hot.,Positive,2026-03-04 19:00:00,order arrived quickly everything hot,0.0,Neutral,Positive,True,False
REV002505,O026340,C01801,R0182,3,The order was okay overall.,Neutral,2026-05-20 04:00:00,order okay overall,0.2263,Positive,Neutral,True,False
REV007123,O014912,C03754,R0136,4,Excellent experience from start to finish.,Positive,2026-06-01 03:00:00,excellent experience start finish,0.5719,Positive,Positive,True,True
REV008473,O012848,C04221,R0011,5,The food was fresh and flavorful.,Positive,2026-02-21 11:00:00,food fresh flavorful,0.3182,Positive,Positive,True,True
REV025313,O043741,C00444,R0242,4,The food was fresh and flavorful.,Positive,2026-04-28 09:00:00,food fresh flavorful,0.3182,Positive,Positive,True,True
REV021869,O020565,C04089,R0053,3,Excellent experience from start to finish.,Positive,2026-05-31 22:00:00,excellent experience start finish,0.5719,Positive,Positive,True,True
REV022549,O000489,C02132,R0031,3,The food arrived cold.,Negative,2026-06-25 06:00:00,food arrived cold,0.0,Neutral,Negative,True,False
REV013414,O034034,C00293,R0130,2,The food was bland and disappointing.,Negative,2026-02-11 07:00:00,food bland disappointing,-0.4939,Negative,Negative,True,True
REV004873,O032528,C04742,R0077,4,Excellent experience from start to finish.,Positive,2026-06-25 21:00:00,excellent experience start finish,0.5719,Positive,Positive,True,True
REV003615,O037544,C01278,R0223,3,Delivery was fast and the food arrived hot.,Positive,2026-02-28 15:00:00,delivery fast food arrived hot,0.0,Neutral,Positive,True,False
REV022113,O017169,C04217,R0280,5,Excellent experience from start to finish.,Positive,2026-01-06 03:00:00,excellent experience start finish,0.5719,Positive,Positive,True,True
REV018788,O021796,C04418,R0020,5,Excellent experience from start to finish.,Positive,2026-03-30 16:00:00,excellent experience start finish,0.5719,Positive,Positive,True,True
REV025157,O006343,C03223,R0152,5,I received the wrong item.,Negative,2026-01-11 19:00:00,received wrong item,-0.4767,Negative,Negative,True,True
REV008496,O002331,C04346,R0049,4,The food was delicious and fresh.,Positive,2026-06-13 18:00:00,food delicious fresh,0.7184,Positive,Positive,True,True
REV000775,O026693,C04614,R0204,4,The food was fresh and flavorful.,Positive,2026-04-14 03:00:00,food fresh flavorful,0.3182,Positive,Positive,True,True
REV023095,O032077,C03789,R0232,4,Really tasty food with generous portions.,Positive,2026-01-27 16:00:00,really tasty food generous portion,0.5106,Positive,Positive,True,True
REV026831,O000132,C00764,R0153,3,The experience was fine.,Neutral,2026-05-19 13:00:00,experience fine,0.2023,Positive,Neutral,True,False
REV005653,O012020,C03523,R0035,5,Excellent experience from start to finish.,Positive,2026-04-04 04:00:00,excellent experience start finish,0.5719,Positive,Positive,True,True
REV014910,O004270,C00004,R0161,4,Really tasty food with generous portions.,Positive,2026-01-14 01:00:00,really tasty food generous portion,0.5106,Positive,Positive,True,True
REV009049,O031108,C03822,R0209,5,Everything was perfect and well packed.,Positive,2026-03-18 18:00:00,everything perfect well packed,0.7003,Positive,Positive,True,True
REV014259,O048031,C04888,R0144,5,The food was delicious and fresh.,Positive,2026-06-14 05:00:00,food delicious fresh,0.7184,Positive,Positive,True,True
REV009247,O024257,C02784,R0123,5,Great quality and very good service.,Positive,2026-04-29 21:00:00,great quality good service,0.807,Positive,Positive,True,True
REV022467,O034659,C01357,R0244,5,Really tasty food with generous portions.,Positive,2026-05-03 16:00:00,really tasty food generous portion,0.5106,Positive,Positive,True,True
REV015372,O045140,C04452,R0075,5,The food was delicious and fresh.,Positive,2026-02-26 05:00:00,food delicious fresh,0.7184,Positive,Positive,True,True
REV023099,O031207,C02642,R0169,4,Excellent experience from start to finish.,Positive,2026-04-02 16:00:00,excellent experience start finish,0.5719,Positive,Positive,True,True
REV020727,O013862,C04991,R0118,3,Food quality was average.,Neutral,2026-03-21 10:00:00,food quality average,0.0,Neutral,Neutral,True,True
REV018240,O020833,C00042,R0010,5,The packaging was damaged.,Negative,2026-06-25 07:00:00,packaging damaged,-0.4404,Negative,Negative,True,True
REV017214,O030851,C01024,R0126,4,Great quality and very good service.,Positive,2026-05-17 07:00:00,great quality good service,0.807,Positive,Positive,True,True
REV027707,O017455,C03874,R0046,3,The delivery was very late.,Negative,2026-03-07 03:00:00,delivery late,0.0,Neutral,Negative,True,False
REV008129,O002435,C04035,R0171,5,Fast delivery and great packaging.,Positive,2026-02-20 05:00:00,fast delivery great packaging,0.6249,Positive,Positive,True,True
REV024370,O026755,C00818,R0063,5,Really tasty food with generous portions.,Positive,2026-06-17 13:00:00,really tasty food generous portion,0.5106,Positive,Positive,True,True
REV025506,O006596,C02040,R0118,4,The order arrived quickly and everything was hot.,Positive,2026-02-05 08:00:00,order arrived quickly everything hot,0.0,Neutral,Positive,True,False
REV007250,O012661,C03351,R0196,5,The food was fresh and flavorful.,Positive,2026-04-28 20:00:00,food fresh flavorful,0.3182,Positive,Positive,True,True
REV024653,O003533,C02525,R0169,5,Delivery was fast and the food arrived hot.,Positive,2026-01-07 15:00:00,delivery fast food arrived hot,0.0,Neutral,Positive,True,False
REV006605,O031890,C02377,R0289,4,Great quality and very good service.,Positive,2026-06-07 15:00:00,great quality good service,0.807,Positive,Positive,True,True
REV018683,O048379,C00493,R0103,3,The order was okay overall.,Neutral,2026-02-07 22:00:00,order okay overall,0.2263,Positive,Neutral,True,False
REV028214,O031062,C01281,R0279,1,Very poor experience with the delivery.,Negative,2026-03-07 04:00:00,poor experience delivery,-0.5256,Negative,Negative,True,True
REV014741,O045102,C00734,R0123,5,Fast delivery and great packaging.,Positive,2026-03-01 06:00:00,fast delivery great packaging,0.6249,Positive,Positive,True,True
REV013828,O010689,C02669,R0193,2,My order was missing an item.,Negative,2026-06-15 03:00:00,order missing item,-0.296,Negative,Negative,True,True
REV028227,O015166,C00741,R0201,5,Excellent experience from start to finish.,Positive,2026-03-08 04:00:00,excellent experience start finish,0.5719,Positive,Positive,True,True
REV012871,O026919,C02630,R0192,3,The order was okay overall.,Neutral,2026-01-30 06:00:00,order okay overall,0.2263,Positive,Neutral,True,False
REV023468,O024297,C04721,R0113,4,Fast delivery and great packaging.,Positive,2026-05-29 01:00:00,fast delivery great packaging,0.6249,Positive,Positive,True,True
REV000766,O016201,C04191,R0160,5,Excellent experience from start to finish.,Positive,2026-06-28 11:00:00,excellent experience start finish,0.5719,Positive,Positive,True,True
REV003679,O004437,C00098,R0248,2,The order was delayed for a long time.,Negative,2026-05-19 21:00:00,order delayed long time,-0.2263,Negative,Negative,True,True
REV020057,O011655,C04711,R0281,3,Overall it was satisfactory.,Neutral,2026-02-06 20:00:00,overall satisfactory,0.3612,Positive,Neutral,True,False
REV011205,O019535,C03806,R0055,5,Delivery was fast and the food arrived hot.,Positive,2026-03-17 22:00:00,delivery fast food arrived hot,0.0,Neutral,Positive,True,False
REV023588,O011856,C02581,R0092,1,The food arrived cold.,Negative,2026-01-09 08:00:00,food arrived cold,0.0,Neutral,Negative,True,False
REV012148,O007750,C04876,R0125,4,The food was fresh and flavorful.,Positive,2026-05-21 16:00:00,food fresh flavorful,0.3182,Positive,Positive,True,True
REV017061,O004344,C02405,R0106,3,Average experience.,Neutral,2026-06-26 05:00:00,average experience,0.0,Neutral,Neutral,True,True
REV023822,O045927,C00008,R0290,2,I received the wrong item.,Negative,2026-06-08 15:00:00,received wrong item,-0.4767,Negative,Negative,True,True
REV023988,O020006,C02142,R0246,3,Average experience.,Neutral,2026-03-01 11:00:00,average experience,0.0,Neutral,Neutral,True,True
REV018183,O013504,C03245,R0276,3,The food was fresh and flavorful.,Positive,2026-02-08 18:00:00,food fresh flavorful,0.3182,Positive,Positive,True,True
REV027062,O049808,C01002,R0025,4,The food was fresh and flavorful.,Positive,2026-05-13 04:00:00,food fresh flavorful,0.3182,Positive,Positive,True,True
REV028154,O017874,C01446,R0112,4,Really tasty food with generous portions.,Positive,2026-03-29 07:00:00,really tasty food generous portion,0.5106,Positive,Positive,True,True
REV000513,O033780,C02277,R0155,5,Delivery was fast and the food arrived hot.,Positive,2026-01-27 06:00:00,delivery fast food arrived hot,0.0,Neutral,Positive,True,False
REV013900,O029797,C03762,R0041,4,Delivery was fast and the food arrived hot.,Positive,2026-03-26 03:00:00,delivery fast food arrived hot,0.0,Neutral,Positive,True,False
REV027592,O016413,C03891,R0202,4,Really tasty food with generous portions.,Positive,2026-06-24 11:00:00,really tasty food generous portion,0.5106,Positive,Positive,True,True
REV023716,O044606,C03449,R0072,2,The packaging was damaged.,Negative,2026-03-17 04:00:00,packaging damaged,-0.4404,Negative,Negative,True,True
REV008840,O011470,C03217,R0139,4,Great quality and very good service.,Positive,2026-06-24 23:00:00,great quality good service,0.807,Positive,Positive,True,True
REV028521,O014583,C02238,R0246,5,Everything was perfect and well packed.,Positive,2026-02-04 15:00:00,everything perfect well packed,0.7003,Positive,Positive,True,True
REV012447,O024721,C04840,R0277,3,It was an ordinary experience.,Neutral,2026-06-29 10:00:00,ordinary experience,0.0,Neutral,Neutral,True,True
REV000978,O049484,C02851,R0273,5,Really tasty food with generous portions.,Positive,2026-04-27 01:00:00,really tasty food generous portion,0.5106,Positive,Positive,True,True
REV028984,O035117,C02313,R0052,5,I received the wrong item.,Negative,2026-03-25 10:00:00,received wrong item,-0.4767,Negative,Negative,True,True
REV011491,O015636,C02655,R0186,5,Fast delivery and great packaging.,Positive,2026-01-22 21:00:00,fast delivery great packaging,0.6249,Positive,Positive,True,True
REV012898,O024316,C03179,R0144,2,I received the wrong item.,Negative,2026-02-12 22:00:00,received wrong item,-0.4767,Negative,Negative,True,True
REV005621,O034924,C00421,R0127,4,The food was fresh and flavorful.,Positive,2026-05-25 13:00:00,food fresh flavorful,0.3182,Positive,Positive,True,True
REV000392,O045938,C03424,R0121,5,Delivery was fast and the food arrived hot.,Positive,2026-03-16 11:00:00,delivery fast food arrived hot,0.0,Neutral,Positive,True,False
REV021139,O047810,C00773,R0221,5,The food was fresh and flavorful.,Positive,2026-04-02 19:00:00,food fresh flavorful,0.3182,Positive,Positive,True,True
REV025518,O006407,C01077,R0109,5,Amazing food and excellent quality.,Positive,2026-04-08 02:00:00,amazing food excellent quality,0.8176,Positive,Positive,True,True
REV005766,O021068,C04551,R0265,4,The food was delicious and fresh.,Positive,2026-01-30 23:00:00,food delicious fresh,0.7184,Positive,Positive,True,True
REV001210,O010664,C03224,R0250,4,Everything was perfect and well packed.,Positive,2026-02-28 11:00:00,everything perfect well packed,0.7003,Positive,Positive,True,True
REV002893,O048566,C03539,R0259,2,The delivery was very late.,Negative,2026-01-18 12:00:00,delivery late,0.0,Neutral,Negative,True,False
REV019595,O033949,C01454,R0216,5,The order arrived quickly and everything was hot.,Positive,2026-04-20 12:00:00,order arrived quickly everything hot,0.0,Neutral,Positive,True,False
REV024776,O002621,C03602,R0250,4,Everything was perfect and well packed.,Positive,2026-06-09 17:00:00,everything perfect well packed,0.7003,Positive,Positive,True,True
REV023902,O003738,C01751,R0267,5,Great quality and very good service.,Positive,2026-03-26 01:00:00,great quality good service,0.807,Positive,Positive,True,True
REV025419,O011395,C00302,R0210,4,Really tasty food with generous portions.,Positive,2026-01-16 10:00:00,really tasty food generous portion,0.5106,Positive,Positive,True,True
REV027850,O001800,C00418,R0085,3,The experience was fine.,Neutral,2026-02-02 02:00:00,experience fine,0.2023,Positive,Neutral,True,False
REV010964,O047702,C01942,R0257,4,The food was delicious and fresh.,Positive,2026-03-25 20:00:00,food delicious fresh,0.7184,Positive,Positive,True,True
REV008577,O034341,C01129,R0283,5,Very poor experience with the delivery.,Negative,2026-03-27 18:00:00,poor experience delivery,-0.5256,Negative,Negative,True,True
REV007490,O031302,C03077,R0050,3,The food was fresh and flavorful.,Positive,2026-02-20 22:00:00,food fresh flavorful,0.3182,Positive,Positive,True,True
REV008036,O001025,C01706,R0159,4,The food was cold and the delivery was late.,Negative,2026-03-30 09:00:00,food cold delivery late,0.0,Neutral,Negative,True,False
REV023070,O027086,C03446,R0263,5,Delivery was fast and the food arrived hot.,Positive,2026-04-03 06:00:00,delivery fast food arrived hot,0.0,Neutral,Positive,True,False
REV019835,O034739,C04482,R0233,4,Excellent experience from start to finish.,Positive,2026-05-30 16:00:00,excellent experience start finish,0.5719,Positive,Positive,True,True
REV025420,O012878,C00973,R0261,3,The food was decent.,Neutral,2026-06-20 07:00:00,food decent,0.0,Neutral,Neutral,True,True
REV027788,O030196,C02504,R0143,4,Amazing food and excellent quality.,Positive,2026-06-09 07:00:00,amazing food excellent quality,0.8176,Positive,Positive,True,True
REV029636,O015087,C02395,R0048,5,The food was fresh and flavorful.,Positive,2026-04-05 13:00:00,food fresh flavorful,0.3182,Positive,Positive,True,True
REV007019,O035986,C02897,R0255,5,Delivery was fast and the food arrived hot.,Positive,2026-03-09 16:00:00,delivery fast food arrived hot,0.0,Neutral,Positive,True,False
REV015972,O009508,C00411,R0125,5,Fast delivery and great packaging.,Positive,2026-02-18 03:00:00,fast delivery great packaging,0.6249,Positive,Positive,True,True
REV015256,O035225,C04697,R0099,2,The food was cold and the delivery was late.,Negative,2026-02-14 22:00:00,food cold delivery late,0.0,Neutral,Negative,True,False
REV015938,O001168,C02366,R0134,4,Everything was perfect and well packed.,Positive,2026-06-18 12:00:00,everything perfect well packed,0.7003,Positive,Positive,True,True
REV028433,O033960,C00405,R0044,5,Amazing food and excellent quality.,Positive,2026-03-28 16:00:00,amazing food excellent quality,0.8176,Positive,Positive,True,True
REV023892,O032335,C01699,R0182,4,Delivery was fast and the food arrived hot.,Positive,2026-01-17 05:00:00,delivery fast food arrived hot,0.0,Neutral,Positive,True,False
REV024817,O030489,C02687,R0210,2,The food was cold and the delivery was late.,Negative,2026-03-01 09:00:00,food cold delivery late,0.0,Neutral,Negative,True,False
REV015626,O033891,C02791,R0108,2,The food arrived cold.,Negative,2026-06-06 23:00:00,food arrived cold,0.0,Neutral,Negative,True,False
REV002225,O045254,C04328,R0177,3,Average experience.,Neutral,2026-03-08 23:00:00,average experience,0.0,Neutral,Neutral,True,True
REV004797,O004025,C00679,R0015,4,The order arrived quickly and everything was hot.,Positive,2026-06-27 18:00:00,order arrived quickly everything hot,0.0,Neutral,Positive,True,False
REV001888,O000200,C03504,R0102,5,Delivery was fast and the food arrived hot.,Positive,2026-06-07 09:00:00,delivery fast food arrived hot,0.0,Neutral,Positive,True,False
REV026864,O005689,C03748,R0246,5,Fast delivery and great packaging.,Positive,2026-04-23 07:00:00,fast delivery great packaging,0.6249,Positive,Positive,True,True
REV011496,O043651,C00253,R0170,5,Everything was perfect and well packed.,Positive,2026-03-09 06:00:00,everything perfect well packed,0.7003,Positive,Positive,True,True
REV016183,O007576,C00176,R0134,5,The food arrived cold.,Negative,2026-04-10 21:00:00,food arrived cold,0.0,Neutral,Negative,True,False
REV019032,O035144,C04015,R0043,4,The food was fresh and flavorful.,Positive,2026-05-17 23:00:00,food fresh flavorful,0.3182,Positive,Positive,True,True
REV012101,O003486,C04068,R0030,1,The food was bland and disappointing.,Negative,2026-05-15 06:00:00,food bland disappointing,-0.4939,Negative,Negative,True,True
REV015937,O047601,C03115,R0079,5,Really tasty food with generous portions.,Positive,2026-05-16 05:00:00,really tasty food generous portion,0.5106,Positive,Positive,True,True
REV004039,O013323,C04179,R0120,3,Very poor experience with the delivery.,Negative,2026-06-19 09:00:00,poor experience delivery,-0.5256,Negative,Negative,True,True
REV020004,O019758,C03463,R0156,5,Great quality and very good service.,Positive,2026-03-14 01:00:00,great quality good service,0.807,Positive,Positive,True,True
REV013323,O044692,C01293,R0299,2,The delivery was very late.,Negative,2026-03-30 23:00:00,delivery late,0.0,Neutral,Negative,True,False
REV011062,O037042,C03890,R0093,3,Nothing special about the order.,Neutral,2026-01-15 03:00:00,nothing special order,-0.3089,Negative,Neutral,True,False
REV007995,O039956,C01454,R0107,5,The food was fresh and flavorful.,Positive,2026-01-18 22:00:00,food fresh flavorful,0.3182,Positive,Positive,True,True
REV003672,O017657,C02665,R0241,4,Really tasty food with generous portions.,Positive,2026-02-28 12:00:00,really tasty food generous portion,0.5106,Positive,Positive,True,True
REV019042,O013134,C04621,R0146,5,Excellent experience from start to finish.,Positive,2026-05-31 08:00:00,excellent experience start finish,0.5719,Positive,Positive,True,True
REV026873,O028271,C01972,R0167,3,The order took too long to arrive.,Negative,2026-01-27 17:00:00,order took long arrive,0.0,Neutral,Negative,True,False
REV014486,O005828,C03031,R0053,4,Excellent experience from start to finish.,Positive,2026-04-08 14:00:00,excellent experience start finish,0.5719,Positive,Positive,True,True
REV003694,O018733,C00826,R0029,4,Delivery was fast and the food arrived hot.,Positive,2026-05-05 08:00:00,delivery fast food arrived hot,0.0,Neutral,Positive,True,False
REV010199,O034102,C01359,R0178,5,Delivery was fast and the food arrived hot.,Positive,2026-01-15 05:00:00,delivery fast food arrived hot,0.0,Neutral,Positive,True,False
REV009004,O039485,C03416,R0258,4,Excellent experience from start to finish.,Positive,2026-06-30 06:00:00,excellent experience start finish,0.5719,Positive,Positive,True,True
REV015279,O044371,C04536,R0139,3,It was an ordinary experience.,Neutral,2026-06-20 18:00:00,ordinary experience,0.0,Neutral,Neutral,True,True
REV025839,O020423,C02866,R0104,3,Fast delivery and great packaging.,Positive,2026-06-13 02:00:00,fast delivery great packaging,0.6249,Positive,Positive,True,True
REV011740,O017359,C04504,R0021,4,Amazing food and excellent quality.,Positive,2026-06-15 12:00:00,amazing food excellent quality,0.8176,Positive,Positive,True,True
REV003978,O011264,C04341,R0029,2,The delivery was very late.,Negative,2026-06-01 15:00:00,delivery late,0.0,Neutral,Negative,True,False
REV001939,O049389,C03220,R0115,5,The food was fresh and flavorful.,Positive,2026-04-05 09:00:00,food fresh flavorful,0.3182,Positive,Positive,True,True
REV021008,O014996,C04916,R0206,5,Great quality and very good service.,Positive,2026-03-30 12:00:00,great quality good service,0.807,Positive,Positive,True,True
REV011885,O004031,C04401,R0041,4,The order arrived quickly and everything was hot.,Positive,2026-04-01 16:00:00,order arrived quickly everything hot,0.0,Neutral,Positive,True,False
REV007950,O032313,C03147,R0025,5,Excellent experience from start to finish.,Positive,2026-06-05 13:00:00,excellent experience start finish,0.5719,Positive,Positive,True,True
REV024607,O047928,C01972,R0250,4,Fast delivery and great packaging.,Positive,2026-06-05 13:00:00,fast delivery great packaging,0.6249,Positive,Positive,True,True
REV014421,O034734,C01878,R0033,2,The delivery was very late.,Negative,2026-06-15 11:00:00,delivery late,0.0,Neutral,Negative,True,False
REV028179,O044461,C02299,R0098,5,The order arrived quickly and everything was hot.,Positive,2026-02-19 10:00:00,order arrived quickly everything hot,0.0,Neutral,Positive,True,False
REV001399,O022860,C02901,R0074,3,The order was okay overall.,Neutral,2026-05-17 18:00:00,order okay overall,0.2263,Positive,Neutral,True,False
REV018351,O015315,C01969,R0017,3,It was an ordinary experience.,Neutral,2026-03-10 01:00:00,ordinary experience,0.0,Neutral,Neutral,True,True
REV021970,O019993,C00437,R0178,4,Delivery was fast and the food arrived hot.,Positive,2026-01-09 21:00:00,delivery fast food arrived hot,0.0,Neutral,Positive,True,False
REV022889,O043515,C00084,R0171,4,The food was fresh and flavorful.,Positive,2026-03-15 12:00:00,food fresh flavorful,0.3182,Positive,Positive,True,True
REV012250,O021583,C02353,R0264,4,Amazing food and excellent quality.,Positive,2026-06-06 04:00:00,amazing food excellent quality,0.8176,Positive,Positive,True,True
REV011597,O011765,C03587,R0202,4,The food was delicious and fresh.,Positive,2026-04-28 13:00:00,food delicious fresh,0.7184,Positive,Positive,True,True
REV016822,O008581,C00260,R0253,1,I received the wrong item.,Negative,2026-07-01 01:00:00,received wrong item,-0.4767,Negative,Negative,True,True
REV015818,O043379,C04385,R0297,4,Delivery was fast and the food arrived hot.,Positive,2026-04-21 18:00:00,delivery fast food arrived hot,0.0,Neutral,Positive,True,False
REV021826,O024106,C03735,R0068,4,The food was fresh and flavorful.,Positive,2026-05-26 16:00:00,food fresh flavorful,0.3182,Positive,Positive,True,True
REV007670,O019059,C03450,R0184,4,Great quality and very good service.,Positive,2026-03-21 23:00:00,great quality good service,0.807,Positive,Positive,True,True
REV018624,O046451,C03503,R0278,4,Excellent experience from start to finish.,Positive,2026-06-11 15:00:00,excellent experience start finish,0.5719,Positive,Positive,True,True
REV017020,O027265,C04315,R0212,2,The food was cold and the delivery was late.,Negative,2026-04-11 16:00:00,food cold delivery late,0.0,Neutral,Negative,True,False
REV022545,O017925,C02538,R0075,5,Really tasty food with generous portions.,Positive,2026-03-07 02:00:00,really tasty food generous portion,0.5106,Positive,Positive,True,True
REV028334,O029145,C00932,R0067,5,Excellent experience from start to finish.,Positive,2026-04-15 02:00:00,excellent experience start finish,0.5719,Positive,Positive,True,True
REV008017,O022384,C01110,R0139,5,The food was delicious and fresh.,Positive,2026-03-30 16:00:00,food delicious fresh,0.7184,Positive,Positive,True,True
REV009109,O005585,C03239,R0037,5,The food was delicious and fresh.,Positive,2026-06-01 23:00:00,food delicious fresh,0.7184,Positive,Positive,True,True
REV021575,O007965,C03472,R0071,4,Great quality and very good service.,Positive,2026-04-29 16:00:00,great quality good service,0.807,Positive,Positive,True,True
REV027666,O008206,C04799,R0181,5,Delivery was fast and the food arrived hot.,Positive,2026-04-22 11:00:00,delivery fast food arrived hot,0.0,Neutral,Positive,True,False
REV002198,O034260,C01144,R0210,1,The delivery was very late.,Negative,2026-04-20 00:00:00,delivery late,0.0,Neutral,Negative,True,False
REV019233,O033244,C04484,R0236,3,The food was cold and the delivery was late.,Negative,2026-02-21 08:00:00,food cold delivery late,0.0,Neutral,Negative,True,False
REV029849,O019339,C02329,R0178,2,Very poor experience with the delivery.,Negative,2026-03-10 17:00:00,poor experience delivery,-0.5256,Negative,Negative,True,True
REV020341,O013658,C01483,R0290,4,Delivery was fast and the food arrived hot.,Positive,2026-05-03 19:00:00,delivery fast food arrived hot,0.0,Neutral,Positive,True,False
REV027452,O044708,C01690,R0042,4,Really tasty food with generous portions.,Positive,2026-03-03 19:00:00,really tasty food generous portion,0.5106,Positive,Positive,True,True
REV009964,O019719,C03042,R0007,2,The order took too long to arrive.,Negative,2026-04-06 18:00:00,order took long arrive,0.0,Neutral,Negative,True,False
REV018043,O032414,C02723,R0242,5,Really tasty food with generous portions.,Positive,2026-01-07 02:00:00,really tasty food generous portion,0.5106,Positive,Positive,True,True
REV016706,O004605,C00515,R0210,5,Everything was perfect and well packed.,Positive,2026-03-22 02:00:00,everything perfect well packed,0.7003,Positive,Positive,True,True
REV004078,O034542,C04669,R0074,3,The food was okay.,Neutral,2026-06-01 13:00:00,food okay,0.2263,Positive,Neutral,True,False
REV019891,O006223,C04861,R0121,4,The food was delicious and fresh.,Positive,2026-02-16 00:00:00,food delicious fresh,0.7184,Positive,Positive,True,True
REV003922,O044085,C02196,R0096,5,Really tasty food with generous portions.,Positive,2026-05-23 14:00:00,really tasty food generous portion,0.5106,Positive,Positive,True,True
REV003418,O030447,C04036,R0018,5,Great quality and very good service.,Positive,2026-02-14 00:00:00,great quality good service,0.807,Positive,Positive,True,True
REV013076,O029012,C03129,R0225,5,The order arrived quickly and everything was hot.,Positive,2026-01-13 08:00:00,order arrived quickly everything hot,0.0,Neutral,Positive,True,False
REV023268,O012602,C01530,R0068,5,Fast delivery and great packaging.,Positive,2026-06-28 08:00:00,fast delivery great packaging,0.6249,Positive,Positive,True,True
REV025325,O026787,C03761,R0122,4,The order arrived quickly and everything was hot.,Positive,2026-02-09 18:00:00,order arrived quickly everything hot,0.0,Neutral,Positive,True,False
REV023416,O005574,C04282,R0280,4,Really tasty food with generous portions.,Positive,2026-03-16 12:00:00,really tasty food generous portion,0.5106,Positive,Positive,True,True
REV004182,O021713,C04175,R0032,5,Great quality and very good service.,Positive,2026-04-25 04:00:00,great quality good service,0.807,Positive,Positive,True,True
REV006403,O039626,C04226,R0075,5,Delivery was fast and the food arrived hot.,Positive,2026-06-29 21:00:00,delivery fast food arrived hot,0.0,Neutral,Positive,True,False
REV006977,O046795,C02166,R0161,4,The order arrived quickly and everything was hot.,Positive,2026-02-03 11:00:00,order arrived quickly everything hot,0.0,Neutral,Positive,True,False
REV021571,O010372,C04969,R0288,4,The order was delayed for a long time.,Negative,2026-04-06 08:00:00,order delayed long time,-0.2263,Negative,Negative,True,True
REV027151,O039778,C01477,R0128,5,Great quality and very good service.,Positive,2026-02-14 07:00:00,great quality good service,0.807,Positive,Positive,True,True
REV026716,O022982,C03928,R0256,4,The food was delicious and fresh.,Positive,2026-06-22 06:00:00,food delicious fresh,0.7184,Positive,Positive,True,True
REV009740,O016742,C01988,R0121,5,Fast delivery and great packaging.,Positive,2026-06-20 04:00:00,fast delivery great packaging,0.6249,Positive,Positive,True,True
REV021149,O039014,C03754,R0121,4,Fast delivery and great packaging.,Positive,2026-02-08 06:00:00,fast delivery great packaging,0.6249,Positive,Positive,True,True
REV004581,O043697,C03918,R0233,4,Great quality and very good service.,Positive,2026-03-22 20:00:00,great quality good service,0.807,Positive,Positive,True,True
REV021183,O000359,C03149,R0193,4,The food was delicious and fresh.,Positive,2026-06-29 00:00:00,food delicious fresh,0.7184,Positive,Positive,True,True
REV008140,O044753,C04551,R0084,5,Really tasty food with generous portions.,Positive,2026-03-11 00:00:00,really tasty food generous portion,0.5106,Positive,Positive,True,True
REV007799,O023741,C03722,R0227,5,Fast delivery and great packaging.,Positive,2026-05-11 15:00:00,fast delivery great packaging,0.6249,Positive,Positive,True,True
REV020176,O038792,C01239,R0075,5,Great quality and very good service.,Positive,2026-05-19 12:00:00,great quality good service,0.807,Positive,Positive,True,True
REV023128,O027440,C03851,R0003,4,Really tasty food with generous portions.,Positive,2026-03-07 00:00:00,really tasty food generous portion,0.5106,Positive,Positive,True,True
REV009017,O032325,C02077,R0097,2,The packaging was damaged.,Negative,2026-05-06 07:00:00,packaging damaged,-0.4404,Negative,Negative,True,True
REV019635,O005271,C04126,R0277,4,Fast delivery and great packaging.,Positive,2026-05-23 17:00:00,fast delivery great packaging,0.6249,Positive,Positive,True,True
REV013996,O046170,C00343,R0184,5,The order arrived quickly and everything was hot.,Positive,2026-05-31 20:00:00,order arrived quickly everything hot,0.0,Neutral,Positive,True,False
REV023239,O014970,C00417,R0136,2,The packaging was damaged.,Negative,2026-01-17 08:00:00,packaging damaged,-0.4404,Negative,Negative,True,True
REV005042,O033786,C00101,R0187,5,Excellent experience from start to finish.,Positive,2026-03-31 22:00:00,excellent experience start finish,0.5719,Positive,Positive,True,True
REV029322,O001341,C01925,R0284,4,Excellent experience from start to finish.,Positive,2026-01-17 10:00:00,excellent experience start finish,0.5719,Positive,Positive,True,True
REV009815,O025936,C01963,R0299,2,The food was cold and the delivery was late.,Negative,2026-04-17 09:00:00,food cold delivery late,0.0,Neutral,Negative,True,False
REV010721,O028916,C02086,R0032,3,Average experience.,Neutral,2026-06-22 07:00:00,average experience,0.0,Neutral,Neutral,True,True
REV006563,O001299,C02560,R0299,5,The food was delicious and fresh.,Positive,2026-04-30 13:00:00,food delicious fresh,0.7184,Positive,Positive,True,True
REV019228,O017109,C03521,R0286,4,The food was fresh and flavorful.,Positive,2026-03-31 06:00:00,food fresh flavorful,0.3182,Positive,Positive,True,True
REV025890,O032107,C03371,R0081,5,The food was delicious and fresh.,Positive,2026-01-11 13:00:00,food delicious fresh,0.7184,Positive,Positive,True,True
REV008255,O024601,C00845,R0046,1,My order was missing an item.,Negative,2026-03-26 05:00:00,order missing item,-0.296,Negative,Negative,True,True
REV018951,O028302,C03152,R0197,3,Fast delivery and great packaging.,Positive,2026-06-09 11:00:00,fast delivery great packaging,0.6249,Positive,Positive,True,True
REV005235,O005019,C02250,R0067,4,Really tasty food with generous portions.,Positive,2026-06-03 13:00:00,really tasty food generous portion,0.5106,Positive,Positive,True,True
REV025860,O017713,C03796,R0114,5,Really tasty food with generous portions.,Positive,2026-05-14 03:00:00,really tasty food generous portion,0.5106,Positive,Positive,True,True
REV014750,O003355,C02212,R0016,5,Amazing food and excellent quality.,Positive,2026-06-26 02:00:00,amazing food excellent quality,0.8176,Positive,Positive,True,True
REV026004,O044482,C03570,R0140,4,Fast delivery and great packaging.,Positive,2026-05-11 12:00:00,fast delivery great packaging,0.6249,Positive,Positive,True,True
REV001543,O020662,C02501,R0200,4,The food was delicious and fresh.,Positive,2026-06-14 03:00:00,food delicious fresh,0.7184,Positive,Positive,True,True
REV015142,O022264,C02402,R0057,5,The order took too long to arrive.,Negative,2026-06-18 03:00:00,order took long arrive,0.0,Neutral,Negative,True,False
REV005627,O049017,C03269,R0080,4,Fast delivery and great packaging.,Positive,2026-02-14 01:00:00,fast delivery great packaging,0.6249,Positive,Positive,True,True
REV007616,O034725,C00501,R0106,5,The order arrived quickly and everything was hot.,Positive,2026-04-02 10:00:00,order arrived quickly everything hot,0.0,Neutral,Positive,True,False
REV024465,O045597,C03075,R0034,1,Really tasty food with generous portions.,Positive,2026-04-15 19:00:00,really tasty food generous portion,0.5106,Positive,Positive,True,True
REV023812,O004130,C02277,R0204,5,Amazing food and excellent quality.,Positive,2026-04-28 13:00:00,amazing food excellent quality,0.8176,Positive,Positive,True,True
REV001685,O032323,C01415,R0242,2,I received the wrong item.,Negative,2026-03-18 22:00:00,received wrong item,-0.4767,Negative,Negative,True,True
REV026440,O013931,C04737,R0123,4,Amazing food and excellent quality.,Positive,2026-01-16 07:00:00,amazing food excellent quality,0.8176,Positive,Positive,True,True
REV014895,O012880,C02455,R0021,3,The experience was fine.,Neutral,2026-02-01 18:00:00,experience fine,0.2023,Positive,Neutral,True,False
REV016157,O016432,C03476,R0061,1,My order was missing an item.,Negative,2026-02-07 04:00:00,order missing item,-0.296,Negative,Negative,True,True
REV027198,O032043,C00356,R0112,3,Really tasty food with generous portions.,Positive,2026-05-08 21:00:00,really tasty food generous portion,0.5106,Positive,Positive,True,True
REV026821,O003431,C02711,R0225,4,Really tasty food with generous portions.,Positive,2026-05-05 15:00:00,really tasty food generous portion,0.5106,Positive,Positive,True,True
REV005374,O033194,C00200,R0173,4,Delivery was fast and the food arrived hot.,Positive,2026-05-24 23:00:00,delivery fast food arrived hot,0.0,Neutral,Positive,True,False
REV010198,O042210,C02373,R0009,5,The food was fresh and flavorful.,Positive,2026-01-03 11:00:00,food fresh flavorful,0.3182,Positive,Positive,True,True
REV023796,O030843,C04106,R0117,4,Really tasty food with generous portions.,Positive,2026-02-03 23:00:00,really tasty food generous portion,0.5106,Positive,Positive,True,True
REV022676,O024863,C02343,R0174,2,The order was delayed for a long time.,Negative,2026-06-14 13:00:00,order delayed long time,-0.2263,Negative,Negative,True,True
REV027899,O044781,C01080,R0197,5,Delivery was fast and the food arrived hot.,Positive,2026-02-27 14:00:00,delivery fast food arrived hot,0.0,Neutral,Positive,True,False
REV013689,O039418,C02078,R0058,4,Great quality and very good service.,Positive,2026-04-15 02:00:00,great quality good service,0.807,Positive,Positive,True,True
REV016596,O006008,C00190,R0203,5,Delivery was fast and the food arrived hot.,Positive,2026-04-28 00:00:00,delivery fast food arrived hot,0.0,Neutral,Positive,True,False
REV018215,O022503,C03080,R0081,4,Delivery was fast and the food arrived hot.,Positive,2026-01-26 06:00:00,delivery fast food arrived hot,0.0,Neutral,Positive,True,False
REV004634,O003380,C04835,R0055,2,The food was bland and disappointing.,Negative,2026-03-06 21:00:00,food bland disappointing,-0.4939,Negative,Negative,True,True
REV012399,O004864,C03751,R0181,4,The order arrived quickly and everything was hot.,Positive,2026-03-31 15:00:00,order arrived quickly everything hot,0.0,Neutral,Positive,True,False
REV028168,O015921,C00290,R0119,1,The delivery was very late.,Negative,2026-01-28 10:00:00,delivery late,0.0,Neutral,Negative,True,False
REV011287,O047334,C03152,R0119,5,The order arrived quickly and everything was hot.,Positive,2026-05-30 05:00:00,order arrived quickly everything hot,0.0,Neutral,Positive,True,False
REV006358,O034200,C00744,R0131,4,The order arrived quickly and everything was hot.,Positive,2026-01-08 13:00:00,order arrived quickly everything hot,0.0,Neutral,Positive,True,False
REV009525,O011782,C02066,R0174,3,The food was acceptable.,Neutral,2026-05-17 02:00:00,food acceptable,0.3182,Positive,Neutral,True,False
REV020065,O028595,C01515,R0198,3,Average experience.,Neutral,2026-02-17 02:00:00,average experience,0.0,Neutral,Neutral,True,True
REV011436,O005584,C01483,R0300,5,Really tasty food with generous portions.,Positive,2026-01-22 17:00:00,really tasty food generous portion,0.5106,Positive,Positive,True,True
REV026734,O026532,C01925,R0212,4,Fast delivery and great packaging.,Positive,2026-01-15 17:00:00,fast delivery great packaging,0.6249,Positive,Positive,True,True
REV010061,O003576,C00196,R0221,5,The food was delicious and fresh.,Positive,2026-04-10 21:00:00,food delicious fresh,0.7184,Positive,Positive,True,True
REV003534,O043149,C00310,R0035,4,Great quality and very good service.,Positive,2026-03-23 14:00:00,great quality good service,0.807,Positive,Positive,True,True
REV001587,O027692,C04355,R0300,4,Amazing food and excellent quality.,Positive,2026-05-09 12:00:00,amazing food excellent quality,0.8176,Positive,Positive,True,True
REV028994,O042313,C00265,R0155,2,The food was cold and the delivery was late.,Negative,2026-04-06 15:00:00,food cold delivery late,0.0,Neutral,Negative,True,False
REV016734,O027158,C00864,R0257,4,The food was fresh and flavorful.,Positive,2026-03-30 05:00:00,food fresh flavorful,0.3182,Positive,Positive,True,True
REV000056,O041534,C01250,R0230,4,The food was fresh and flavorful.,Positive,2026-02-28 21:00:00,food fresh flavorful,0.3182,Positive,Positive,True,True
REV001898,O031213,C00262,R0300,5,Really tasty food with generous portions.,Positive,2026-05-19 05:00:00,really tasty food generous portion,0.5106,Positive,Positive,True,True
REV023532,O015326,C00032,R0145,3,The food was okay.,Neutral,2026-05-28 06:00:00,food okay,0.2263,Positive,Neutral,True,False
REV004324,O004919,C00318,R0194,4,Delivery was fast and the food arrived hot.,Positive,2026-07-01 10:00:00,delivery fast food arrived hot,0.0,Neutral,Positive,True,False
REV024560,O011688,C03528,R0294,4,Everything was perfect and well packed.,Positive,2026-05-10 13:00:00,everything perfect well packed,0.7003,Positive,Positive,True,True
REV005950,O039147,C02170,R0174,4,Great quality and very good service.,Positive,2026-06-21 11:00:00,great quality good service,0.807,Positive,Positive,True,True
REV005457,O049316,C00022,R0196,4,Fast delivery and great packaging.,Positive,2026-04-19 22:00:00,fast delivery great packaging,0.6249,Positive,Positive,True,True
REV005746,O010650,C03493,R0031,5,Everything was perfect and well packed.,Positive,2026-01-23 08:00:00,everything perfect well packed,0.7003,Positive,Positive,True,True
REV012729,O001400,C00498,R0212,3,Really tasty food with generous portions.,Positive,2026-06-17 18:00:00,really tasty food generous portion,0.5106,Positive,Positive,True,True
REV012897,O024117,C00333,R0020,4,The order arrived quickly and everything was hot.,Positive,2026-04-27 14:00:00,order arrived quickly everything hot,0.0,Neutral,Positive,True,False
REV024091,O023791,C03477,R0245,1,The food was bland and disappointing.,Negative,2026-05-16 11:00:00,food bland disappointing,-0.4939,Negative,Negative,True,True
REV010606,O013103,C02117,R0155,5,Fast delivery and great packaging.,Positive,2026-05-31 09:00:00,fast delivery great packaging,0.6249,Positive,Positive,True,True
REV015526,O039143,C00245,R0228,4,The food was delicious and fresh.,Positive,2026-03-12 01:00:00,food delicious fresh,0.7184,Positive,Positive,True,True
REV013644,O040207,C04449,R0162,5,The delivery was very late.,Negative,2026-06-28 20:00:00,delivery late,0.0,Neutral,Negative,True,False
REV016235,O026538,C02657,R0239,5,The food was bland and disappointing.,Negative,2026-02-27 15:00:00,food bland disappointing,-0.4939,Negative,Negative,True,True
REV002145,O048906,C04931,R0072,4,Excellent experience from start to finish.,Positive,2026-02-09 06:00:00,excellent experience start finish,0.5719,Positive,Positive,True,True
REV020365,O030850,C00278,R0183,4,Great quality and very good service.,Positive,2026-01-22 03:00:00,great quality good service,0.807,Positive,Positive,True,True
REV004241,O025737,C03445,R0061,2,The order took too long to arrive.,Negative,2026-03-29 08:00:00,order took long arrive,0.0,Neutral,Negative,True,False
REV017585,O047786,C04564,R0237,4,The food was delicious and fresh.,Positive,2026-06-30 10:00:00,food delicious fresh,0.7184,Positive,Positive,True,True
REV001116,O040961,C04703,R0151,4,The food was fresh and flavorful.,Positive,2026-06-13 22:00:00,food fresh flavorful,0.3182,Positive,Positive,True,True
REV013033,O031353,C01080,R0288,3,It was an ordinary experience.,Neutral,2026-01-14 14:00:00,ordinary experience,0.0,Neutral,Neutral,True,True
REV015602,O015759,C00121,R0008,5,Excellent experience from start to finish.,Positive,2026-01-06 12:00:00,excellent experience start finish,0.5719,Positive,Positive,True,True
REV008682,O047324,C01139,R0091,4,Everything was perfect and well packed.,Positive,2026-06-14 00:00:00,everything perfect well packed,0.7003,Positive,Positive,True,True
REV021057,O006209,C01109,R0042,4,Delivery was fast and the food arrived hot.,Positive,2026-03-31 11:00:00,delivery fast food arrived hot,0.0,Neutral,Positive,True,False
REV014810,O033990,C00183,R0169,4,The food was fresh and flavorful.,Positive,2026-05-22 18:00:00,food fresh flavorful,0.3182,Positive,Positive,True,True
REV021069,O016862,C00073,R0075,3,The order took too long to arrive.,Negative,2026-01-18 07:00:00,order took long arrive,0.0,Neutral,Negative,True,False
REV011739,O033481,C00300,R0258,4,Everything was perfect and well packed.,Positive,2026-05-23 12:00:00,everything perfect well packed,0.7003,Positive,Positive,True,True
REV023690,O003944,C01833,R0204,5,The food was fresh and flavorful.,Positive,2026-06-04 02:00:00,food fresh flavorful,0.3182,Positive,Positive,True,True
REV028804,O029034,C04689,R0286,5,Everything was perfect and well packed.,Positive,2026-01-21 15:00:00,everything perfect well packed,0.7003,Positive,Positive,True,True
REV000838,O044202,C04238,R0243,4,The food was fresh and flavorful.,Positive,2026-05-04 21:00:00,food fresh flavorful,0.3182,Positive,Positive,True,True
REV014580,O038009,C04263,R0146,4,The order arrived quickly and everything was hot.,Positive,2026-05-05 13:00:00,order arrived quickly everything hot,0.0,Neutral,Positive,True,False
REV018317,O022184,C02873,R0231,5,The food arrived cold.,Negative,2026-06-06 05:00:00,food arrived cold,0.0,Neutral,Negative,True,False
REV002662,O033521,C04177,R0255,4,Amazing food and excellent quality.,Positive,2026-05-23 16:00:00,amazing food excellent quality,0.8176,Positive,Positive,True,True
REV011272,O024236,C00309,R0259,5,The food was fresh and flavorful.,Positive,2026-04-18 09:00:00,food fresh flavorful,0.3182,Positive,Positive,True,True
REV014125,O009159,C04331,R0113,5,The food was fresh and flavorful.,Positive,2026-04-23 14:00:00,food fresh flavorful,0.3182,Positive,Positive,True,True
REV014045,O037659,C01727,R0020,5,The food was fresh and flavorful.,Positive,2026-02-08 16:00:00,food fresh flavorful,0.3182,Positive,Positive,True,True
REV012597,O001978,C01293,R0191,1,The packaging was damaged.,Negative,2026-03-30 14:00:00,packaging damaged,-0.4404,Negative,Negative,True,True
REV026926,O029821,C03477,R0048,3,The experience was fine.,Neutral,2026-04-07 14:00:00,experience fine,0.2023,Positive,Neutral,True,False
REV014718,O008207,C00541,R0227,5,Excellent experience from start to finish.,Positive,2026-05-09 01:00:00,excellent experience start finish,0.5719,Positive,Positive,True,True
REV005615,O044299,C02676,R0296,2,The food was cold and the delivery was late.,Negative,2026-04-10 09:00:00,food cold delivery late,0.0,Neutral,Negative,True,False
REV028396,O015763,C00969,R0069,4,Really tasty food with generous portions.,Positive,2026-01-28 00:00:00,really tasty food generous portion,0.5106,Positive,Positive,True,True
REV018016,O031250,C04398,R0156,4,Amazing food and excellent quality.,Positive,2026-01-23 01:00:00,amazing food excellent quality,0.8176,Positive,Positive,True,True
REV005921,O010587,C04840,R0067,5,Great quality and very good service.,Positive,2026-04-28 00:00:00,great quality good service,0.807,Positive,Positive,True,True
REV019876,O014293,C00687,R0003,4,The food was delicious and fresh.,Positive,2026-06-01 05:00:00,food delicious fresh,0.7184,Positive,Positive,True,True
REV008729,O017092,C02282,R0115,1,The delivery was very late.,Negative,2026-04-05 08:00:00,delivery late,0.0,Neutral,Negative,True,False
REV017099,O037460,C02000,R0275,5,The food was delicious and fresh.,Positive,2026-04-01 16:00:00,food delicious fresh,0.7184,Positive,Positive,True,True
REV016130,O032562,C03619,R0103,5,Delivery was fast and the food arrived hot.,Positive,2026-06-28 01:00:00,delivery fast food arrived hot,0.0,Neutral,Positive,True,False
REV019745,O044693,C03911,R0164,3,The order was okay overall.,Neutral,2026-03-11 11:00:00,order okay overall,0.2263,Positive,Neutral,True,False
REV011663,O010786,C02070,R0282,4,Delivery was fast and the food arrived hot.,Positive,2026-04-03 20:00:00,delivery fast food arrived hot,0.0,Neutral,Positive,True,False
REV029439,O023097,C04543,R0020,5,The order arrived quickly and everything was hot.,Positive,2026-02-21 18:00:00,order arrived quickly everything hot,0.0,Neutral,Positive,True,False
REV029365,O002835,C03539,R0154,5,The order arrived quickly and everything was hot.,Positive,2026-03-04 00:00:00,order arrived quickly everything hot,0.0,Neutral,Positive,True,False
REV019006,O009944,C01711,R0069,4,Amazing food and excellent quality.,Positive,2026-04-29 02:00:00,amazing food excellent quality,0.8176,Positive,Positive,True,True
REV012208,O006691,C00260,R0211,5,Great quality and very good service.,Positive,2026-02-14 09:00:00,great quality good service,0.807,Positive,Positive,True,True
REV017125,O047002,C01667,R0086,3,The food was okay.,Neutral,2026-06-01 20:00:00,food okay,0.2263,Positive,Neutral,True,False
REV005279,O011363,C04272,R0080,4,Great quality and very good service.,Positive,2026-05-10 03:00:00,great quality good service,0.807,Positive,Positive,True,True
REV014194,O003989,C02879,R0049,2,I received the wrong item.,Negative,2026-03-11 21:00:00,received wrong item,-0.4767,Negative,Negative,True,True
REV018329,O038951,C00739,R0205,4,The order arrived quickly and everything was hot.,Positive,2026-04-16 12:00:00,order arrived quickly everything hot,0.0,Neutral,Positive,True,False
REV005737,O034587,C02726,R0270,5,Really tasty food with generous portions.,Positive,2026-03-08 19:00:00,really tasty food generous portion,0.5106,Positive,Positive,True,True
REV012956,O037754,C03982,R0142,1,The packaging was damaged.,Negative,2026-02-16 06:00:00,packaging damaged,-0.4404,Negative,Negative,True,True
REV000119,O046741,C03345,R0241,4,Excellent experience from start to finish.,Positive,2026-02-15 22:00:00,excellent experience start finish,0.5719,Positive,Positive,True,True
REV021408,O037056,C02664,R0205,4,The food was fresh and flavorful.,Positive,2026-04-12 14:00:00,food fresh flavorful,0.3182,Positive,Positive,True,True
REV027438,O045002,C02166,R0264,5,Great quality and very good service.,Positive,2026-05-19 11:00:00,great quality good service,0.807,Positive,Positive,True,True
REV008359,O031879,C00732,R0282,4,Great quality and very good service.,Positive,2026-04-17 15:00:00,great quality good service,0.807,Positive,Positive,True,True
REV014958,O031177,C00981,R0010,5,Great quality and very good service.,Positive,2026-06-21 11:00:00,great quality good service,0.807,Positive,Positive,True,True
REV002112,O016435,C00896,R0271,2,The food arrived cold.,Negative,2026-03-18 10:00:00,food arrived cold,0.0,Neutral,Negative,True,False
REV005536,O001305,C01902,R0220,5,Everything was perfect and well packed.,Positive,2026-01-29 21:00:00,everything perfect well packed,0.7003,Positive,Positive,True,True
REV021618,O006881,C03254,R0034,4,Excellent experience from start to finish.,Positive,2026-02-27 07:00:00,excellent experience start finish,0.5719,Positive,Positive,True,True
REV010546,O040781,C03199,R0173,4,The food was delicious and fresh.,Positive,2026-06-22 15:00:00,food delicious fresh,0.7184,Positive,Positive,True,True
REV002713,O019362,C01291,R0293,5,Really tasty food with generous portions.,Positive,2026-02-14 10:00:00,really tasty food generous portion,0.5106,Positive,Positive,True,True
REV006161,O048398,C02426,R0214,5,Everything was perfect and well packed.,Positive,2026-06-14 00:00:00,everything perfect well packed,0.7003,Positive,Positive,True,True
REV027177,O030360,C00513,R0151,5,The order arrived quickly and everything was hot.,Positive,2026-04-18 09:00:00,order arrived quickly everything hot,0.0,Neutral,Positive,True,False
REV008459,O027901,C03928,R0203,2,I received the wrong item.,Negative,2026-04-24 23:00:00,received wrong item,-0.4767,Negative,Negative,True,True
REV014137,O048807,C00755,R0170,4,Everything was perfect and well packed.,Positive,2026-02-23 03:00:00,everything perfect well packed,0.7003,Positive,Positive,True,True
REV019251,O041579,C00326,R0232,5,The food was fresh and flavorful.,Positive,2026-03-17 09:00:00,food fresh flavorful,0.3182,Positive,Positive,True,True
REV013708,O048066,C01161,R0044,5,Amazing food and excellent quality.,Positive,2026-04-03 18:00:00,amazing food excellent quality,0.8176,Positive,Positive,True,True
REV014491,O022910,C01470,R0109,4,The food was delicious and fresh.,Positive,2026-02-25 16:00:00,food delicious fresh,0.7184,Positive,Positive,True,True
REV013610,O043982,C03678,R0282,5,Excellent experience from start to finish.,Positive,2026-04-10 15:00:00,excellent experience start finish,0.5719,Positive,Positive,True,True
REV001297,O017565,C04444,R0031,2,My order was missing an item.,Negative,2026-06-10 22:00:00,order missing item,-0.296,Negative,Negative,True,True
REV014854,O012994,C03127,R0250,5,Delivery was fast and the food arrived hot.,Positive,2026-02-26 16:00:00,delivery fast food arrived hot,0.0,Neutral,Positive,True,False
REV028627,O029644,C01135,R0223,4,Amazing food and excellent quality.,Positive,2026-05-31 02:00:00,amazing food excellent quality,0.8176,Positive,Positive,True,True
REV010530,O010770,C04451,R0130,4,Fast delivery and great packaging.,Positive,2026-03-16 00:00:00,fast delivery great packaging,0.6249,Positive,Positive,True,True
REV027963,O027372,C04000,R0152,3,Nothing special about the order.,Neutral,2026-03-01 06:00:00,nothing special order,-0.3089,Negative,Neutral,True,False
REV024742,O007185,C02747,R0015,4,Fast delivery and great packaging.,Positive,2026-03-19 12:00:00,fast delivery great packaging,0.6249,Positive,Positive,True,True
REV016503,O025835,C01175,R0186,3,Excellent experience from start to finish.,Positive,2026-04-07 23:00:00,excellent experience start finish,0.5719,Positive,Positive,True,True
REV027729,O029481,C04454,R0083,5,Great quality and very good service.,Positive,2026-06-21 11:00:00,great quality good service,0.807,Positive,Positive,True,True
REV006505,O011603,C04151,R0095,5,Excellent experience from start to finish.,Positive,2026-02-03 04:00:00,excellent experience start finish,0.5719,Positive,Positive,True,True
REV006957,O031265,C04891,R0165,5,Fast delivery and great packaging.,Positive,2026-01-24 09:00:00,fast delivery great packaging,0.6249,Positive,Positive,True,True
REV029277,O041271,C02467,R0148,5,Amazing food and excellent quality.,Positive,2026-05-07 01:00:00,amazing food excellent quality,0.8176,Positive,Positive,True,True
REV000768,O029466,C01760,R0092,3,The food was delicious and fresh.,Positive,2026-05-14 18:00:00,food delicious fresh,0.7184,Positive,Positive,True,True
REV025542,O043261,C01393,R0049,5,Delivery was fast and the food arrived hot.,Positive,2026-07-02 08:00:00,delivery fast food arrived hot,0.0,Neutral,Positive,True,False
REV003724,O002579,C00511,R0005,1,The order took too long to arrive.,Negative,2026-02-10 00:00:00,order took long arrive,0.0,Neutral,Negative,True,False
REV006298,O007266,C01679,R0283,3,My order was missing an item.,Negative,2026-01-05 23:00:00,order missing item,-0.296,Negative,Negative,True,True
REV012846,O009599,C03554,R0048,2,I received the wrong item.,Negative,2026-01-05 09:00:00,received wrong item,-0.4767,Negative,Negative,True,True
REV021923,O035936,C03925,R0018,4,Delivery was fast and the food arrived hot.,Positive,2026-06-22 05:00:00,delivery fast food arrived hot,0.0,Neutral,Positive,True,False
REV003838,O026056,C00215,R0285,5,Fast delivery and great packaging.,Positive,2026-06-14 17:00:00,fast delivery great packaging,0.6249,Positive,Positive,True,True
REV000720,O007186,C00295,R0103,4,The order arrived quickly and everything was hot.,Positive,2026-04-05 16:00:00,order arrived quickly everything hot,0.0,Neutral,Positive,True,False
REV013188,O027156,C02192,R0031,3,Very poor experience with the delivery.,Negative,2026-03-28 23:00:00,poor experience delivery,-0.5256,Negative,Negative,True,True
REV028903,O046478,C04448,R0007,3,Average experience.,Neutral,2026-02-24 10:00:00,average experience,0.0,Neutral,Neutral,True,True
REV028506,O012293,C00055,R0274,4,Excellent experience from start to finish.,Positive,2026-03-14 07:00:00,excellent experience start finish,0.5719,Positive,Positive,True,True
REV002390,O011578,C03649,R0279,3,Nothing special about the order.,Neutral,2026-03-01 19:00:00,nothing special order,-0.3089,Negative,Neutral,True,False
REV006648,O007942,C02087,R0117,3,The order was okay overall.,Neutral,2026-01-04 21:00:00,order okay overall,0.2263,Positive,Neutral,True,False
REV022439,O029738,C00576,R0273,5,The food was fresh and flavorful.,Positive,2026-06-15 08:00:00,food fresh flavorful,0.3182,Positive,Positive,True,True
REV009167,O007873,C03973,R0047,1,The food was cold and the delivery was late.,Negative,2026-01-27 10:00:00,food cold delivery late,0.0,Neutral,Negative,True,False
REV001527,O025670,C04422,R0105,5,Great quality and very good service.,Positive,2026-04-18 06:00:00,great quality good service,0.807,Positive,Positive,True,True
REV008403,O013525,C04646,R0053,5,The order arrived quickly and everything was hot.,Positive,2026-06-05 07:00:00,order arrived quickly everything hot,0.0,Neutral,Positive,True,False
REV027813,O011679,C01038,R0044,1,The order took too long to arrive.,Negative,2026-05-26 20:00:00,order took long arrive,0.0,Neutral,Negative,True,False
REV029396,O035076,C03528,R0160,4,The food was delicious and fresh.,Positive,2026-02-21 13:00:00,food delicious fresh,0.7184,Positive,Positive,True,True
REV012155,O031085,C04782,R0087,3,Overall it was satisfactory.,Neutral,2026-04-09 13:00:00,overall satisfactory,0.3612,Positive,Neutral,True,False
REV026208,O026376,C02513,R0089,4,Fast delivery and great packaging.,Positive,2026-04-29 17:00:00,fast delivery great packaging,0.6249,Positive,Positive,True,True
REV024550,O030785,C01127,R0210,5,Really tasty food with generous portions.,Positive,2026-05-11 15:00:00,really tasty food generous portion,0.5106,Positive,Positive,True,True
REV009400,O017708,C00793,R0268,5,Delivery was fast and the food arrived hot.,Positive,2026-06-14 05:00:00,delivery fast food arrived hot,0.0,Neutral,Positive,True,False
REV019857,O041181,C00867,R0196,5,Great quality and very good service.,Positive,2026-01-06 04:00:00,great quality good service,0.807,Positive,Positive,True,True
REV028736,O001938,C01613,R0046,1,Very poor experience with the delivery.,Negative,2026-02-28 14:00:00,poor experience delivery,-0.5256,Negative,Negative,True,True
REV020031,O042912,C00416,R0168,4,The food was fresh and flavorful.,Positive,2026-03-26 00:00:00,food fresh flavorful,0.3182,Positive,Positive,True,True
REV029405,O045739,C01378,R0193,4,Delivery was fast and the food arrived hot.,Positive,2026-01-17 00:00:00,delivery fast food arrived hot,0.0,Neutral,Positive,True,False
REV016068,O007988,C01822,R0016,3,My order was missing an item.,Negative,2026-01-22 03:00:00,order missing item,-0.296,Negative,Negative,True,True
REV009413,O012399,C03406,R0002,2,Very poor experience with the delivery.,Negative,2026-03-05 18:00:00,poor experience delivery,-0.5256,Negative,Negative,True,True
REV015173,O013539,C00409,R0211,4,Excellent experience from start to finish.,Positive,2026-06-24 05:00:00,excellent experience start finish,0.5719,Positive,Positive,True,True
REV004555,O034500,C01624,R0053,2,The food was cold and the delivery was late.,Negative,2026-01-23 03:00:00,food cold delivery late,0.0,Neutral,Negative,True,False
REV023803,O041852,C01480,R0136,3,It was an ordinary experience.,Neutral,2026-03-15 20:00:00,ordinary experience,0.0,Neutral,Neutral,True,True
REV029257,O007025,C03500,R0273,4,Everything was perfect and well packed.,Positive,2026-03-04 18:00:00,everything perfect well packed,0.7003,Positive,Positive,True,True
REV022723,O007805,C00576,R0283,2,The food was bland and disappointing.,Negative,2026-04-13 12:00:00,food bland disappointing,-0.4939,Negative,Negative,True,True
REV007393,O039921,C04833,R0128,2,The food arrived cold.,Negative,2026-04-03 08:00:00,food arrived cold,0.0,Neutral,Negative,True,False
REV007300,O028287,C00240,R0068,4,Everything was perfect and well packed.,Positive,2026-06-29 06:00:00,everything perfect well packed,0.7003,Positive,Positive,True,True
REV010647,O006128,C02709,R0238,3,The food was acceptable.,Neutral,2026-05-12 16:00:00,food acceptable,0.3182,Positive,Neutral,True,False
REV010286,O006402,C03665,R0101,3,The order was okay overall.,Neutral,2026-06-20 04:00:00,order okay overall,0.2263,Positive,Neutral,True,False
REV017298,O009632,C01822,R0099,5,The food was fresh and flavorful.,Positive,2026-03-05 02:00:00,food fresh flavorful,0.3182,Positive,Positive,True,True
REV016646,O014214,C04927,R0153,4,The food was fresh and flavorful.,Positive,2026-06-20 17:00:00,food fresh flavorful,0.3182,Positive,Positive,True,True
REV028909,O046456,C02361,R0221,5,The order arrived quickly and everything was hot.,Positive,2026-01-09 06:00:00,order arrived quickly everything hot,0.0,Neutral,Positive,True,False
REV029469,O034526,C01595,R0300,4,Everything was perfect and well packed.,Positive,2026-01-25 16:00:00,everything perfect well packed,0.7003,Positive,Positive,True,True
REV015687,O010578,C04696,R0262,5,Fast delivery and great packaging.,Positive,2026-01-15 03:00:00,fast delivery great packaging,0.6249,Positive,Positive,True,True
REV024059,O002050,C04357,R0023,5,Amazing food and excellent quality.,Positive,2026-02-10 07:00:00,amazing food excellent quality,0.8176,Positive,Positive,True,True
REV008580,O005860,C01353,R0038,1,The food arrived cold.,Negative,2026-04-23 01:00:00,food arrived cold,0.0,Neutral,Negative,True,False
REV013151,O032916,C02229,R0048,4,Everything was perfect and well packed.,Positive,2026-03-14 17:00:00,everything perfect well packed,0.7003,Positive,Positive,True,True
REV000785,O034676,C02743,R0117,2,I received the wrong item.,Negative,2026-04-17 01:00:00,received wrong item,-0.4767,Negative,Negative,True,True
REV003350,O043207,C01462,R0257,1,The packaging was damaged.,Negative,2026-06-09 17:00:00,packaging damaged,-0.4404,Negative,Negative,True,True
REV022223,O008307,C00118,R0239,4,Everything was perfect and well packed.,Positive,2026-03-04 08:00:00,everything perfect well packed,0.7003,Positive,Positive,True,True
REV023971,O033952,C02205,R0170,3,Nothing special about the order.,Neutral,2026-01-24 08:00:00,nothing special order,-0.3089,Negative,Neutral,True,False
REV012643,O026142,C00244,R0024,1,The packaging was damaged.,Negative,2026-02-15 07:00:00,packaging damaged,-0.4404,Negative,Negative,True,True
REV001443,O018261,C04802,R0161,4,Excellent experience from start to finish.,Positive,2026-02-27 10:00:00,excellent experience start finish,0.5719,Positive,Positive,True,True
REV024493,O003682,C04954,R0017,5,The food was delicious and fresh.,Positive,2026-04-24 01:00:00,food delicious fresh,0.7184,Positive,Positive,True,True
REV006003,O036928,C02389,R0199,5,Fast delivery and great packaging.,Positive,2026-03-13 21:00:00,fast delivery great packaging,0.6249,Positive,Positive,True,True
REV002080,O026662,C04343,R0070,5,The food was fresh and flavorful.,Positive,2026-03-01 15:00:00,food fresh flavorful,0.3182,Positive,Positive,True,True
REV013537,O003440,C04114,R0127,4,Amazing food and excellent quality.,Positive,2026-02-18 21:00:00,amazing food excellent quality,0.8176,Positive,Positive,True,True
REV028064,O007086,C02565,R0279,5,Great quality and very good service.,Positive,2026-01-27 20:00:00,great quality good service,0.807,Positive,Positive,True,True
REV017497,O034454,C01122,R0229,3,Overall it was satisfactory.,Neutral,2026-01-31 12:00:00,overall satisfactory,0.3612,Positive,Neutral,True,False
REV023654,O009029,C03973,R0290,4,Really tasty food with generous portions.,Positive,2026-05-09 05:00:00,really tasty food generous portion,0.5106,Positive,Positive,True,True
REV012847,O042719,C01265,R0134,5,The order arrived quickly and everything was hot.,Positive,2026-03-20 12:00:00,order arrived quickly everything hot,0.0,Neutral,Positive,True,False
REV005498,O027379,C01052,R0261,5,Really tasty food with generous portions.,Positive,2026-04-14 21:00:00,really tasty food generous portion,0.5106,Positive,Positive,True,True
REV015640,O037548,C03371,R0207,4,The packaging was damaged.,Negative,2026-03-21 00:00:00,packaging damaged,-0.4404,Negative,Negative,True,True
REV000473,O028608,C01116,R0267,3,It was an ordinary experience.,Neutral,2026-04-07 21:00:00,ordinary experience,0.0,Neutral,Neutral,True,True
REV025308,O015954,C03999,R0113,5,Delivery was fast and the food arrived hot.,Positive,2026-05-18 07:00:00,delivery fast food arrived hot,0.0,Neutral,Positive,True,False
REV011211,O043148,C04211,R0264,5,Delivery was fast and the food arrived hot.,Positive,2026-06-05 00:00:00,delivery fast food arrived hot,0.0,Neutral,Positive,True,False
REV021849,O014363,C01663,R0224,4,Fast delivery and great packaging.,Positive,2026-02-19 13:00:00,fast delivery great packaging,0.6249,Positive,Positive,True,True
REV013330,O007791,C00692,R0126,3,The order was okay overall.,Neutral,2026-04-19 00:00:00,order okay overall,0.2263,Positive,Neutral,True,False
REV002430,O029774,C00933,R0015,4,Great quality and very good service.,Positive,2026-02-08 02:00:00,great quality good service,0.807,Positive,Positive,True,True
REV020620,O041146,C02195,R0097,5,Amazing food and excellent quality.,Positive,2026-05-21 07:00:00,amazing food excellent quality,0.8176,Positive,Positive,True,True
REV001926,O006401,C00736,R0025,5,The food was cold and the delivery was late.,Negative,2026-05-14 10:00:00,food cold delivery late,0.0,Neutral,Negative,True,False
REV023477,O000133,C03369,R0115,4,The food was fresh and flavorful.,Positive,2026-01-17 14:00:00,food fresh flavorful,0.3182,Positive,Positive,True,True
REV004924,O006273,C04920,R0270,1,The food arrived cold.,Negative,2026-03-18 05:00:00,food arrived cold,0.0,Neutral,Negative,True,False
REV021519,O042645,C04117,R0269,1,I received the wrong item.,Negative,2026-01-22 05:00:00,received wrong item,-0.4767,Negative,Negative,True,True
REV028714,O027911,C02901,R0069,5,Everything was perfect and well packed.,Positive,2026-03-03 10:00:00,everything perfect well packed,0.7003,Positive,Positive,True,True
REV002086,O025856,C00884,R0229,4,The order arrived quickly and everything was hot.,Positive,2026-01-16 00:00:00,order arrived quickly everything hot,0.0,Neutral,Positive,True,False
REV009195,O023545,C01712,R0091,2,I received the wrong item.,Negative,2026-03-01 19:00:00,received wrong item,-0.4767,Negative,Negative,True,True
REV002649,O013704,C01045,R0199,5,Amazing food and excellent quality.,Positive,2026-06-20 16:00:00,amazing food excellent quality,0.8176,Positive,Positive,True,True
REV002562,O025192,C02058,R0300,2,The order was delayed for a long time.,Negative,2026-01-08 10:00:00,order delayed long time,-0.2263,Negative,Negative,True,True
REV010118,O005673,C01423,R0130,3,The food was acceptable.,Neutral,2026-06-11 20:00:00,food acceptable,0.3182,Positive,Neutral,True,False
REV017228,O049267,C02995,R0141,3,The food was cold and the delivery was late.,Negative,2026-04-06 04:00:00,food cold delivery late,0.0,Neutral,Negative,True,False
REV008034,O039167,C00960,R0168,3,The experience was fine.,Neutral,2026-04-23 05:00:00,experience fine,0.2023,Positive,Neutral,True,False
REV012856,O046607,C02784,R0186,4,Amazing food and excellent quality.,Positive,2026-01-16 18:00:00,amazing food excellent quality,0.8176,Positive,Positive,True,True
REV014403,O047544,C00497,R0270,4,The packaging was damaged.,Negative,2026-05-23 04:00:00,packaging damaged,-0.4404,Negative,Negative,True,True
REV028817,O044064,C04383,R0280,5,Really tasty food with generous portions.,Positive,2026-05-13 10:00:00,really tasty food generous portion,0.5106,Positive,Positive,True,True
REV000368,O031653,C02736,R0151,2,The food was fresh and flavorful.,Positive,2026-06-01 15:00:00,food fresh flavorful,0.3182,Positive,Positive,True,True
REV029291,O039408,C01997,R0033,5,Fast delivery and great packaging.,Positive,2026-03-28 07:00:00,fast delivery great packaging,0.6249,Positive,Positive,True,True
REV027189,O027435,C04599,R0256,5,The food was fresh and flavorful.,Positive,2026-05-26 21:00:00,food fresh flavorful,0.3182,Positive,Positive,True,True
REV012381,O035858,C01977,R0231,5,Delivery was fast and the food arrived hot.,Positive,2026-04-07 16:00:00,delivery fast food arrived hot,0.0,Neutral,Positive,True,False
REV007122,O004152,C04447,R0189,3,The experience was fine.,Neutral,2026-06-01 22:00:00,experience fine,0.2023,Positive,Neutral,True,False
REV012944,O010706,C01807,R0038,1,Very poor experience with the delivery.,Negative,2026-05-17 09:00:00,poor experience delivery,-0.5256,Negative,Negative,True,True
REV000412,O026413,C02070,R0209,4,Excellent experience from start to finish.,Positive,2026-03-07 13:00:00,excellent experience start finish,0.5719,Positive,Positive,True,True
REV009546,O028176,C00102,R0287,4,The order arrived quickly and everything was hot.,Positive,2026-03-14 11:00:00,order arrived quickly everything hot,0.0,Neutral,Positive,True,False
REV028341,O011105,C03640,R0261,4,Amazing food and excellent quality.,Positive,2026-01-19 08:00:00,amazing food excellent quality,0.8176,Positive,Positive,True,True
REV002283,O002590,C03285,R0166,4,Excellent experience from start to finish.,Positive,2026-05-21 12:00:00,excellent experience start finish,0.5719,Positive,Positive,True,True
REV000507,O027359,C01345,R0081,4,Fast delivery and great packaging.,Positive,2026-04-05 19:00:00,fast delivery great packaging,0.6249,Positive,Positive,True,True
REV019569,O038406,C00795,R0258,3,The food arrived cold.,Negative,2026-02-08 20:00:00,food arrived cold,0.0,Neutral,Negative,True,False
REV021368,O039842,C01112,R0189,4,Amazing food and excellent quality.,Positive,2026-03-17 04:00:00,amazing food excellent quality,0.8176,Positive,Positive,True,True
REV016614,O017188,C02368,R0099,4,Great quality and very good service.,Positive,2026-05-31 03:00:00,great quality good service,0.807,Positive,Positive,True,True
REV011591,O003468,C00617,R0022,4,Everything was perfect and well packed.,Positive,2026-02-17 07:00:00,everything perfect well packed,0.7003,Positive,Positive,True,True
REV017402,O009884,C01697,R0224,2,My order was missing an item.,Negative,2026-05-12 00:00:00,order missing item,-0.296,Negative,Negative,True,True
REV002119,O031320,C01558,R0170,5,Amazing food and excellent quality.,Positive,2026-02-10 20:00:00,amazing food excellent quality,0.8176,Positive,Positive,True,True
REV019500,O008694,C00753,R0245,5,Delivery was fast and the food arrived hot.,Positive,2026-02-06 07:00:00,delivery fast food arrived hot,0.0,Neutral,Positive,True,False
REV010513,O014881,C01059,R0270,4,Really tasty food with generous portions.,Positive,2026-07-01 11:00:00,really tasty food generous portion,0.5106,Positive,Positive,True,True
REV009641,O046929,C02723,R0039,5,Excellent experience from start to finish.,Positive,2026-01-11 05:00:00,excellent experience start finish,0.5719,Positive,Positive,True,True
REV004149,O001705,C02847,R0128,1,The order took too long to arrive.,Negative,2026-04-11 21:00:00,order took long arrive,0.0,Neutral,Negative,True,False
REV004848,O030332,C04994,R0022,4,Fast delivery and great packaging.,Positive,2026-03-24 10:00:00,fast delivery great packaging,0.6249,Positive,Positive,True,True
REV006668,O013403,C04084,R0279,4,Really tasty food with generous portions.,Positive,2026-06-14 14:00:00,really tasty food generous portion,0.5106,Positive,Positive,True,True
REV004526,O049043,C00593,R0264,4,The order arrived quickly and everything was hot.,Positive,2026-05-12 13:00:00,order arrived quickly everything hot,0.0,Neutral,Positive,True,False
REV019191,O008838,C04055,R0149,2,I received the wrong item.,Negative,2026-05-20 18:00:00,received wrong item,-0.4767,Negative,Negative,True,True
REV013313,O002657,C00531,R0128,3,The food was acceptable.,Neutral,2026-01-25 13:00:00,food acceptable,0.3182,Positive,Neutral,True,False
REV003276,O003580,C02185,R0134,5,Amazing food and excellent quality.,Positive,2026-05-07 15:00:00,amazing food excellent quality,0.8176,Positive,Positive,True,True
REV018061,O023098,C03153,R0168,5,The food was delicious and fresh.,Positive,2026-05-13 08:00:00,food delicious fresh,0.7184,Positive,Positive,True,True
REV007636,O021418,C01419,R0135,4,Everything was perfect and well packed.,Positive,2026-03-24 02:00:00,everything perfect well packed,0.7003,Positive,Positive,True,True
REV000290,O022199,C03981,R0137,5,The food was delicious and fresh.,Positive,2026-02-17 06:00:00,food delicious fresh,0.7184,Positive,Positive,True,True
REV007740,O049965,C04933,R0261,3,Average experience.,Neutral,2026-04-26 11:00:00,average experience,0.0,Neutral,Neutral,True,True
REV026334,O018570,C04910,R0070,4,Fast delivery and great packaging.,Positive,2026-01-10 16:00:00,fast delivery great packaging,0.6249,Positive,Positive,True,True
REV016150,O009264,C03353,R0245,4,Delivery was fast and the food arrived hot.,Positive,2026-01-30 21:00:00,delivery fast food arrived hot,0.0,Neutral,Positive,True,False
REV002028,O047005,C02462,R0003,5,Fast delivery and great packaging.,Positive,2026-06-12 02:00:00,fast delivery great packaging,0.6249,Positive,Positive,True,True
REV008630,O006607,C01441,R0269,4,Really tasty food with generous portions.,Positive,2026-04-07 04:00:00,really tasty food generous portion,0.5106,Positive,Positive,True,True
REV007176,O047239,C01932,R0287,3,The food was acceptable.,Neutral,2026-04-04 02:00:00,food acceptable,0.3182,Positive,Neutral,True,False
REV016015,O006498,C01867,R0041,2,Very poor experience with the delivery.,Negative,2026-06-30 05:00:00,poor experience delivery,-0.5256,Negative,Negative,True,True
REV004315,O029420,C01548,R0059,5,Delivery was fast and the food arrived hot.,Positive,2026-01-24 11:00:00,delivery fast food arrived hot,0.0,Neutral,Positive,True,False
REV011407,O009810,C03575,R0233,5,Delivery was fast and the food arrived hot.,Positive,2026-05-29 15:00:00,delivery fast food arrived hot,0.0,Neutral,Positive,True,False
REV024391,O026061,C01838,R0261,5,Great quality and very good service.,Positive,2026-04-03 20:00:00,great quality good service,0.807,Positive,Positive,True,True
REV029706,O028737,C03295,R0289,4,Excellent experience from start to finish.,Positive,2026-04-14 11:00:00,excellent experience start finish,0.5719,Positive,Positive,True,True
REV024292,O025156,C03971,R0060,5,Everything was perfect and well packed.,Positive,2026-06-28 13:00:00,everything perfect well packed,0.7003,Positive,Positive,True,True
REV003333,O002384,C03134,R0019,2,My order was missing an item.,Negative,2026-05-25 15:00:00,order missing item,-0.296,Negative,Negative,True,True
REV027774,O035374,C04371,R0033,5,Excellent experience from start to finish.,Positive,2026-06-14 11:00:00,excellent experience start finish,0.5719,Positive,Positive,True,True
REV014758,O007398,C00964,R0146,5,Amazing food and excellent quality.,Positive,2026-04-07 12:00:00,amazing food excellent quality,0.8176,Positive,Positive,True,True
REV011935,O016458,C03497,R0017,1,The packaging was damaged.,Negative,2026-02-12 02:00:00,packaging damaged,-0.4404,Negative,Negative,True,True
REV024623,O048313,C03797,R0075,5,Delivery was fast and the food arrived hot.,Positive,2026-06-23 18:00:00,delivery fast food arrived hot,0.0,Neutral,Positive,True,False
REV011351,O040416,C02105,R0059,5,Fast delivery and great packaging.,Positive,2026-01-11 17:00:00,fast delivery great packaging,0.6249,Positive,Positive,True,True
REV002628,O010415,C03639,R0098,2,The order took too long to arrive.,Negative,2026-06-21 09:00:00,order took long arrive,0.0,Neutral,Negative,True,False
REV027473,O044018,C00655,R0237,5,The order arrived quickly and everything was hot.,Positive,2026-06-14 04:00:00,order arrived quickly everything hot,0.0,Neutral,Positive,True,False
REV006560,O028561,C03880,R0097,5,Fast delivery and great packaging.,Positive,2026-02-06 14:00:00,fast delivery great packaging,0.6249,Positive,Positive,True,True
REV000268,O044564,C02138,R0060,5,The order arrived quickly and everything was hot.,Positive,2026-02-03 12:00:00,order arrived quickly everything hot,0.0,Neutral,Positive,True,False
REV021660,O007272,C03587,R0202,5,The delivery was very late.,Negative,2026-01-23 11:00:00,delivery late,0.0,Neutral,Negative,True,False
REV009574,O044866,C00135,R0195,5,The food was fresh and flavorful.,Positive,2026-03-09 05:00:00,food fresh flavorful,0.3182,Positive,Positive,True,True
REV015779,O041642,C03781,R0225,5,The food was delicious and fresh.,Positive,2026-02-16 08:00:00,food delicious fresh,0.7184,Positive,Positive,True,True
REV023354,O030994,C04107,R0279,4,Fast delivery and great packaging.,Positive,2026-02-25 22:00:00,fast delivery great packaging,0.6249,Positive,Positive,True,True
REV006218,O011077,C02092,R0080,4,Great quality and very good service.,Positive,2026-04-04 22:00:00,great quality good service,0.807,Positive,Positive,True,True
REV015491,O020813,C00229,R0203,3,Amazing food and excellent quality.,Positive,2026-01-24 23:00:00,amazing food excellent quality,0.8176,Positive,Positive,True,True
REV018430,O008474,C03909,R0035,4,Great quality and very good service.,Positive,2026-05-26 08:00:00,great quality good service,0.807,Positive,Positive,True,True
REV008500,O041458,C00452,R0233,2,The food was cold and the delivery was late.,Negative,2026-03-27 09:00:00,food cold delivery late,0.0,Neutral,Negative,True,False
REV021788,O041945,C02128,R0005,4,The order arrived quickly and everything was hot.,Positive,2026-05-10 11:00:00,order arrived quickly everything hot,0.0,Neutral,Positive,True,False
REV020485,O039801,C02107,R0260,5,Great quality and very good service.,Positive,2026-06-22 17:00:00,great quality good service,0.807,Positive,Positive,True,True
REV014729,O036557,C00109,R0012,5,Delivery was fast and the food arrived hot.,Positive,2026-02-12 14:00:00,delivery fast food arrived hot,0.0,Neutral,Positive,True,False
REV024589,O039044,C00557,R0245,3,The experience was fine.,Neutral,2026-03-09 11:00:00,experience fine,0.2023,Positive,Neutral,True,False
REV019894,O024967,C02940,R0181,4,Great quality and very good service.,Positive,2026-06-21 05:00:00,great quality good service,0.807,Positive,Positive,True,True
REV000666,O035362,C04671,R0236,2,The packaging was damaged.,Negative,2026-04-16 16:00:00,packaging damaged,-0.4404,Negative,Negative,True,True
REV023862,O045052,C02884,R0059,4,Really tasty food with generous portions.,Positive,2026-05-19 23:00:00,really tasty food generous portion,0.5106,Positive,Positive,True,True
REV007588,O040831,C01692,R0060,4,Really tasty food with generous portions.,Positive,2026-03-25 21:00:00,really tasty food generous portion,0.5106,Positive,Positive,True,True
REV006078,O042384,C03015,R0048,3,The food was okay.,Neutral,2026-06-22 09:00:00,food okay,0.2263,Positive,Neutral,True,False
REV028791,O032281,C04489,R0070,4,Fast delivery and great packaging.,Positive,2026-04-09 23:00:00,fast delivery great packaging,0.6249,Positive,Positive,True,True
REV029783,O022933,C02283,R0174,5,The food was fresh and flavorful.,Positive,2026-02-25 05:00:00,food fresh flavorful,0.3182,Positive,Positive,True,True
REV011681,O041160,C00427,R0083,4,The order arrived quickly and everything was hot.,Positive,2026-04-01 05:00:00,order arrived quickly everything hot,0.0,Neutral,Positive,True,False
REV009370,O041830,C04526,R0150,4,Great quality and very good service.,Positive,2026-01-19 05:00:00,great quality good service,0.807,Positive,Positive,True,True
REV015811,O014529,C02882,R0243,3,Overall it was satisfactory.,Neutral,2026-01-23 03:00:00,overall satisfactory,0.3612,Positive,Neutral,True,False
REV021395,O043658,C01223,R0249,4,Delivery was fast and the food arrived hot.,Positive,2026-06-27 23:00:00,delivery fast food arrived hot,0.0,Neutral,Positive,True,False
REV007136,O018702,C00100,R0257,5,Great quality and very good service.,Positive,2026-04-02 10:00:00,great quality good service,0.807,Positive,Positive,True,True
REV022396,O020572,C03567,R0258,5,Everything was perfect and well packed.,Positive,2026-06-30 19:00:00,everything perfect well packed,0.7003,Positive,Positive,True,True
REV028620,O029377,C00565,R0192,3,It was an ordinary experience.,Neutral,2026-01-30 13:00:00,ordinary experience,0.0,Neutral,Neutral,True,True
REV013282,O002974,C03211,R0207,2,The packaging was damaged.,Negative,2026-01-14 21:00:00,packaging damaged,-0.4404,Negative,Negative,True,True
REV008871,O006798,C00196,R0134,5,Everything was perfect and well packed.,Positive,2026-02-02 00:00:00,everything perfect well packed,0.7003,Positive,Positive,True,True
REV005570,O029285,C04753,R0181,5,The order was delayed for a long time.,Negative,2026-05-18 13:00:00,order delayed long time,-0.2263,Negative,Negative,True,True
REV010704,O022918,C04329,R0287,2,My order was missing an item.,Negative,2026-01-25 21:00:00,order missing item,-0.296,Negative,Negative,True,True
REV004375,O037378,C02974,R0080,4,The order arrived quickly and everything was hot.,Positive,2026-05-09 09:00:00,order arrived quickly everything hot,0.0,Neutral,Positive,True,False
REV003283,O028054,C04846,R0237,2,My order was missing an item.,Negative,2026-06-13 02:00:00,order missing item,-0.296,Negative,Negative,True,True
REV013436,O036937,C00345,R0253,2,The food was bland and disappointing.,Negative,2026-06-29 00:00:00,food bland disappointing,-0.4939,Negative,Negative,True,True
REV007111,O007413,C01850,R0080,4,Delivery was fast and the food arrived hot.,Positive,2026-02-22 05:00:00,delivery fast food arrived hot,0.0,Neutral,Positive,True,False
REV023158,O046259,C04196,R0017,2,The order was delayed for a long time.,Negative,2026-04-24 06:00:00,order delayed long time,-0.2263,Negative,Negative,True,True
REV024694,O038815,C02252,R0286,4,Fast delivery and great packaging.,Positive,2026-01-20 20:00:00,fast delivery great packaging,0.6249,Positive,Positive,True,True
REV007974,O013818,C00139,R0063,2,The food arrived cold.,Negative,2026-05-24 08:00:00,food arrived cold,0.0,Neutral,Negative,True,False
REV019808,O014724,C03278,R0041,4,Delivery was fast and the food arrived hot.,Positive,2026-04-16 17:00:00,delivery fast food arrived hot,0.0,Neutral,Positive,True,False
REV002317,O008642,C00491,R0285,5,Great quality and very good service.,Positive,2026-03-28 13:00:00,great quality good service,0.807,Positive,Positive,True,True
REV026421,O041838,C03565,R0094,4,The order arrived quickly and everything was hot.,Positive,2026-03-10 12:00:00,order arrived quickly everything hot,0.0,Neutral,Positive,True,False
REV002712,O000749,C01926,R0080,4,Amazing food and excellent quality.,Positive,2026-06-14 00:00:00,amazing food excellent quality,0.8176,Positive,Positive,True,True
REV011442,O016700,C00507,R0008,1,The food was bland and disappointing.,Negative,2026-06-02 13:00:00,food bland disappointing,-0.4939,Negative,Negative,True,True
REV022335,O022194,C03927,R0117,5,Really tasty food with generous portions.,Positive,2026-05-16 10:00:00,really tasty food generous portion,0.5106,Positive,Positive,True,True
REV024201,O010540,C04886,R0264,3,Average experience.,Neutral,2026-02-08 19:00:00,average experience,0.0,Neutral,Neutral,True,True
REV017451,O006989,C00830,R0155,4,Great quality and very good service.,Positive,2026-01-11 01:00:00,great quality good service,0.807,Positive,Positive,True,True
REV029840,O006350,C03853,R0079,5,Everything was perfect and well packed.,Positive,2026-06-05 14:00:00,everything perfect well packed,0.7003,Positive,Positive,True,True
REV009449,O049657,C02083,R0036,4,Everything was perfect and well packed.,Positive,2026-05-18 13:00:00,everything perfect well packed,0.7003,Positive,Positive,True,True
REV019347,O015131,C04756,R0052,5,Great quality and very good service.,Positive,2026-02-11 21:00:00,great quality good service,0.807,Positive,Positive,True,True
REV021848,O005807,C04840,R0189,3,The order was okay overall.,Neutral,2026-06-20 23:00:00,order okay overall,0.2263,Positive,Neutral,True,False
REV002431,O030248,C03734,R0225,4,Amazing food and excellent quality.,Positive,2026-02-06 06:00:00,amazing food excellent quality,0.8176,Positive,Positive,True,True
REV004773,O007914,C00851,R0167,4,Excellent experience from start to finish.,Positive,2026-02-03 01:00:00,excellent experience start finish,0.5719,Positive,Positive,True,True
REV014884,O013557,C00132,R0119,5,Everything was perfect and well packed.,Positive,2026-03-10 01:00:00,everything perfect well packed,0.7003,Positive,Positive,True,True
REV029504,O038017,C03601,R0101,3,The food was acceptable.,Neutral,2026-06-21 00:00:00,food acceptable,0.3182,Positive,Neutral,True,False
REV013786,O033648,C02015,R0019,5,Very poor experience with the delivery.,Negative,2026-06-01 19:00:00,poor experience delivery,-0.5256,Negative,Negative,True,True
REV022327,O028573,C00138,R0080,4,Really tasty food with generous portions.,Positive,2026-02-03 12:00:00,really tasty food generous portion,0.5106,Positive,Positive,True,True
REV003887,O042530,C04355,R0134,3,The order was okay overall.,Neutral,2026-05-10 11:00:00,order okay overall,0.2263,Positive,Neutral,True,False
REV012386,O028666,C04195,R0106,5,Great quality and very good service.,Positive,2026-06-23 06:00:00,great quality good service,0.807,Positive,Positive,True,True
REV002135,O002103,C02074,R0115,5,The order arrived quickly and everything was hot.,Positive,2026-03-19 04:00:00,order arrived quickly everything hot,0.0,Neutral,Positive,True,False
REV018304,O008907,C02261,R0278,3,Amazing food and excellent quality.,Positive,2026-04-22 01:00:00,amazing food excellent quality,0.8176,Positive,Positive,True,True
REV005047,O025214,C04823,R0194,4,The food was fresh and flavorful.,Positive,2026-04-28 17:00:00,food fresh flavorful,0.3182,Positive,Positive,True,True
REV012222,O042555,C02386,R0278,5,Really tasty food with generous portions.,Positive,2026-03-27 03:00:00,really tasty food generous portion,0.5106,Positive,Positive,True,True
REV029099,O047329,C02562,R0270,4,Amazing food and excellent quality.,Positive,2026-05-18 14:00:00,amazing food excellent quality,0.8176,Positive,Positive,True,True
REV010257,O008018,C00546,R0255,4,The order arrived quickly and everything was hot.,Positive,2026-01-24 13:00:00,order arrived quickly everything hot,0.0,Neutral,Positive,True,False
REV026039,O012649,C02965,R0004,4,Delivery was fast and the food arrived hot.,Positive,2026-06-28 13:00:00,delivery fast food arrived hot,0.0,Neutral,Positive,True,False
REV017968,O023268,C04947,R0114,4,Delivery was fast and the food arrived hot.,Positive,2026-04-12 13:00:00,delivery fast food arrived hot,0.0,Neutral,Positive,True,False
REV029727,O045824,C00408,R0076,5,Excellent experience from start to finish.,Positive,2026-05-05 14:00:00,excellent experience start finish,0.5719,Positive,Positive,True,True
REV007796,O024580,C00097,R0074,4,Great quality and very good service.,Positive,2026-02-28 10:00:00,great quality good service,0.807,Positive,Positive,True,True
REV029359,O029807,C04523,R0239,1,I received the wrong item.,Negative,2026-01-08 20:00:00,received wrong item,-0.4767,Negative,Negative,True,True
REV005903,O036919,C04461,R0260,1,The food was bland and disappointing.,Negative,2026-05-17 08:00:00,food bland disappointing,-0.4939,Negative,Negative,True,True
REV023073,O039528,C00484,R0165,4,The order arrived quickly and everything was hot.,Positive,2026-01-21 02:00:00,order arrived quickly everything hot,0.0,Neutral,Positive,True,False
REV025023,O004330,C03163,R0289,5,Really tasty food with generous portions.,Positive,2026-01-19 10:00:00,really tasty food generous portion,0.5106,Positive,Positive,True,True
REV022159,O033582,C01434,R0184,5,The food was bland and disappointing.,Negative,2026-06-12 00:00:00,food bland disappointing,-0.4939,Negative,Negative,True,True
REV019617,O042646,C00397,R0034,1,I received the wrong item.,Negative,2026-06-22 06:00:00,received wrong item,-0.4767,Negative,Negative,True,True
REV009474,O036988,C04255,R0021,4,Really tasty food with generous portions.,Positive,2026-05-08 17:00:00,really tasty food generous portion,0.5106,Positive,Positive,True,True
REV020718,O036859,C03179,R0032,4,The order arrived quickly and everything was hot.,Positive,2026-04-10 12:00:00,order arrived quickly everything hot,0.0,Neutral,Positive,True,False
REV009794,O002311,C00053,R0017,5,Amazing food and excellent quality.,Positive,2026-03-30 13:00:00,amazing food excellent quality,0.8176,Positive,Positive,True,True
REV026218,O015842,C03240,R0204,4,Amazing food and excellent quality.,Positive,2026-02-06 03:00:00,amazing food excellent quality,0.8176,Positive,Positive,True,True
REV012277,O005761,C02980,R0205,4,Everything was perfect and well packed.,Positive,2026-06-13 06:00:00,everything perfect well packed,0.7003,Positive,Positive,True,True
REV016865,O007817,C03197,R0270,5,Everything was perfect and well packed.,Positive,2026-06-15 05:00:00,everything perfect well packed,0.7003,Positive,Positive,True,True
REV010015,O042069,C04938,R0094,4,Amazing food and excellent quality.,Positive,2026-06-28 01:00:00,amazing food excellent quality,0.8176,Positive,Positive,True,True
REV005632,O018031,C02239,R0041,2,The order was delayed for a long time.,Negative,2026-05-12 14:00:00,order delayed long time,-0.2263,Negative,Negative,True,True
REV004101,O030401,C03671,R0080,4,The food was delicious and fresh.,Positive,2026-02-27 04:00:00,food delicious fresh,0.7184,Positive,Positive,True,True
REV010525,O013186,C00471,R0133,3,The food was acceptable.,Neutral,2026-06-26 23:00:00,food acceptable,0.3182,Positive,Neutral,True,False
REV018117,O013341,C00333,R0277,4,Really tasty food with generous portions.,Positive,2026-05-11 15:00:00,really tasty food generous portion,0.5106,Positive,Positive,True,True
REV008035,O001558,C00157,R0227,5,The order arrived quickly and everything was hot.,Positive,2026-06-18 14:00:00,order arrived quickly everything hot,0.0,Neutral,Positive,True,False
REV016858,O008865,C04293,R0044,4,Everything was perfect and well packed.,Positive,2026-06-08 18:00:00,everything perfect well packed,0.7003,Positive,Positive,True,True
REV009231,O027145,C03602,R0259,4,Delivery was fast and the food arrived hot.,Positive,2026-06-15 11:00:00,delivery fast food arrived hot,0.0,Neutral,Positive,True,False
REV013986,O022661,C00284,R0219,4,The order arrived quickly and everything was hot.,Positive,2026-02-08 02:00:00,order arrived quickly everything hot,0.0,Neutral,Positive,True,False
REV009901,O013685,C03225,R0101,5,The food was fresh and flavorful.,Positive,2026-03-22 17:00:00,food fresh flavorful,0.3182,Positive,Positive,True,True
REV007357,O012146,C04533,R0013,2,Very poor experience with the delivery.,Negative,2026-06-19 18:00:00,poor experience delivery,-0.5256,Negative,Negative,True,True
REV028183,O043569,C00231,R0156,4,The food was delicious and fresh.,Positive,2026-03-30 03:00:00,food delicious fresh,0.7184,Positive,Positive,True,True
REV006454,O016109,C02132,R0276,5,Excellent experience from start to finish.,Positive,2026-03-04 05:00:00,excellent experience start finish,0.5719,Positive,Positive,True,True
REV025763,O023106,C03796,R0171,3,Amazing food and excellent quality.,Positive,2026-06-09 14:00:00,amazing food excellent quality,0.8176,Positive,Positive,True,True
REV027338,O048407,C03545,R0065,5,The food was cold and the delivery was late.,Negative,2026-03-30 18:00:00,food cold delivery late,0.0,Neutral,Negative,True,False
REV008092,O006968,C03180,R0275,5,Fast delivery and great packaging.,Positive,2026-01-11 20:00:00,fast delivery great packaging,0.6249,Positive,Positive,True,True
REV004731,O004368,C00341,R0238,1,The food was bland and disappointing.,Negative,2026-02-18 03:00:00,food bland disappointing,-0.4939,Negative,Negative,True,True
REV023816,O001721,C03351,R0224,4,Amazing food and excellent quality.,Positive,2026-05-04 19:00:00,amazing food excellent quality,0.8176,Positive,Positive,True,True
REV014525,O043076,C02596,R0047,5,The order took too long to arrive.,Negative,2026-06-03 22:00:00,order took long arrive,0.0,Neutral,Negative,True,False
REV004192,O008566,C04697,R0288,5,Great quality and very good service.,Positive,2026-05-14 05:00:00,great quality good service,0.807,Positive,Positive,True,True
REV005275,O006547,C03096,R0009,5,The food was fresh and flavorful.,Positive,2026-01-31 09:00:00,food fresh flavorful,0.3182,Positive,Positive,True,True
REV013964,O023907,C00883,R0053,4,Really tasty food with generous portions.,Positive,2026-01-05 00:00:00,really tasty food generous portion,0.5106,Positive,Positive,True,True
REV028623,O008065,C02675,R0219,5,Fast delivery and great packaging.,Positive,2026-06-19 08:00:00,fast delivery great packaging,0.6249,Positive,Positive,True,True
REV021352,O008217,C02092,R0110,4,Really tasty food with generous portions.,Positive,2026-04-06 09:00:00,really tasty food generous portion,0.5106,Positive,Positive,True,True
REV023221,O000668,C01574,R0255,5,Amazing food and excellent quality.,Positive,2026-03-02 10:00:00,amazing food excellent quality,0.8176,Positive,Positive,True,True
REV002659,O000693,C02984,R0127,5,Fast delivery and great packaging.,Positive,2026-04-14 20:00:00,fast delivery great packaging,0.6249,Positive,Positive,True,True
REV006130,O004860,C02530,R0287,4,Great quality and very good service.,Positive,2026-04-20 07:00:00,great quality good service,0.807,Positive,Positive,True,True
REV025846,O025640,C02618,R0144,4,Excellent experience from start to finish.,Positive,2026-03-14 01:00:00,excellent experience start finish,0.5719,Positive,Positive,True,True
REV015800,O001092,C04097,R0043,5,Amazing food and excellent quality.,Positive,2026-02-25 08:00:00,amazing food excellent quality,0.8176,Positive,Positive,True,True
REV028964,O039071,C03969,R0004,4,The food was delicious and fresh.,Positive,2026-05-02 16:00:00,food delicious fresh,0.7184,Positive,Positive,True,True
REV029421,O002438,C01668,R0130,3,The food was decent.,Neutral,2026-05-04 17:00:00,food decent,0.0,Neutral,Neutral,True,True
REV009182,O025973,C03991,R0006,4,The order was delayed for a long time.,Negative,2026-01-05 10:00:00,order delayed long time,-0.2263,Negative,Negative,True,True
REV020749,O035917,C03003,R0020,1,The food arrived cold.,Negative,2026-01-21 00:00:00,food arrived cold,0.0,Neutral,Negative,True,False
REV029417,O033654,C01673,R0115,4,The food was fresh and flavorful.,Positive,2026-07-01 17:00:00,food fresh flavorful,0.3182,Positive,Positive,True,True
REV015761,O018217,C00139,R0042,4,Really tasty food with generous portions.,Positive,2026-04-18 08:00:00,really tasty food generous portion,0.5106,Positive,Positive,True,True
REV010437,O042126,C01660,R0121,5,Everything was perfect and well packed.,Positive,2026-01-04 03:00:00,everything perfect well packed,0.7003,Positive,Positive,True,True
REV001975,O004069,C04603,R0235,4,Fast delivery and great packaging.,Positive,2026-04-25 23:00:00,fast delivery great packaging,0.6249,Positive,Positive,True,True
REV021730,O046398,C01526,R0198,3,Average experience.,Neutral,2026-06-18 07:00:00,average experience,0.0,Neutral,Neutral,True,True
REV028564,O030009,C00248,R0040,3,The food was acceptable.,Neutral,2026-04-02 04:00:00,food acceptable,0.3182,Positive,Neutral,True,False
REV001970,O009964,C04439,R0154,4,Great quality and very good service.,Positive,2026-05-24 07:00:00,great quality good service,0.807,Positive,Positive,True,True
REV027699,O029475,C03765,R0151,4,Amazing food and excellent quality.,Positive,2026-05-11 23:00:00,amazing food excellent quality,0.8176,Positive,Positive,True,True
REV023035,O027203,C00591,R0028,2,My order was missing an item.,Negative,2026-06-07 10:00:00,order missing item,-0.296,Negative,Negative,True,True
REV013600,O040075,C02369,R0132,5,The food was delicious and fresh.,Positive,2026-02-28 23:00:00,food delicious fresh,0.7184,Positive,Positive,True,True
REV022428,O006699,C03509,R0045,3,Average experience.,Neutral,2026-02-10 15:00:00,average experience,0.0,Neutral,Neutral,True,True
REV009435,O025019,C04418,R0287,4,Great quality and very good service.,Positive,2026-06-29 13:00:00,great quality good service,0.807,Positive,Positive,True,True
REV001317,O041180,C01278,R0048,5,The food was delicious and fresh.,Positive,2026-06-19 16:00:00,food delicious fresh,0.7184,Positive,Positive,True,True
REV021107,O011185,C03613,R0218,4,The food was delicious and fresh.,Positive,2026-04-15 06:00:00,food delicious fresh,0.7184,Positive,Positive,True,True
REV006548,O016338,C01075,R0154,3,The order was okay overall.,Neutral,2026-04-19 08:00:00,order okay overall,0.2263,Positive,Neutral,True,False
REV018015,O010736,C03607,R0098,4,The food was fresh and flavorful.,Positive,2026-06-30 01:00:00,food fresh flavorful,0.3182,Positive,Positive,True,True
REV025311,O000670,C01760,R0147,1,The packaging was damaged.,Negative,2026-02-02 02:00:00,packaging damaged,-0.4404,Negative,Negative,True,True
REV009946,O015227,C00505,R0044,4,Amazing food and excellent quality.,Positive,2026-03-10 14:00:00,amazing food excellent quality,0.8176,Positive,Positive,True,True
REV019827,O002700,C02261,R0088,4,The food was fresh and flavorful.,Positive,2026-01-12 08:00:00,food fresh flavorful,0.3182,Positive,Positive,True,True
REV022207,O042106,C00517,R0152,4,The food was delicious and fresh.,Positive,2026-06-13 12:00:00,food delicious fresh,0.7184,Positive,Positive,True,True
REV001899,O044235,C01335,R0244,5,The food was fresh and flavorful.,Positive,2026-03-23 06:00:00,food fresh flavorful,0.3182,Positive,Positive,True,True
REV022799,O045160,C02703,R0059,4,The food was fresh and flavorful.,Positive,2026-02-05 19:00:00,food fresh flavorful,0.3182,Positive,Positive,True,True
REV019097,O049239,C02854,R0179,4,Great quality and very good service.,Positive,2026-02-24 04:00:00,great quality good service,0.807,Positive,Positive,True,True
REV015244,O043013,C00129,R0174,3,The food was acceptable.,Neutral,2026-02-05 00:00:00,food acceptable,0.3182,Positive,Neutral,True,False
REV028554,O046721,C02048,R0133,5,The food was delicious and fresh.,Positive,2026-06-15 20:00:00,food delicious fresh,0.7184,Positive,Positive,True,True
REV021767,O037681,C02844,R0035,4,Great quality and very good service.,Positive,2026-02-12 19:00:00,great quality good service,0.807,Positive,Positive,True,True
REV024631,O026725,C00111,R0017,5,Excellent experience from start to finish.,Positive,2026-05-17 05:00:00,excellent experience start finish,0.5719,Positive,Positive,True,True
REV003953,O028194,C00512,R0211,5,Excellent experience from start to finish.,Positive,2026-01-20 04:00:00,excellent experience start finish,0.5719,Positive,Positive,True,True
REV015252,O026923,C01134,R0152,4,The order arrived quickly and everything was hot.,Positive,2026-02-22 04:00:00,order arrived quickly everything hot,0.0,Neutral,Positive,True,False
REV002806,O016758,C04138,R0061,2,Very poor experience with the delivery.,Negative,2026-03-30 08:00:00,poor experience delivery,-0.5256,Negative,Negative,True,True
REV027643,O032487,C04070,R0081,4,Everything was perfect and well packed.,Positive,2026-06-07 04:00:00,everything perfect well packed,0.7003,Positive,Positive,True,True
REV019933,O000726,C04587,R0019,4,The order arrived quickly and everything was hot.,Positive,2026-02-08 17:00:00,order arrived quickly everything hot,0.0,Neutral,Positive,True,False
REV005535,O048366,C02251,R0024,5,Amazing food and excellent quality.,Positive,2026-05-11 23:00:00,amazing food excellent quality,0.8176,Positive,Positive,True,True
REV020661,O008429,C04702,R0005,3,The experience was fine.,Neutral,2026-02-10 00:00:00,experience fine,0.2023,Positive,Neutral,True,False
REV006610,O001180,C03322,R0006,4,The food was delicious and fresh.,Positive,2026-03-25 02:00:00,food delicious fresh,0.7184,Positive,Positive,True,True
REV010872,O048448,C00842,R0092,2,The order took too long to arrive.,Negative,2026-01-15 18:00:00,order took long arrive,0.0,Neutral,Negative,True,False
REV022295,O020973,C01383,R0054,5,Really tasty food with generous portions.,Positive,2026-03-23 23:00:00,really tasty food generous portion,0.5106,Positive,Positive,True,True
REV018367,O015894,C02118,R0074,4,Everything was perfect and well packed.,Positive,2026-01-18 10:00:00,everything perfect well packed,0.7003,Positive,Positive,True,True
REV003179,O019694,C03642,R0251,4,The food was delicious and fresh.,Positive,2026-03-09 13:00:00,food delicious fresh,0.7184,Positive,Positive,True,True
REV000397,O008504,C00291,R0128,4,Everything was perfect and well packed.,Positive,2026-01-28 08:00:00,everything perfect well packed,0.7003,Positive,Positive,True,True
REV027927,O024457,C04089,R0125,4,The food was delicious and fresh.,Positive,2026-02-28 04:00:00,food delicious fresh,0.7184,Positive,Positive,True,True
REV020882,O006846,C04890,R0174,4,Amazing food and excellent quality.,Positive,2026-03-29 23:00:00,amazing food excellent quality,0.8176,Positive,Positive,True,True
REV004914,O019975,C02336,R0053,5,Really tasty food with generous portions.,Positive,2026-02-24 15:00:00,really tasty food generous portion,0.5106,Positive,Positive,True,True
REV020634,O003432,C04362,R0137,1,The order was delayed for a long time.,Negative,2026-03-17 01:00:00,order delayed long time,-0.2263,Negative,Negative,True,True
REV004841,O009261,C04289,R0050,4,Excellent experience from start to finish.,Positive,2026-02-09 12:00:00,excellent experience start finish,0.5719,Positive,Positive,True,True
REV016604,O005800,C00990,R0249,5,Great quality and very good service.,Positive,2026-05-31 18:00:00,great quality good service,0.807,Positive,Positive,True,True
REV020579,O010062,C00083,R0250,5,Great quality and very good service.,Positive,2026-02-13 12:00:00,great quality good service,0.807,Positive,Positive,True,True
REV014418,O039741,C00714,R0256,2,I received the wrong item.,Negative,2026-04-30 03:00:00,received wrong item,-0.4767,Negative,Negative,True,True
REV028258,O021589,C04246,R0251,3,Nothing special about the order.,Neutral,2026-01-06 04:00:00,nothing special order,-0.3089,Negative,Neutral,True,False
REV007642,O036029,C01172,R0103,5,Delivery was fast and the food arrived hot.,Positive,2026-05-04 00:00:00,delivery fast food arrived hot,0.0,Neutral,Positive,True,False
REV009991,O001697,C02288,R0100,3,Food quality was average.,Neutral,2026-06-21 22:00:00,food quality average,0.0,Neutral,Neutral,True,True
REV021307,O017967,C00418,R0231,4,Delivery was fast and the food arrived hot.,Positive,2026-05-28 23:00:00,delivery fast food arrived hot,0.0,Neutral,Positive,True,False
REV018539,O006479,C00793,R0268,4,Excellent experience from start to finish.,Positive,2026-04-19 02:00:00,excellent experience start finish,0.5719,Positive,Positive,True,True
REV005472,O009152,C01366,R0275,4,The food was bland and disappointing.,Negative,2026-05-20 22:00:00,food bland disappointing,-0.4939,Negative,Negative,True,True
REV024574,O007656,C01051,R0007,4,Fast delivery and great packaging.,Positive,2026-01-15 11:00:00,fast delivery great packaging,0.6249,Positive,Positive,True,True
REV025449,O018390,C01948,R0178,1,The order took too long to arrive.,Negative,2026-01-15 10:00:00,order took long arrive,0.0,Neutral,Negative,True,False
REV021185,O030555,C00248,R0228,4,The order arrived quickly and everything was hot.,Positive,2026-02-22 07:00:00,order arrived quickly everything hot,0.0,Neutral,Positive,True,False
REV024626,O031114,C02099,R0291,2,The order was delayed for a long time.,Negative,2026-04-24 09:00:00,order delayed long time,-0.2263,Negative,Negative,True,True
REV015515,O047421,C00029,R0047,4,Delivery was fast and the food arrived hot.,Positive,2026-04-26 03:00:00,delivery fast food arrived hot,0.0,Neutral,Positive,True,False
REV024103,O013379,C04604,R0093,4,Amazing food and excellent quality.,Positive,2026-04-06 20:00:00,amazing food excellent quality,0.8176,Positive,Positive,True,True
REV029476,O010030,C01535,R0138,4,The food was delicious and fresh.,Positive,2026-06-08 20:00:00,food delicious fresh,0.7184,Positive,Positive,True,True
REV013191,O028871,C01516,R0150,5,Everything was perfect and well packed.,Positive,2026-03-25 04:00:00,everything perfect well packed,0.7003,Positive,Positive,True,True
REV008290,O033371,C03809,R0162,4,The food was delicious and fresh.,Positive,2026-04-26 20:00:00,food delicious fresh,0.7184,Positive,Positive,True,True
REV002674,O014153,C02490,R0236,4,Excellent experience from start to finish.,Positive,2026-05-26 01:00:00,excellent experience start finish,0.5719,Positive,Positive,True,True
REV022200,O044449,C03665,R0143,4,Great quality and very good service.,Positive,2026-05-13 01:00:00,great quality good service,0.807,Positive,Positive,True,True
REV024081,O004328,C00661,R0099,5,Really tasty food with generous portions.,Positive,2026-06-20 18:00:00,really tasty food generous portion,0.5106,Positive,Positive,True,True
REV024028,O014647,C02775,R0021,5,The food was fresh and flavorful.,Positive,2026-03-17 19:00:00,food fresh flavorful,0.3182,Positive,Positive,True,True
REV004606,O012763,C03227,R0121,5,Great quality and very good service.,Positive,2026-04-05 23:00:00,great quality good service,0.807,Positive,Positive,True,True
REV017436,O028165,C04794,R0296,4,Great quality and very good service.,Positive,2026-03-16 02:00:00,great quality good service,0.807,Positive,Positive,True,True
REV004506,O044493,C00900,R0090,1,The order was delayed for a long time.,Negative,2026-04-27 15:00:00,order delayed long time,-0.2263,Negative,Negative,True,True
REV029979,O034082,C01902,R0154,4,Amazing food and excellent quality.,Positive,2026-01-22 17:00:00,amazing food excellent quality,0.8176,Positive,Positive,True,True
REV008522,O000302,C02184,R0159,5,Great quality and very good service.,Positive,2026-01-28 07:00:00,great quality good service,0.807,Positive,Positive,True,True
REV018008,O046105,C00179,R0210,1,My order was missing an item.,Negative,2026-03-01 17:00:00,order missing item,-0.296,Negative,Negative,True,True
REV016613,O047636,C02056,R0262,5,Everything was perfect and well packed.,Positive,2026-02-26 01:00:00,everything perfect well packed,0.7003,Positive,Positive,True,True
REV009118,O009723,C03530,R0147,1,The order was delayed for a long time.,Negative,2026-06-30 10:00:00,order delayed long time,-0.2263,Negative,Negative,True,True
REV024585,O036217,C00427,R0275,4,Excellent experience from start to finish.,Positive,2026-02-17 08:00:00,excellent experience start finish,0.5719,Positive,Positive,True,True
REV016642,O007214,C02929,R0235,3,It was an ordinary experience.,Neutral,2026-04-30 02:00:00,ordinary experience,0.0,Neutral,Neutral,True,True
REV028190,O004545,C02774,R0230,1,Really tasty food with generous portions.,Positive,2026-01-29 01:00:00,really tasty food generous portion,0.5106,Positive,Positive,True,True
REV019092,O044578,C02327,R0293,3,Average experience.,Neutral,2026-03-29 01:00:00,average experience,0.0,Neutral,Neutral,True,True
REV019786,O027973,C04182,R0299,4,Great quality and very good service.,Positive,2026-05-13 22:00:00,great quality good service,0.807,Positive,Positive,True,True
REV005883,O001576,C04967,R0218,4,Amazing food and excellent quality.,Positive,2026-04-28 19:00:00,amazing food excellent quality,0.8176,Positive,Positive,True,True
REV024268,O037586,C02649,R0131,5,Fast delivery and great packaging.,Positive,2026-04-22 16:00:00,fast delivery great packaging,0.6249,Positive,Positive,True,True
REV009073,O022769,C00694,R0070,4,Everything was perfect and well packed.,Positive,2026-02-22 23:00:00,everything perfect well packed,0.7003,Positive,Positive,True,True
REV006785,O040293,C00200,R0034,5,Really tasty food with generous portions.,Positive,2026-06-16 00:00:00,really tasty food generous portion,0.5106,Positive,Positive,True,True
REV005451,O042117,C03876,R0097,5,Everything was perfect and well packed.,Positive,2026-01-09 13:00:00,everything perfect well packed,0.7003,Positive,Positive,True,True
REV020723,O034466,C00519,R0200,4,Fast delivery and great packaging.,Positive,2026-04-06 03:00:00,fast delivery great packaging,0.6249,Positive,Positive,True,True
REV014344,O010488,C03413,R0190,2,My order was missing an item.,Negative,2026-05-23 11:00:00,order missing item,-0.296,Negative,Negative,True,True
REV027640,O022561,C01269,R0079,5,Really tasty food with generous portions.,Positive,2026-05-31 06:00:00,really tasty food generous portion,0.5106,Positive,Positive,True,True
REV024799,O012759,C04537,R0157,3,Delivery was fast and the food arrived hot.,Positive,2026-06-12 00:00:00,delivery fast food arrived hot,0.0,Neutral,Positive,True,False
REV021898,O033994,C01743,R0250,4,Great quality and very good service.,Positive,2026-05-05 17:00:00,great quality good service,0.807,Positive,Positive,True,True
REV008844,O010955,C02238,R0235,4,Fast delivery and great packaging.,Positive,2026-01-29 02:00:00,fast delivery great packaging,0.6249,Positive,Positive,True,True
REV022895,O040580,C02420,R0221,5,The food was fresh and flavorful.,Positive,2026-05-26 03:00:00,food fresh flavorful,0.3182,Positive,Positive,True,True
REV000909,O014288,C03101,R0277,4,Fast delivery and great packaging.,Positive,2026-04-24 15:00:00,fast delivery great packaging,0.6249,Positive,Positive,True,True
REV013358,O026169,C04258,R0287,3,The experience was fine.,Neutral,2026-03-10 21:00:00,experience fine,0.2023,Positive,Neutral,True,False
REV016629,O028689,C00789,R0096,4,The food was fresh and flavorful.,Positive,2026-05-25 13:00:00,food fresh flavorful,0.3182,Positive,Positive,True,True
REV007278,O028696,C02305,R0001,5,Delivery was fast and the food arrived hot.,Positive,2026-03-11 04:00:00,delivery fast food arrived hot,0.0,Neutral,Positive,True,False
REV025539,O014357,C03679,R0271,5,Everything was perfect and well packed.,Positive,2026-05-29 15:00:00,everything perfect well packed,0.7003,Positive,Positive,True,True
REV026234,O028648,C04995,R0073,2,I received the wrong item.,Negative,2026-06-01 16:00:00,received wrong item,-0.4767,Negative,Negative,True,True
REV004052,O034785,C02813,R0108,4,Amazing food and excellent quality.,Positive,2026-06-07 21:00:00,amazing food excellent quality,0.8176,Positive,Positive,True,True
REV029460,O038752,C02604,R0196,5,The food was fresh and flavorful.,Positive,2026-05-02 20:00:00,food fresh flavorful,0.3182,Positive,Positive,True,True
REV008903,O033980,C01652,R0208,2,The food was cold and the delivery was late.,Negative,2026-02-12 11:00:00,food cold delivery late,0.0,Neutral,Negative,True,False
REV003947,O004046,C03548,R0020,3,The food was acceptable.,Neutral,2026-02-18 17:00:00,food acceptable,0.3182,Positive,Neutral,True,False
REV028474,O047975,C00840,R0090,4,The delivery was very late.,Negative,2026-02-28 05:00:00,delivery late,0.0,Neutral,Negative,True,False
REV029256,O027171,C03893,R0154,4,The food was fresh and flavorful.,Positive,2026-02-16 20:00:00,food fresh flavorful,0.3182,Positive,Positive,True,True
REV019613,O026754,C03252,R0200,3,The food was acceptable.,Neutral,2026-01-01 13:00:00,food acceptable,0.3182,Positive,Neutral,True,False
REV018002,O010919,C03902,R0186,1,The order was delayed for a long time.,Negative,2026-06-30 12:00:00,order delayed long time,-0.2263,Negative,Negative,True,True
REV009934,O043369,C03074,R0047,4,Really tasty food with generous portions.,Positive,2026-03-16 02:00:00,really tasty food generous portion,0.5106,Positive,Positive,True,True
REV024324,O029989,C04177,R0020,2,The order took too long to arrive.,Negative,2026-03-07 23:00:00,order took long arrive,0.0,Neutral,Negative,True,False
REV017240,O031584,C01776,R0050,2,Very poor experience with the delivery.,Negative,2026-04-26 13:00:00,poor experience delivery,-0.5256,Negative,Negative,True,True
REV011814,O005842,C01215,R0203,5,Excellent experience from start to finish.,Positive,2026-03-31 16:00:00,excellent experience start finish,0.5719,Positive,Positive,True,True
REV013085,O010922,C01450,R0140,4,Everything was perfect and well packed.,Positive,2026-04-04 22:00:00,everything perfect well packed,0.7003,Positive,Positive,True,True
REV005363,O007853,C01118,R0203,5,The order arrived quickly and everything was hot.,Positive,2026-06-03 13:00:00,order arrived quickly everything hot,0.0,Neutral,Positive,True,False
REV022202,O039287,C00698,R0228,4,Very poor experience with the delivery.,Negative,2026-03-23 06:00:00,poor experience delivery,-0.5256,Negative,Negative,True,True
REV003583,O032070,C03895,R0055,5,Excellent experience from start to finish.,Positive,2026-02-04 19:00:00,excellent experience start finish,0.5719,Positive,Positive,True,True
REV003076,O037189,C04650,R0234,3,Overall it was satisfactory.,Neutral,2026-01-07 22:00:00,overall satisfactory,0.3612,Positive,Neutral,True,False
REV012314,O004823,C00204,R0072,4,Really tasty food with generous portions.,Positive,2026-01-05 05:00:00,really tasty food generous portion,0.5106,Positive,Positive,True,True
REV019711,O041362,C04385,R0117,5,The food was fresh and flavorful.,Positive,2026-06-02 20:00:00,food fresh flavorful,0.3182,Positive,Positive,True,True
REV000724,O041328,C03334,R0018,3,The food was okay.,Neutral,2026-05-11 18:00:00,food okay,0.2263,Positive,Neutral,True,False
REV012742,O021577,C03659,R0214,4,Excellent experience from start to finish.,Positive,2026-05-21 08:00:00,excellent experience start finish,0.5719,Positive,Positive,True,True
REV027581,O049882,C00677,R0044,3,The order was okay overall.,Neutral,2026-01-31 04:00:00,order okay overall,0.2263,Positive,Neutral,True,False
REV022925,O047867,C03742,R0151,5,Excellent experience from start to finish.,Positive,2026-03-09 04:00:00,excellent experience start finish,0.5719,Positive,Positive,True,True
REV022797,O018835,C02465,R0009,4,Excellent experience from start to finish.,Positive,2026-01-27 04:00:00,excellent experience start finish,0.5719,Positive,Positive,True,True
REV014971,O005366,C02431,R0144,5,Great quality and very good service.,Positive,2026-01-17 06:00:00,great quality good service,0.807,Positive,Positive,True,True
REV024878,O028842,C04713,R0119,5,The food was fresh and flavorful.,Positive,2026-06-30 19:00:00,food fresh flavorful,0.3182,Positive,Positive,True,True
REV021984,O006923,C04908,R0123,2,The packaging was damaged.,Negative,2026-06-02 05:00:00,packaging damaged,-0.4404,Negative,Negative,True,True
REV021511,O020804,C01024,R0088,3,Nothing special about the order.,Neutral,2026-06-04 14:00:00,nothing special order,-0.3089,Negative,Neutral,True,False
REV009936,O023742,C00006,R0027,3,The food was bland and disappointing.,Negative,2026-01-31 21:00:00,food bland disappointing,-0.4939,Negative,Negative,True,True
REV024674,O035176,C02342,R0089,3,Food quality was average.,Neutral,2026-03-22 23:00:00,food quality average,0.0,Neutral,Neutral,True,True
REV007545,O000432,C00807,R0156,4,The food was cold and the delivery was late.,Negative,2026-05-09 10:00:00,food cold delivery late,0.0,Neutral,Negative,True,False
REV008064,O002918,C01492,R0133,3,Amazing food and excellent quality.,Positive,2026-02-02 04:00:00,amazing food excellent quality,0.8176,Positive,Positive,True,True
REV013399,O030515,C03451,R0254,3,Average experience.,Neutral,2026-04-23 13:00:00,average experience,0.0,Neutral,Neutral,True,True
REV027863,O009614,C04446,R0265,5,The food was delicious and fresh.,Positive,2026-05-10 21:00:00,food delicious fresh,0.7184,Positive,Positive,True,True
REV018292,O046595,C02542,R0180,4,The packaging was damaged.,Negative,2026-02-12 19:00:00,packaging damaged,-0.4404,Negative,Negative,True,True
REV001675,O009414,C03579,R0091,4,Delivery was fast and the food arrived hot.,Positive,2026-05-10 14:00:00,delivery fast food arrived hot,0.0,Neutral,Positive,True,False
REV016257,O022738,C01367,R0134,4,Fast delivery and great packaging.,Positive,2026-03-24 20:00:00,fast delivery great packaging,0.6249,Positive,Positive,True,True
REV002069,O007545,C03404,R0266,4,Excellent experience from start to finish.,Positive,2026-06-21 04:00:00,excellent experience start finish,0.5719,Positive,Positive,True,True
REV029235,O041923,C03424,R0256,5,Really tasty food with generous portions.,Positive,2026-04-10 07:00:00,really tasty food generous portion,0.5106,Positive,Positive,True,True
REV027518,O020027,C03254,R0265,5,Great quality and very good service.,Positive,2026-01-29 04:00:00,great quality good service,0.807,Positive,Positive,True,True
REV004306,O007910,C03128,R0124,5,Excellent experience from start to finish.,Positive,2026-03-29 02:00:00,excellent experience start finish,0.5719,Positive,Positive,True,True
REV016837,O037591,C03801,R0023,5,Everything was perfect and well packed.,Positive,2026-01-13 07:00:00,everything perfect well packed,0.7003,Positive,Positive,True,True
REV005343,O039754,C04573,R0114,5,Amazing food and excellent quality.,Positive,2026-05-08 22:00:00,amazing food excellent quality,0.8176,Positive,Positive,True,True
REV014434,O021184,C02027,R0276,3,The food was okay.,Neutral,2026-07-01 19:00:00,food okay,0.2263,Positive,Neutral,True,False
REV009220,O039962,C01181,R0171,5,Everything was perfect and well packed.,Positive,2026-01-18 17:00:00,everything perfect well packed,0.7003,Positive,Positive,True,True
REV019990,O040047,C01375,R0174,5,Delivery was fast and the food arrived hot.,Positive,2026-03-03 01:00:00,delivery fast food arrived hot,0.0,Neutral,Positive,True,False
REV020526,O048994,C04835,R0048,5,Everything was perfect and well packed.,Positive,2026-06-15 15:00:00,everything perfect well packed,0.7003,Positive,Positive,True,True
REV022195,O023140,C02008,R0053,2,My order was missing an item.,Negative,2026-01-08 21:00:00,order missing item,-0.296,Negative,Negative,True,True
REV008178,O015184,C04171,R0276,3,Nothing special about the order.,Neutral,2026-04-21 18:00:00,nothing special order,-0.3089,Negative,Neutral,True,False
REV016846,O021295,C01944,R0275,5,Delivery was fast and the food arrived hot.,Positive,2026-04-11 00:00:00,delivery fast food arrived hot,0.0,Neutral,Positive,True,False
REV027178,O026245,C00804,R0218,4,The food was delicious and fresh.,Positive,2026-05-10 07:00:00,food delicious fresh,0.7184,Positive,Positive,True,True
REV022234,O031054,C02307,R0047,3,Food quality was average.,Neutral,2026-03-04 19:00:00,food quality average,0.0,Neutral,Neutral,True,True
REV010927,O036073,C00509,R0045,1,The order arrived quickly and everything was hot.,Positive,2026-01-21 15:00:00,order arrived quickly everything hot,0.0,Neutral,Positive,True,False
REV010086,O044553,C02266,R0104,4,Delivery was fast and the food arrived hot.,Positive,2026-03-09 18:00:00,delivery fast food arrived hot,0.0,Neutral,Positive,True,False
REV018549,O006627,C03127,R0176,4,Amazing food and excellent quality.,Positive,2026-04-11 05:00:00,amazing food excellent quality,0.8176,Positive,Positive,True,True
REV024026,O013204,C02936,R0210,3,Great quality and very good service.,Positive,2026-06-26 00:00:00,great quality good service,0.807,Positive,Positive,True,True
REV002056,O032380,C03484,R0268,5,The food was delicious and fresh.,Positive,2026-06-02 05:00:00,food delicious fresh,0.7184,Positive,Positive,True,True
REV009152,O013714,C02840,R0258,5,Excellent experience from start to finish.,Positive,2026-02-17 12:00:00,excellent experience start finish,0.5719,Positive,Positive,True,True
REV009781,O028609,C00596,R0254,3,Nothing special about the order.,Neutral,2026-03-27 02:00:00,nothing special order,-0.3089,Negative,Neutral,True,False
REV008344,O030617,C03486,R0016,4,Excellent experience from start to finish.,Positive,2026-03-01 17:00:00,excellent experience start finish,0.5719,Positive,Positive,True,True
REV018891,O007024,C00540,R0218,4,The order arrived quickly and everything was hot.,Positive,2026-01-30 23:00:00,order arrived quickly everything hot,0.0,Neutral,Positive,True,False
REV002850,O010105,C03871,R0255,5,Delivery was fast and the food arrived hot.,Positive,2026-06-16 11:00:00,delivery fast food arrived hot,0.0,Neutral,Positive,True,False
REV019286,O001452,C04829,R0131,4,Everything was perfect and well packed.,Positive,2026-05-28 13:00:00,everything perfect well packed,0.7003,Positive,Positive,True,True
REV009874,O023330,C03017,R0096,5,The food was delicious and fresh.,Positive,2026-06-09 10:00:00,food delicious fresh,0.7184,Positive,Positive,True,True
REV018684,O013777,C01725,R0278,5,Everything was perfect and well packed.,Positive,2026-01-22 17:00:00,everything perfect well packed,0.7003,Positive,Positive,True,True
REV021750,O036394,C04639,R0181,5,The food was delicious and fresh.,Positive,2026-03-29 13:00:00,food delicious fresh,0.7184,Positive,Positive,True,True
REV005819,O048564,C00817,R0016,3,Overall it was satisfactory.,Neutral,2026-04-20 23:00:00,overall satisfactory,0.3612,Positive,Neutral,True,False
REV006945,O048360,C02499,R0245,5,Delivery was fast and the food arrived hot.,Positive,2026-02-13 18:00:00,delivery fast food arrived hot,0.0,Neutral,Positive,True,False
REV020367,O020612,C01719,R0047,4,Everything was perfect and well packed.,Positive,2026-06-29 05:00:00,everything perfect well packed,0.7003,Positive,Positive,True,True
REV018162,O023641,C04380,R0108,4,Great quality and very good service.,Positive,2026-04-09 05:00:00,great quality good service,0.807,Positive,Positive,True,True
REV009033,O017571,C04373,R0026,5,Great quality and very good service.,Positive,2026-04-08 23:00:00,great quality good service,0.807,Positive,Positive,True,True
REV027882,O012106,C02882,R0076,4,Delivery was fast and the food arrived hot.,Positive,2026-04-12 12:00:00,delivery fast food arrived hot,0.0,Neutral,Positive,True,False
REV014501,O024724,C02101,R0202,4,The order arrived quickly and everything was hot.,Positive,2026-05-26 01:00:00,order arrived quickly everything hot,0.0,Neutral,Positive,True,False
REV016684,O018947,C03144,R0188,5,Delivery was fast and the food arrived hot.,Positive,2026-03-07 15:00:00,delivery fast food arrived hot,0.0,Neutral,Positive,True,False
REV006276,O023146,C04951,R0053,2,The food was bland and disappointing.,Negative,2026-02-07 22:00:00,food bland disappointing,-0.4939,Negative,Negative,True,True
REV001591,O046930,C03873,R0239,5,Everything was perfect and well packed.,Positive,2026-02-15 21:00:00,everything perfect well packed,0.7003,Positive,Positive,True,True
REV028759,O014618,C00731,R0131,3,Average experience.,Neutral,2026-06-11 19:00:00,average experience,0.0,Neutral,Neutral,True,True
REV013863,O049868,C04248,R0075,4,Amazing food and excellent quality.,Positive,2026-04-15 03:00:00,amazing food excellent quality,0.8176,Positive,Positive,True,True
REV018243,O008613,C03851,R0216,4,Amazing food and excellent quality.,Positive,2026-06-09 03:00:00,amazing food excellent quality,0.8176,Positive,Positive,True,True
REV006725,O036326,C02345,R0251,5,Delivery was fast and the food arrived hot.,Positive,2026-06-11 04:00:00,delivery fast food arrived hot,0.0,Neutral,Positive,True,False
REV024615,O001722,C02994,R0055,4,Amazing food and excellent quality.,Positive,2026-03-01 01:00:00,amazing food excellent quality,0.8176,Positive,Positive,True,True
REV017340,O033596,C03677,R0097,4,Delivery was fast and the food arrived hot.,Positive,2026-04-27 16:00:00,delivery fast food arrived hot,0.0,Neutral,Positive,True,False
REV013614,O010863,C02377,R0143,5,The order arrived quickly and everything was hot.,Positive,2026-06-30 17:00:00,order arrived quickly everything hot,0.0,Neutral,Positive,True,False
REV020534,O034889,C00140,R0135,5,The food was fresh and flavorful.,Positive,2026-03-20 22:00:00,food fresh flavorful,0.3182,Positive,Positive,True,True
REV014735,O024866,C02520,R0239,5,Excellent experience from start to finish.,Positive,2026-05-31 15:00:00,excellent experience start finish,0.5719,Positive,Positive,True,True
REV010412,O046350,C03600,R0110,1,The order was delayed for a long time.,Negative,2026-06-10 19:00:00,order delayed long time,-0.2263,Negative,Negative,True,True
REV021275,O003642,C01364,R0190,4,Delivery was fast and the food arrived hot.,Positive,2026-01-05 00:00:00,delivery fast food arrived hot,0.0,Neutral,Positive,True,False
REV022825,O016679,C03136,R0271,5,The food was fresh and flavorful.,Positive,2026-06-24 19:00:00,food fresh flavorful,0.3182,Positive,Positive,True,True
REV026939,O048470,C01194,R0256,1,The packaging was damaged.,Negative,2026-06-30 10:00:00,packaging damaged,-0.4404,Negative,Negative,True,True
REV009121,O005991,C00901,R0248,5,Delivery was fast and the food arrived hot.,Positive,2026-02-03 05:00:00,delivery fast food arrived hot,0.0,Neutral,Positive,True,False
REV025442,O025402,C00215,R0195,5,Fast delivery and great packaging.,Positive,2026-03-22 20:00:00,fast delivery great packaging,0.6249,Positive,Positive,True,True
REV015144,O007237,C00285,R0165,5,My order was missing an item.,Negative,2026-05-10 14:00:00,order missing item,-0.296,Negative,Negative,True,True
REV026106,O000111,C01117,R0044,4,Excellent experience from start to finish.,Positive,2026-06-28 18:00:00,excellent experience start finish,0.5719,Positive,Positive,True,True
REV004799,O026243,C02636,R0290,5,Everything was perfect and well packed.,Positive,2026-06-11 17:00:00,everything perfect well packed,0.7003,Positive,Positive,True,True
REV025223,O032415,C01627,R0139,5,Excellent experience from start to finish.,Positive,2026-01-30 14:00:00,excellent experience start finish,0.5719,Positive,Positive,True,True
REV023929,O000688,C02317,R0251,5,The food was delicious and fresh.,Positive,2026-01-25 07:00:00,food delicious fresh,0.7184,Positive,Positive,True,True
REV017372,O031974,C00245,R0142,5,The food was delicious and fresh.,Positive,2026-03-29 05:00:00,food delicious fresh,0.7184,Positive,Positive,True,True
REV004939,O043646,C01209,R0034,3,The food was okay.,Neutral,2026-01-05 20:00:00,food okay,0.2263,Positive,Neutral,True,False
REV007052,O016893,C03041,R0043,5,Really tasty food with generous portions.,Positive,2026-05-02 21:00:00,really tasty food generous portion,0.5106,Positive,Positive,True,True
REV026642,O039804,C03442,R0192,4,Fast delivery and great packaging.,Positive,2026-01-11 19:00:00,fast delivery great packaging,0.6249,Positive,Positive,True,True
REV014791,O046826,C02970,R0140,4,Fast delivery and great packaging.,Positive,2026-03-13 03:00:00,fast delivery great packaging,0.6249,Positive,Positive,True,True
REV024333,O004435,C03256,R0125,4,Excellent experience from start to finish.,Positive,2026-05-31 13:00:00,excellent experience start finish,0.5719,Positive,Positive,True,True
REV024152,O010453,C03063,R0027,5,Really tasty food with generous portions.,Positive,2026-06-12 12:00:00,really tasty food generous portion,0.5106,Positive,Positive,True,True
REV011472,O020815,C03413,R0148,1,I received the wrong item.,Negative,2026-06-27 10:00:00,received wrong item,-0.4767,Negative,Negative,True,True
REV009140,O001601,C04617,R0020,3,The food was decent.,Neutral,2026-06-16 14:00:00,food decent,0.0,Neutral,Neutral,True,True
REV015226,O045285,C02059,R0156,5,The food was fresh and flavorful.,Positive,2026-02-16 00:00:00,food fresh flavorful,0.3182,Positive,Positive,True,True
REV029501,O027149,C04715,R0299,2,My order was missing an item.,Negative,2026-01-10 20:00:00,order missing item,-0.296,Negative,Negative,True,True
REV029214,O039852,C04633,R0065,5,Amazing food and excellent quality.,Positive,2026-06-10 13:00:00,amazing food excellent quality,0.8176,Positive,Positive,True,True
REV013545,O001062,C02939,R0173,4,Fast delivery and great packaging.,Positive,2026-03-14 08:00:00,fast delivery great packaging,0.6249,Positive,Positive,True,True
REV011764,O041986,C02275,R0052,5,Amazing food and excellent quality.,Positive,2026-06-25 19:00:00,amazing food excellent quality,0.8176,Positive,Positive,True,True
REV006890,O046714,C01116,R0075,4,Everything was perfect and well packed.,Positive,2026-04-02 07:00:00,everything perfect well packed,0.7003,Positive,Positive,True,True
REV029118,O008328,C02807,R0296,5,Amazing food and excellent quality.,Positive,2026-01-18 12:00:00,amazing food excellent quality,0.8176,Positive,Positive,True,True
REV028848,O008793,C02268,R0244,5,The order arrived quickly and everything was hot.,Positive,2026-01-24 22:00:00,order arrived quickly everything hot,0.0,Neutral,Positive,True,False
REV005482,O024666,C03118,R0162,2,The food was bland and disappointing.,Negative,2026-02-23 07:00:00,food bland disappointing,-0.4939,Negative,Negative,True,True
REV011531,O028523,C03080,R0053,1,Very poor experience with the delivery.,Negative,2026-06-09 14:00:00,poor experience delivery,-0.5256,Negative,Negative,True,True
REV019063,O035800,C02809,R0082,5,Fast delivery and great packaging.,Positive,2026-01-24 11:00:00,fast delivery great packaging,0.6249,Positive,Positive,True,True
REV027962,O014205,C04060,R0187,2,The food was delicious and fresh.,Positive,2026-05-20 09:00:00,food delicious fresh,0.7184,Positive,Positive,True,True
REV000801,O022202,C03874,R0189,2,I received the wrong item.,Negative,2026-01-10 02:00:00,received wrong item,-0.4767,Negative,Negative,True,True
REV021779,O026394,C03333,R0105,5,Excellent experience from start to finish.,Positive,2026-01-24 12:00:00,excellent experience start finish,0.5719,Positive,Positive,True,True
REV027355,O035471,C00953,R0194,4,Everything was perfect and well packed.,Positive,2026-01-19 01:00:00,everything perfect well packed,0.7003,Positive,Positive,True,True
REV027564,O033760,C04598,R0176,4,The food was fresh and flavorful.,Positive,2026-03-08 07:00:00,food fresh flavorful,0.3182,Positive,Positive,True,True
REV015974,O017867,C04381,R0056,5,Excellent experience from start to finish.,Positive,2026-03-14 14:00:00,excellent experience start finish,0.5719,Positive,Positive,True,True
REV005976,O048885,C00298,R0067,5,Really tasty food with generous portions.,Positive,2026-06-24 18:00:00,really tasty food generous portion,0.5106,Positive,Positive,True,True
REV017111,O019882,C02305,R0276,5,The food was cold and the delivery was late.,Negative,2026-03-10 02:00:00,food cold delivery late,0.0,Neutral,Negative,True,False
REV000240,O041312,C03046,R0105,3,It was an ordinary experience.,Neutral,2026-05-10 01:00:00,ordinary experience,0.0,Neutral,Neutral,True,True
REV017838,O044911,C04673,R0259,5,Amazing food and excellent quality.,Positive,2026-04-26 18:00:00,amazing food excellent quality,0.8176,Positive,Positive,True,True
REV009797,O039296,C03664,R0061,3,It was an ordinary experience.,Neutral,2026-01-29 23:00:00,ordinary experience,0.0,Neutral,Neutral,True,True
REV007865,O023630,C02819,R0239,4,Great quality and very good service.,Positive,2026-04-26 04:00:00,great quality good service,0.807,Positive,Positive,True,True
REV024807,O036097,C04184,R0206,5,Amazing food and excellent quality.,Positive,2026-05-16 18:00:00,amazing food excellent quality,0.8176,Positive,Positive,True,True
REV017153,O002215,C04979,R0206,5,Really tasty food with generous portions.,Positive,2026-03-08 00:00:00,really tasty food generous portion,0.5106,Positive,Positive,True,True
REV028936,O022396,C00877,R0120,4,The order arrived quickly and everything was hot.,Positive,2026-06-21 21:00:00,order arrived quickly everything hot,0.0,Neutral,Positive,True,False
REV019524,O036510,C04762,R0291,4,The food was delicious and fresh.,Positive,2026-01-20 16:00:00,food delicious fresh,0.7184,Positive,Positive,True,True
REV006805,O017514,C03490,R0106,1,The packaging was damaged.,Negative,2026-02-06 14:00:00,packaging damaged,-0.4404,Negative,Negative,True,True
REV024510,O011417,C02434,R0107,5,The food was delicious and fresh.,Positive,2026-04-13 16:00:00,food delicious fresh,0.7184,Positive,Positive,True,True
REV022626,O010582,C03573,R0138,5,Great quality and very good service.,Positive,2026-03-20 18:00:00,great quality good service,0.807,Positive,Positive,True,True
REV015690,O035442,C01761,R0002,4,The order arrived quickly and everything was hot.,Positive,2026-05-03 10:00:00,order arrived quickly everything hot,0.0,Neutral,Positive,True,False
REV006845,O042037,C03640,R0190,5,Fast delivery and great packaging.,Positive,2026-02-20 06:00:00,fast delivery great packaging,0.6249,Positive,Positive,True,True
REV018709,O043283,C03359,R0295,4,The food was fresh and flavorful.,Positive,2026-01-07 03:00:00,food fresh flavorful,0.3182,Positive,Positive,True,True
REV016315,O023279,C01121,R0148,1,Very poor experience with the delivery.,Negative,2026-02-17 18:00:00,poor experience delivery,-0.5256,Negative,Negative,True,True
REV007463,O041719,C00002,R0136,4,Delivery was fast and the food arrived hot.,Positive,2026-01-08 06:00:00,delivery fast food arrived hot,0.0,Neutral,Positive,True,False
REV026235,O037363,C00062,R0123,4,The food was fresh and flavorful.,Positive,2026-05-23 12:00:00,food fresh flavorful,0.3182,Positive,Positive,True,True
REV004163,O020724,C02701,R0138,5,Fast delivery and great packaging.,Positive,2026-02-15 06:00:00,fast delivery great packaging,0.6249,Positive,Positive,True,True
REV024567,O037727,C00247,R0062,4,Really tasty food with generous portions.,Positive,2026-01-01 20:00:00,really tasty food generous portion,0.5106,Positive,Positive,True,True
REV004698,O001449,C04563,R0034,4,Amazing food and excellent quality.,Positive,2026-06-07 05:00:00,amazing food excellent quality,0.8176,Positive,Positive,True,True
REV006786,O011863,C01673,R0213,4,Amazing food and excellent quality.,Positive,2026-02-02 16:00:00,amazing food excellent quality,0.8176,Positive,Positive,True,True
REV013096,O012119,C01070,R0297,3,Nothing special about the order.,Neutral,2026-01-26 07:00:00,nothing special order,-0.3089,Negative,Neutral,True,False
REV010349,O006162,C01264,R0020,5,The food was delicious and fresh.,Positive,2026-03-07 15:00:00,food delicious fresh,0.7184,Positive,Positive,True,True
REV022828,O015157,C04608,R0231,5,Everything was perfect and well packed.,Positive,2026-03-30 05:00:00,everything perfect well packed,0.7003,Positive,Positive,True,True
REV012375,O009290,C04967,R0214,5,Everything was perfect and well packed.,Positive,2026-03-09 14:00:00,everything perfect well packed,0.7003,Positive,Positive,True,True
REV024947,O037067,C01290,R0081,3,The food was cold and the delivery was late.,Negative,2026-02-23 01:00:00,food cold delivery late,0.0,Neutral,Negative,True,False
REV024213,O021574,C01596,R0131,4,Really tasty food with generous portions.,Positive,2026-03-27 02:00:00,really tasty food generous portion,0.5106,Positive,Positive,True,True
REV015447,O040760,C01756,R0143,3,The order was okay overall.,Neutral,2026-06-28 11:00:00,order okay overall,0.2263,Positive,Neutral,True,False
REV026843,O012597,C01657,R0171,2,The food arrived cold.,Negative,2026-03-11 18:00:00,food arrived cold,0.0,Neutral,Negative,True,False
REV001621,O041536,C04407,R0229,5,Delivery was fast and the food arrived hot.,Positive,2026-02-20 01:00:00,delivery fast food arrived hot,0.0,Neutral,Positive,True,False
REV016076,O049339,C00514,R0143,5,Fast delivery and great packaging.,Positive,2026-02-06 10:00:00,fast delivery great packaging,0.6249,Positive,Positive,True,True
REV007697,O029286,C04933,R0061,4,The order arrived quickly and everything was hot.,Positive,2026-04-03 19:00:00,order arrived quickly everything hot,0.0,Neutral,Positive,True,False
REV022435,O010748,C02978,R0217,4,Great quality and very good service.,Positive,2026-06-11 11:00:00,great quality good service,0.807,Positive,Positive,True,True
REV007569,O046320,C02283,R0070,5,Everything was perfect and well packed.,Positive,2026-01-15 16:00:00,everything perfect well packed,0.7003,Positive,Positive,True,True
REV026847,O019573,C03826,R0203,4,Really tasty food with generous portions.,Positive,2026-06-17 10:00:00,really tasty food generous portion,0.5106,Positive,Positive,True,True
REV003605,O016816,C02040,R0256,5,Great quality and very good service.,Positive,2026-05-07 09:00:00,great quality good service,0.807,Positive,Positive,True,True
REV006223,O021060,C00052,R0258,4,The food was fresh and flavorful.,Positive,2026-05-23 07:00:00,food fresh flavorful,0.3182,Positive,Positive,True,True
REV009421,O033536,C02498,R0281,2,The food was bland and disappointing.,Negative,2026-04-25 14:00:00,food bland disappointing,-0.4939,Negative,Negative,True,True
REV017862,O033291,C04905,R0174,5,Everything was perfect and well packed.,Positive,2026-05-20 07:00:00,everything perfect well packed,0.7003,Positive,Positive,True,True
REV013130,O023489,C00581,R0124,5,Really tasty food with generous portions.,Positive,2026-01-16 18:00:00,really tasty food generous portion,0.5106,Positive,Positive,True,True
REV010608,O036081,C04867,R0231,4,The order arrived quickly and everything was hot.,Positive,2026-04-20 05:00:00,order arrived quickly everything hot,0.0,Neutral,Positive,True,False
REV022208,O021208,C01080,R0295,5,Everything was perfect and well packed.,Positive,2026-01-30 19:00:00,everything perfect well packed,0.7003,Positive,Positive,True,True
REV014290,O037995,C02380,R0128,3,The order was okay overall.,Neutral,2026-04-15 00:00:00,order okay overall,0.2263,Positive,Neutral,True,False
REV011825,O012057,C02309,R0078,1,I received the wrong item.,Negative,2026-04-18 19:00:00,received wrong item,-0.4767,Negative,Negative,True,True
REV021264,O038641,C00783,R0233,5,Delivery was fast and the food arrived hot.,Positive,2026-06-23 17:00:00,delivery fast food arrived hot,0.0,Neutral,Positive,True,False
REV019371,O049605,C01910,R0212,3,Overall it was satisfactory.,Neutral,2026-05-11 05:00:00,overall satisfactory,0.3612,Positive,Neutral,True,False
REV023083,O012005,C04150,R0206,5,Delivery was fast and the food arrived hot.,Positive,2026-04-15 19:00:00,delivery fast food arrived hot,0.0,Neutral,Positive,True,False
REV000745,O025803,C00019,R0023,5,The food was delicious and fresh.,Positive,2026-01-16 04:00:00,food delicious fresh,0.7184,Positive,Positive,True,True
REV016264,O038282,C03241,R0274,3,The food was acceptable.,Neutral,2026-02-11 09:00:00,food acceptable,0.3182,Positive,Neutral,True,False
REV022760,O042127,C00922,R0027,2,The food was bland and disappointing.,Negative,2026-03-06 08:00:00,food bland disappointing,-0.4939,Negative,Negative,True,True
REV023010,O046760,C04586,R0280,4,Everything was perfect and well packed.,Positive,2026-05-31 09:00:00,everything perfect well packed,0.7003,Positive,Positive,True,True
REV009527,O024839,C04478,R0096,4,Delivery was fast and the food arrived hot.,Positive,2026-06-25 14:00:00,delivery fast food arrived hot,0.0,Neutral,Positive,True,False
REV029606,O025071,C00900,R0149,5,The food was delicious and fresh.,Positive,2026-01-19 03:00:00,food delicious fresh,0.7184,Positive,Positive,True,True
REV026211,O037202,C03256,R0240,4,The food was cold and the delivery was late.,Negative,2026-01-22 10:00:00,food cold delivery late,0.0,Neutral,Negative,True,False
REV003313,O036359,C01270,R0233,1,The food was cold and the delivery was late.,Negative,2026-03-03 15:00:00,food cold delivery late,0.0,Neutral,Negative,True,False
REV009258,O032330,C02278,R0044,5,The food was fresh and flavorful.,Positive,2026-03-08 10:00:00,food fresh flavorful,0.3182,Positive,Positive,True,True
REV015998,O025252,C04472,R0271,4,The food was fresh and flavorful.,Positive,2026-01-15 00:00:00,food fresh flavorful,0.3182,Positive,Positive,True,True
REV002629,O028024,C01773,R0171,3,The food was okay.,Neutral,2026-05-14 22:00:00,food okay,0.2263,Positive,Neutral,True,False
REV009938,O017819,C00082,R0073,5,I received the wrong item.,Negative,2026-05-04 22:00:00,received wrong item,-0.4767,Negative,Negative,True,True
REV011296,O031993,C04781,R0197,5,The food was fresh and flavorful.,Positive,2026-04-05 15:00:00,food fresh flavorful,0.3182,Positive,Positive,True,True
REV024413,O017222,C00720,R0247,4,Everything was perfect and well packed.,Positive,2026-06-14 00:00:00,everything perfect well packed,0.7003,Positive,Positive,True,True
REV014495,O003936,C02604,R0298,3,Nothing special about the order.,Neutral,2026-05-17 22:00:00,nothing special order,-0.3089,Negative,Neutral,True,False
REV025196,O010894,C02250,R0067,1,The packaging was damaged.,Negative,2026-06-22 11:00:00,packaging damaged,-0.4404,Negative,Negative,True,True
REV003522,O010015,C01467,R0146,4,Amazing food and excellent quality.,Positive,2026-01-18 01:00:00,amazing food excellent quality,0.8176,Positive,Positive,True,True
REV013808,O009401,C03951,R0140,4,Everything was perfect and well packed.,Positive,2026-04-02 00:00:00,everything perfect well packed,0.7003,Positive,Positive,True,True
REV027653,O028238,C02718,R0185,2,Very poor experience with the delivery.,Negative,2026-01-07 17:00:00,poor experience delivery,-0.5256,Negative,Negative,True,True
REV019908,O035102,C03664,R0172,2,The food was bland and disappointing.,Negative,2026-02-16 19:00:00,food bland disappointing,-0.4939,Negative,Negative,True,True
REV011813,O031601,C04313,R0033,4,Excellent experience from start to finish.,Positive,2026-02-06 01:00:00,excellent experience start finish,0.5719,Positive,Positive,True,True
REV025969,O001301,C03972,R0196,5,The food was delicious and fresh.,Positive,2026-04-27 23:00:00,food delicious fresh,0.7184,Positive,Positive,True,True
REV018270,O019433,C01001,R0260,5,Fast delivery and great packaging.,Positive,2026-07-01 02:00:00,fast delivery great packaging,0.6249,Positive,Positive,True,True
REV026383,O036046,C01998,R0151,5,Really tasty food with generous portions.,Positive,2026-01-27 19:00:00,really tasty food generous portion,0.5106,Positive,Positive,True,True
REV003400,O005276,C03380,R0155,5,Amazing food and excellent quality.,Positive,2026-03-28 19:00:00,amazing food excellent quality,0.8176,Positive,Positive,True,True
REV007372,O026659,C02780,R0112,4,The food was fresh and flavorful.,Positive,2026-03-09 22:00:00,food fresh flavorful,0.3182,Positive,Positive,True,True
REV010592,O039977,C03753,R0166,4,Amazing food and excellent quality.,Positive,2026-03-18 02:00:00,amazing food excellent quality,0.8176,Positive,Positive,True,True
REV001837,O017487,C01610,R0181,5,The food was delicious and fresh.,Positive,2026-06-23 09:00:00,food delicious fresh,0.7184,Positive,Positive,True,True
REV015999,O040362,C04440,R0057,3,The food was acceptable.,Neutral,2026-06-05 03:00:00,food acceptable,0.3182,Positive,Neutral,True,False
REV019910,O022874,C04117,R0268,5,Everything was perfect and well packed.,Positive,2026-04-07 21:00:00,everything perfect well packed,0.7003,Positive,Positive,True,True
REV005930,O018942,C00399,R0009,4,Excellent experience from start to finish.,Positive,2026-03-09 04:00:00,excellent experience start finish,0.5719,Positive,Positive,True,True
REV019793,O009787,C00131,R0053,1,The order took too long to arrive.,Negative,2026-01-10 17:00:00,order took long arrive,0.0,Neutral,Negative,True,False
REV001215,O028765,C03854,R0251,5,The food was fresh and flavorful.,Positive,2026-04-22 17:00:00,food fresh flavorful,0.3182,Positive,Positive,True,True
REV025292,O013239,C04308,R0206,4,Everything was perfect and well packed.,Positive,2026-03-17 17:00:00,everything perfect well packed,0.7003,Positive,Positive,True,True
REV010898,O024101,C02031,R0239,5,Fast delivery and great packaging.,Positive,2026-06-25 19:00:00,fast delivery great packaging,0.6249,Positive,Positive,True,True
REV014261,O020415,C03628,R0279,4,Great quality and very good service.,Positive,2026-01-05 09:00:00,great quality good service,0.807,Positive,Positive,True,True
REV017435,O016235,C00836,R0278,5,The food was delicious and fresh.,Positive,2026-03-31 05:00:00,food delicious fresh,0.7184,Positive,Positive,True,True
REV026179,O006348,C00779,R0128,5,The order arrived quickly and everything was hot.,Positive,2026-03-22 10:00:00,order arrived quickly everything hot,0.0,Neutral,Positive,True,False
REV019551,O033862,C02251,R0276,4,Amazing food and excellent quality.,Positive,2026-01-03 08:00:00,amazing food excellent quality,0.8176,Positive,Positive,True,True
REV009703,O045718,C01547,R0001,5,The food was fresh and flavorful.,Positive,2026-03-25 08:00:00,food fresh flavorful,0.3182,Positive,Positive,True,True
REV024697,O021435,C03141,R0238,5,Fast delivery and great packaging.,Positive,2026-06-26 22:00:00,fast delivery great packaging,0.6249,Positive,Positive,True,True
REV018415,O005850,C01418,R0185,4,Really tasty food with generous portions.,Positive,2026-01-07 04:00:00,really tasty food generous portion,0.5106,Positive,Positive,True,True
REV016715,O026903,C03890,R0075,3,Overall it was satisfactory.,Neutral,2026-03-21 03:00:00,overall satisfactory,0.3612,Positive,Neutral,True,False
REV010056,O000271,C03174,R0122,4,Fast delivery and great packaging.,Positive,2026-01-13 03:00:00,fast delivery great packaging,0.6249,Positive,Positive,True,True
REV005091,O008624,C04314,R0211,4,The order arrived quickly and everything was hot.,Positive,2026-05-08 19:00:00,order arrived quickly everything hot,0.0,Neutral,Positive,True,False
REV016288,O002398,C03158,R0214,4,Amazing food and excellent quality.,Positive,2026-02-27 00:00:00,amazing food excellent quality,0.8176,Positive,Positive,True,True
REV003294,O035475,C03216,R0275,4,The food was fresh and flavorful.,Positive,2026-04-03 15:00:00,food fresh flavorful,0.3182,Positive,Positive,True,True
REV004270,O022523,C03950,R0081,5,Great quality and very good service.,Positive,2026-05-04 15:00:00,great quality good service,0.807,Positive,Positive,True,True
REV006090,O032202,C02703,R0170,2,Very poor experience with the delivery.,Negative,2026-03-02 14:00:00,poor experience delivery,-0.5256,Negative,Negative,True,True
REV029155,O041173,C01440,R0065,4,Fast delivery and great packaging.,Positive,2026-05-10 05:00:00,fast delivery great packaging,0.6249,Positive,Positive,True,True
REV019425,O003283,C01445,R0195,3,Average experience.,Neutral,2026-06-02 22:00:00,average experience,0.0,Neutral,Neutral,True,True
REV012526,O009761,C04836,R0285,3,Food quality was average.,Neutral,2026-01-05 01:00:00,food quality average,0.0,Neutral,Neutral,True,True
REV020346,O020692,C00320,R0167,3,The food was decent.,Neutral,2026-01-27 22:00:00,food decent,0.0,Neutral,Neutral,True,True
REV016114,O032385,C03940,R0227,4,Everything was perfect and well packed.,Positive,2026-02-05 05:00:00,everything perfect well packed,0.7003,Positive,Positive,True,True
REV003158,O028558,C00314,R0230,4,Everything was perfect and well packed.,Positive,2026-05-07 21:00:00,everything perfect well packed,0.7003,Positive,Positive,True,True
REV009381,O013733,C01759,R0297,3,Everything was perfect and well packed.,Positive,2026-01-17 16:00:00,everything perfect well packed,0.7003,Positive,Positive,True,True
REV026852,O010181,C00238,R0099,4,Excellent experience from start to finish.,Positive,2026-02-15 23:00:00,excellent experience start finish,0.5719,Positive,Positive,True,True
REV005132,O022917,C01736,R0101,4,Delivery was fast and the food arrived hot.,Positive,2026-01-27 13:00:00,delivery fast food arrived hot,0.0,Neutral,Positive,True,False
REV001335,O041784,C04552,R0091,5,Really tasty food with generous portions.,Positive,2026-03-24 00:00:00,really tasty food generous portion,0.5106,Positive,Positive,True,True
REV000472,O028785,C03888,R0143,4,Fast delivery and great packaging.,Positive,2026-03-16 07:00:00,fast delivery great packaging,0.6249,Positive,Positive,True,True
REV016363,O040922,C02749,R0036,4,Fast delivery and great packaging.,Positive,2026-05-08 15:00:00,fast delivery great packaging,0.6249,Positive,Positive,True,True
REV024645,O027607,C03257,R0187,4,Delivery was fast and the food arrived hot.,Positive,2026-04-13 16:00:00,delivery fast food arrived hot,0.0,Neutral,Positive,True,False
REV005282,O018845,C01485,R0102,5,Fast delivery and great packaging.,Positive,2026-04-22 06:00:00,fast delivery great packaging,0.6249,Positive,Positive,True,True
REV025668,O044212,C02217,R0147,4,Delivery was fast and the food arrived hot.,Positive,2026-03-04 23:00:00,delivery fast food arrived hot,0.0,Neutral,Positive,True,False
REV019710,O049305,C04384,R0003,5,Everything was perfect and well packed.,Positive,2026-05-19 05:00:00,everything perfect well packed,0.7003,Positive,Positive,True,True
REV023957,O007924,C02893,R0197,4,Delivery was fast and the food arrived hot.,Positive,2026-04-25 08:00:00,delivery fast food arrived hot,0.0,Neutral,Positive,True,False
REV017096,O039744,C01776,R0266,4,The order arrived quickly and everything was hot.,Positive,2026-03-02 11:00:00,order arrived quickly everything hot,0.0,Neutral,Positive,True,False
REV023151,O020768,C02676,R0169,5,Really tasty food with generous portions.,Positive,2026-06-11 18:00:00,really tasty food generous portion,0.5106,Positive,Positive,True,True
REV006077,O022124,C00620,R0088,5,Excellent experience from start to finish.,Positive,2026-05-23 21:00:00,excellent experience start finish,0.5719,Positive,Positive,True,True
REV005842,O046310,C00259,R0126,2,The food was bland and disappointing.,Negative,2026-05-09 13:00:00,food bland disappointing,-0.4939,Negative,Negative,True,True
REV009944,O012856,C02288,R0160,4,Delivery was fast and the food arrived hot.,Positive,2026-05-20 16:00:00,delivery fast food arrived hot,0.0,Neutral,Positive,True,False
REV007990,O038389,C00280,R0200,4,Amazing food and excellent quality.,Positive,2026-05-25 08:00:00,amazing food excellent quality,0.8176,Positive,Positive,True,True
REV026077,O029632,C01823,R0264,3,The food arrived cold.,Negative,2026-04-08 04:00:00,food arrived cold,0.0,Neutral,Negative,True,False
REV027894,O014349,C02390,R0268,5,Excellent experience from start to finish.,Positive,2026-05-29 17:00:00,excellent experience start finish,0.5719,Positive,Positive,True,True
REV026561,O035895,C01397,R0137,4,The food was bland and disappointing.,Negative,2026-06-01 22:00:00,food bland disappointing,-0.4939,Negative,Negative,True,True
REV001352,O002910,C00608,R0104,1,The order was delayed for a long time.,Negative,2026-05-30 00:00:00,order delayed long time,-0.2263,Negative,Negative,True,True
REV014425,O038131,C02985,R0248,4,The food was fresh and flavorful.,Positive,2026-05-02 23:00:00,food fresh flavorful,0.3182,Positive,Positive,True,True
REV016460,O002678,C00462,R0025,1,The food arrived cold.,Negative,2026-06-07 00:00:00,food arrived cold,0.0,Neutral,Negative,True,False
REV018666,O014940,C00350,R0087,4,Fast delivery and great packaging.,Positive,2026-06-23 08:00:00,fast delivery great packaging,0.6249,Positive,Positive,True,True
REV028898,O047122,C04340,R0232,4,Really tasty food with generous portions.,Positive,2026-03-08 14:00:00,really tasty food generous portion,0.5106,Positive,Positive,True,True
REV006033,O008113,C03422,R0018,4,The food was delicious and fresh.,Positive,2026-01-08 22:00:00,food delicious fresh,0.7184,Positive,Positive,True,True
REV001616,O012770,C02106,R0001,4,Excellent experience from start to finish.,Positive,2026-06-15 23:00:00,excellent experience start finish,0.5719,Positive,Positive,True,True
REV010680,O023335,C01394,R0102,5,Great quality and very good service.,Positive,2026-03-03 01:00:00,great quality good service,0.807,Positive,Positive,True,True
REV026016,O010333,C03564,R0051,3,Overall it was satisfactory.,Neutral,2026-06-06 13:00:00,overall satisfactory,0.3612,Positive,Neutral,True,False
REV017933,O021070,C00887,R0201,3,The order was okay overall.,Neutral,2026-01-26 09:00:00,order okay overall,0.2263,Positive,Neutral,True,False
REV011775,O005969,C02389,R0169,3,Nothing special about the order.,Neutral,2026-03-31 03:00:00,nothing special order,-0.3089,Negative,Neutral,True,False
REV022579,O045484,C00257,R0300,5,Excellent experience from start to finish.,Positive,2026-04-20 17:00:00,excellent experience start finish,0.5719,Positive,Positive,True,True
REV019311,O017237,C01786,R0048,4,The food was bland and disappointing.,Negative,2026-05-31 04:00:00,food bland disappointing,-0.4939,Negative,Negative,True,True
REV007340,O016137,C03595,R0036,2,The food was bland and disappointing.,Negative,2026-05-02 00:00:00,food bland disappointing,-0.4939,Negative,Negative,True,True
REV023694,O021379,C03958,R0146,4,Really tasty food with generous portions.,Positive,2026-06-17 15:00:00,really tasty food generous portion,0.5106,Positive,Positive,True,True
REV002389,O017599,C00607,R0189,3,It was an ordinary experience.,Neutral,2026-02-27 22:00:00,ordinary experience,0.0,Neutral,Neutral,True,True
REV026664,O015848,C01672,R0282,1,Very poor experience with the delivery.,Negative,2026-06-09 03:00:00,poor experience delivery,-0.5256,Negative,Negative,True,True
REV023671,O037455,C02636,R0115,4,Everything was perfect and well packed.,Positive,2026-04-06 07:00:00,everything perfect well packed,0.7003,Positive,Positive,True,True
REV006158,O009327,C03965,R0257,4,The food was fresh and flavorful.,Positive,2026-03-16 22:00:00,food fresh flavorful,0.3182,Positive,Positive,True,True
REV018403,O007840,C04416,R0141,5,Really tasty food with generous portions.,Positive,2026-05-20 11:00:00,really tasty food generous portion,0.5106,Positive,Positive,True,True
REV018360,O020775,C02364,R0162,4,The food was delicious and fresh.,Positive,2026-03-25 17:00:00,food delicious fresh,0.7184,Positive,Positive,True,True
REV029465,O008899,C04236,R0235,3,Overall it was satisfactory.,Neutral,2026-06-06 22:00:00,overall satisfactory,0.3612,Positive,Neutral,True,False
REV016239,O044501,C03536,R0226,4,Really tasty food with generous portions.,Positive,2026-03-24 19:00:00,really tasty food generous portion,0.5106,Positive,Positive,True,True
REV021245,O024013,C02933,R0105,4,Delivery was fast and the food arrived hot.,Positive,2026-01-07 15:00:00,delivery fast food arrived hot,0.0,Neutral,Positive,True,False
REV007621,O004448,C02060,R0135,4,The delivery was very late.,Negative,2026-02-23 05:00:00,delivery late,0.0,Neutral,Negative,True,False
REV022199,O000194,C00451,R0005,5,Really tasty food with generous portions.,Positive,2026-02-19 23:00:00,really tasty food generous portion,0.5106,Positive,Positive,True,True
REV015005,O015272,C03441,R0091,5,Really tasty food with generous portions.,Positive,2026-01-03 12:00:00,really tasty food generous portion,0.5106,Positive,Positive,True,True
REV028953,O032029,C00666,R0047,5,Amazing food and excellent quality.,Positive,2026-03-26 21:00:00,amazing food excellent quality,0.8176,Positive,Positive,True,True
REV026391,O046827,C00729,R0287,5,Great quality and very good service.,Positive,2026-03-03 05:00:00,great quality good service,0.807,Positive,Positive,True,True
REV015484,O016307,C04126,R0046,2,Very poor experience with the delivery.,Negative,2026-03-03 11:00:00,poor experience delivery,-0.5256,Negative,Negative,True,True
REV023422,O033019,C03067,R0227,2,Very poor experience with the delivery.,Negative,2026-03-14 13:00:00,poor experience delivery,-0.5256,Negative,Negative,True,True
REV006769,O035508,C01577,R0232,5,Excellent experience from start to finish.,Positive,2026-03-19 14:00:00,excellent experience start finish,0.5719,Positive,Positive,True,True
REV002506,O033192,C01259,R0268,4,The food was fresh and flavorful.,Positive,2026-06-14 22:00:00,food fresh flavorful,0.3182,Positive,Positive,True,True
REV021528,O021195,C01193,R0164,5,The order arrived quickly and everything was hot.,Positive,2026-01-14 05:00:00,order arrived quickly everything hot,0.0,Neutral,Positive,True,False
REV007860,O045172,C04781,R0122,4,Fast delivery and great packaging.,Positive,2026-02-05 00:00:00,fast delivery great packaging,0.6249,Positive,Positive,True,True
REV029731,O014436,C04840,R0255,5,The food was delicious and fresh.,Positive,2026-06-23 02:00:00,food delicious fresh,0.7184,Positive,Positive,True,True
REV004284,O017899,C00632,R0166,4,Great quality and very good service.,Positive,2026-04-14 17:00:00,great quality good service,0.807,Positive,Positive,True,True
REV000829,O015679,C03800,R0004,4,Fast delivery and great packaging.,Positive,2026-02-12 13:00:00,fast delivery great packaging,0.6249,Positive,Positive,True,True
REV010554,O011139,C02949,R0235,4,The order arrived quickly and everything was hot.,Positive,2026-02-19 08:00:00,order arrived quickly everything hot,0.0,Neutral,Positive,True,False
REV026013,O037006,C01383,R0254,5,Excellent experience from start to finish.,Positive,2026-02-11 04:00:00,excellent experience start finish,0.5719,Positive,Positive,True,True
REV020587,O036248,C04045,R0039,3,The packaging was damaged.,Negative,2026-03-13 08:00:00,packaging damaged,-0.4404,Negative,Negative,True,True
REV000709,O036640,C00850,R0284,5,The order arrived quickly and everything was hot.,Positive,2026-04-07 12:00:00,order arrived quickly everything hot,0.0,Neutral,Positive,True,False
REV006049,O044908,C04004,R0244,4,Amazing food and excellent quality.,Positive,2026-06-27 10:00:00,amazing food excellent quality,0.8176,Positive,Positive,True,True
REV013722,O017317,C03276,R0034,4,Amazing food and excellent quality.,Positive,2026-02-12 00:00:00,amazing food excellent quality,0.8176,Positive,Positive,True,True
REV015541,O011487,C03081,R0257,3,It was an ordinary experience.,Neutral,2026-05-04 14:00:00,ordinary experience,0.0,Neutral,Neutral,True,True
REV010494,O044551,C02199,R0030,3,Overall it was satisfactory.,Neutral,2026-03-24 12:00:00,overall satisfactory,0.3612,Positive,Neutral,True,False
REV027521,O035314,C02086,R0138,5,The delivery was very late.,Negative,2026-05-31 12:00:00,delivery late,0.0,Neutral,Negative,True,False
REV008065,O020835,C03566,R0043,3,Overall it was satisfactory.,Neutral,2026-06-15 04:00:00,overall satisfactory,0.3612,Positive,Neutral,True,False
REV003255,O016026,C01392,R0003,5,Delivery was fast and the food arrived hot.,Positive,2026-04-21 21:00:00,delivery fast food arrived hot,0.0,Neutral,Positive,True,False
REV014678,O009771,C02956,R0181,4,The food was bland and disappointing.,Negative,2026-02-04 16:00:00,food bland disappointing,-0.4939,Negative,Negative,True,True
REV008394,O032524,C02135,R0006,3,The food was okay.,Neutral,2026-05-02 19:00:00,food okay,0.2263,Positive,Neutral,True,False
REV014850,O021148,C03966,R0005,5,Very poor experience with the delivery.,Negative,2026-06-23 15:00:00,poor experience delivery,-0.5256,Negative,Negative,True,True
REV018459,O001966,C02778,R0143,4,Everything was perfect and well packed.,Positive,2026-01-06 21:00:00,everything perfect well packed,0.7003,Positive,Positive,True,True
REV024344,O042001,C00897,R0043,5,Everything was perfect and well packed.,Positive,2026-04-25 11:00:00,everything perfect well packed,0.7003,Positive,Positive,True,True
REV025078,O016972,C02399,R0236,5,Excellent experience from start to finish.,Positive,2026-03-23 11:00:00,excellent experience start finish,0.5719,Positive,Positive,True,True
REV021550,O007336,C02382,R0266,4,Excellent experience from start to finish.,Positive,2026-01-09 15:00:00,excellent experience start finish,0.5719,Positive,Positive,True,True
REV010177,O011579,C01200,R0100,5,Fast delivery and great packaging.,Positive,2026-03-01 06:00:00,fast delivery great packaging,0.6249,Positive,Positive,True,True
REV029548,O001084,C01092,R0034,2,My order was missing an item.,Negative,2026-03-31 14:00:00,order missing item,-0.296,Negative,Negative,True,True
REV019062,O007009,C01367,R0221,2,The food was cold and the delivery was late.,Negative,2026-05-09 22:00:00,food cold delivery late,0.0,Neutral,Negative,True,False
REV026812,O036639,C03124,R0025,1,The delivery was very late.,Negative,2026-03-04 11:00:00,delivery late,0.0,Neutral,Negative,True,False
REV001859,O008961,C03845,R0003,1,The food was bland and disappointing.,Negative,2026-03-03 02:00:00,food bland disappointing,-0.4939,Negative,Negative,True,True
REV019338,O018056,C04792,R0082,5,Fast delivery and great packaging.,Positive,2026-02-16 10:00:00,fast delivery great packaging,0.6249,Positive,Positive,True,True
REV009508,O040007,C01959,R0242,5,Delivery was fast and the food arrived hot.,Positive,2026-05-09 15:00:00,delivery fast food arrived hot,0.0,Neutral,Positive,True,False
REV014053,O033766,C03243,R0212,3,The food was okay.,Neutral,2026-02-16 05:00:00,food okay,0.2263,Positive,Neutral,True,False
REV006847,O013898,C00183,R0051,1,The food was bland and disappointing.,Negative,2026-04-29 09:00:00,food bland disappointing,-0.4939,Negative,Negative,True,True
REV011225,O027253,C01261,R0004,3,The food was decent.,Neutral,2026-04-19 20:00:00,food decent,0.0,Neutral,Neutral,True,True
REV012040,O003756,C02605,R0204,5,Fast delivery and great packaging.,Positive,2026-04-06 03:00:00,fast delivery great packaging,0.6249,Positive,Positive,True,True
REV013502,O032166,C03625,R0108,5,The order arrived quickly and everything was hot.,Positive,2026-05-28 17:00:00,order arrived quickly everything hot,0.0,Neutral,Positive,True,False
REV007462,O034909,C00754,R0163,5,The food was fresh and flavorful.,Positive,2026-06-17 17:00:00,food fresh flavorful,0.3182,Positive,Positive,True,True
REV010393,O047973,C00415,R0046,4,Fast delivery and great packaging.,Positive,2026-07-01 15:00:00,fast delivery great packaging,0.6249,Positive,Positive,True,True
REV021103,O025204,C03364,R0015,2,The food was bland and disappointing.,Negative,2026-06-10 09:00:00,food bland disappointing,-0.4939,Negative,Negative,True,True
REV014266,O044155,C02097,R0217,5,The order arrived quickly and everything was hot.,Positive,2026-04-04 20:00:00,order arrived quickly everything hot,0.0,Neutral,Positive,True,False
REV025404,O018580,C04624,R0091,5,The food was fresh and flavorful.,Positive,2026-06-03 14:00:00,food fresh flavorful,0.3182,Positive,Positive,True,True
REV010873,O045340,C03365,R0196,5,The food was fresh and flavorful.,Positive,2026-02-10 07:00:00,food fresh flavorful,0.3182,Positive,Positive,True,True
REV028596,O003279,C02071,R0068,5,The food was fresh and flavorful.,Positive,2026-01-30 23:00:00,food fresh flavorful,0.3182,Positive,Positive,True,True
REV026518,O041485,C04313,R0275,5,The packaging was damaged.,Negative,2026-04-27 00:00:00,packaging damaged,-0.4404,Negative,Negative,True,True
REV003875,O043033,C03878,R0034,1,Very poor experience with the delivery.,Negative,2026-04-29 05:00:00,poor experience delivery,-0.5256,Negative,Negative,True,True
REV023450,O048813,C00276,R0060,4,Everything was perfect and well packed.,Positive,2026-05-30 14:00:00,everything perfect well packed,0.7003,Positive,Positive,True,True
REV024169,O014497,C04820,R0268,2,Very poor experience with the delivery.,Negative,2026-02-03 20:00:00,poor experience delivery,-0.5256,Negative,Negative,True,True
REV000854,O004947,C03517,R0081,5,Amazing food and excellent quality.,Positive,2026-03-09 23:00:00,amazing food excellent quality,0.8176,Positive,Positive,True,True
REV003645,O019054,C01666,R0229,4,Amazing food and excellent quality.,Positive,2026-06-20 14:00:00,amazing food excellent quality,0.8176,Positive,Positive,True,True
REV001831,O045688,C01799,R0061,4,Fast delivery and great packaging.,Positive,2026-06-28 07:00:00,fast delivery great packaging,0.6249,Positive,Positive,True,True
REV003811,O008952,C00556,R0212,5,Really tasty food with generous portions.,Positive,2026-01-31 07:00:00,really tasty food generous portion,0.5106,Positive,Positive,True,True
REV004504,O045232,C03774,R0216,5,Delivery was fast and the food arrived hot.,Positive,2026-05-07 07:00:00,delivery fast food arrived hot,0.0,Neutral,Positive,True,False
REV017723,O033906,C00916,R0147,4,Really tasty food with generous portions.,Positive,2026-03-11 07:00:00,really tasty food generous portion,0.5106,Positive,Positive,True,True
REV023842,O005494,C04399,R0270,3,Average experience.,Neutral,2026-02-12 18:00:00,average experience,0.0,Neutral,Neutral,True,True
REV019483,O028443,C00561,R0067,4,Great quality and very good service.,Positive,2026-05-17 13:00:00,great quality good service,0.807,Positive,Positive,True,True
REV014674,O008475,C04190,R0066,4,Everything was perfect and well packed.,Positive,2026-06-01 14:00:00,everything perfect well packed,0.7003,Positive,Positive,True,True
REV005244,O017698,C01738,R0192,5,The order arrived quickly and everything was hot.,Positive,2026-06-17 07:00:00,order arrived quickly everything hot,0.0,Neutral,Positive,True,False
REV016109,O022163,C01356,R0294,4,Amazing food and excellent quality.,Positive,2026-04-23 03:00:00,amazing food excellent quality,0.8176,Positive,Positive,True,True
REV016652,O021518,C03866,R0261,3,The order arrived quickly and everything was hot.,Positive,2026-03-18 18:00:00,order arrived quickly everything hot,0.0,Neutral,Positive,True,False
REV016467,O030211,C00300,R0080,5,Very poor experience with the delivery.,Negative,2026-04-27 19:00:00,poor experience delivery,-0.5256,Negative,Negative,True,True
REV015554,O030670,C02262,R0276,4,Amazing food and excellent quality.,Positive,2026-01-06 07:00:00,amazing food excellent quality,0.8176,Positive,Positive,True,True
REV021570,O008161,C02002,R0008,4,Everything was perfect and well packed.,Positive,2026-02-08 14:00:00,everything perfect well packed,0.7003,Positive,Positive,True,True
REV019122,O042093,C04334,R0057,4,Amazing food and excellent quality.,Positive,2026-03-19 23:00:00,amazing food excellent quality,0.8176,Positive,Positive,True,True
REV015326,O006182,C02411,R0127,3,Food quality was average.,Neutral,2026-02-01 20:00:00,food quality average,0.0,Neutral,Neutral,True,True
REV009371,O031266,C03458,R0055,4,Everything was perfect and well packed.,Positive,2026-03-04 21:00:00,everything perfect well packed,0.7003,Positive,Positive,True,True
REV027080,O018292,C01659,R0021,4,Delivery was fast and the food arrived hot.,Positive,2026-04-26 10:00:00,delivery fast food arrived hot,0.0,Neutral,Positive,True,False
REV000330,O038010,C01617,R0144,3,The food was acceptable.,Neutral,2026-05-18 19:00:00,food acceptable,0.3182,Positive,Neutral,True,False
REV025617,O037696,C02707,R0113,5,Great quality and very good service.,Positive,2026-01-18 10:00:00,great quality good service,0.807,Positive,Positive,True,True
REV000055,O022980,C01953,R0002,5,The food was fresh and flavorful.,Positive,2026-05-30 08:00:00,food fresh flavorful,0.3182,Positive,Positive,True,True
REV025217,O029382,C04790,R0230,4,The order arrived quickly and everything was hot.,Positive,2026-05-29 17:00:00,order arrived quickly everything hot,0.0,Neutral,Positive,True,False
REV001669,O021765,C03939,R0188,4,Delivery was fast and the food arrived hot.,Positive,2026-03-22 00:00:00,delivery fast food arrived hot,0.0,Neutral,Positive,True,False
REV007163,O027472,C00985,R0175,3,Average experience.,Neutral,2026-03-10 19:00:00,average experience,0.0,Neutral,Neutral,True,True
REV005057,O002607,C00526,R0186,4,Fast delivery and great packaging.,Positive,2026-03-07 03:00:00,fast delivery great packaging,0.6249,Positive,Positive,True,True
REV017453,O046476,C02039,R0274,5,Fast delivery and great packaging.,Positive,2026-05-26 06:00:00,fast delivery great packaging,0.6249,Positive,Positive,True,True
REV007650,O042765,C04571,R0279,5,Really tasty food with generous portions.,Positive,2026-05-18 01:00:00,really tasty food generous portion,0.5106,Positive,Positive,True,True
REV014174,O040555,C04400,R0033,5,Amazing food and excellent quality.,Positive,2026-05-17 23:00:00,amazing food excellent quality,0.8176,Positive,Positive,True,True
REV027723,O021945,C02952,R0217,4,Great quality and very good service.,Positive,2026-03-08 19:00:00,great quality good service,0.807,Positive,Positive,True,True
REV025836,O041733,C01537,R0201,4,Really tasty food with generous portions.,Positive,2026-01-15 01:00:00,really tasty food generous portion,0.5106,Positive,Positive,True,True
REV000651,O015637,C00156,R0102,2,Really tasty food with generous portions.,Positive,2026-06-20 22:00:00,really tasty food generous portion,0.5106,Positive,Positive,True,True
REV010260,O017552,C00942,R0137,4,The food was delicious and fresh.,Positive,2026-03-19 00:00:00,food delicious fresh,0.7184,Positive,Positive,True,True
REV024572,O042432,C01043,R0201,5,Everything was perfect and well packed.,Positive,2026-01-04 04:00:00,everything perfect well packed,0.7003,Positive,Positive,True,True
REV021991,O040752,C04940,R0222,4,The food was delicious and fresh.,Positive,2026-02-22 20:00:00,food delicious fresh,0.7184,Positive,Positive,True,True
REV029545,O048699,C04327,R0195,3,The order took too long to arrive.,Negative,2026-05-13 02:00:00,order took long arrive,0.0,Neutral,Negative,True,False
