customer_id,age,gender,city,signup_date
C00001,56,Female,Bangalore,2025-10-07 12:03:54
C00002,46,Male,Pune,2026-04-24 17:27:16
C00003,32,Male,Kolkata,2026-01-03 13:01:08
C00004,60,Female,Pune,2025-08-03 18:24:26
C00005,25,Female,Chennai,2025-03-27 17:34:53
C00006,38,Male,Bangalore,2025-05-17 17:55:57
C00007,56,Female,Delhi,2026-02-25 18:11:17
C00008,36,Female,Mumbai,2025-04-06 23:20:05
C00009,40,Male,Kolkata,2025-12-09 22:46:08
C00010,28,Female,Pune,2025-04-21 14:55:06
C00011,28,Female,Bangalore,2025-11-15 19:37:24
C00012,41,Female,Kolkata,2025-03-18 04:53:36
C00013,53,Female,Hyderabad,2025-02-24 00:51:50
C00014,57,Male,Chennai,2025-01-20 02:11:18
C00015,41,Male,Hyderabad,2026-05-14 16:06:22
C00016,20,Male,Pune,2026-01-20 15:45:24
C00017,39,Male,Hyderabad,2026-04-05 20:43:44
C00018,19,Male,Hyderabad,2025-11-26 03:39:04
C00019,41,Female,Chennai,2025-04-02 05:54:39
C00020,61,Female,Chennai,2025-02-23 04:43:38
C00021,47,Female,Chennai,2025-09-15 04:39:20
C00022,55,Female,Kolkata,2026-04-03 16:55:35
C00023,19,Female,Chennai,2026-03-24 23:35:32
C00024,38,Male,Hyderabad,2025-05-19 21:58:53
C00025,50,Male,Delhi,2026-01-06 15:53:22
C00026,29,Female,Delhi,2026-03-03 03:03:35
C00027,39,Female,Chennai,2025-10-13 16:46:40
C00028,61,Male,Kolkata,2025-05-27 01:37:47
C00029,42,Female,Mumbai,2026-05-14 00:35:06
C00030,44,Male,Bangalore,2025-02-11 09:32:38
C00031,59,Female,Pune,2025-02-14 08:38:53
C00032,45,Female,Kolkata,2026-02-01 22:16:46
C00033,33,Female,Mumbai,2025-01-03 08:36:51
C00034,32,Female,Pune,2025-08-02 00:58:30
C00035,64,Female,Mumbai,2025-09-02 19:12:43
C00036,61,Female,Mumbai,2025-04-26 13:05:30
C00037,20,Female,Delhi,2025-03-08 16:43:57
C00038,54,Female,Bangalore,2026-06-22 05:08:05
C00039,24,Female,Mumbai,2025-11-22 07:50:07
C00040,38,Male,Chennai,2025-03-23 12:59:18
C00041,26,Male,Pune,2026-04-06 18:41:50
C00042,56,Female,Kolkata,2026-03-29 16:21:32
C00043,35,Male,Delhi,2025-02-13 22:20:27
C00044,21,Male,Pune,2026-02-07 20:23:34
C00045,42,Female,Chennai,2025-08-07 02:26:55
C00046,31,Female,Chennai,2026-01-04 12:46:18
C00047,26,Female,Mumbai,2025-06-06 20:38:04
C00048,43,Male,Chennai,2025-01-21 00:48:54
C00049,19,Male,Bangalore,2026-06-06 10:28:30
C00050,37,Male,Chennai,2026-05-24 22:00:59
C00051,45,Male,Mumbai,2025-07-31 00:48:34
C00052,64,Male,Pune,2025-11-26 17:52:49
C00053,24,Male,Chennai,2025-12-02 00:25:21
C00054,61,Female,Delhi,2026-06-28 14:33:22
C00055,25,Female,Kolkata,2025-12-01 09:23:57
C00056,64,Male,Delhi,2025-04-09 05:13:03
C00057,52,Male,Delhi,2026-02-14 10:12:53
C00058,31,Female,Pune,2026-03-11 01:41:16
C00059,34,Male,Hyderabad,2025-08-23 15:48:55
C00060,53,Female,Kolkata,2025-06-26 00:38:55
C00061,57,Male,Delhi,2025-11-22 01:02:49
C00062,21,Male,Delhi,2026-05-02 09:08:54
C00063,19,Male,Hyderabad,2025-10-13 21:54:27
C00064,23,Male,Pune,2025-01-27 00:39:13
C00065,59,Female,Kolkata,2025-05-22 18:17:50
C00066,21,Female,Delhi,2025-06-16 09:11:15
C00067,46,Female,Mumbai,2025-07-18 14:57:25
C00068,35,Male,Pune,2025-12-06 12:26:26
C00069,43,Female,Kolkata,2026-04-20 10:29:41
C00070,61,Female,Delhi,2025-09-28 09:22:28
C00071,51,Female,Delhi,2025-11-12 07:05:37
C00072,27,Male,Hyderabad,2025-12-12 18:43:51
C00073,53,Male,Kolkata,2025-09-15 22:02:28
C00074,31,Female,Mumbai,2026-04-13 01:03:13
C00075,48,Female,Pune,2025-07-20 14:25:16
C00076,65,Male,Chennai,2026-04-29 09:16:46
C00077,32,Male,Bangalore,2025-09-03 15:57:28
C00078,25,Male,Mumbai,2025-11-02 20:41:44
C00079,31,Female,Chennai,2025-12-06 20:24:16
C00080,40,Male,Mumbai,2026-02-07 08:51:52
C00081,57,Female,Kolkata,2025-07-14 13:18:45
C00082,38,Female,Chennai,2026-06-28 04:57:36
C00083,33,Female,Kolkata,2025-07-14 15:34:25
C00084,62,Female,Chennai,2025-12-16 05:31:57
C00085,35,Male,Mumbai,2026-05-21 14:24:31
C00086,64,Female,Hyderabad,2026-01-16 01:48:19
C00087,41,Male,Mumbai,2025-03-21 23:06:41
C00088,43,Female,Kolkata,2025-10-15 20:32:39
C00089,42,Female,Mumbai,2025-11-28 23:42:41
C00090,62,Male,Chennai,2025-08-13 07:10:42
C00091,58,Female,Bangalore,2026-01-07 22:12:15
C00092,46,Female,Chennai,2025-02-25 11:31:25
C00093,32,Male,Delhi,2025-07-31 14:22:11
C00094,62,Female,Mumbai,2025-02-26 08:14:33
C00095,18,Female,Pune,2026-01-09 02:45:04
C00096,42,Female,Mumbai,2025-03-24 13:54:15
C00097,24,Male,Hyderabad,2025-06-13 20:26:03
C00098,26,Male,Kolkata,2025-09-24 02:41:02
C00099,41,Male,Pune,2025-08-21 21:18:37
C00100,18,Female,Chennai,2025-09-27 17:42:44
C00101,61,Male,Hyderabad,2025-10-05 05:19:18
C00102,25,Female,Mumbai,2025-04-25 20:58:47
C00103,41,Male,Chennai,2026-03-18 05:47:10
C00104,28,Female,Chennai,2025-01-23 00:10:12
C00105,34,Male,Delhi,2025-04-07 00:04:42
C00106,25,Male,Delhi,2025-12-31 15:31:51
C00107,52,Male,Bangalore,2026-05-21 12:13:28
C00108,52,Male,Delhi,2026-02-20 04:07:12
C00109,50,Female,Kolkata,2026-02-06 21:35:47
C00110,22,Female,Pune,2025-04-02 05:37:18
C00111,59,Female,Chennai,2025-10-08 19:19:26
C00112,56,Female,Delhi,2026-04-22 14:23:12
C00113,58,Female,Bangalore,2025-11-21 11:24:23
C00114,45,Female,Mumbai,2026-04-01 06:52:49
C00115,24,Female,Pune,2025-03-02 23:34:08
C00116,26,Female,Delhi,2025-02-17 02:26:57
C00117,25,Male,Chennai,2025-06-22 15:02:00
C00118,29,Female,Mumbai,2026-01-18 04:49:44
C00119,51,Male,Kolkata,2025-07-06 07:21:05
C00120,50,Female,Chennai,2025-03-03 09:42:57
C00121,65,Female,Mumbai,2026-06-12 23:46:58
C00122,40,Male,Kolkata,2025-09-10 23:26:46
C00123,41,Male,Kolkata,2026-01-19 21:44:26
C00124,54,Female,Pune,2025-09-19 17:18:58
C00125,52,Female,Chennai,2025-01-25 16:38:40
C00126,61,Male,Delhi,2026-03-14 10:00:45
C00127,57,Female,Delhi,2025-10-18 16:29:01
C00128,39,Female,Bangalore,2025-10-19 14:07:30
C00129,44,Female,Mumbai,2025-03-09 04:49:51
C00130,52,Female,Bangalore,2025-04-01 04:35:15
C00131,18,Female,Hyderabad,2026-02-23 13:45:52
C00132,52,Male,Delhi,2025-05-24 20:46:19
C00133,54,Female,Mumbai,2025-06-14 22:31:13
C00134,64,Female,Pune,2026-05-12 18:09:29
C00135,31,Male,Bangalore,2025-01-08 18:29:27
C00136,20,Male,Pune,2025-03-09 16:09:05
C00137,18,Male,Pune,2025-11-13 01:30:34
C00138,22,Female,Pune,2026-03-05 20:19:06
C00139,43,Female,Bangalore,2026-06-13 03:54:55
C00140,31,Female,Hyderabad,2026-01-29 15:23:37
C00141,56,Female,Kolkata,2025-12-17 14:04:57
C00142,44,Female,Kolkata,2026-05-14 01:35:07
C00143,26,Male,Bangalore,2026-02-05 22:43:33
C00144,32,Male,Kolkata,2025-01-14 06:43:27
C00145,32,Male,Chennai,2025-07-14 06:55:06
C00146,43,Male,Kolkata,2025-07-06 14:21:07
C00147,59,Female,Delhi,2026-03-30 01:04:50
C00148,30,Female,Bangalore,2025-10-28 20:59:06
C00149,49,Male,Kolkata,2026-03-14 21:25:22
C00150,56,Female,Bangalore,2025-01-22 09:55:23
C00151,49,Female,Hyderabad,2025-08-01 10:40:29
C00152,21,Male,Chennai,2025-09-28 05:42:12
C00153,47,Male,Bangalore,2025-05-24 17:34:52
C00154,54,Male,Delhi,2025-06-13 23:56:37
C00155,40,Male,Kolkata,2025-10-11 18:21:24
C00156,56,Female,Delhi,2025-04-17 04:14:56
C00157,62,Male,Kolkata,2025-08-06 10:21:36
C00158,32,Male,Bangalore,2026-02-14 22:50:39
C00159,60,Female,Pune,2025-07-12 19:49:06
C00160,46,Female,Kolkata,2025-04-29 20:32:07
C00161,53,Male,Pune,2025-06-11 10:07:55
C00162,30,Male,Chennai,2026-02-22 00:00:59
C00163,49,Male,Delhi,2025-04-26 06:59:34
C00164,24,Male,Pune,2025-02-27 23:31:26
C00165,39,Male,Delhi,2025-02-08 23:40:10
C00166,45,Female,Kolkata,2025-01-11 19:40:14
C00167,19,Male,Kolkata,2025-02-27 02:03:26
C00168,59,Male,Chennai,2026-01-11 13:53:11
C00169,62,Female,Kolkata,2025-10-22 19:38:33
C00170,23,Male,Chennai,2025-06-27 01:23:02
C00171,45,Male,Pune,2025-03-16 03:32:57
C00172,45,Male,Kolkata,2025-12-13 22:42:25
C00173,61,Female,Bangalore,2025-04-02 14:56:03
C00174,61,Male,Mumbai,2026-02-25 08:06:06
C00175,37,Female,Hyderabad,2025-08-31 05:49:30
C00176,47,Female,Mumbai,2025-05-03 21:13:38
C00177,28,Male,Mumbai,2026-04-29 03:53:50
C00178,45,Female,Delhi,2026-05-26 04:44:30
C00179,42,Male,Chennai,2026-04-09 12:03:49
C00180,56,Male,Delhi,2025-07-12 22:01:36
C00181,50,Female,Pune,2025-10-13 02:20:36
C00182,18,Female,Hyderabad,2025-01-12 10:40:07
C00183,44,Female,Pune,2026-01-07 17:32:21
C00184,30,Male,Bangalore,2025-05-11 23:04:41
C00185,58,Male,Hyderabad,2025-03-08 22:03:21
C00186,20,Female,Delhi,2026-05-24 10:18:03
C00187,56,Male,Kolkata,2025-12-17 13:25:39
C00188,23,Male,Kolkata,2025-06-11 18:33:49
C00189,25,Male,Delhi,2026-05-09 13:25:01
C00190,44,Male,Pune,2026-02-01 11:08:18
C00191,26,Female,Delhi,2025-08-31 21:37:15
C00192,54,Male,Delhi,2026-03-26 21:58:11
C00193,50,Female,Mumbai,2026-03-28 17:54:25
C00194,59,Male,Bangalore,2026-02-25 16:33:05
C00195,61,Female,Kolkata,2025-06-26 18:42:09
C00196,41,Male,Mumbai,2025-02-15 09:41:14
C00197,32,Male,Delhi,2025-10-01 03:22:56
C00198,49,Male,Chennai,2025-10-05 17:46:49
C00199,49,Male,Mumbai,2025-05-26 07:30:29
C00200,41,Female,Delhi,2025-02-26 03:17:38
C00201,58,Female,Kolkata,2025-10-23 23:43:53
C00202,29,Female,Delhi,2025-02-23 12:08:20
C00203,56,Male,Bangalore,2025-10-27 09:04:00
C00204,19,Male,Pune,2025-02-10 22:50:36
C00205,20,Male,Hyderabad,2025-08-07 06:44:40
C00206,54,Female,Mumbai,2025-09-08 03:54:11
C00207,34,Female,Mumbai,2025-10-02 06:13:50
C00208,19,Female,Mumbai,2025-02-01 06:30:22
C00209,19,Male,Delhi,2025-08-13 17:34:44
C00210,45,Female,Bangalore,2025-11-06 04:43:24
C00211,40,Male,Delhi,2025-05-15 10:22:52
C00212,54,Female,Delhi,2026-01-14 08:19:09
C00213,49,Female,Pune,2025-11-25 19:40:05
C00214,50,Female,Chennai,2026-03-30 19:05:58
C00215,18,Female,Bangalore,2025-07-13 01:48:35
C00216,36,Male,Mumbai,2025-03-27 14:01:58
C00217,19,Female,Hyderabad,2025-01-25 01:27:30
C00218,61,Male,Mumbai,2025-06-28 05:08:38
C00219,43,Female,Delhi,2026-05-28 17:40:35
C00220,49,Male,Bangalore,2026-02-09 07:07:19
C00221,23,Female,Kolkata,2025-11-27 12:20:08
C00222,49,Female,Bangalore,2025-03-31 14:28:54
C00223,21,Female,Bangalore,2025-05-15 01:45:43
C00224,28,Female,Chennai,2025-11-05 01:42:41
C00225,34,Female,Mumbai,2025-11-28 22:46:00
C00226,55,Female,Chennai,2025-11-18 19:46:34
C00227,41,Female,Kolkata,2025-07-10 02:14:38
C00228,22,Female,Kolkata,2025-08-13 05:01:45
C00229,51,Male,Pune,2025-08-06 13:37:08
C00230,23,Female,Hyderabad,2025-08-04 07:16:54
C00231,39,Female,Pune,2025-05-29 04:45:49
C00232,28,Female,Delhi,2025-10-25 10:23:02
C00233,65,Male,Chennai,2025-03-20 21:37:44
C00234,33,Male,Chennai,2026-02-03 11:51:47
C00235,50,Female,Pune,2025-01-04 11:37:45
C00236,26,Male,Delhi,2026-05-25 19:13:01
C00237,23,Female,Bangalore,2026-05-24 22:52:09
C00238,33,Male,Delhi,2026-06-04 21:40:19
C00239,46,Male,Mumbai,2025-10-13 09:12:05
C00240,20,Female,Pune,2026-05-26 03:29:27
C00241,37,Female,Delhi,2026-05-26 05:21:17
C00242,53,Female,Bangalore,2025-09-07 11:57:28
C00243,36,Female,Delhi,2025-06-27 23:50:24
C00244,43,Male,Chennai,2026-04-26 12:37:36
C00245,20,Female,Hyderabad,2026-04-30 05:51:40
C00246,36,Male,Chennai,2026-02-27 20:37:43
C00247,37,Female,Kolkata,2025-07-02 09:40:22
C00248,49,Female,Hyderabad,2025-04-30 00:28:56
C00249,24,Male,Kolkata,2025-02-05 02:03:22
C00250,58,Female,Delhi,2025-02-09 18:33:06
C00251,50,Female,Mumbai,2026-01-26 15:06:33
C00252,57,Male,Delhi,2026-04-23 21:52:11
C00253,56,Female,Bangalore,2025-02-13 08:34:10
C00254,35,Male,Delhi,2025-02-17 18:07:10
C00255,57,Male,Hyderabad,2026-05-18 20:50:17
C00256,18,Female,Chennai,2025-12-05 16:47:28
C00257,28,Female,Mumbai,2025-08-07 23:20:13
C00258,45,Female,Kolkata,2026-03-12 13:46:34
C00259,42,Female,Delhi,2025-12-29 08:06:29
C00260,40,Female,Delhi,2025-06-09 00:38:25
C00261,48,Female,Chennai,2025-03-16 03:08:12
C00262,47,Male,Mumbai,2025-10-09 21:24:06
C00263,59,Male,Pune,2025-02-09 16:30:31
C00264,52,Male,Kolkata,2025-11-18 04:41:04
C00265,24,Male,Delhi,2025-04-02 07:12:03
C00266,33,Female,Delhi,2026-01-21 17:37:07
C00267,43,Male,Pune,2026-06-09 14:20:12
C00268,65,Male,Kolkata,2025-11-22 06:04:20
C00269,19,Male,Hyderabad,2025-09-21 13:25:15
C00270,18,Female,Hyderabad,2025-04-02 16:21:15
C00271,65,Female,Bangalore,2025-04-29 02:05:07
C00272,29,Female,Chennai,2026-06-15 09:39:34
C00273,22,Female,Mumbai,2025-10-06 21:53:48
C00274,54,Female,Delhi,2026-05-04 14:23:44
C00275,49,Female,Kolkata,2025-09-06 11:09:12
C00276,26,Male,Delhi,2026-05-04 22:59:12
C00277,58,Female,Bangalore,2026-01-22 22:53:41
C00278,52,Female,Kolkata,2025-08-05 13:27:26
C00279,36,Female,Kolkata,2026-03-01 22:44:49
C00280,65,Female,Delhi,2025-07-26 11:59:43
C00281,33,Female,Chennai,2026-05-18 02:44:05
C00282,20,Female,Bangalore,2025-08-15 04:55:00
C00283,37,Female,Chennai,2025-09-12 16:01:03
C00284,41,Male,Bangalore,2026-01-20 08:54:45
C00285,50,Female,Delhi,2025-05-03 20:56:36
C00286,41,Male,Bangalore,2025-09-13 20:52:49
C00287,28,Female,Hyderabad,2025-11-27 13:44:06
C00288,25,Female,Kolkata,2025-11-15 23:24:50
C00289,53,Male,Mumbai,2026-02-06 02:13:36
C00290,55,Female,Delhi,2025-12-30 19:32:39
C00291,57,Male,Pune,2025-06-24 17:36:23
C00292,37,Female,Mumbai,2025-04-21 22:04:50
C00293,52,Male,Delhi,2025-09-26 14:27:56
C00294,65,Female,Mumbai,2026-02-21 01:52:24
C00295,42,Male,Hyderabad,2026-02-06 08:04:07
C00296,52,Female,Mumbai,2025-04-14 08:52:18
C00297,42,Male,Bangalore,2025-05-10 12:42:54
C00298,46,Female,Mumbai,2025-04-30 05:55:40
C00299,35,Female,Delhi,2025-04-30 11:42:20
C00300,63,Female,Pune,2025-03-25 00:28:57
C00301,35,Female,Pune,2026-04-10 14:05:26
C00302,19,Female,Chennai,2025-12-02 22:58:16
C00303,52,Male,Kolkata,2026-03-18 12:00:36
C00304,33,Male,Mumbai,2026-03-18 17:35:47
C00305,58,Male,Pune,2025-03-20 19:20:07
C00306,53,Female,Mumbai,2026-01-08 08:55:41
C00307,50,Female,Kolkata,2025-12-12 04:02:11
C00308,21,Male,Pune,2025-09-02 08:43:43
C00309,50,Female,Kolkata,2025-04-01 09:08:35
C00310,31,Female,Mumbai,2026-05-26 18:29:33
C00311,38,Female,Delhi,2025-02-22 14:54:35
C00312,65,Male,Mumbai,2026-05-11 08:50:38
C00313,37,Male,Kolkata,2025-04-09 04:19:44
C00314,25,Female,Delhi,2025-06-15 05:24:03
C00315,24,Female,Delhi,2026-05-05 07:54:14
C00316,20,Male,Chennai,2025-06-02 06:03:07
C00317,34,Female,Pune,2025-12-02 21:03:59
C00318,50,Female,Bangalore,2025-04-17 07:12:24
C00319,65,Female,Delhi,2025-04-01 19:33:51
C00320,29,Female,Kolkata,2026-02-14 19:07:52
C00321,39,Male,Pune,2025-01-11 09:48:41
C00322,39,Male,Hyderabad,2026-04-20 00:05:50
C00323,63,Female,Mumbai,2025-02-13 05:39:28
C00324,47,Male,Kolkata,2026-02-22 12:40:54
C00325,55,Male,Hyderabad,2025-08-08 00:57:45
C00326,55,Male,Kolkata,2026-04-05 14:29:35
C00327,62,Male,Mumbai,2025-08-28 17:21:09
C00328,25,Male,Chennai,2025-04-02 02:16:19
C00329,44,Male,Kolkata,2026-05-27 02:08:40
C00330,44,Male,Delhi,2026-03-26 14:12:11
C00331,51,Male,Bangalore,2025-07-30 00:00:41
C00332,38,Female,Delhi,2026-06-21 06:38:43
C00333,47,Female,Mumbai,2025-02-14 07:27:51
C00334,50,Female,Kolkata,2025-01-25 13:02:36
C00335,45,Male,Bangalore,2025-06-29 20:25:52
C00336,64,Male,Delhi,2026-01-01 16:07:34
C00337,50,Female,Bangalore,2025-04-25 15:11:23
C00338,22,Female,Mumbai,2025-04-09 06:12:53
C00339,65,Female,Chennai,2025-02-08 09:10:19
C00340,36,Male,Chennai,2025-10-15 18:26:24
C00341,21,Female,Kolkata,2026-04-26 13:52:14
C00342,52,Male,Delhi,2026-06-20 06:00:13
C00343,34,Male,Hyderabad,2026-02-27 14:11:00
C00344,61,Female,Mumbai,2026-06-29 13:05:59
C00345,45,Female,Delhi,2026-04-07 13:47:10
C00346,47,Male,Delhi,2025-07-05 03:56:17
C00347,46,Male,Chennai,2026-05-26 21:47:53
C00348,63,Female,Kolkata,2025-10-13 01:16:03
C00349,23,Male,Bangalore,2025-07-27 01:06:01
C00350,52,Male,Mumbai,2025-05-20 23:48:04
C00351,58,Male,Bangalore,2025-04-09 02:57:32
C00352,54,Female,Pune,2026-04-15 22:33:21
C00353,41,Male,Pune,2025-04-10 08:04:36
C00354,46,Female,Mumbai,2025-10-11 16:29:35
C00355,63,Female,Kolkata,2025-07-13 03:05:12
C00356,48,Female,Hyderabad,2025-01-08 14:42:19
C00357,52,Female,Pune,2025-11-18 09:14:36
C00358,50,Male,Chennai,2025-09-22 23:24:34
C00359,38,Male,Hyderabad,2026-02-01 10:08:32
C00360,49,Male,Delhi,2025-04-23 11:12:17
C00361,40,Male,Pune,2025-09-11 22:57:17
C00362,50,Female,Chennai,2025-09-30 09:44:53
C00363,20,Male,Delhi,2026-04-17 21:52:20
C00364,35,Male,Hyderabad,2026-04-18 01:48:26
C00365,42,Male,Mumbai,2025-08-05 16:10:35
C00366,59,Female,Delhi,2025-08-21 16:17:50
C00367,48,Male,Bangalore,2026-02-20 23:45:49
C00368,20,Male,Mumbai,2025-07-25 23:49:52
C00369,57,Male,Mumbai,2025-07-22 02:42:01
C00370,63,Female,Hyderabad,2025-05-19 09:06:02
C00371,41,Female,Hyderabad,2025-12-19 20:27:18
C00372,49,Male,Chennai,2026-06-21 14:41:46
C00373,64,Male,Chennai,2025-06-25 19:21:26
C00374,39,Male,Bangalore,2025-08-12 02:05:53
C00375,40,Male,Mumbai,2026-04-06 03:02:25
C00376,19,Female,Kolkata,2025-04-14 04:52:06
C00377,44,Female,Bangalore,2025-11-23 19:33:06
C00378,59,Male,Bangalore,2025-11-10 12:22:52
C00379,19,Female,Kolkata,2025-10-09 09:46:27
C00380,43,Male,Kolkata,2025-04-22 01:33:33
C00381,34,Female,Kolkata,2025-05-15 05:43:23
C00382,57,Female,Hyderabad,2025-06-06 16:01:06
C00383,50,Male,Bangalore,2025-02-02 05:57:58
C00384,26,Female,Bangalore,2025-12-18 09:05:10
C00385,60,Male,Delhi,2025-01-22 14:43:47
C00386,65,Male,Kolkata,2025-06-04 22:20:12
C00387,56,Male,Kolkata,2025-11-05 03:31:02
C00388,46,Male,Chennai,2026-06-22 15:00:00
C00389,59,Female,Chennai,2025-10-06 04:53:42
C00390,43,Female,Mumbai,2025-04-23 00:30:36
C00391,52,Female,Chennai,2025-12-26 18:44:31
C00392,42,Female,Pune,2025-12-22 07:39:10
C00393,41,Female,Mumbai,2025-12-13 23:26:25
C00394,30,Male,Kolkata,2026-04-14 02:55:45
C00395,24,Male,Delhi,2026-01-28 00:28:48
C00396,53,Male,Chennai,2026-02-28 22:12:33
C00397,62,Female,Delhi,2025-11-19 00:10:33
C00398,37,Female,Chennai,2026-03-01 23:09:49
C00399,18,Male,Chennai,2025-03-01 20:39:03
C00400,25,Female,Delhi,2025-05-02 09:58:02
C00401,63,Female,Bangalore,2026-05-23 16:22:15
C00402,33,Female,Bangalore,2026-03-06 04:43:58
C00403,31,Male,Bangalore,2026-06-17 18:53:35
C00404,29,Male,Pune,2025-05-03 17:38:56
C00405,40,Male,Bangalore,2025-05-12 19:46:51
C00406,32,Male,Chennai,2025-03-16 16:30:01
C00407,45,Male,Kolkata,2025-10-04 04:33:23
C00408,51,Female,Hyderabad,2026-05-14 09:03:01
C00409,19,Male,Delhi,2026-06-11 21:07:19
C00410,49,Female,Kolkata,2025-04-02 21:33:32
C00411,40,Female,Hyderabad,2025-02-24 19:33:53
C00412,39,Female,Kolkata,2025-11-12 21:34:52
C00413,42,Male,Pune,2025-04-27 00:20:47
C00414,39,Female,Hyderabad,2025-10-07 05:08:02
C00415,39,Female,Mumbai,2026-01-18 04:58:29
C00416,59,Male,Bangalore,2026-03-29 01:42:01
C00417,23,Male,Pune,2025-01-01 05:02:59
C00418,32,Female,Kolkata,2025-08-22 22:15:07
C00419,60,Male,Chennai,2025-11-13 17:42:09
C00420,54,Male,Bangalore,2025-01-18 15:05:55
C00421,50,Male,Bangalore,2026-04-04 01:12:55
C00422,25,Male,Hyderabad,2025-09-07 15:52:55
C00423,61,Female,Mumbai,2026-06-29 06:50:30
C00424,61,Male,Bangalore,2025-08-19 08:11:05
C00425,22,Female,Kolkata,2026-02-13 12:53:26
C00426,56,Female,Kolkata,2026-06-09 20:57:29
C00427,21,Female,Delhi,2026-03-30 20:48:11
C00428,23,Female,Delhi,2025-08-23 17:05:55
C00429,62,Female,Bangalore,2025-04-11 15:37:21
C00430,49,Male,Hyderabad,2025-06-20 06:52:08
C00431,47,Female,Hyderabad,2026-04-03 21:51:11
C00432,64,Female,Chennai,2026-01-11 08:09:54
C00433,52,Female,Pune,2025-03-08 01:16:53
C00434,57,Female,Pune,2025-10-17 02:31:53
C00435,33,Male,Pune,2025-01-03 14:40:48
C00436,30,Male,Mumbai,2025-07-09 11:26:30
C00437,59,Female,Hyderabad,2026-02-23 07:38:31
C00438,47,Male,Chennai,2026-03-20 21:20:54
C00439,36,Female,Delhi,2025-09-25 17:43:02
C00440,34,Male,Kolkata,2026-06-17 08:44:35
C00441,36,Male,Pune,2025-12-27 14:09:17
C00442,45,Male,Delhi,2026-03-22 10:23:04
C00443,43,Male,Delhi,2025-04-25 23:15:26
C00444,54,Female,Bangalore,2025-07-18 18:42:44
C00445,43,Male,Mumbai,2025-03-19 07:45:53
C00446,40,Female,Chennai,2026-04-19 19:07:42
C00447,26,Female,Mumbai,2026-03-31 16:19:00
C00448,29,Male,Bangalore,2025-10-25 00:58:59
C00449,18,Female,Chennai,2025-08-07 00:10:07
C00450,18,Female,Chennai,2025-08-29 11:33:02
C00451,64,Female,Hyderabad,2026-01-03 23:45:24
C00452,51,Male,Mumbai,2026-01-24 15:58:48
C00453,49,Female,Mumbai,2026-04-06 16:57:12
C00454,65,Female,Hyderabad,2025-07-03 18:29:38
C00455,42,Male,Delhi,2026-06-01 16:00:57
C00456,57,Male,Bangalore,2025-11-20 23:48:46
C00457,62,Female,Mumbai,2026-05-20 13:11:17
C00458,18,Male,Hyderabad,2025-03-20 14:31:06
C00459,33,Female,Kolkata,2025-07-15 07:51:30
C00460,56,Male,Chennai,2025-01-07 01:18:56
C00461,22,Female,Pune,2025-02-02 03:49:10
C00462,39,Female,Kolkata,2025-11-19 00:51:26
C00463,46,Male,Hyderabad,2025-08-06 12:43:00
C00464,20,Male,Pune,2026-06-04 11:30:01
C00465,29,Female,Delhi,2025-09-01 16:27:10
C00466,43,Female,Bangalore,2025-11-02 12:02:14
C00467,33,Female,Pune,2025-09-29 09:50:08
C00468,54,Male,Delhi,2026-03-19 20:20:07
C00469,39,Male,Pune,2025-12-12 15:52:50
C00470,46,Male,Chennai,2025-09-26 21:29:10
C00471,31,Female,Chennai,2025-10-02 18:54:51
C00472,45,Male,Chennai,2025-01-12 22:36:50
C00473,22,Male,Chennai,2026-06-29 23:15:46
C00474,64,Female,Hyderabad,2025-05-19 20:45:45
C00475,47,Female,Chennai,2025-11-21 20:02:00
C00476,63,Male,Kolkata,2026-06-03 20:14:20
C00477,22,Male,Chennai,2026-04-12 09:51:57
C00478,29,Female,Kolkata,2026-01-31 18:45:07
C00479,33,Female,Hyderabad,2026-03-08 21:15:33
C00480,43,Male,Chennai,2025-03-23 00:26:33
C00481,43,Female,Delhi,2025-02-06 09:06:37
C00482,65,Female,Delhi,2026-01-16 21:12:57
C00483,38,Male,Mumbai,2025-07-14 13:24:22
C00484,56,Male,Delhi,2025-09-30 22:46:28
C00485,53,Female,Bangalore,2026-05-16 13:00:33
C00486,50,Female,Bangalore,2026-01-09 15:49:02
C00487,47,Male,Bangalore,2026-05-05 21:37:02
C00488,54,Female,Hyderabad,2026-01-31 05:22:59
C00489,40,Female,Delhi,2025-12-14 05:15:57
C00490,27,Male,Kolkata,2025-07-02 21:41:16
C00491,22,Female,Bangalore,2025-06-08 15:39:15
C00492,53,Female,Mumbai,2026-05-09 08:35:38
C00493,51,Male,Hyderabad,2025-12-06 22:20:07
C00494,48,Male,Mumbai,2025-07-21 13:09:48
C00495,27,Male,Delhi,2026-02-19 16:56:20
C00496,36,Female,Chennai,2026-03-31 02:01:16
C00497,49,Female,Mumbai,2026-02-21 15:24:05
C00498,18,Male,Chennai,2026-02-04 09:43:35
C00499,22,Female,Hyderabad,2026-06-21 10:18:54
C00500,62,Female,Mumbai,2026-03-20 00:43:43
C00501,21,Female,Mumbai,2025-01-06 14:24:03
C00502,33,Male,Pune,2025-01-09 16:05:30
C00503,41,Male,Hyderabad,2026-06-05 06:28:57
C00504,33,Male,Hyderabad,2025-10-13 01:48:32
C00505,19,Female,Bangalore,2026-01-16 14:10:13
C00506,45,Male,Delhi,2025-02-09 19:25:40
C00507,49,Female,Mumbai,2026-05-15 03:39:59
C00508,44,Male,Mumbai,2025-07-31 03:41:34
C00509,37,Male,Kolkata,2026-02-19 23:46:47
C00510,41,Female,Hyderabad,2025-10-17 01:47:52
C00511,29,Female,Hyderabad,2026-01-29 07:40:42
C00512,52,Male,Delhi,2026-03-12 13:22:41
C00513,50,Male,Hyderabad,2025-01-09 23:07:06
C00514,50,Female,Chennai,2025-05-07 12:48:12
C00515,60,Male,Chennai,2025-02-01 16:44:19
C00516,54,Male,Pune,2026-01-05 16:00:26
C00517,29,Female,Chennai,2026-06-25 13:48:56
C00518,20,Male,Chennai,2026-01-18 08:31:00
C00519,18,Male,Delhi,2025-01-13 13:51:46
C00520,50,Male,Mumbai,2026-06-24 08:39:49
C00521,57,Male,Chennai,2025-06-24 04:25:02
C00522,27,Male,Pune,2025-04-17 12:56:34
C00523,60,Male,Hyderabad,2026-04-23 15:54:05
C00524,61,Male,Chennai,2026-06-17 17:32:04
C00525,46,Male,Pune,2026-05-27 09:44:02
C00526,30,Female,Delhi,2025-08-18 05:50:23
C00527,29,Male,Kolkata,2025-05-25 21:10:01
C00528,48,Male,Kolkata,2025-06-18 10:13:56
C00529,63,Female,Kolkata,2025-04-14 21:21:01
C00530,19,Female,Hyderabad,2025-02-23 05:30:00
C00531,52,Male,Pune,2025-05-22 20:12:15
C00532,40,Female,Chennai,2026-04-12 05:42:58
C00533,34,Male,Mumbai,2025-08-14 07:03:51
C00534,43,Male,Hyderabad,2025-12-11 10:38:30
C00535,25,Female,Hyderabad,2026-03-17 22:16:31
C00536,46,Female,Kolkata,2026-05-19 07:49:09
C00537,43,Male,Mumbai,2025-11-07 02:10:37
C00538,27,Male,Kolkata,2026-01-22 21:06:06
C00539,43,Female,Hyderabad,2025-09-01 19:01:59
C00540,51,Male,Chennai,2025-11-26 14:09:36
C00541,58,Female,Kolkata,2026-02-24 00:26:38
C00542,24,Male,Kolkata,2026-01-10 13:09:44
C00543,21,Female,Kolkata,2025-05-14 20:37:55
C00544,62,Female,Hyderabad,2026-05-09 18:08:23
C00545,28,Female,Chennai,2025-06-01 11:47:42
C00546,46,Female,Mumbai,2026-02-07 17:15:37
C00547,53,Female,Bangalore,2025-11-04 07:03:02
C00548,42,Male,Mumbai,2026-06-06 15:24:29
C00549,38,Male,Chennai,2026-03-17 18:45:32
C00550,53,Male,Delhi,2025-09-19 01:55:21
C00551,27,Female,Kolkata,2026-06-09 20:19:34
C00552,54,Female,Mumbai,2025-03-01 05:09:51
C00553,26,Male,Delhi,2026-06-29 02:13:52
C00554,41,Male,Delhi,2025-10-07 19:52:47
C00555,52,Male,Chennai,2025-12-18 12:54:41
C00556,52,Female,Chennai,2025-01-17 02:52:55
C00557,65,Male,Kolkata,2025-08-12 18:52:25
C00558,53,Female,Bangalore,2025-08-10 22:17:27
C00559,35,Female,Pune,2026-04-27 07:31:22
C00560,56,Male,Hyderabad,2025-12-22 07:55:44
C00561,49,Male,Mumbai,2025-12-08 09:02:53
C00562,41,Male,Chennai,2025-10-31 16:42:36
C00563,40,Male,Mumbai,2025-08-04 14:27:23
C00564,49,Male,Pune,2025-12-09 20:50:00
C00565,54,Male,Pune,2025-05-03 08:44:11
C00566,29,Female,Kolkata,2026-01-26 16:41:29
C00567,30,Male,Delhi,2026-05-14 17:39:28
C00568,40,Male,Kolkata,2025-03-31 17:49:19
C00569,42,Female,Hyderabad,2026-05-10 16:06:31
C00570,52,Female,Bangalore,2026-03-05 16:23:17
C00571,58,Male,Mumbai,2025-08-19 18:38:31
C00572,47,Female,Hyderabad,2026-06-08 03:25:50
C00573,34,Male,Bangalore,2026-03-01 15:34:02
C00574,37,Female,Mumbai,2025-07-15 16:39:51
C00575,65,Female,Hyderabad,2026-03-02 04:10:49
C00576,42,Female,Chennai,2025-11-16 02:33:18
C00577,39,Male,Mumbai,2026-01-26 23:33:58
C00578,30,Female,Hyderabad,2026-03-08 12:51:50
C00579,36,Male,Pune,2026-06-20 13:38:17
C00580,53,Male,Bangalore,2025-11-19 09:01:12
C00581,29,Male,Hyderabad,2025-02-15 08:12:43
C00582,58,Male,Chennai,2025-09-03 09:10:09
C00583,36,Male,Kolkata,2025-04-24 22:28:10
C00584,29,Female,Mumbai,2025-04-17 11:49:12
C00585,26,Female,Mumbai,2025-11-08 11:17:38
C00586,24,Male,Mumbai,2025-04-24 23:51:09
C00587,45,Male,Chennai,2025-02-16 15:54:20
C00588,31,Male,Bangalore,2025-06-05 04:28:49
C00589,48,Male,Mumbai,2026-01-06 03:37:24
C00590,36,Male,Bangalore,2026-01-08 09:19:24
C00591,64,Female,Hyderabad,2025-05-20 03:50:50
C00592,33,Male,Pune,2025-03-07 21:51:36
C00593,22,Male,Pune,2025-04-06 20:16:14
C00594,52,Male,Bangalore,2025-10-11 03:02:19
C00595,29,Female,Bangalore,2025-12-27 05:35:26
C00596,42,Female,Pune,2025-02-28 15:39:39
C00597,38,Female,Mumbai,2025-08-19 17:12:26
C00598,53,Female,Delhi,2026-01-11 03:02:17
C00599,40,Male,Delhi,2025-01-25 15:35:08
C00600,33,Male,Chennai,2026-03-01 07:16:53
C00601,56,Female,Kolkata,2026-02-17 17:02:27
C00602,62,Male,Pune,2025-09-03 04:01:55
C00603,59,Female,Pune,2025-01-31 12:23:14
C00604,56,Male,Chennai,2025-10-03 08:04:12
C00605,31,Male,Delhi,2026-03-03 13:08:00
C00606,48,Female,Hyderabad,2026-03-31 17:03:08
C00607,22,Female,Mumbai,2025-07-11 10:03:20
C00608,52,Female,Mumbai,2026-01-27 09:32:40
C00609,40,Male,Hyderabad,2025-11-03 14:34:23
C00610,46,Female,Hyderabad,2025-10-08 12:42:25
C00611,60,Male,Delhi,2026-05-03 04:56:01
C00612,28,Male,Chennai,2025-02-22 05:33:01
C00613,35,Male,Hyderabad,2025-01-22 17:10:13
C00614,64,Male,Chennai,2025-11-18 17:34:50
C00615,29,Male,Kolkata,2026-01-09 06:40:16
C00616,26,Male,Bangalore,2025-01-30 11:29:06
C00617,27,Male,Mumbai,2025-05-22 18:11:45
C00618,61,Male,Delhi,2025-09-02 01:51:35
C00619,34,Male,Mumbai,2025-04-19 22:30:20
C00620,55,Male,Delhi,2026-02-02 05:42:25
C00621,24,Male,Bangalore,2025-05-01 10:47:53
C00622,63,Female,Mumbai,2026-06-24 16:16:30
C00623,30,Male,Bangalore,2025-05-06 17:57:28
C00624,57,Male,Delhi,2025-10-04 00:44:03
C00625,59,Male,Hyderabad,2025-02-18 15:30:28
C00626,26,Female,Kolkata,2026-05-18 04:45:16
C00627,44,Female,Mumbai,2025-01-21 02:59:06
C00628,19,Female,Bangalore,2026-06-18 21:35:20
C00629,22,Female,Pune,2026-03-25 11:28:37
C00630,46,Male,Mumbai,2025-10-29 19:42:35
C00631,54,Female,Mumbai,2026-06-07 18:34:00
C00632,55,Female,Mumbai,2025-08-06 04:16:08
C00633,36,Male,Chennai,2025-02-05 19:20:06
C00634,25,Male,Bangalore,2026-04-14 01:28:29
C00635,65,Male,Bangalore,2025-03-08 18:42:44
C00636,62,Female,Mumbai,2026-02-14 19:10:07
C00637,18,Female,Hyderabad,2025-08-08 11:16:52
C00638,39,Female,Mumbai,2025-11-21 11:36:43
C00639,34,Male,Chennai,2025-09-26 00:53:43
C00640,24,Male,Delhi,2025-11-01 21:50:17
C00641,42,Male,Chennai,2026-05-19 00:49:23
C00642,62,Male,Hyderabad,2025-12-01 15:31:50
C00643,21,Female,Mumbai,2026-02-07 12:01:22
C00644,53,Female,Bangalore,2025-09-21 10:57:23
C00645,23,Male,Kolkata,2026-01-24 15:20:54
C00646,48,Female,Pune,2026-06-19 23:23:22
C00647,36,Male,Mumbai,2025-03-13 11:16:42
C00648,61,Female,Hyderabad,2025-08-26 15:03:48
C00649,56,Male,Bangalore,2025-12-11 11:36:11
C00650,44,Male,Chennai,2025-01-05 14:12:22
C00651,27,Male,Delhi,2026-05-17 03:15:21
C00652,43,Male,Delhi,2025-04-02 00:19:10
C00653,36,Male,Kolkata,2025-08-30 23:40:06
C00654,56,Female,Mumbai,2026-01-21 18:29:34
C00655,20,Female,Chennai,2025-08-19 22:21:17
C00656,62,Female,Kolkata,2025-12-20 16:21:32
C00657,30,Male,Pune,2025-02-02 18:40:03
C00658,45,Female,Pune,2025-12-29 04:16:55
C00659,37,Male,Kolkata,2025-01-12 23:41:10
C00660,45,Male,Hyderabad,2025-10-20 10:33:04
C00661,25,Female,Delhi,2025-09-19 14:34:09
C00662,58,Female,Chennai,2026-04-08 21:20:33
C00663,56,Male,Mumbai,2025-01-14 08:12:18
C00664,18,Male,Bangalore,2026-02-07 00:15:12
C00665,20,Female,Mumbai,2025-10-08 22:13:47
C00666,30,Male,Mumbai,2025-04-13 14:56:13
C00667,45,Male,Chennai,2025-05-09 22:21:35
C00668,42,Female,Delhi,2026-03-21 08:54:34
C00669,50,Male,Chennai,2025-05-31 04:23:20
C00670,55,Male,Bangalore,2025-06-04 05:23:24
C00671,23,Male,Kolkata,2026-04-26 03:49:21
C00672,61,Female,Chennai,2026-01-29 01:35:29
C00673,62,Female,Hyderabad,2025-05-29 15:15:00
C00674,49,Female,Mumbai,2025-05-17 08:07:56
C00675,62,Female,Delhi,2025-05-02 17:45:08
C00676,64,Female,Pune,2026-02-05 01:37:15
C00677,38,Male,Bangalore,2025-06-12 00:46:49
C00678,33,Male,Pune,2025-09-20 16:11:40
C00679,38,Female,Mumbai,2026-06-21 14:21:15
C00680,28,Female,Chennai,2026-03-27 20:04:18
C00681,54,Female,Pune,2026-04-25 13:10:33
C00682,53,Female,Hyderabad,2025-06-07 01:13:23
C00683,52,Male,Chennai,2025-12-11 15:00:33
C00684,36,Male,Mumbai,2025-09-15 18:25:56
C00685,37,Male,Pune,2025-07-30 22:14:22
C00686,35,Male,Kolkata,2025-10-20 10:17:24
C00687,64,Male,Bangalore,2025-09-08 00:55:16
C00688,58,Female,Pune,2026-04-25 04:01:30
C00689,31,Female,Kolkata,2026-06-19 18:29:50
C00690,32,Male,Kolkata,2025-04-13 05:13:13
C00691,48,Male,Pune,2026-05-19 06:09:09
C00692,18,Male,Delhi,2025-09-05 01:57:30
C00693,20,Male,Pune,2025-12-15 23:13:37
C00694,33,Female,Mumbai,2025-10-11 22:42:27
C00695,40,Female,Kolkata,2025-02-24 22:05:50
C00696,28,Female,Bangalore,2026-05-08 00:28:36
C00697,29,Female,Mumbai,2025-11-18 23:55:00
C00698,27,Female,Hyderabad,2026-02-21 05:28:50
C00699,49,Male,Chennai,2025-09-29 03:01:23
C00700,33,Male,Pune,2026-03-15 19:04:44
C00701,25,Male,Delhi,2025-07-15 12:30:43
C00702,55,Female,Bangalore,2025-07-07 11:10:20
C00703,29,Male,Delhi,2025-09-19 18:57:28
C00704,41,Male,Delhi,2026-06-28 07:11:51
C00705,45,Female,Delhi,2025-12-27 22:59:24
C00706,25,Female,Pune,2025-10-03 04:29:50
C00707,45,Female,Bangalore,2026-05-04 19:35:54
C00708,53,Male,Bangalore,2025-05-27 15:41:47
C00709,43,Male,Kolkata,2025-01-25 17:50:10
C00710,25,Male,Delhi,2026-06-11 06:59:12
C00711,45,Male,Kolkata,2025-01-28 23:31:30
C00712,45,Male,Kolkata,2026-05-15 21:16:35
C00713,54,Male,Chennai,2025-03-19 03:31:12
C00714,58,Female,Pune,2025-12-17 19:53:11
C00715,53,Male,Pune,2026-02-22 19:11:12
C00716,44,Female,Mumbai,2025-10-27 09:12:52
C00717,34,Female,Kolkata,2025-10-06 02:05:09
C00718,26,Male,Pune,2025-04-06 07:30:22
C00719,50,Female,Delhi,2026-04-27 14:46:07
C00720,37,Male,Hyderabad,2025-09-02 09:21:35
C00721,30,Male,Delhi,2025-04-14 19:13:07
C00722,45,Female,Bangalore,2025-09-28 03:00:59
C00723,65,Male,Pune,2026-01-06 02:17:03
C00724,46,Female,Pune,2025-04-29 01:44:35
C00725,30,Male,Mumbai,2025-08-11 06:40:52
C00726,63,Female,Kolkata,2025-09-05 07:44:32
C00727,52,Male,Hyderabad,2026-03-08 04:47:02
C00728,23,Male,Pune,2026-01-28 10:09:04
C00729,35,Male,Mumbai,2026-02-16 01:20:15
C00730,22,Female,Mumbai,2025-08-13 19:42:45
C00731,64,Female,Hyderabad,2025-11-20 05:25:02
C00732,42,Female,Delhi,2025-06-22 09:51:01
C00733,19,Male,Delhi,2025-12-02 21:27:29
C00734,27,Female,Delhi,2026-04-05 14:00:40
C00735,47,Female,Chennai,2025-03-24 14:33:39
C00736,62,Female,Kolkata,2025-12-03 18:35:24
C00737,22,Male,Kolkata,2025-05-01 13:34:45
C00738,50,Female,Delhi,2025-07-22 14:23:38
C00739,18,Female,Hyderabad,2025-05-19 15:21:16
C00740,35,Male,Chennai,2026-03-30 22:16:10
C00741,49,Female,Kolkata,2026-05-05 05:49:26
C00742,64,Female,Delhi,2026-05-13 13:09:44
C00743,28,Male,Chennai,2026-03-26 21:40:31
C00744,38,Male,Hyderabad,2025-10-22 10:25:38
C00745,43,Male,Delhi,2025-12-14 06:32:48
C00746,42,Female,Bangalore,2025-06-26 21:41:37
C00747,39,Female,Pune,2025-09-21 23:08:43
C00748,44,Male,Hyderabad,2025-04-30 13:14:02
C00749,30,Female,Mumbai,2026-05-24 17:27:42
C00750,50,Female,Mumbai,2025-05-17 00:59:39
C00751,51,Male,Hyderabad,2025-11-21 20:00:16
C00752,58,Female,Mumbai,2026-02-20 01:37:08
C00753,52,Female,Kolkata,2025-03-22 12:10:55
C00754,18,Female,Hyderabad,2025-02-18 17:14:54
C00755,38,Female,Bangalore,2025-09-12 04:54:05
C00756,65,Female,Hyderabad,2026-06-12 20:10:09
C00757,23,Female,Delhi,2025-05-03 20:38:07
C00758,45,Male,Delhi,2025-05-12 09:11:46
C00759,34,Female,Chennai,2025-05-01 09:04:07
C00760,22,Female,Mumbai,2026-04-22 15:51:10
C00761,48,Female,Pune,2026-03-30 21:50:01
C00762,22,Male,Mumbai,2026-01-22 09:57:17
C00763,55,Female,Kolkata,2025-05-01 08:06:28
C00764,20,Male,Hyderabad,2025-07-11 04:37:08
C00765,40,Female,Pune,2026-03-30 02:30:45
C00766,54,Male,Pune,2025-11-04 11:26:35
C00767,54,Male,Mumbai,2025-01-26 15:15:34
C00768,27,Male,Pune,2026-02-21 12:05:32
C00769,27,Male,Pune,2025-11-22 07:21:20
C00770,36,Female,Delhi,2025-03-05 15:45:03
C00771,34,Female,Bangalore,2026-04-11 00:20:43
C00772,38,Female,Hyderabad,2026-03-27 17:01:31
C00773,31,Male,Mumbai,2026-05-27 10:36:40
C00774,26,Male,Delhi,2025-02-16 11:56:20
C00775,63,Female,Kolkata,2026-06-18 09:55:44
C00776,18,Female,Kolkata,2025-09-05 00:38:43
C00777,62,Male,Chennai,2025-02-10 08:13:47
C00778,30,Male,Pune,2025-06-23 17:43:11
C00779,21,Male,Pune,2026-02-01 18:09:03
C00780,18,Female,Mumbai,2026-04-27 12:12:13
C00781,57,Female,Bangalore,2025-02-16 23:46:51
C00782,49,Male,Bangalore,2025-02-27 17:20:08
C00783,51,Male,Mumbai,2025-10-11 22:40:44
C00784,45,Female,Mumbai,2025-05-06 14:10:56
C00785,48,Male,Delhi,2025-10-08 23:13:20
C00786,25,Male,Kolkata,2026-01-14 21:24:29
C00787,56,Female,Mumbai,2026-04-05 18:58:02
C00788,43,Male,Kolkata,2025-03-16 12:21:22
C00789,51,Male,Chennai,2026-03-26 23:28:31
C00790,20,Female,Kolkata,2025-11-09 16:44:30
C00791,29,Female,Delhi,2025-09-27 17:14:50
C00792,18,Female,Pune,2026-02-04 22:19:21
C00793,61,Female,Pune,2025-03-05 21:56:17
C00794,22,Female,Kolkata,2026-01-12 21:53:29
C00795,47,Female,Pune,2025-08-10 06:37:55
C00796,47,Male,Pune,2025-09-19 11:58:08
C00797,34,Female,Hyderabad,2026-04-08 23:27:23
C00798,65,Female,Chennai,2025-07-31 09:43:57
C00799,64,Male,Delhi,2026-03-14 05:47:03
C00800,40,Male,Delhi,2025-09-17 22:44:44
C00801,32,Male,Pune,2026-06-03 21:02:59
C00802,54,Male,Bangalore,2025-09-26 23:54:38
C00803,38,Male,Delhi,2025-12-25 20:20:34
C00804,31,Female,Chennai,2025-07-25 12:13:14
C00805,19,Female,Mumbai,2025-08-31 02:42:36
C00806,28,Male,Chennai,2025-06-14 21:33:10
C00807,56,Male,Pune,2025-06-17 04:51:50
C00808,55,Male,Pune,2025-11-17 09:45:17
C00809,51,Female,Hyderabad,2025-11-16 12:41:34
C00810,55,Male,Kolkata,2025-09-27 13:05:51
C00811,51,Male,Delhi,2025-11-03 05:15:51
C00812,35,Male,Kolkata,2025-07-16 13:08:06
C00813,47,Male,Kolkata,2025-06-11 07:29:16
C00814,32,Male,Delhi,2025-12-25 03:27:35
C00815,44,Female,Delhi,2025-05-22 08:20:36
C00816,51,Female,Pune,2026-01-17 22:58:38
C00817,55,Female,Delhi,2025-11-26 05:17:39
C00818,50,Male,Bangalore,2026-01-31 14:09:51
C00819,41,Female,Bangalore,2025-01-13 17:48:31
C00820,32,Female,Mumbai,2026-02-18 03:14:59
C00821,47,Male,Delhi,2025-01-24 11:57:25
C00822,59,Female,Hyderabad,2026-02-27 22:48:58
C00823,34,Male,Mumbai,2025-06-12 10:03:27
C00824,22,Female,Pune,2026-03-07 14:10:30
C00825,46,Male,Delhi,2025-02-19 02:47:18
C00826,21,Female,Bangalore,2025-09-27 03:53:56
C00827,27,Male,Hyderabad,2026-03-28 06:26:20
C00828,34,Female,Mumbai,2026-04-04 21:44:04
C00829,27,Female,Hyderabad,2025-10-07 14:16:14
C00830,34,Female,Delhi,2026-01-26 18:07:35
C00831,37,Male,Chennai,2026-03-22 20:17:49
C00832,41,Male,Hyderabad,2026-02-27 02:11:50
C00833,22,Female,Hyderabad,2025-05-04 05:48:05
C00834,51,Male,Pune,2026-06-26 20:42:14
C00835,23,Male,Bangalore,2025-02-16 05:55:05
C00836,19,Female,Delhi,2025-10-11 21:09:49
C00837,30,Female,Hyderabad,2025-08-04 11:44:17
C00838,60,Male,Delhi,2026-03-08 13:28:29
C00839,60,Male,Bangalore,2025-10-28 09:42:01
C00840,65,Male,Pune,2025-04-07 23:13:42
C00841,28,Female,Delhi,2025-09-22 20:43:09
C00842,64,Female,Kolkata,2025-11-10 21:41:45
C00843,40,Female,Bangalore,2026-06-10 03:18:30
C00844,33,Female,Bangalore,2026-03-25 21:40:20
C00845,48,Male,Mumbai,2025-02-08 21:26:48
C00846,28,Male,Pune,2025-07-16 12:21:59
C00847,33,Male,Pune,2025-11-22 22:48:41
C00848,25,Male,Kolkata,2025-08-15 23:12:14
C00849,21,Female,Delhi,2025-04-10 19:10:54
C00850,57,Female,Chennai,2025-01-27 12:40:07
C00851,21,Male,Kolkata,2025-02-22 16:04:02
C00852,42,Male,Mumbai,2025-03-19 23:01:54
C00853,20,Female,Pune,2025-02-26 17:40:21
C00854,49,Female,Bangalore,2025-03-28 13:42:53
C00855,20,Male,Pune,2025-05-21 21:04:56
C00856,44,Female,Kolkata,2025-08-26 10:38:54
C00857,46,Female,Chennai,2025-11-29 10:47:58
C00858,49,Male,Hyderabad,2025-10-07 19:03:27
C00859,36,Female,Hyderabad,2025-02-01 20:41:18
C00860,38,Male,Pune,2025-10-13 18:19:11
C00861,22,Female,Pune,2025-02-19 23:43:40
C00862,35,Female,Mumbai,2026-01-16 15:53:29
C00863,45,Female,Pune,2025-02-18 05:49:02
C00864,59,Female,Chennai,2026-03-24 02:49:53
C00865,39,Male,Pune,2026-06-13 07:23:56
C00866,38,Female,Delhi,2025-02-23 18:23:19
C00867,23,Female,Kolkata,2025-02-05 21:03:35
C00868,18,Female,Chennai,2025-04-02 10:16:45
C00869,22,Female,Mumbai,2026-01-03 05:01:49
C00870,58,Female,Delhi,2026-02-09 02:31:19
C00871,29,Female,Delhi,2025-03-14 01:09:44
C00872,43,Male,Kolkata,2025-08-05 20:40:28
C00873,63,Female,Hyderabad,2025-08-04 05:38:09
C00874,51,Female,Chennai,2026-06-18 10:08:31
C00875,31,Female,Kolkata,2025-02-17 19:46:20
C00876,43,Female,Delhi,2025-11-19 06:56:32
C00877,62,Male,Mumbai,2026-02-05 04:33:35
C00878,44,Male,Kolkata,2025-08-02 18:45:11
C00879,26,Female,Hyderabad,2025-09-16 05:13:59
C00880,43,Female,Delhi,2026-02-14 12:04:42
C00881,64,Male,Kolkata,2025-06-06 18:59:15
C00882,39,Female,Chennai,2025-08-06 02:56:23
C00883,64,Male,Hyderabad,2025-09-17 11:59:18
C00884,47,Female,Chennai,2026-01-26 11:06:04
C00885,60,Male,Chennai,2025-07-06 04:13:21
C00886,65,Male,Chennai,2025-08-21 06:41:33
C00887,34,Male,Kolkata,2025-05-07 04:48:19
C00888,43,Male,Hyderabad,2025-03-05 20:46:07
C00889,53,Male,Kolkata,2026-01-04 18:13:22
C00890,18,Male,Kolkata,2025-09-26 22:35:28
C00891,25,Male,Kolkata,2025-07-07 23:14:44
C00892,52,Female,Delhi,2025-04-10 15:35:07
C00893,32,Female,Pune,2025-11-29 13:52:22
C00894,64,Male,Bangalore,2025-11-07 15:32:16
C00895,39,Female,Delhi,2025-08-27 13:24:30
C00896,31,Male,Hyderabad,2026-04-10 12:15:59
C00897,43,Female,Bangalore,2026-05-08 20:08:48
C00898,45,Female,Bangalore,2026-06-01 14:03:31
C00899,40,Male,Bangalore,2025-11-06 22:16:25
C00900,31,Male,Pune,2025-10-30 09:40:19
C00901,41,Male,Kolkata,2025-05-07 23:31:15
C00902,19,Male,Mumbai,2025-01-08 20:11:50
C00903,62,Female,Hyderabad,2026-04-18 01:17:33
C00904,43,Male,Pune,2025-10-21 22:56:08
C00905,31,Male,Pune,2025-03-27 14:40:22
C00906,24,Male,Mumbai,2025-09-22 17:23:44
C00907,20,Male,Bangalore,2026-04-16 11:06:08
C00908,64,Female,Kolkata,2025-10-07 20:23:47
C00909,40,Male,Mumbai,2025-02-19 18:37:55
C00910,63,Female,Mumbai,2025-08-10 21:53:04
C00911,60,Male,Pune,2025-07-13 08:44:25
C00912,64,Male,Hyderabad,2025-12-31 11:44:33
C00913,62,Female,Chennai,2025-10-23 23:33:46
C00914,35,Male,Kolkata,2025-05-20 03:19:48
C00915,55,Female,Mumbai,2025-11-09 14:57:27
C00916,52,Female,Kolkata,2026-03-12 15:27:10
C00917,32,Male,Mumbai,2025-11-23 07:44:34
C00918,42,Male,Bangalore,2025-04-01 15:45:28
C00919,54,Male,Kolkata,2026-03-16 10:16:48
C00920,45,Male,Bangalore,2025-11-16 13:31:00
C00921,27,Male,Pune,2026-01-03 23:19:40
C00922,56,Male,Bangalore,2025-08-14 02:12:18
C00923,34,Male,Kolkata,2025-09-11 05:34:59
C00924,56,Female,Delhi,2025-08-03 16:16:27
C00925,39,Female,Kolkata,2025-09-25 06:34:46
C00926,43,Female,Mumbai,2025-08-06 18:47:38
C00927,61,Male,Bangalore,2025-05-07 13:26:47
C00928,42,Male,Hyderabad,2025-12-05 16:16:42
C00929,34,Female,Delhi,2025-11-01 08:27:53
C00930,30,Female,Pune,2026-04-08 04:24:44
C00931,37,Female,Chennai,2025-04-20 15:34:20
C00932,42,Male,Mumbai,2025-07-28 09:04:18
C00933,21,Female,Mumbai,2025-11-11 18:06:42
C00934,27,Female,Hyderabad,2026-03-30 17:18:13
C00935,20,Male,Chennai,2026-03-12 17:00:30
C00936,58,Male,Chennai,2026-02-03 01:37:40
C00937,62,Female,Pune,2026-02-09 16:10:31
C00938,35,Male,Pune,2026-02-28 06:01:17
C00939,64,Male,Delhi,2025-08-21 17:58:35
C00940,53,Female,Mumbai,2026-04-21 02:59:32
C00941,64,Female,Bangalore,2025-06-04 19:26:02
C00942,39,Male,Pune,2025-01-02 10:31:23
C00943,51,Male,Hyderabad,2026-03-19 00:50:44
C00944,64,Male,Hyderabad,2025-11-15 05:03:57
C00945,25,Female,Hyderabad,2026-03-08 13:55:05
C00946,57,Male,Kolkata,2025-09-22 20:58:57
C00947,61,Female,Pune,2025-08-28 01:33:31
C00948,36,Male,Pune,2025-09-27 11:27:54
C00949,59,Male,Hyderabad,2025-02-26 00:55:00
C00950,58,Female,Pune,2025-08-16 16:07:26
C00951,54,Female,Kolkata,2026-05-28 13:43:39
C00952,23,Male,Bangalore,2026-02-28 02:17:58
C00953,43,Male,Bangalore,2025-01-01 10:18:37
C00954,51,Female,Delhi,2026-06-08 08:45:48
C00955,62,Male,Mumbai,2025-10-06 21:52:52
C00956,23,Female,Bangalore,2025-08-22 00:28:08
C00957,54,Male,Delhi,2025-09-02 21:44:29
C00958,50,Female,Chennai,2026-06-15 10:25:07
C00959,39,Female,Mumbai,2026-03-07 00:16:29
C00960,38,Male,Bangalore,2025-05-27 03:52:44
C00961,23,Female,Kolkata,2025-07-25 03:53:20
C00962,23,Male,Chennai,2025-09-26 10:13:11
C00963,65,Male,Delhi,2025-08-04 17:26:47
C00964,21,Female,Bangalore,2025-04-29 04:16:17
C00965,47,Male,Bangalore,2025-04-27 09:15:14
C00966,28,Female,Pune,2026-03-24 14:23:20
C00967,47,Male,Chennai,2025-06-02 07:52:48
C00968,48,Male,Bangalore,2025-06-03 06:20:15
C00969,41,Male,Hyderabad,2025-11-14 01:36:06
C00970,26,Male,Kolkata,2025-05-05 14:09:16
C00971,20,Male,Pune,2025-08-02 16:39:54
C00972,48,Female,Pune,2025-10-28 05:55:16
C00973,57,Female,Bangalore,2025-04-24 10:43:37
C00974,54,Female,Kolkata,2026-05-04 03:59:37
C00975,53,Male,Pune,2025-03-04 16:31:40
C00976,41,Male,Mumbai,2026-04-25 05:43:53
C00977,48,Male,Chennai,2025-07-15 17:23:43
C00978,23,Male,Mumbai,2025-01-20 09:14:02
C00979,19,Female,Delhi,2025-09-18 05:23:44
C00980,37,Male,Mumbai,2025-01-08 14:11:00
C00981,45,Male,Kolkata,2025-03-10 04:35:09
C00982,28,Female,Hyderabad,2025-05-17 02:00:19
C00983,21,Male,Pune,2026-06-16 01:21:23
C00984,32,Male,Kolkata,2025-03-17 06:36:24
C00985,23,Male,Pune,2025-10-23 21:16:23
C00986,47,Male,Hyderabad,2025-08-19 10:21:46
C00987,55,Female,Pune,2025-12-06 02:17:48
C00988,19,Male,Mumbai,2025-04-24 08:58:19
C00989,32,Male,Delhi,2025-06-04 06:13:08
C00990,28,Male,Bangalore,2025-01-07 03:28:21
C00991,25,Male,Hyderabad,2026-03-24 06:46:41
C00992,43,Male,Mumbai,2025-11-23 15:10:20
C00993,62,Female,Kolkata,2025-07-24 03:57:30
C00994,61,Female,Mumbai,2025-05-01 03:35:43
C00995,22,Female,Mumbai,2026-02-11 13:02:37
C00996,23,Male,Bangalore,2025-12-07 19:23:14
C00997,43,Female,Chennai,2025-01-31 14:18:28
C00998,21,Female,Pune,2025-07-23 20:25:05
C00999,36,Male,Pune,2025-02-27 20:48:02
C01000,37,Female,Kolkata,2025-05-10 04:27:47
C01001,50,Male,Delhi,2025-02-25 14:23:49
C01002,37,Male,Kolkata,2025-11-24 12:26:44
C01003,29,Female,Chennai,2026-05-04 13:15:53
C01004,64,Male,Pune,2025-02-14 06:46:11
C01005,18,Female,Delhi,2025-04-02 17:34:20
C01006,43,Male,Kolkata,2025-02-07 14:45:50
C01007,31,Female,Delhi,2026-01-12 01:09:21
C01008,55,Female,Mumbai,2025-03-20 09:24:20
C01009,54,Female,Hyderabad,2025-06-19 09:15:16
C01010,28,Male,Mumbai,2026-03-10 06:10:11
C01011,53,Male,Bangalore,2026-01-08 11:00:10
C01012,30,Male,Pune,2025-03-03 21:25:19
C01013,60,Male,Delhi,2025-05-18 02:50:06
C01014,20,Male,Kolkata,2025-01-14 22:15:07
C01015,50,Female,Hyderabad,2025-11-09 06:19:27
C01016,23,Female,Kolkata,2026-04-08 09:22:31
C01017,27,Female,Pune,2026-01-20 18:15:12
C01018,22,Male,Delhi,2025-11-10 19:23:32
C01019,40,Male,Delhi,2025-03-31 10:13:29
C01020,27,Male,Mumbai,2025-03-03 11:22:24
C01021,61,Female,Hyderabad,2025-12-31 00:01:53
C01022,19,Female,Hyderabad,2026-02-15 19:49:21
C01023,30,Female,Pune,2025-04-04 14:04:58
C01024,57,Female,Delhi,2026-04-03 16:25:52
C01025,19,Female,Hyderabad,2025-03-03 02:50:19
C01026,37,Male,Hyderabad,2026-06-17 10:38:57
C01027,18,Male,Kolkata,2026-05-15 04:51:17
C01028,54,Female,Pune,2026-06-20 11:08:52
C01029,26,Male,Mumbai,2026-01-22 16:35:31
C01030,34,Male,Kolkata,2026-06-13 07:08:04
C01031,26,Female,Kolkata,2026-04-14 00:50:16
C01032,28,Female,Chennai,2025-12-30 05:30:03
C01033,32,Female,Bangalore,2025-03-01 20:13:48
C01034,41,Female,Chennai,2026-06-18 16:29:42
C01035,55,Female,Hyderabad,2025-07-06 04:04:23
C01036,52,Male,Delhi,2026-04-20 09:48:14
C01037,47,Male,Bangalore,2025-02-15 02:40:19
C01038,48,Female,Bangalore,2026-05-30 22:28:42
C01039,22,Female,Delhi,2026-06-26 09:46:29
C01040,61,Male,Bangalore,2025-02-24 19:39:00
C01041,31,Female,Delhi,2025-12-26 01:07:08
C01042,28,Male,Bangalore,2026-05-16 03:06:45
C01043,26,Male,Kolkata,2025-09-15 03:14:10
C01044,51,Female,Pune,2025-06-16 11:51:32
C01045,29,Male,Pune,2025-10-03 06:46:32
C01046,52,Male,Chennai,2026-03-29 04:41:42
C01047,52,Male,Kolkata,2025-06-22 16:58:35
C01048,18,Female,Bangalore,2026-04-07 20:48:03
C01049,57,Male,Mumbai,2025-05-22 11:03:02
C01050,39,Female,Delhi,2025-11-29 13:58:28
C01051,46,Female,Kolkata,2026-04-23 21:39:26
C01052,25,Male,Bangalore,2025-12-09 09:17:51
C01053,28,Female,Pune,2025-08-16 13:19:29
C01054,58,Male,Pune,2025-11-21 19:37:48
C01055,54,Female,Delhi,2026-03-18 13:02:39
C01056,31,Female,Mumbai,2025-08-19 21:04:39
C01057,47,Female,Bangalore,2025-04-08 11:38:39
C01058,52,Male,Bangalore,2026-06-04 11:32:54
C01059,38,Male,Mumbai,2025-05-04 18:08:49
C01060,54,Male,Mumbai,2025-02-24 03:03:57
C01061,22,Male,Mumbai,2026-02-11 04:20:37
C01062,36,Female,Pune,2025-08-09 23:26:16
C01063,31,Male,Delhi,2026-04-29 07:24:11
C01064,43,Female,Kolkata,2025-03-27 04:15:15
C01065,21,Male,Mumbai,2025-04-05 19:48:54
C01066,42,Male,Delhi,2026-02-08 04:12:50
C01067,62,Female,Chennai,2026-01-31 10:27:16
C01068,59,Male,Bangalore,2025-03-03 14:27:12
C01069,42,Female,Bangalore,2026-02-05 09:12:46
C01070,35,Female,Hyderabad,2025-12-07 06:12:41
C01071,57,Female,Chennai,2025-10-30 22:30:16
C01072,25,Male,Kolkata,2025-04-27 18:11:52
C01073,56,Female,Mumbai,2025-12-08 19:52:14
C01074,57,Female,Mumbai,2026-06-03 20:15:29
C01075,31,Female,Kolkata,2026-05-24 06:28:03
C01076,49,Male,Pune,2026-05-29 06:19:10
C01077,55,Female,Chennai,2026-06-06 20:56:18
C01078,50,Female,Mumbai,2025-10-22 02:22:04
C01079,40,Female,Hyderabad,2025-11-30 12:35:54
C01080,32,Male,Delhi,2025-10-14 17:08:16
C01081,50,Male,Bangalore,2025-02-20 07:00:37
C01082,42,Female,Chennai,2026-03-06 14:25:01
C01083,34,Male,Bangalore,2026-06-28 00:26:54
C01084,50,Female,Delhi,2025-10-26 23:09:13
C01085,64,Male,Chennai,2025-07-11 22:47:45
C01086,19,Female,Delhi,2026-01-11 13:56:24
C01087,31,Male,Mumbai,2025-04-21 02:27:20
C01088,57,Male,Kolkata,2026-05-22 03:58:55
C01089,57,Female,Mumbai,2026-03-03 19:09:30
C01090,56,Female,Kolkata,2025-07-04 04:18:52
C01091,23,Female,Mumbai,2025-05-13 18:29:13
C01092,23,Male,Delhi,2026-04-10 09:25:21
C01093,20,Female,Delhi,2026-02-18 07:49:33
C01094,24,Female,Delhi,2025-02-13 06:52:21
C01095,25,Female,Bangalore,2026-04-22 22:11:51
C01096,59,Male,Delhi,2025-04-25 18:58:06
C01097,32,Female,Mumbai,2025-07-12 09:23:27
C01098,64,Female,Hyderabad,2026-04-27 13:47:32
C01099,46,Female,Delhi,2025-10-01 00:50:36
C01100,50,Male,Hyderabad,2025-04-10 01:09:30
C01101,47,Female,Kolkata,2026-05-19 23:45:09
C01102,56,Female,Mumbai,2026-06-13 12:14:57
C01103,44,Male,Delhi,2025-05-13 21:19:27
C01104,53,Male,Bangalore,2025-03-28 10:24:30
C01105,46,Male,Bangalore,2026-06-01 13:21:14
C01106,55,Male,Kolkata,2026-02-21 23:42:13
C01107,50,Male,Hyderabad,2025-05-10 00:04:01
C01108,54,Female,Pune,2025-04-30 05:33:18
C01109,44,Female,Bangalore,2025-08-16 15:05:04
C01110,50,Female,Bangalore,2026-06-09 16:08:29
C01111,21,Female,Bangalore,2025-12-15 13:28:32
C01112,39,Male,Mumbai,2025-09-04 16:07:07
C01113,19,Male,Bangalore,2025-04-02 20:29:14
C01114,27,Female,Chennai,2025-04-07 18:54:29
C01115,22,Male,Delhi,2025-07-13 05:51:39
C01116,27,Male,Kolkata,2025-09-08 03:46:19
C01117,50,Male,Bangalore,2025-12-31 23:12:02
C01118,55,Male,Pune,2025-05-02 09:25:49
C01119,30,Female,Pune,2026-05-30 04:55:59
C01120,48,Male,Bangalore,2025-10-12 02:45:42
C01121,64,Male,Bangalore,2025-07-04 17:24:17
C01122,53,Male,Chennai,2026-04-07 19:33:26
C01123,62,Female,Bangalore,2025-04-08 04:18:39
C01124,41,Male,Bangalore,2025-09-04 10:44:54
C01125,32,Female,Delhi,2025-02-02 14:10:39
C01126,46,Male,Pune,2025-01-09 16:28:26
C01127,25,Male,Chennai,2026-02-27 22:10:21
C01128,22,Female,Pune,2026-01-18 08:08:34
C01129,46,Male,Chennai,2025-02-21 13:01:33
C01130,64,Male,Pune,2025-03-30 19:01:51
C01131,21,Male,Bangalore,2025-09-26 09:39:47
C01132,29,Female,Pune,2026-03-24 22:40:16
C01133,62,Male,Pune,2025-12-10 08:00:02
C01134,19,Female,Chennai,2025-07-03 11:18:12
C01135,44,Male,Kolkata,2025-01-15 12:05:59
C01136,48,Male,Hyderabad,2025-03-26 01:12:49
C01137,53,Male,Chennai,2026-01-11 17:07:14
C01138,53,Female,Chennai,2026-04-30 04:56:06
C01139,43,Male,Chennai,2026-02-28 13:06:05
C01140,60,Male,Mumbai,2025-12-14 17:04:09
C01141,44,Male,Kolkata,2026-01-26 14:58:59
C01142,22,Male,Mumbai,2026-04-30 07:11:41
C01143,37,Male,Mumbai,2026-05-06 20:12:38
C01144,28,Female,Chennai,2026-01-11 12:36:51
C01145,27,Male,Hyderabad,2025-03-26 13:20:26
C01146,57,Male,Chennai,2025-04-07 12:42:13
C01147,55,Female,Bangalore,2026-04-07 19:04:53
C01148,23,Male,Hyderabad,2025-09-16 14:07:30
C01149,25,Male,Mumbai,2025-01-29 14:46:25
C01150,40,Male,Pune,2025-01-19 22:49:06
C01151,64,Female,Pune,2025-11-04 05:48:56
C01152,43,Male,Kolkata,2025-04-15 04:00:50
C01153,63,Male,Delhi,2026-03-08 20:01:54
C01154,60,Male,Kolkata,2025-01-27 19:13:52
C01155,29,Female,Hyderabad,2025-11-18 12:22:41
C01156,43,Male,Mumbai,2025-04-28 03:21:14
C01157,30,Female,Hyderabad,2025-06-12 12:14:03
C01158,57,Female,Hyderabad,2026-06-20 11:37:38
C01159,35,Female,Pune,2026-02-27 02:49:53
C01160,42,Male,Chennai,2025-07-22 05:28:05
C01161,50,Male,Bangalore,2026-06-09 02:58:40
C01162,64,Male,Delhi,2025-07-05 15:30:13
C01163,57,Male,Mumbai,2026-06-14 16:37:37
C01164,60,Male,Hyderabad,2025-10-14 14:56:44
C01165,29,Female,Delhi,2026-03-15 20:22:22
C01166,61,Male,Hyderabad,2026-02-26 01:54:58
C01167,53,Male,Pune,2025-08-22 08:32:50
C01168,65,Female,Bangalore,2026-01-31 18:57:12
C01169,21,Female,Pune,2025-01-17 08:36:27
C01170,22,Male,Delhi,2025-09-18 04:43:31
C01171,54,Female,Mumbai,2025-04-03 06:33:59
C01172,25,Male,Hyderabad,2025-10-11 07:52:29
C01173,59,Female,Bangalore,2025-02-19 12:02:57
C01174,45,Female,Pune,2025-07-06 05:00:23
C01175,48,Female,Delhi,2026-02-19 09:41:28
C01176,26,Female,Pune,2025-02-25 22:37:41
C01177,46,Male,Hyderabad,2025-05-19 15:16:57
C01178,31,Male,Hyderabad,2026-02-08 07:59:12
C01179,57,Female,Mumbai,2025-01-30 07:23:50
C01180,58,Male,Bangalore,2025-12-10 01:53:20
C01181,39,Female,Chennai,2025-08-29 21:21:58
C01182,28,Male,Pune,2025-05-24 16:25:33
C01183,40,Male,Hyderabad,2026-01-29 08:58:25
C01184,18,Male,Delhi,2026-06-15 22:23:30
C01185,63,Male,Pune,2026-01-16 23:53:32
C01186,54,Female,Mumbai,2025-12-14 07:57:15
C01187,38,Female,Mumbai,2025-05-02 05:51:14
C01188,43,Female,Hyderabad,2025-12-23 13:33:20
C01189,63,Female,Hyderabad,2025-07-03 05:33:08
C01190,53,Female,Hyderabad,2025-05-31 05:04:52
C01191,40,Female,Kolkata,2025-05-18 22:29:29
C01192,18,Male,Chennai,2025-05-07 23:41:40
C01193,57,Female,Hyderabad,2025-04-29 02:59:57
C01194,32,Male,Pune,2026-01-04 01:04:08
C01195,38,Male,Pune,2026-04-02 20:11:17
C01196,64,Female,Kolkata,2026-05-19 16:32:05
C01197,26,Male,Kolkata,2025-12-10 11:42:42
C01198,26,Male,Bangalore,2025-09-22 12:03:02
C01199,27,Male,Delhi,2025-11-02 10:00:02
C01200,43,Male,Hyderabad,2025-12-20 03:49:37
C01201,58,Female,Pune,2025-05-26 13:31:32
C01202,52,Male,Kolkata,2025-03-17 18:47:32
C01203,42,Male,Pune,2025-09-23 04:10:00
C01204,43,Male,Pune,2026-04-09 14:49:52
C01205,28,Male,Kolkata,2026-02-20 08:56:03
C01206,55,Female,Chennai,2025-05-25 22:02:01
C01207,19,Male,Kolkata,2025-06-06 13:00:14
C01208,24,Female,Kolkata,2025-11-17 02:30:55
C01209,35,Female,Delhi,2025-01-31 12:39:48
C01210,44,Female,Kolkata,2026-04-08 04:20:33
C01211,51,Female,Mumbai,2026-06-16 22:30:24
C01212,44,Female,Kolkata,2025-06-23 16:59:57
C01213,34,Male,Pune,2025-01-19 02:57:11
C01214,60,Male,Hyderabad,2026-04-11 19:47:13
C01215,61,Male,Pune,2025-09-01 18:57:54
C01216,41,Female,Delhi,2025-07-09 15:14:03
C01217,42,Male,Mumbai,2026-02-04 07:02:57
C01218,24,Male,Kolkata,2026-03-21 00:13:23
C01219,23,Male,Chennai,2025-10-22 13:10:21
C01220,41,Male,Bangalore,2025-01-11 05:13:36
C01221,50,Male,Kolkata,2025-01-06 17:57:06
C01222,46,Female,Hyderabad,2025-08-21 12:53:40
C01223,60,Male,Bangalore,2025-02-21 05:38:39
C01224,39,Female,Chennai,2025-03-25 09:16:03
C01225,43,Female,Delhi,2026-01-16 08:15:49
C01226,45,Male,Delhi,2025-07-19 10:32:14
C01227,38,Male,Chennai,2026-06-08 11:22:11
C01228,24,Male,Pune,2025-04-04 19:06:14
C01229,34,Male,Chennai,2025-07-17 09:40:45
C01230,37,Female,Kolkata,2026-01-11 18:40:06
C01231,58,Male,Hyderabad,2025-09-04 11:20:53
C01232,37,Male,Mumbai,2025-04-15 07:52:17
C01233,39,Female,Kolkata,2025-03-25 00:37:29
C01234,45,Female,Kolkata,2025-08-02 00:21:11
C01235,57,Female,Kolkata,2025-05-26 15:41:59
C01236,24,Female,Bangalore,2025-09-15 21:00:10
C01237,18,Female,Bangalore,2025-05-14 12:48:09
C01238,49,Male,Delhi,2026-01-18 19:31:25
C01239,30,Female,Kolkata,2026-04-03 10:55:41
C01240,47,Male,Pune,2026-05-12 23:04:26
C01241,40,Female,Delhi,2025-05-12 04:17:55
C01242,36,Female,Hyderabad,2025-09-18 17:27:17
C01243,49,Male,Chennai,2025-05-22 21:31:54
C01244,47,Female,Bangalore,2025-02-06 04:50:13
C01245,46,Female,Kolkata,2026-06-29 08:49:24
C01246,62,Male,Hyderabad,2025-03-02 13:33:49
C01247,46,Female,Delhi,2025-09-16 00:36:34
C01248,47,Male,Delhi,2025-10-29 19:49:58
C01249,33,Female,Bangalore,2025-04-27 07:40:01
C01250,57,Male,Delhi,2025-03-05 01:50:26
C01251,36,Female,Pune,2026-01-18 11:01:07
C01252,35,Female,Delhi,2025-07-05 12:21:17
C01253,18,Female,Mumbai,2025-02-26 19:26:34
C01254,31,Female,Chennai,2025-08-22 14:40:36
C01255,64,Male,Delhi,2025-01-29 08:07:46
C01256,19,Female,Mumbai,2025-07-07 19:12:23
C01257,45,Male,Hyderabad,2026-06-01 07:33:11
C01258,47,Female,Delhi,2025-07-19 14:35:13
C01259,55,Male,Pune,2025-11-27 07:11:17
C01260,21,Male,Hyderabad,2025-12-10 07:22:43
C01261,18,Female,Kolkata,2025-09-19 12:02:00
C01262,25,Male,Delhi,2026-03-01 23:11:05
C01263,46,Male,Bangalore,2025-07-27 18:23:03
C01264,56,Male,Mumbai,2025-07-06 10:05:20
C01265,20,Male,Mumbai,2025-08-21 09:50:50
C01266,49,Male,Bangalore,2026-01-14 15:43:33
C01267,27,Male,Chennai,2025-07-14 22:49:14
C01268,27,Male,Kolkata,2025-08-05 11:59:23
C01269,36,Male,Pune,2026-01-16 15:52:12
C01270,63,Female,Mumbai,2026-03-16 04:02:08
C01271,51,Male,Hyderabad,2025-11-01 21:36:33
C01272,50,Female,Pune,2026-02-26 20:49:06
C01273,40,Female,Mumbai,2025-12-21 12:50:16
C01274,45,Male,Kolkata,2026-01-14 16:10:44
C01275,49,Female,Chennai,2026-04-04 23:38:17
C01276,24,Female,Kolkata,2026-01-20 06:56:09
C01277,46,Female,Hyderabad,2026-03-20 16:20:09
C01278,25,Female,Kolkata,2025-06-14 00:53:40
C01279,18,Male,Pune,2025-10-24 06:22:12
C01280,20,Female,Hyderabad,2025-09-08 05:01:52
C01281,41,Female,Bangalore,2025-01-02 13:52:02
C01282,40,Female,Delhi,2026-01-27 08:22:28
C01283,25,Male,Bangalore,2025-08-07 20:04:15
C01284,64,Female,Pune,2025-08-07 20:58:56
C01285,54,Female,Delhi,2025-04-27 16:35:20
C01286,20,Male,Bangalore,2025-03-24 17:45:03
C01287,50,Male,Delhi,2025-05-15 13:10:29
C01288,45,Male,Mumbai,2026-01-17 11:35:12
C01289,64,Female,Kolkata,2025-03-14 15:33:59
C01290,25,Female,Hyderabad,2025-06-02 09:15:00
C01291,51,Female,Delhi,2025-03-11 23:06:46
C01292,52,Male,Mumbai,2026-06-02 19:58:38
C01293,49,Female,Kolkata,2025-03-17 09:20:38
C01294,41,Male,Kolkata,2025-11-14 08:29:41
C01295,31,Male,Chennai,2025-04-29 17:04:26
C01296,49,Female,Bangalore,2025-07-09 03:13:05
C01297,63,Female,Chennai,2025-03-11 20:14:38
C01298,60,Female,Pune,2025-02-23 04:17:21
C01299,33,Female,Mumbai,2026-06-02 11:30:29
C01300,21,Male,Chennai,2025-10-06 17:42:33
C01301,54,Male,Chennai,2025-04-01 10:52:37
C01302,38,Female,Kolkata,2025-06-08 04:59:12
C01303,31,Female,Mumbai,2026-03-24 12:18:14
C01304,48,Male,Kolkata,2025-01-19 00:23:30
C01305,65,Male,Hyderabad,2025-11-06 04:14:37
C01306,35,Male,Delhi,2025-01-04 14:29:16
C01307,24,Female,Pune,2025-05-13 22:56:35
C01308,27,Male,Pune,2025-08-20 11:03:40
C01309,24,Male,Bangalore,2025-04-05 04:50:23
C01310,50,Male,Kolkata,2025-03-15 13:44:47
C01311,40,Male,Delhi,2025-03-10 00:04:05
C01312,38,Female,Bangalore,2025-06-09 17:46:44
C01313,36,Male,Pune,2026-03-29 07:53:23
C01314,65,Female,Delhi,2025-11-21 08:39:52
C01315,36,Female,Chennai,2025-05-26 01:18:29
C01316,53,Female,Hyderabad,2026-06-11 18:15:13
C01317,46,Male,Chennai,2025-10-10 04:03:49
C01318,35,Female,Hyderabad,2025-08-08 14:03:35
C01319,19,Female,Kolkata,2025-07-09 07:31:10
C01320,18,Female,Mumbai,2026-02-02 08:42:37
C01321,64,Female,Bangalore,2025-09-25 13:26:15
C01322,22,Male,Bangalore,2025-06-29 08:05:03
C01323,37,Male,Mumbai,2026-04-12 23:51:04
C01324,28,Male,Delhi,2026-02-08 21:59:53
C01325,59,Female,Mumbai,2026-04-06 10:49:48
C01326,19,Male,Kolkata,2025-05-18 15:30:51
C01327,20,Male,Pune,2025-12-02 10:29:06
C01328,40,Male,Mumbai,2025-03-08 04:06:49
C01329,29,Male,Hyderabad,2025-01-21 00:52:06
C01330,37,Male,Pune,2025-12-03 13:11:26
C01331,22,Male,Mumbai,2025-05-25 09:41:40
C01332,54,Male,Bangalore,2025-05-26 11:45:25
C01333,55,Male,Chennai,2025-06-04 18:26:58
C01334,47,Male,Hyderabad,2026-05-17 22:37:40
C01335,26,Male,Kolkata,2025-12-23 06:03:37
C01336,51,Female,Hyderabad,2026-05-22 03:46:56
C01337,61,Female,Delhi,2026-06-11 17:00:50
C01338,52,Male,Chennai,2025-04-08 01:04:00
C01339,39,Male,Hyderabad,2025-08-21 01:51:28
C01340,61,Female,Mumbai,2026-02-16 17:20:54
C01341,41,Female,Hyderabad,2026-05-26 03:49:07
C01342,34,Female,Hyderabad,2025-03-12 20:10:32
C01343,27,Female,Hyderabad,2025-11-21 03:09:57
C01344,47,Male,Delhi,2025-07-06 20:44:32
C01345,63,Male,Hyderabad,2025-11-17 21:11:49
C01346,40,Male,Hyderabad,2026-06-15 09:14:24
C01347,49,Female,Delhi,2026-02-15 15:34:27
C01348,34,Female,Pune,2025-12-11 17:17:59
C01349,34,Female,Chennai,2026-03-14 22:29:19
C01350,31,Male,Kolkata,2025-06-22 07:17:56
C01351,26,Female,Pune,2025-09-24 17:57:50
C01352,57,Male,Bangalore,2026-06-20 21:41:56
C01353,19,Male,Delhi,2025-04-20 16:58:20
C01354,62,Male,Delhi,2026-01-15 10:32:57
C01355,42,Female,Hyderabad,2025-02-05 22:21:30
C01356,56,Male,Hyderabad,2025-05-29 14:15:35
C01357,26,Female,Kolkata,2025-05-08 14:31:03
C01358,39,Male,Bangalore,2025-07-06 09:39:56
C01359,60,Female,Hyderabad,2025-09-29 02:15:56
C01360,63,Female,Mumbai,2025-04-28 22:30:28
C01361,21,Male,Hyderabad,2025-11-29 11:26:44
C01362,43,Female,Hyderabad,2025-10-18 21:21:43
C01363,46,Female,Mumbai,2025-05-02 07:14:30
C01364,62,Female,Bangalore,2026-01-13 17:22:52
C01365,51,Female,Mumbai,2025-06-09 18:42:09
C01366,40,Female,Delhi,2025-06-15 09:34:54
C01367,54,Male,Mumbai,2026-02-06 12:06:55
C01368,28,Female,Chennai,2026-06-14 17:53:54
C01369,23,Male,Delhi,2026-01-09 08:43:10
C01370,35,Male,Hyderabad,2026-03-24 12:01:33
C01371,38,Male,Kolkata,2025-12-26 01:06:10
C01372,59,Female,Delhi,2025-10-19 11:34:10
C01373,53,Female,Bangalore,2025-05-08 17:02:47
C01374,58,Male,Bangalore,2026-05-14 07:46:16
C01375,55,Female,Mumbai,2025-12-31 18:03:53
C01376,51,Female,Delhi,2025-09-24 23:16:12
C01377,34,Male,Hyderabad,2025-05-17 08:14:37
C01378,54,Male,Bangalore,2025-12-03 08:07:13
C01379,42,Female,Pune,2025-09-05 04:24:25
C01380,55,Male,Hyderabad,2026-06-12 03:08:30
C01381,29,Female,Pune,2025-10-26 04:02:33
C01382,40,Male,Chennai,2026-01-24 23:02:24
C01383,59,Male,Pune,2025-05-31 18:58:37
C01384,39,Female,Bangalore,2025-01-12 06:54:48
C01385,38,Female,Mumbai,2025-05-22 01:45:09
C01386,44,Female,Chennai,2026-06-24 21:23:36
C01387,48,Female,Delhi,2026-02-19 13:06:25
C01388,23,Female,Hyderabad,2025-11-21 22:18:40
C01389,44,Female,Bangalore,2025-02-13 15:48:13
C01390,57,Male,Chennai,2026-02-01 20:40:23
C01391,51,Female,Chennai,2025-06-25 04:40:34
C01392,29,Male,Bangalore,2025-07-29 09:00:00
C01393,62,Female,Delhi,2025-02-25 17:16:46
C01394,24,Male,Delhi,2026-01-01 10:48:39
C01395,27,Female,Mumbai,2025-07-30 04:11:28
C01396,62,Male,Kolkata,2025-12-15 06:03:19
C01397,34,Female,Pune,2025-06-20 00:50:24
C01398,43,Female,Delhi,2025-11-18 04:15:20
C01399,38,Male,Mumbai,2025-10-08 13:03:57
C01400,45,Female,Pune,2025-10-04 08:21:31
C01401,63,Male,Chennai,2026-06-23 17:24:44
C01402,19,Female,Bangalore,2026-02-24 10:37:12
C01403,60,Female,Delhi,2025-07-15 14:30:10
C01404,18,Male,Mumbai,2025-04-07 09:41:55
C01405,53,Female,Chennai,2026-05-16 23:59:48
C01406,43,Male,Delhi,2026-03-24 09:53:57
C01407,46,Male,Hyderabad,2025-09-09 04:19:36
C01408,38,Female,Kolkata,2025-08-04 23:14:36
C01409,28,Male,Chennai,2025-03-24 09:29:46
C01410,57,Female,Delhi,2025-11-04 10:43:25
C01411,28,Female,Chennai,2026-05-01 18:36:29
C01412,53,Male,Bangalore,2026-01-14 00:09:09
C01413,56,Female,Bangalore,2025-10-05 20:56:48
C01414,57,Male,Kolkata,2026-01-16 22:52:55
C01415,52,Male,Bangalore,2026-01-28 17:42:59
C01416,51,Male,Pune,2026-03-28 12:12:57
C01417,64,Male,Hyderabad,2025-10-31 03:05:07
C01418,41,Male,Bangalore,2025-03-07 08:59:59
C01419,39,Male,Hyderabad,2025-04-17 18:39:11
C01420,22,Female,Bangalore,2025-09-25 22:22:16
C01421,50,Female,Pune,2026-02-22 09:31:20
C01422,53,Female,Chennai,2025-09-01 20:25:00
C01423,64,Female,Delhi,2025-07-21 10:44:14
C01424,37,Female,Delhi,2026-06-17 13:27:19
C01425,36,Male,Bangalore,2025-04-06 15:36:37
C01426,52,Female,Delhi,2025-07-27 05:15:44
C01427,60,Female,Bangalore,2026-06-19 18:16:30
C01428,34,Male,Bangalore,2026-01-01 07:49:58
C01429,62,Female,Kolkata,2025-11-09 22:00:32
C01430,60,Female,Mumbai,2026-03-29 20:34:58
C01431,51,Female,Mumbai,2025-03-07 22:42:47
C01432,26,Female,Kolkata,2026-06-01 20:19:10
C01433,43,Male,Mumbai,2026-05-11 02:43:14
C01434,19,Male,Hyderabad,2026-04-18 05:38:08
C01435,26,Male,Mumbai,2026-06-07 16:10:14
C01436,26,Female,Bangalore,2025-07-10 01:54:52
C01437,57,Male,Pune,2026-01-24 01:45:01
C01438,34,Female,Pune,2025-01-31 12:30:23
C01439,18,Male,Chennai,2025-11-04 09:34:24
C01440,42,Male,Mumbai,2025-04-13 06:43:59
C01441,60,Male,Pune,2026-05-21 11:03:49
C01442,57,Female,Mumbai,2025-04-12 17:05:33
C01443,59,Male,Chennai,2026-03-28 19:29:57
C01444,42,Male,Pune,2025-06-29 02:05:55
C01445,56,Male,Bangalore,2025-04-23 06:36:06
C01446,52,Male,Hyderabad,2025-05-09 20:01:58
C01447,20,Male,Kolkata,2026-06-29 11:29:47
C01448,54,Female,Kolkata,2025-10-19 10:41:28
C01449,61,Female,Kolkata,2026-01-20 04:19:28
C01450,61,Male,Mumbai,2025-08-27 05:45:24
C01451,47,Female,Pune,2026-01-19 10:45:34
C01452,55,Female,Pune,2025-10-26 21:47:34
C01453,51,Female,Chennai,2025-10-30 03:28:51
C01454,29,Female,Bangalore,2026-03-23 07:03:56
C01455,36,Female,Delhi,2025-10-26 15:18:24
C01456,54,Female,Pune,2026-02-09 15:35:28
C01457,61,Female,Hyderabad,2025-07-12 10:29:37
C01458,34,Male,Chennai,2026-05-15 11:25:34
C01459,27,Female,Pune,2025-03-05 00:28:49
C01460,64,Female,Pune,2026-01-21 03:49:04
C01461,29,Male,Chennai,2026-05-06 21:31:51
C01462,33,Male,Chennai,2025-12-31 03:37:57
C01463,41,Female,Mumbai,2025-04-18 08:22:45
C01464,36,Female,Pune,2026-04-24 19:56:56
C01465,25,Male,Delhi,2026-02-09 05:31:00
C01466,48,Female,Hyderabad,2026-01-14 13:10:54
C01467,38,Male,Bangalore,2025-07-19 11:07:31
C01468,34,Male,Bangalore,2026-04-25 01:30:38
C01469,40,Female,Delhi,2025-03-20 21:34:34
C01470,54,Male,Chennai,2025-01-07 05:32:39
C01471,33,Male,Chennai,2026-04-29 09:46:53
C01472,23,Female,Chennai,2025-11-16 20:29:20
C01473,25,Male,Pune,2025-06-01 17:28:38
C01474,42,Male,Chennai,2026-01-19 19:37:59
C01475,35,Female,Chennai,2026-03-02 11:49:28
C01476,42,Female,Pune,2026-01-07 02:20:39
C01477,29,Female,Pune,2025-10-16 14:19:27
C01478,32,Female,Delhi,2025-06-20 22:16:18
C01479,43,Male,Mumbai,2025-10-01 00:47:10
C01480,58,Female,Pune,2026-05-07 18:00:02
C01481,62,Female,Hyderabad,2026-06-21 18:21:23
C01482,43,Female,Chennai,2025-09-10 19:03:15
C01483,64,Female,Mumbai,2025-03-10 02:07:23
C01484,49,Female,Bangalore,2026-06-10 14:18:14
C01485,27,Male,Delhi,2026-06-20 09:59:07
C01486,33,Male,Mumbai,2025-07-25 13:10:23
C01487,24,Female,Pune,2026-06-24 18:12:45
C01488,34,Female,Chennai,2025-06-12 07:40:37
C01489,40,Female,Chennai,2025-08-21 14:57:49
C01490,43,Male,Chennai,2025-10-05 03:52:10
C01491,38,Female,Mumbai,2025-07-23 04:41:29
C01492,39,Female,Chennai,2025-07-19 13:56:04
C01493,24,Female,Pune,2025-02-22 07:10:33
C01494,31,Female,Mumbai,2025-11-30 03:18:01
C01495,32,Female,Chennai,2025-11-16 01:24:18
C01496,24,Female,Bangalore,2025-01-31 01:07:37
C01497,26,Female,Bangalore,2025-11-29 17:00:00
C01498,65,Female,Hyderabad,2025-09-27 17:02:09
C01499,25,Female,Chennai,2026-03-26 15:46:58
C01500,40,Female,Chennai,2025-04-06 09:06:26
C01501,46,Female,Mumbai,2025-03-03 14:55:07
C01502,35,Female,Mumbai,2026-01-29 12:38:47
C01503,48,Female,Kolkata,2025-05-10 05:42:28
C01504,47,Male,Chennai,2025-12-01 05:39:35
C01505,56,Male,Hyderabad,2026-06-27 17:23:41
C01506,52,Female,Chennai,2025-02-07 08:59:58
C01507,35,Female,Pune,2026-01-21 13:39:58
C01508,59,Female,Mumbai,2025-02-03 03:58:50
C01509,56,Female,Chennai,2025-07-26 20:22:22
C01510,34,Female,Mumbai,2025-08-27 19:40:27
C01511,31,Female,Chennai,2026-02-20 20:32:33
C01512,48,Female,Delhi,2025-09-12 08:29:07
C01513,41,Female,Mumbai,2025-10-04 16:04:56
C01514,52,Male,Hyderabad,2025-02-19 11:13:35
C01515,61,Male,Delhi,2025-01-26 21:44:35
C01516,62,Male,Pune,2025-02-15 10:21:40
C01517,51,Male,Chennai,2025-03-17 21:24:09
C01518,20,Female,Kolkata,2025-09-11 19:41:59
C01519,54,Male,Pune,2026-01-16 11:10:13
C01520,60,Male,Mumbai,2026-01-23 17:54:49
C01521,57,Male,Delhi,2025-08-27 12:18:14
C01522,43,Male,Pune,2026-01-07 07:36:53
C01523,40,Female,Hyderabad,2025-03-10 13:39:41
C01524,61,Female,Kolkata,2025-01-03 16:53:17
C01525,56,Female,Mumbai,2026-03-18 03:42:07
C01526,32,Male,Delhi,2026-03-12 23:26:14
C01527,21,Male,Pune,2025-02-03 12:53:16
C01528,46,Male,Delhi,2025-12-29 23:24:57
C01529,39,Female,Delhi,2026-02-17 20:03:16
C01530,42,Male,Pune,2025-02-06 00:06:46
C01531,30,Female,Bangalore,2025-03-06 23:44:14
C01532,35,Male,Chennai,2025-06-17 03:49:37
C01533,50,Female,Mumbai,2026-05-04 13:14:00
C01534,33,Male,Mumbai,2025-01-30 19:22:06
C01535,62,Male,Kolkata,2026-05-18 07:43:16
C01536,59,Female,Kolkata,2026-02-12 15:49:41
C01537,61,Male,Kolkata,2026-04-05 09:52:07
C01538,19,Male,Mumbai,2025-02-11 13:12:54
C01539,52,Female,Delhi,2025-10-13 05:19:03
C01540,59,Female,Kolkata,2026-03-15 15:35:31
C01541,51,Female,Pune,2025-12-13 10:41:03
C01542,47,Male,Chennai,2025-05-02 22:31:57
C01543,30,Male,Hyderabad,2025-01-10 01:53:22
C01544,30,Male,Mumbai,2025-06-10 16:06:23
C01545,35,Male,Pune,2025-10-17 00:54:41
C01546,49,Female,Chennai,2025-12-21 10:00:20
C01547,49,Female,Chennai,2025-04-19 12:51:40
C01548,52,Male,Bangalore,2025-06-29 01:45:58
C01549,56,Female,Pune,2026-05-05 20:06:56
C01550,63,Male,Mumbai,2025-03-04 13:35:47
C01551,46,Female,Kolkata,2025-06-28 07:13:50
C01552,46,Male,Delhi,2026-01-03 16:24:49
C01553,61,Male,Kolkata,2025-06-20 22:48:11
C01554,33,Female,Chennai,2025-11-13 03:05:04
C01555,61,Female,Chennai,2025-02-19 02:29:06
C01556,64,Female,Hyderabad,2025-05-15 19:50:24
C01557,27,Male,Kolkata,2025-02-12 02:21:50
C01558,47,Male,Bangalore,2025-05-08 10:50:31
C01559,42,Male,Chennai,2025-01-25 14:25:42
C01560,56,Male,Chennai,2025-09-20 13:04:33
C01561,37,Female,Delhi,2026-04-19 16:06:54
C01562,22,Male,Delhi,2025-08-14 04:40:44
C01563,18,Male,Hyderabad,2025-06-23 01:38:00
C01564,47,Female,Pune,2025-11-07 13:35:19
C01565,20,Male,Hyderabad,2025-04-16 05:34:14
C01566,62,Female,Hyderabad,2026-01-27 00:56:32
C01567,31,Female,Delhi,2025-10-09 17:51:28
C01568,47,Male,Kolkata,2025-09-23 09:38:06
C01569,21,Female,Kolkata,2025-08-16 01:25:05
C01570,35,Female,Kolkata,2026-04-27 07:15:44
C01571,54,Male,Pune,2026-06-17 16:20:10
C01572,42,Male,Delhi,2026-03-09 09:26:51
C01573,65,Male,Bangalore,2025-10-09 12:13:24
C01574,18,Female,Mumbai,2025-03-28 06:14:00
C01575,63,Female,Mumbai,2025-09-02 00:00:11
C01576,32,Female,Bangalore,2025-11-22 19:04:40
C01577,26,Female,Kolkata,2026-05-08 02:12:01
C01578,32,Female,Mumbai,2025-04-21 00:49:14
C01579,41,Female,Pune,2025-12-18 16:04:34
C01580,21,Male,Delhi,2025-05-14 04:55:17
C01581,29,Female,Mumbai,2025-01-10 06:10:00
C01582,54,Male,Pune,2025-04-05 14:40:33
C01583,54,Female,Delhi,2025-10-19 20:04:22
C01584,60,Male,Pune,2026-02-24 22:37:39
C01585,23,Male,Bangalore,2025-05-27 18:50:41
C01586,56,Male,Hyderabad,2026-02-03 06:15:59
C01587,63,Male,Bangalore,2026-03-22 16:34:17
C01588,41,Female,Mumbai,2025-08-20 23:36:08
C01589,28,Male,Delhi,2026-02-28 21:51:59
C01590,30,Female,Pune,2026-06-17 03:14:15
C01591,51,Male,Mumbai,2025-04-11 19:07:05
C01592,42,Female,Mumbai,2026-04-03 11:19:57
C01593,24,Male,Hyderabad,2026-05-04 06:38:02
C01594,21,Male,Kolkata,2026-04-03 13:26:00
C01595,25,Female,Mumbai,2025-04-10 16:51:31
C01596,37,Male,Hyderabad,2026-02-07 23:49:15
C01597,46,Male,Delhi,2025-06-15 22:32:30
C01598,62,Male,Delhi,2026-01-08 03:02:57
C01599,63,Male,Pune,2025-05-03 04:53:43
C01600,27,Female,Kolkata,2025-01-16 02:31:08
C01601,60,Male,Hyderabad,2025-03-08 09:14:02
C01602,51,Female,Bangalore,2025-06-12 12:05:40
C01603,43,Female,Delhi,2025-10-12 17:42:28
C01604,58,Male,Kolkata,2025-10-25 10:57:00
C01605,20,Female,Pune,2026-06-13 08:20:36
C01606,23,Female,Bangalore,2025-09-28 06:01:39
C01607,22,Female,Delhi,2025-06-26 11:45:52
C01608,22,Female,Delhi,2026-03-28 02:13:03
C01609,64,Female,Pune,2025-10-01 14:55:11
C01610,40,Female,Pune,2025-02-16 03:37:02
C01611,26,Male,Chennai,2026-03-30 19:47:37
C01612,52,Male,Mumbai,2025-03-12 17:54:05
C01613,37,Male,Mumbai,2025-09-08 10:33:23
C01614,59,Male,Bangalore,2025-10-15 01:09:25
C01615,52,Male,Mumbai,2026-05-25 04:15:11
C01616,35,Male,Bangalore,2025-01-23 03:38:14
C01617,34,Male,Kolkata,2025-02-07 13:04:59
C01618,41,Female,Delhi,2026-04-30 17:19:10
C01619,20,Female,Chennai,2025-09-15 19:01:25
C01620,49,Female,Chennai,2025-08-18 10:15:29
C01621,52,Male,Delhi,2025-05-29 03:45:27
C01622,55,Female,Pune,2025-05-05 11:57:36
C01623,30,Female,Hyderabad,2025-01-08 10:13:47
C01624,64,Male,Hyderabad,2025-10-11 20:11:44
C01625,42,Male,Mumbai,2025-07-08 22:42:43
C01626,26,Female,Pune,2025-09-26 00:02:27
C01627,21,Female,Bangalore,2026-05-13 00:00:47
C01628,31,Male,Kolkata,2026-06-22 06:57:11
C01629,54,Male,Chennai,2026-05-04 01:09:20
C01630,51,Male,Mumbai,2026-06-25 07:01:45
C01631,28,Female,Delhi,2026-01-14 10:28:02
C01632,58,Female,Pune,2025-06-09 22:07:38
C01633,20,Male,Chennai,2026-06-10 23:52:16
C01634,45,Male,Bangalore,2025-12-25 07:51:52
C01635,46,Female,Bangalore,2025-06-25 17:28:41
C01636,26,Female,Hyderabad,2025-06-17 01:21:44
C01637,20,Male,Mumbai,2025-12-07 06:10:07
C01638,42,Female,Delhi,2025-02-06 22:05:48
C01639,51,Male,Chennai,2026-01-01 20:14:03
C01640,29,Male,Kolkata,2025-11-13 20:24:14
C01641,59,Female,Bangalore,2025-05-15 20:21:59
C01642,26,Male,Chennai,2025-01-01 13:32:00
C01643,32,Female,Delhi,2025-07-04 17:28:36
C01644,57,Female,Chennai,2025-08-01 13:19:58
C01645,42,Female,Mumbai,2026-06-11 19:46:21
C01646,22,Male,Hyderabad,2025-12-12 12:08:15
C01647,28,Male,Chennai,2026-04-11 09:05:00
C01648,51,Male,Pune,2025-03-22 17:07:28
C01649,41,Female,Hyderabad,2025-09-05 10:13:20
C01650,32,Female,Delhi,2025-12-13 21:46:34
C01651,55,Female,Hyderabad,2025-06-07 16:27:29
C01652,25,Female,Chennai,2026-04-07 06:34:25
C01653,22,Female,Chennai,2025-04-24 16:14:06
C01654,65,Female,Pune,2026-04-03 20:35:07
C01655,43,Male,Bangalore,2025-04-26 10:48:10
C01656,35,Male,Pune,2026-06-06 08:52:20
C01657,23,Female,Chennai,2025-05-20 07:44:18
C01658,54,Male,Kolkata,2025-09-11 20:29:34
C01659,65,Male,Hyderabad,2025-08-11 05:48:59
C01660,30,Female,Pune,2026-06-23 16:43:15
C01661,45,Female,Pune,2025-03-30 04:35:09
C01662,22,Male,Kolkata,2025-06-13 15:37:34
C01663,30,Female,Kolkata,2026-05-19 05:44:43
C01664,34,Female,Kolkata,2025-04-18 08:48:17
C01665,57,Male,Bangalore,2025-11-28 23:00:00
C01666,62,Male,Chennai,2026-01-02 14:56:50
C01667,49,Male,Chennai,2025-03-07 08:25:19
C01668,46,Female,Delhi,2025-05-22 00:07:06
C01669,20,Female,Bangalore,2026-04-13 08:47:29
C01670,57,Female,Delhi,2026-06-13 07:36:15
C01671,51,Female,Delhi,2025-06-01 01:08:33
C01672,57,Male,Delhi,2025-12-29 11:54:36
C01673,44,Male,Mumbai,2026-03-31 15:35:20
C01674,30,Female,Delhi,2026-05-04 07:57:12
C01675,62,Male,Pune,2026-04-14 10:57:27
C01676,50,Male,Hyderabad,2025-12-23 00:47:54
C01677,23,Male,Pune,2026-02-05 16:00:37
C01678,41,Male,Pune,2025-07-23 20:25:04
C01679,36,Male,Chennai,2025-08-28 19:44:09
C01680,33,Male,Mumbai,2025-10-08 12:42:12
C01681,57,Male,Delhi,2026-04-20 10:35:39
C01682,45,Male,Chennai,2025-04-09 16:46:14
C01683,50,Female,Bangalore,2025-03-27 11:41:45
C01684,65,Female,Bangalore,2025-09-21 01:02:02
C01685,58,Male,Chennai,2025-03-21 09:13:59
C01686,30,Female,Hyderabad,2025-03-04 13:25:26
C01687,60,Male,Chennai,2025-04-19 07:08:33
C01688,62,Female,Chennai,2025-01-26 16:32:20
C01689,42,Female,Mumbai,2025-05-04 17:14:28
C01690,59,Female,Bangalore,2025-04-15 07:47:58
C01691,53,Female,Bangalore,2025-10-16 04:32:35
C01692,44,Male,Delhi,2025-03-29 17:22:55
C01693,55,Male,Pune,2026-03-06 19:38:22
C01694,24,Female,Chennai,2025-01-30 06:33:15
C01695,22,Male,Chennai,2025-06-27 05:30:15
C01696,60,Male,Hyderabad,2026-06-11 22:19:19
C01697,62,Female,Kolkata,2026-04-24 08:14:41
C01698,48,Female,Kolkata,2025-12-16 06:12:13
C01699,40,Female,Bangalore,2026-05-16 22:34:45
C01700,59,Male,Hyderabad,2025-08-23 20:00:01
C01701,27,Female,Mumbai,2025-08-06 18:39:07
C01702,49,Male,Delhi,2025-09-08 07:00:09
C01703,60,Male,Hyderabad,2025-12-14 18:06:14
C01704,47,Female,Bangalore,2025-12-10 23:32:46
C01705,56,Male,Mumbai,2025-10-30 14:42:33
C01706,48,Male,Chennai,2026-01-26 19:46:08
C01707,35,Female,Mumbai,2026-01-07 02:24:54
C01708,53,Male,Pune,2026-01-29 21:39:31
C01709,19,Male,Hyderabad,2025-04-03 09:22:09
C01710,31,Male,Bangalore,2026-05-04 06:16:03
C01711,30,Male,Hyderabad,2025-01-24 11:26:06
C01712,46,Male,Chennai,2025-09-08 07:55:23
C01713,29,Female,Kolkata,2025-08-05 18:15:24
C01714,56,Female,Chennai,2026-05-10 19:53:21
C01715,19,Male,Bangalore,2025-07-01 12:43:11
C01716,49,Female,Pune,2026-03-26 19:14:27
C01717,30,Male,Delhi,2026-01-12 20:18:05
C01718,63,Male,Mumbai,2026-01-19 15:04:00
C01719,44,Female,Mumbai,2025-05-29 18:41:53
C01720,58,Male,Chennai,2026-01-15 15:38:42
C01721,34,Female,Hyderabad,2025-03-07 08:18:36
C01722,57,Male,Kolkata,2025-01-18 01:35:42
C01723,48,Female,Hyderabad,2025-08-23 21:00:10
C01724,51,Male,Pune,2025-01-27 23:42:50
C01725,41,Male,Delhi,2025-10-13 01:51:51
C01726,62,Male,Hyderabad,2025-05-22 12:31:26
C01727,52,Female,Mumbai,2025-01-11 10:42:42
C01728,65,Female,Kolkata,2026-05-23 11:28:06
C01729,23,Female,Hyderabad,2026-06-03 16:11:49
C01730,36,Male,Kolkata,2025-02-21 00:19:37
C01731,47,Male,Delhi,2025-09-04 01:21:04
C01732,24,Male,Mumbai,2025-08-10 11:40:19
C01733,27,Female,Kolkata,2025-11-29 15:35:39
C01734,58,Female,Hyderabad,2025-02-10 03:43:18
C01735,49,Male,Mumbai,2025-04-29 04:39:52
C01736,51,Female,Chennai,2026-03-26 04:41:01
C01737,45,Male,Chennai,2026-02-19 12:04:10
C01738,32,Female,Pune,2025-04-19 16:00:17
C01739,47,Female,Chennai,2025-10-20 13:39:52
C01740,54,Male,Hyderabad,2026-04-25 04:24:50
C01741,46,Male,Delhi,2025-10-11 05:32:51
C01742,39,Female,Mumbai,2026-05-28 16:45:52
C01743,21,Female,Kolkata,2026-04-18 03:46:48
C01744,37,Female,Bangalore,2026-03-21 12:41:30
C01745,49,Female,Chennai,2026-06-09 22:48:21
C01746,53,Male,Chennai,2025-11-18 02:04:47
C01747,21,Female,Bangalore,2025-03-30 17:45:43
C01748,44,Female,Kolkata,2026-05-22 10:25:18
C01749,34,Female,Kolkata,2025-04-11 02:40:49
C01750,29,Male,Bangalore,2026-04-11 08:34:29
C01751,39,Male,Kolkata,2026-03-03 13:50:09
C01752,34,Male,Hyderabad,2025-02-19 17:24:31
C01753,27,Male,Kolkata,2025-01-05 13:15:45
C01754,18,Male,Mumbai,2025-04-23 22:50:11
C01755,39,Male,Kolkata,2025-08-23 03:33:39
C01756,43,Male,Chennai,2025-08-10 07:58:07
C01757,35,Male,Delhi,2026-04-28 19:38:42
C01758,31,Female,Hyderabad,2026-02-22 17:55:03
C01759,64,Male,Hyderabad,2026-01-26 04:44:13
C01760,46,Male,Kolkata,2025-05-20 17:02:46
C01761,29,Male,Delhi,2025-12-04 04:53:21
C01762,53,Male,Delhi,2025-03-23 06:55:30
C01763,52,Female,Pune,2026-01-09 19:12:56
C01764,29,Male,Delhi,2025-07-01 17:18:52
C01765,24,Female,Kolkata,2026-06-28 04:50:09
C01766,46,Female,Kolkata,2026-01-09 21:26:10
C01767,28,Female,Bangalore,2025-01-31 03:00:07
C01768,50,Female,Chennai,2025-07-16 20:15:15
C01769,23,Female,Pune,2026-01-23 04:27:13
C01770,64,Female,Kolkata,2025-01-11 15:04:01
C01771,32,Male,Bangalore,2026-04-05 05:51:49
C01772,49,Male,Pune,2026-05-31 19:22:59
C01773,28,Female,Chennai,2026-01-23 13:50:41
C01774,40,Male,Pune,2025-04-23 02:40:24
C01775,43,Male,Bangalore,2025-03-22 18:48:56
C01776,51,Female,Mumbai,2026-06-24 04:23:16
C01777,63,Female,Kolkata,2026-03-15 21:56:29
C01778,51,Male,Chennai,2026-05-05 03:18:02
C01779,46,Female,Hyderabad,2025-02-15 10:58:46
C01780,21,Male,Chennai,2026-04-02 12:17:15
C01781,34,Female,Chennai,2025-04-24 12:45:53
C01782,52,Male,Chennai,2025-02-07 17:56:05
C01783,30,Male,Mumbai,2025-10-30 15:57:17
C01784,58,Female,Kolkata,2026-04-01 02:05:34
C01785,56,Male,Bangalore,2025-06-20 04:53:16
C01786,32,Female,Kolkata,2025-01-26 12:35:49
C01787,46,Male,Hyderabad,2025-04-08 18:54:53
C01788,46,Male,Bangalore,2025-08-16 18:34:26
C01789,28,Female,Pune,2026-03-17 01:12:55
C01790,49,Male,Pune,2025-09-15 23:41:17
C01791,19,Male,Pune,2025-08-28 01:30:12
C01792,64,Male,Bangalore,2025-03-13 12:24:24
C01793,31,Female,Delhi,2025-01-06 23:02:18
C01794,37,Female,Mumbai,2025-02-05 12:48:52
C01795,39,Female,Delhi,2025-02-21 12:57:34
C01796,28,Male,Kolkata,2025-08-10 20:07:38
C01797,44,Male,Pune,2026-06-20 06:06:05
C01798,20,Male,Mumbai,2025-03-26 21:26:46
C01799,34,Female,Bangalore,2026-03-19 11:32:31
C01800,61,Male,Pune,2025-04-09 11:10:41
C01801,45,Female,Bangalore,2025-06-20 15:54:30
C01802,46,Male,Mumbai,2026-02-17 18:15:18
C01803,38,Female,Bangalore,2026-05-29 02:44:19
C01804,64,Female,Bangalore,2026-01-17 00:17:57
C01805,33,Female,Hyderabad,2026-01-10 23:12:18
C01806,54,Male,Kolkata,2025-10-06 11:31:06
C01807,37,Male,Delhi,2025-12-12 09:26:59
C01808,23,Male,Delhi,2025-01-28 01:39:42
C01809,36,Male,Delhi,2026-04-05 20:43:24
C01810,22,Male,Chennai,2025-01-19 15:03:07
C01811,20,Female,Hyderabad,2025-03-01 19:58:21
C01812,18,Male,Pune,2025-12-01 05:31:26
C01813,55,Female,Pune,2025-03-10 12:14:21
C01814,32,Female,Pune,2025-03-17 09:56:06
C01815,51,Male,Delhi,2025-05-17 07:12:40
C01816,52,Female,Kolkata,2025-08-07 02:32:35
C01817,42,Male,Delhi,2025-03-17 19:08:52
C01818,41,Male,Kolkata,2025-09-03 23:33:00
C01819,29,Male,Hyderabad,2025-12-06 03:11:05
C01820,35,Female,Kolkata,2025-05-15 19:19:54
C01821,32,Male,Bangalore,2025-02-15 00:22:39
C01822,61,Male,Delhi,2026-03-14 19:02:36
C01823,33,Female,Pune,2025-10-06 03:15:47
C01824,44,Male,Bangalore,2025-04-12 23:23:00
C01825,25,Female,Delhi,2025-10-20 05:27:08
C01826,63,Female,Mumbai,2025-10-02 03:50:12
C01827,42,Female,Chennai,2025-10-17 18:54:31
C01828,34,Male,Delhi,2025-04-29 14:26:06
C01829,46,Male,Mumbai,2025-10-09 01:47:24
C01830,25,Male,Hyderabad,2025-09-18 01:05:18
C01831,32,Male,Mumbai,2025-05-10 17:52:19
C01832,44,Male,Hyderabad,2025-01-28 18:30:14
C01833,63,Male,Delhi,2026-04-04 11:25:46
C01834,24,Female,Hyderabad,2025-08-01 14:07:00
C01835,20,Female,Mumbai,2026-01-02 00:29:41
C01836,46,Male,Kolkata,2026-02-19 19:16:05
C01837,61,Male,Chennai,2025-02-14 18:01:31
C01838,41,Male,Bangalore,2025-12-02 03:02:53
C01839,20,Male,Bangalore,2026-03-19 03:33:45
C01840,37,Female,Chennai,2025-12-21 20:55:00
C01841,63,Female,Pune,2025-05-01 01:12:44
C01842,32,Female,Bangalore,2026-04-18 13:08:20
C01843,42,Female,Delhi,2026-02-02 13:50:16
C01844,47,Female,Pune,2025-03-05 03:25:00
C01845,31,Female,Delhi,2025-04-25 15:25:11
C01846,24,Male,Mumbai,2025-07-19 04:51:42
C01847,34,Female,Mumbai,2025-03-29 06:05:07
C01848,61,Male,Pune,2025-04-12 22:44:23
C01849,37,Male,Pune,2026-04-16 02:41:12
C01850,53,Male,Pune,2026-04-29 20:50:28
C01851,26,Male,Pune,2026-02-10 09:27:14
C01852,55,Female,Hyderabad,2025-09-22 04:13:50
C01853,65,Male,Kolkata,2025-11-04 04:59:40
C01854,39,Male,Pune,2025-12-31 20:02:27
C01855,19,Male,Kolkata,2025-07-06 06:18:54
C01856,41,Female,Pune,2025-10-06 00:30:17
C01857,25,Male,Mumbai,2026-05-12 14:07:37
C01858,28,Female,Delhi,2025-06-04 15:58:28
C01859,30,Female,Kolkata,2025-07-10 23:55:40
C01860,34,Female,Mumbai,2025-11-11 09:53:14
C01861,25,Female,Bangalore,2026-01-28 06:46:53
C01862,38,Male,Hyderabad,2025-10-22 15:35:46
C01863,35,Male,Hyderabad,2026-01-08 21:54:45
C01864,47,Female,Delhi,2025-09-02 03:00:38
C01865,35,Male,Pune,2025-11-10 13:14:28
C01866,63,Male,Mumbai,2025-02-11 15:12:00
C01867,64,Female,Bangalore,2025-05-31 21:48:50
C01868,48,Male,Mumbai,2026-06-18 12:10:03
C01869,55,Female,Pune,2026-06-12 18:08:13
C01870,49,Male,Pune,2026-04-06 01:04:29
C01871,28,Female,Chennai,2025-10-28 05:10:17
C01872,62,Female,Mumbai,2025-07-14 07:39:33
C01873,42,Female,Delhi,2026-05-12 16:36:00
C01874,50,Male,Mumbai,2025-06-18 04:26:54
C01875,55,Female,Hyderabad,2025-10-19 11:27:33
C01876,58,Female,Bangalore,2025-09-15 23:07:57
C01877,25,Male,Kolkata,2025-06-13 01:34:05
C01878,28,Male,Delhi,2025-02-07 13:31:38
C01879,39,Female,Chennai,2026-05-26 01:46:47
C01880,41,Female,Bangalore,2025-01-18 08:08:31
C01881,58,Male,Bangalore,2025-07-05 13:20:31
C01882,34,Female,Kolkata,2025-02-05 23:35:58
C01883,29,Male,Hyderabad,2025-10-02 13:37:32
C01884,63,Male,Hyderabad,2025-02-26 15:05:12
C01885,49,Female,Hyderabad,2026-05-10 09:58:34
C01886,32,Female,Delhi,2025-07-01 17:36:44
C01887,33,Female,Mumbai,2025-09-03 02:48:44
C01888,39,Female,Bangalore,2026-06-01 13:33:14
C01889,45,Male,Mumbai,2026-04-10 14:55:51
C01890,37,Male,Mumbai,2025-04-11 07:26:17
C01891,50,Male,Hyderabad,2025-12-31 04:51:00
C01892,27,Female,Mumbai,2025-07-23 13:05:54
C01893,57,Female,Bangalore,2025-09-08 19:23:16
C01894,49,Male,Bangalore,2025-12-31 23:06:23
C01895,50,Male,Pune,2026-03-15 18:44:24
C01896,19,Male,Chennai,2025-11-10 16:53:18
C01897,50,Female,Delhi,2025-11-24 18:52:11
C01898,50,Male,Mumbai,2026-05-09 05:46:27
C01899,58,Male,Delhi,2025-02-02 03:10:45
C01900,30,Female,Delhi,2026-04-12 18:03:30
C01901,47,Female,Delhi,2026-04-20 17:45:40
C01902,50,Female,Kolkata,2025-09-26 13:28:39
C01903,30,Female,Pune,2025-05-06 06:24:02
C01904,43,Male,Delhi,2026-06-02 20:03:35
C01905,39,Female,Pune,2026-06-18 15:11:08
C01906,56,Female,Bangalore,2025-11-18 11:08:55
C01907,19,Female,Kolkata,2025-09-19 22:24:50
C01908,55,Male,Mumbai,2025-01-13 11:16:46
C01909,56,Male,Pune,2025-07-13 04:54:49
C01910,43,Male,Chennai,2025-01-28 15:51:45
C01911,63,Male,Delhi,2026-06-23 20:51:29
C01912,32,Female,Kolkata,2025-01-11 07:11:52
C01913,51,Male,Chennai,2026-04-20 16:25:42
C01914,59,Male,Bangalore,2026-02-01 11:15:59
C01915,61,Male,Bangalore,2025-09-03 07:59:33
C01916,57,Male,Hyderabad,2025-02-16 04:12:31
C01917,28,Male,Delhi,2026-04-26 20:21:35
C01918,20,Male,Hyderabad,2025-09-23 10:56:54
C01919,23,Male,Kolkata,2025-08-26 18:03:35
C01920,26,Female,Chennai,2026-06-21 04:29:47
C01921,23,Female,Mumbai,2026-03-19 11:27:28
C01922,26,Male,Hyderabad,2025-12-22 01:21:03
C01923,56,Female,Bangalore,2025-04-10 22:17:09
C01924,48,Female,Delhi,2026-05-13 20:48:03
C01925,49,Female,Chennai,2025-03-19 08:46:59
C01926,58,Male,Pune,2026-02-11 09:36:41
C01927,29,Male,Kolkata,2026-06-12 22:51:52
C01928,25,Male,Kolkata,2026-05-07 20:37:36
C01929,25,Male,Bangalore,2025-09-10 17:27:44
C01930,45,Male,Pune,2025-09-01 08:05:52
C01931,37,Female,Kolkata,2025-12-07 22:39:09
C01932,64,Male,Mumbai,2025-08-06 17:32:26
C01933,24,Male,Delhi,2025-04-25 16:36:18
C01934,28,Female,Mumbai,2025-07-05 13:02:15
C01935,37,Male,Kolkata,2025-12-02 06:49:01
C01936,33,Female,Mumbai,2025-07-09 05:36:21
C01937,21,Female,Kolkata,2025-05-29 23:53:31
C01938,23,Female,Delhi,2025-06-04 14:45:29
C01939,39,Female,Delhi,2025-04-09 19:39:28
C01940,43,Male,Pune,2026-03-05 09:21:32
C01941,20,Female,Mumbai,2025-11-15 01:36:39
C01942,58,Female,Chennai,2025-06-27 21:51:49
C01943,59,Female,Pune,2026-05-31 22:08:51
C01944,31,Male,Delhi,2025-09-27 12:23:36
C01945,28,Female,Bangalore,2025-04-23 21:27:23
C01946,35,Male,Kolkata,2025-02-21 15:36:11
C01947,29,Female,Pune,2025-04-23 07:06:29
C01948,40,Male,Hyderabad,2025-01-14 08:49:29
C01949,29,Female,Chennai,2025-05-11 08:57:44
C01950,30,Female,Kolkata,2025-06-05 22:02:59
C01951,42,Male,Pune,2025-07-29 19:17:11
C01952,62,Male,Delhi,2025-05-21 12:14:27
C01953,36,Male,Delhi,2025-10-23 16:06:13
C01954,63,Female,Chennai,2026-03-11 06:36:46
C01955,53,Female,Hyderabad,2026-05-26 17:02:13
C01956,62,Female,Pune,2026-02-23 07:36:32
C01957,25,Female,Pune,2025-10-03 11:21:40
C01958,46,Female,Mumbai,2025-02-05 23:47:48
C01959,49,Male,Bangalore,2025-07-09 17:44:05
C01960,61,Male,Delhi,2025-10-09 00:56:50
C01961,35,Female,Pune,2025-10-13 13:08:23
C01962,23,Male,Pune,2026-04-19 20:22:01
C01963,35,Male,Kolkata,2025-01-15 16:35:43
C01964,36,Male,Kolkata,2025-03-26 06:47:40
C01965,39,Male,Pune,2025-11-28 17:14:11
C01966,54,Female,Hyderabad,2025-04-05 09:06:50
C01967,49,Male,Bangalore,2025-01-02 22:34:19
C01968,58,Female,Pune,2026-03-04 20:14:28
C01969,20,Male,Chennai,2025-04-14 00:56:41
C01970,45,Male,Delhi,2025-06-07 01:31:10
C01971,27,Male,Mumbai,2025-06-02 14:16:55
C01972,52,Female,Kolkata,2025-10-08 17:41:58
C01973,46,Female,Chennai,2025-09-23 09:22:16
C01974,32,Female,Delhi,2026-02-17 00:51:53
C01975,50,Female,Kolkata,2025-11-18 21:43:29
C01976,24,Female,Hyderabad,2025-12-24 19:08:51
C01977,29,Female,Kolkata,2025-04-16 12:51:43
C01978,47,Female,Bangalore,2026-01-11 09:26:20
C01979,38,Female,Bangalore,2025-09-14 15:30:21
C01980,48,Male,Delhi,2025-03-23 20:32:48
C01981,41,Female,Chennai,2025-11-24 07:48:28
C01982,37,Female,Mumbai,2025-08-27 03:37:34
C01983,54,Female,Hyderabad,2026-04-11 18:55:19
C01984,21,Male,Delhi,2025-12-21 14:16:17
C01985,45,Female,Hyderabad,2025-02-17 03:04:49
C01986,61,Female,Bangalore,2026-05-29 08:24:12
C01987,37,Male,Pune,2025-10-21 01:00:47
C01988,41,Female,Pune,2026-06-21 15:38:15
C01989,49,Male,Mumbai,2025-08-28 23:58:17
C01990,58,Male,Hyderabad,2025-07-17 20:16:31
C01991,53,Male,Delhi,2025-12-16 01:01:31
C01992,51,Male,Mumbai,2026-02-01 03:55:36
C01993,53,Female,Kolkata,2025-02-10 04:09:26
C01994,19,Male,Kolkata,2025-07-11 08:38:15
C01995,32,Male,Chennai,2025-04-06 18:38:24
C01996,51,Male,Pune,2025-08-06 11:38:27
C01997,53,Male,Delhi,2026-04-13 07:01:50
C01998,23,Male,Hyderabad,2025-11-01 07:09:05
C01999,56,Female,Mumbai,2025-03-01 03:46:19
C02000,59,Male,Delhi,2025-03-22 00:11:30
C02001,29,Female,Mumbai,2025-04-27 09:50:16
C02002,20,Female,Mumbai,2026-01-25 23:21:16
C02003,62,Male,Mumbai,2025-09-19 05:55:42
C02004,35,Female,Hyderabad,2026-02-01 17:08:25
C02005,57,Male,Delhi,2026-06-18 01:02:25
C02006,38,Male,Bangalore,2025-01-30 23:44:50
C02007,32,Male,Bangalore,2025-01-06 16:05:22
C02008,50,Male,Hyderabad,2026-04-20 07:27:41
C02009,52,Female,Kolkata,2025-02-21 08:15:34
C02010,43,Female,Hyderabad,2025-07-25 08:25:14
C02011,25,Male,Pune,2026-02-20 01:30:04
C02012,53,Female,Mumbai,2026-05-08 12:41:57
C02013,65,Male,Delhi,2025-05-21 13:55:31
C02014,47,Female,Delhi,2026-01-23 16:39:24
C02015,40,Male,Chennai,2025-05-26 08:43:22
C02016,59,Male,Chennai,2026-02-24 20:25:20
C02017,61,Male,Bangalore,2025-06-01 23:43:24
C02018,31,Male,Chennai,2026-03-12 05:19:37
C02019,31,Female,Chennai,2026-04-06 18:34:56
C02020,19,Female,Bangalore,2026-04-08 16:20:04
C02021,54,Male,Pune,2026-04-03 05:12:01
C02022,22,Female,Kolkata,2025-01-27 03:31:11
C02023,55,Female,Bangalore,2025-08-24 20:14:29
C02024,62,Female,Kolkata,2025-09-06 22:01:28
C02025,58,Male,Chennai,2025-08-26 23:19:00
C02026,64,Male,Delhi,2025-07-15 06:53:55
C02027,31,Female,Chennai,2026-03-14 13:02:53
C02028,56,Female,Mumbai,2025-06-27 03:12:01
C02029,42,Male,Kolkata,2025-06-09 01:23:23
C02030,37,Male,Kolkata,2025-05-03 01:04:34
C02031,19,Male,Mumbai,2026-05-14 19:54:31
C02032,56,Female,Mumbai,2026-02-10 22:01:43
C02033,23,Female,Pune,2026-06-21 09:10:12
C02034,34,Male,Hyderabad,2025-07-20 13:53:49
C02035,42,Female,Mumbai,2026-05-16 16:35:08
C02036,45,Female,Kolkata,2025-06-01 20:54:58
C02037,19,Female,Delhi,2025-05-23 03:10:06
C02038,52,Female,Kolkata,2025-12-06 11:13:10
C02039,54,Female,Kolkata,2025-12-29 15:51:08
C02040,22,Male,Pune,2025-05-02 16:00:05
C02041,18,Female,Hyderabad,2025-10-08 15:42:38
C02042,57,Male,Hyderabad,2025-04-26 03:35:49
C02043,29,Male,Mumbai,2026-02-24 13:39:06
C02044,53,Male,Chennai,2025-02-22 01:42:45
C02045,62,Male,Kolkata,2025-03-22 08:26:02
C02046,40,Male,Bangalore,2026-06-25 22:38:37
C02047,64,Male,Chennai,2026-06-25 14:26:22
C02048,48,Female,Chennai,2025-09-22 20:35:07
C02049,28,Male,Hyderabad,2026-03-17 11:04:53
C02050,27,Female,Hyderabad,2025-05-27 02:20:25
C02051,20,Male,Pune,2025-03-15 18:27:04
C02052,31,Female,Pune,2026-02-09 14:30:32
C02053,33,Female,Hyderabad,2025-06-19 07:00:49
C02054,27,Male,Delhi,2026-03-25 17:07:47
C02055,46,Female,Delhi,2025-10-11 06:23:04
C02056,27,Female,Bangalore,2025-02-02 14:37:02
C02057,29,Female,Hyderabad,2026-05-21 10:41:01
C02058,47,Female,Mumbai,2026-01-24 22:31:47
C02059,58,Female,Pune,2025-05-24 10:58:35
C02060,18,Female,Hyderabad,2025-07-12 04:28:40
C02061,22,Male,Delhi,2026-03-18 20:40:42
C02062,37,Male,Hyderabad,2025-04-13 08:55:05
C02063,25,Female,Delhi,2025-08-13 20:31:03
C02064,60,Male,Hyderabad,2025-05-24 03:32:25
C02065,29,Male,Kolkata,2025-01-13 22:20:01
C02066,18,Male,Mumbai,2026-06-17 15:28:34
C02067,37,Male,Bangalore,2025-04-11 18:37:49
C02068,45,Female,Kolkata,2026-02-22 15:32:58
C02069,60,Male,Mumbai,2026-03-29 06:24:49
C02070,54,Male,Delhi,2026-01-12 14:38:58
C02071,64,Female,Pune,2025-01-20 02:09:43
C02072,54,Female,Pune,2025-06-04 11:39:06
C02073,29,Male,Chennai,2025-07-11 15:37:30
C02074,54,Male,Mumbai,2025-01-26 18:53:15
C02075,61,Female,Hyderabad,2025-01-08 07:43:41
C02076,45,Female,Bangalore,2025-01-24 13:38:07
C02077,64,Male,Hyderabad,2025-04-09 21:16:53
C02078,32,Male,Hyderabad,2025-07-20 05:46:22
C02079,23,Male,Mumbai,2025-10-08 09:26:33
C02080,61,Male,Bangalore,2025-06-26 17:45:02
C02081,37,Male,Chennai,2026-04-28 05:07:01
C02082,31,Female,Kolkata,2025-06-15 04:19:28
C02083,19,Male,Hyderabad,2026-05-03 16:28:34
C02084,26,Female,Bangalore,2026-04-18 09:45:00
C02085,54,Male,Chennai,2026-04-12 21:30:24
C02086,37,Female,Kolkata,2026-04-15 05:00:27
C02087,43,Female,Hyderabad,2026-03-12 07:36:46
C02088,46,Male,Bangalore,2025-09-19 02:33:35
C02089,18,Female,Kolkata,2026-04-01 14:06:03
C02090,52,Male,Mumbai,2025-06-30 21:27:24
C02091,23,Female,Pune,2025-11-22 15:50:00
C02092,54,Female,Pune,2025-01-29 12:57:40
C02093,22,Male,Hyderabad,2025-09-12 08:01:47
C02094,50,Male,Hyderabad,2025-02-13 02:52:31
C02095,31,Male,Kolkata,2025-01-17 10:54:32
C02096,29,Female,Bangalore,2026-06-18 12:57:28
C02097,59,Male,Pune,2026-01-02 03:21:02
C02098,37,Male,Hyderabad,2025-08-03 10:42:10
C02099,41,Male,Chennai,2025-01-21 13:25:05
C02100,60,Male,Hyderabad,2025-05-06 23:15:28
C02101,51,Female,Pune,2025-12-25 07:18:19
C02102,42,Male,Delhi,2026-04-02 13:10:25
C02103,46,Female,Pune,2025-02-05 08:55:51
C02104,56,Male,Chennai,2025-06-23 18:12:47
C02105,48,Male,Bangalore,2025-02-08 20:24:01
C02106,64,Female,Chennai,2026-06-14 10:09:44
C02107,60,Female,Delhi,2026-03-06 12:12:02
C02108,40,Female,Delhi,2026-03-22 20:02:09
C02109,61,Male,Hyderabad,2026-01-15 03:20:18
C02110,55,Male,Hyderabad,2026-06-07 21:15:35
C02111,37,Female,Pune,2025-03-06 16:11:14
C02112,40,Male,Mumbai,2025-09-23 19:08:52
C02113,62,Male,Chennai,2025-10-08 02:31:54
C02114,33,Female,Pune,2026-05-21 21:10:47
C02115,59,Female,Mumbai,2025-08-17 11:48:21
C02116,25,Female,Pune,2025-02-12 05:19:41
C02117,38,Female,Delhi,2025-06-27 14:38:52
C02118,18,Female,Hyderabad,2026-01-18 18:23:44
C02119,25,Male,Hyderabad,2025-07-23 02:08:16
C02120,46,Male,Pune,2025-02-06 20:26:05
C02121,49,Female,Hyderabad,2025-02-20 17:57:59
C02122,55,Female,Bangalore,2025-01-01 18:06:37
C02123,22,Male,Pune,2026-03-28 18:43:18
C02124,64,Male,Delhi,2025-07-05 22:37:57
C02125,39,Male,Kolkata,2025-07-09 09:41:23
C02126,64,Female,Pune,2025-03-08 03:34:38
C02127,51,Male,Pune,2025-03-06 01:14:08
C02128,18,Male,Hyderabad,2025-03-08 01:06:59
C02129,43,Female,Delhi,2025-09-10 02:19:14
C02130,60,Female,Pune,2026-01-10 13:45:26
C02131,27,Male,Hyderabad,2026-02-06 02:15:32
C02132,47,Female,Chennai,2025-01-21 05:30:44
C02133,35,Female,Delhi,2026-03-18 13:35:12
C02134,34,Male,Mumbai,2026-05-24 02:48:39
C02135,43,Male,Bangalore,2025-07-17 11:03:28
C02136,25,Male,Mumbai,2026-05-18 16:04:44
C02137,64,Male,Kolkata,2025-03-30 00:53:56
C02138,57,Female,Delhi,2025-07-14 06:50:28
C02139,29,Male,Pune,2025-10-23 06:36:02
C02140,44,Female,Hyderabad,2025-05-11 18:08:11
C02141,25,Male,Kolkata,2026-03-12 01:06:59
C02142,42,Male,Delhi,2025-04-19 19:57:04
C02143,63,Female,Bangalore,2025-09-23 07:53:34
C02144,21,Male,Delhi,2026-06-05 23:52:10
C02145,50,Male,Kolkata,2026-02-25 18:25:20
C02146,18,Male,Hyderabad,2025-04-06 23:11:54
C02147,36,Male,Mumbai,2025-07-02 03:37:38
C02148,48,Female,Chennai,2025-11-27 23:11:24
C02149,33,Male,Mumbai,2026-02-05 17:38:29
C02150,31,Female,Hyderabad,2025-02-27 00:47:33
C02151,65,Female,Kolkata,2025-11-01 21:27:56
C02152,22,Male,Hyderabad,2026-06-27 02:36:33
C02153,58,Male,Bangalore,2025-11-15 03:16:05
C02154,43,Male,Delhi,2025-05-08 00:20:20
C02155,45,Female,Delhi,2025-08-24 15:13:33
C02156,19,Male,Mumbai,2025-06-09 18:18:30
C02157,23,Female,Kolkata,2025-08-09 17:35:51
C02158,26,Male,Chennai,2026-02-11 22:19:05
C02159,50,Female,Chennai,2025-11-27 22:54:38
C02160,58,Male,Bangalore,2025-05-20 02:55:16
C02161,42,Female,Hyderabad,2025-01-06 21:33:10
C02162,65,Male,Bangalore,2025-01-19 13:04:03
C02163,30,Male,Delhi,2025-05-14 22:28:36
C02164,26,Male,Pune,2025-04-17 03:35:42
C02165,30,Male,Pune,2025-07-11 09:04:16
C02166,48,Female,Pune,2025-09-06 19:04:18
C02167,58,Male,Hyderabad,2026-01-10 18:49:34
C02168,28,Male,Bangalore,2026-02-14 18:36:42
C02169,21,Female,Kolkata,2025-03-30 13:32:02
C02170,51,Male,Mumbai,2025-06-27 15:28:49
C02171,55,Female,Delhi,2025-09-29 23:22:09
C02172,63,Female,Pune,2026-02-11 16:48:44
C02173,21,Male,Kolkata,2025-05-04 08:47:44
C02174,55,Female,Chennai,2025-11-05 17:04:05
C02175,36,Male,Bangalore,2026-05-29 04:54:12
C02176,23,Male,Delhi,2025-12-10 20:37:09
C02177,51,Female,Delhi,2025-04-24 19:04:36
C02178,35,Female,Chennai,2025-12-08 04:48:06
C02179,30,Male,Chennai,2026-01-03 14:17:04
C02180,58,Female,Chennai,2025-12-13 07:10:04
C02181,40,Male,Pune,2026-05-07 06:54:04
C02182,36,Male,Pune,2025-11-30 13:07:38
C02183,62,Female,Bangalore,2025-04-17 22:27:18
C02184,28,Male,Chennai,2026-05-04 15:01:13
C02185,18,Male,Mumbai,2026-03-15 22:59:44
C02186,41,Female,Delhi,2025-08-17 11:05:52
C02187,24,Female,Chennai,2026-03-12 15:13:48
C02188,42,Male,Delhi,2026-05-05 11:32:29
C02189,38,Female,Hyderabad,2025-10-23 18:11:48
C02190,32,Female,Kolkata,2025-08-16 22:03:35
C02191,18,Female,Hyderabad,2025-04-25 15:07:33
C02192,29,Female,Chennai,2025-05-15 07:57:11
C02193,24,Male,Delhi,2025-10-05 00:36:44
C02194,32,Male,Kolkata,2025-07-26 23:54:02
C02195,38,Male,Hyderabad,2025-05-25 19:13:41
C02196,36,Female,Chennai,2025-01-18 13:17:40
C02197,46,Female,Delhi,2025-10-31 09:56:55
C02198,42,Female,Chennai,2025-04-16 04:53:00
C02199,50,Female,Pune,2025-12-06 19:15:34
C02200,49,Male,Delhi,2025-02-15 08:09:02
C02201,52,Male,Hyderabad,2025-10-25 07:45:39
C02202,61,Male,Chennai,2026-03-05 06:57:20
C02203,55,Male,Hyderabad,2025-12-26 21:03:56
C02204,43,Male,Chennai,2025-05-06 15:28:36
C02205,28,Male,Bangalore,2026-01-03 21:48:19
C02206,52,Female,Hyderabad,2025-12-01 16:40:22
C02207,25,Female,Hyderabad,2026-02-17 21:49:02
C02208,63,Female,Mumbai,2025-02-27 03:44:51
C02209,31,Female,Kolkata,2025-09-11 02:02:24
C02210,27,Male,Pune,2026-01-26 16:15:05
C02211,19,Female,Hyderabad,2025-11-06 08:31:49
C02212,63,Female,Delhi,2025-08-18 16:01:35
C02213,26,Female,Kolkata,2025-07-26 14:43:34
C02214,20,Male,Chennai,2026-05-31 14:45:03
C02215,38,Male,Bangalore,2025-07-20 07:51:44
C02216,43,Male,Delhi,2026-05-22 12:02:53
C02217,25,Female,Kolkata,2025-04-02 10:24:19
C02218,65,Female,Delhi,2026-06-21 16:43:23
C02219,19,Female,Delhi,2026-02-12 13:14:19
C02220,23,Male,Delhi,2025-10-09 23:46:53
C02221,45,Female,Kolkata,2026-02-14 04:55:49
C02222,46,Female,Bangalore,2026-01-27 14:07:45
C02223,43,Male,Mumbai,2025-01-25 17:13:41
C02224,42,Male,Pune,2025-11-30 08:11:47
C02225,29,Female,Hyderabad,2025-03-10 06:39:58
C02226,22,Male,Kolkata,2025-11-27 15:07:37
C02227,51,Female,Delhi,2026-03-10 17:51:18
C02228,65,Female,Hyderabad,2026-04-06 21:18:35
C02229,54,Female,Kolkata,2025-03-24 14:45:00
C02230,32,Female,Hyderabad,2025-01-18 17:12:12
C02231,61,Female,Delhi,2025-04-13 12:22:23
C02232,53,Female,Mumbai,2025-07-04 17:30:19
C02233,32,Male,Kolkata,2026-04-30 14:54:43
C02234,60,Male,Hyderabad,2025-01-19 11:45:06
C02235,65,Male,Chennai,2026-05-17 12:52:43
C02236,40,Female,Hyderabad,2025-01-31 08:14:05
C02237,23,Male,Pune,2026-05-11 15:06:57
C02238,63,Male,Delhi,2025-11-24 19:46:34
C02239,61,Male,Bangalore,2025-08-29 18:06:42
C02240,60,Female,Hyderabad,2025-09-21 12:11:40
C02241,62,Female,Mumbai,2025-09-11 09:51:55
C02242,38,Female,Chennai,2025-12-31 12:56:29
C02243,40,Male,Chennai,2026-05-25 13:42:33
C02244,60,Female,Bangalore,2025-09-28 06:12:00
C02245,33,Female,Pune,2026-03-31 08:06:38
C02246,64,Female,Bangalore,2025-03-03 18:56:18
C02247,32,Female,Pune,2025-04-04 18:07:04
C02248,42,Male,Hyderabad,2025-05-01 12:25:39
C02249,53,Female,Delhi,2026-03-24 23:23:58
C02250,28,Male,Mumbai,2025-09-08 21:10:10
C02251,32,Male,Chennai,2025-07-02 12:39:16
C02252,21,Female,Bangalore,2025-10-09 12:22:24
C02253,38,Male,Mumbai,2026-03-27 21:03:48
C02254,30,Male,Pune,2026-04-30 05:18:22
C02255,39,Female,Delhi,2025-10-15 04:52:33
C02256,36,Male,Chennai,2025-11-12 22:39:07
C02257,51,Female,Chennai,2025-02-21 03:02:07
C02258,31,Female,Pune,2026-01-10 21:16:13
C02259,21,Female,Delhi,2025-11-10 14:08:32
C02260,65,Female,Chennai,2025-10-03 13:24:10
C02261,63,Female,Delhi,2025-08-14 01:01:34
C02262,44,Female,Chennai,2025-04-02 20:45:15
C02263,46,Female,Hyderabad,2025-03-24 10:37:36
C02264,64,Female,Pune,2025-05-15 06:47:06
C02265,45,Female,Delhi,2025-10-30 18:00:30
C02266,52,Female,Mumbai,2026-06-29 10:03:49
C02267,25,Male,Hyderabad,2025-08-25 18:54:22
C02268,33,Male,Kolkata,2025-06-05 16:50:45
C02269,59,Female,Mumbai,2025-06-21 11:50:38
C02270,53,Male,Pune,2026-05-23 11:06:46
C02271,47,Male,Chennai,2026-01-28 13:13:01
C02272,35,Female,Kolkata,2025-12-29 05:39:29
C02273,19,Male,Mumbai,2025-11-01 07:04:53
C02274,30,Male,Hyderabad,2026-04-29 20:02:04
C02275,21,Female,Kolkata,2025-11-30 23:23:35
C02276,43,Female,Kolkata,2025-07-10 07:29:00
C02277,42,Male,Delhi,2025-08-10 22:52:36
C02278,47,Female,Bangalore,2026-05-16 19:05:22
C02279,28,Female,Mumbai,2025-10-16 04:08:07
C02280,24,Male,Bangalore,2026-04-11 09:05:27
C02281,48,Male,Pune,2026-04-10 01:10:31
C02282,61,Female,Mumbai,2025-12-06 13:50:34
C02283,27,Female,Mumbai,2025-01-01 21:28:52
C02284,56,Female,Delhi,2025-12-05 13:58:26
C02285,30,Female,Chennai,2025-01-24 22:01:02
C02286,48,Female,Hyderabad,2026-03-22 02:39:50
C02287,24,Male,Hyderabad,2025-06-30 11:38:02
C02288,59,Female,Hyderabad,2026-04-22 20:54:05
C02289,59,Male,Pune,2025-12-14 08:31:04
C02290,53,Female,Kolkata,2026-05-10 13:16:40
C02291,37,Female,Chennai,2025-09-17 15:58:35
C02292,21,Male,Bangalore,2025-11-29 06:04:36
C02293,24,Female,Hyderabad,2025-02-20 11:47:31
C02294,18,Male,Bangalore,2026-05-15 20:27:55
C02295,61,Male,Chennai,2025-10-19 00:32:33
C02296,62,Female,Pune,2025-04-17 00:12:33
C02297,59,Male,Chennai,2025-09-13 15:53:39
C02298,64,Female,Delhi,2025-03-20 11:23:51
C02299,30,Male,Kolkata,2025-12-08 20:32:33
C02300,39,Female,Hyderabad,2025-12-26 13:34:37
C02301,38,Female,Pune,2025-10-31 06:16:56
C02302,39,Female,Delhi,2025-07-28 02:16:59
C02303,45,Male,Hyderabad,2026-04-23 23:50:32
C02304,26,Female,Chennai,2025-08-15 20:05:21
C02305,43,Male,Chennai,2026-04-12 14:05:04
C02306,26,Male,Mumbai,2025-10-17 15:28:57
C02307,32,Male,Mumbai,2025-05-15 06:30:22
C02308,27,Male,Chennai,2025-04-14 12:46:00
C02309,41,Female,Chennai,2025-02-23 15:31:13
C02310,59,Male,Bangalore,2025-01-27 10:03:03
C02311,25,Female,Kolkata,2025-01-11 08:58:37
C02312,41,Female,Bangalore,2025-04-28 22:47:46
C02313,33,Male,Kolkata,2025-11-02 00:54:40
C02314,43,Female,Delhi,2025-07-02 15:36:10
C02315,44,Male,Mumbai,2025-04-11 13:38:17
C02316,54,Male,Mumbai,2025-09-18 05:15:29
C02317,21,Male,Chennai,2026-04-28 12:30:29
C02318,41,Female,Chennai,2025-05-12 06:06:39
C02319,36,Female,Delhi,2025-01-03 00:33:31
C02320,53,Male,Pune,2025-06-21 23:27:54
C02321,56,Male,Pune,2025-06-30 05:19:47
C02322,27,Female,Pune,2026-04-14 11:08:33
C02323,42,Male,Mumbai,2025-08-17 16:46:58
C02324,35,Female,Bangalore,2025-09-20 01:53:55
C02325,36,Female,Pune,2026-06-02 11:42:12
C02326,53,Male,Hyderabad,2026-03-29 09:40:30
C02327,27,Female,Delhi,2025-10-19 06:19:02
C02328,50,Male,Pune,2025-03-07 07:29:17
C02329,22,Female,Hyderabad,2026-01-19 21:08:30
C02330,64,Female,Pune,2025-10-26 13:12:41
C02331,52,Male,Bangalore,2025-07-20 20:13:43
C02332,61,Male,Bangalore,2025-04-28 08:27:52
C02333,51,Female,Pune,2025-08-12 06:52:27
C02334,50,Female,Hyderabad,2025-04-21 05:50:30
C02335,38,Male,Delhi,2025-05-04 08:02:12
C02336,34,Female,Hyderabad,2026-03-14 12:59:04
C02337,39,Male,Delhi,2026-04-21 18:14:01
C02338,65,Male,Pune,2025-01-31 20:00:56
C02339,54,Female,Delhi,2025-07-12 00:10:01
C02340,32,Male,Chennai,2025-09-09 12:17:03
C02341,52,Female,Mumbai,2025-10-19 22:06:16
C02342,45,Male,Kolkata,2025-12-23 09:40:25
C02343,24,Female,Mumbai,2025-10-16 00:13:49
C02344,49,Male,Bangalore,2026-04-21 02:37:13
C02345,28,Female,Chennai,2026-06-17 22:40:26
C02346,27,Female,Mumbai,2025-02-13 21:17:18
C02347,26,Male,Pune,2025-07-03 19:03:46
C02348,31,Female,Delhi,2025-02-15 17:33:30
C02349,30,Male,Delhi,2026-03-28 21:27:01
C02350,42,Male,Hyderabad,2025-08-10 17:33:57
C02351,19,Female,Hyderabad,2025-11-18 04:24:46
C02352,52,Male,Delhi,2026-04-12 07:31:40
C02353,24,Female,Pune,2025-09-05 12:18:52
C02354,38,Female,Delhi,2026-05-29 19:56:37
C02355,35,Female,Hyderabad,2026-02-26 16:17:08
C02356,20,Male,Mumbai,2025-08-13 10:28:29
C02357,59,Male,Bangalore,2025-04-09 11:17:21
C02358,56,Male,Hyderabad,2025-11-29 12:05:42
C02359,58,Female,Pune,2025-07-12 04:33:47
C02360,28,Female,Mumbai,2026-05-01 14:41:49
C02361,56,Female,Mumbai,2025-05-31 22:52:02
C02362,41,Male,Mumbai,2025-07-10 06:42:27
C02363,63,Male,Chennai,2025-01-15 22:58:54
C02364,36,Male,Chennai,2025-12-14 13:00:10
C02365,21,Male,Kolkata,2025-07-09 18:48:55
C02366,43,Male,Mumbai,2025-05-05 06:34:56
C02367,55,Male,Pune,2025-11-18 20:42:21
C02368,59,Male,Delhi,2025-09-05 14:29:19
C02369,49,Male,Pune,2026-05-06 08:21:10
C02370,56,Male,Chennai,2025-05-03 19:37:02
C02371,62,Male,Hyderabad,2025-11-18 01:30:03
C02372,63,Male,Kolkata,2026-05-30 18:36:33
C02373,53,Male,Chennai,2025-03-26 13:10:23
C02374,57,Female,Delhi,2025-08-20 11:10:19
C02375,54,Male,Bangalore,2025-12-31 13:23:03
C02376,50,Male,Kolkata,2026-04-30 04:14:45
C02377,53,Male,Chennai,2025-05-01 11:29:47
C02378,20,Male,Pune,2025-07-21 05:07:08
C02379,26,Male,Kolkata,2026-06-23 20:07:01
C02380,25,Male,Pune,2025-03-10 09:09:47
C02381,50,Female,Mumbai,2025-04-25 17:11:20
C02382,23,Male,Mumbai,2025-03-18 20:12:30
C02383,58,Male,Mumbai,2025-01-11 00:46:03
C02384,56,Female,Kolkata,2025-05-16 09:27:20
C02385,21,Male,Bangalore,2026-05-03 04:37:44
C02386,30,Male,Delhi,2025-10-10 10:37:25
C02387,19,Female,Kolkata,2025-06-22 04:50:51
C02388,22,Female,Hyderabad,2025-02-25 02:52:27
C02389,61,Male,Pune,2025-03-09 21:18:42
C02390,44,Male,Pune,2026-02-02 21:39:45
C02391,49,Male,Kolkata,2026-04-16 19:43:08
C02392,38,Male,Kolkata,2025-03-30 15:02:31
C02393,25,Female,Delhi,2025-12-27 02:10:02
C02394,55,Male,Bangalore,2026-04-22 23:14:20
C02395,25,Male,Kolkata,2025-12-09 02:58:43
C02396,20,Female,Mumbai,2025-01-04 13:38:13
C02397,61,Female,Delhi,2025-10-09 23:16:53
C02398,20,Male,Hyderabad,2026-04-16 11:09:19
C02399,39,Female,Mumbai,2025-11-18 13:41:40
C02400,23,Male,Hyderabad,2025-11-07 02:33:20
C02401,19,Female,Chennai,2025-06-27 10:26:33
C02402,40,Male,Hyderabad,2026-06-10 04:45:02
C02403,61,Male,Mumbai,2025-08-13 05:31:35
C02404,19,Male,Chennai,2025-12-22 02:42:56
C02405,55,Male,Mumbai,2025-05-05 22:58:49
C02406,34,Male,Pune,2025-12-25 21:05:26
C02407,52,Female,Mumbai,2025-05-04 21:02:29
C02408,51,Female,Chennai,2025-06-24 05:13:19
C02409,40,Male,Hyderabad,2026-01-23 09:32:36
C02410,47,Male,Pune,2025-05-26 09:59:43
C02411,25,Male,Bangalore,2026-03-12 01:45:08
C02412,39,Female,Bangalore,2025-12-09 03:27:15
C02413,61,Female,Bangalore,2025-05-18 20:24:22
C02414,53,Female,Bangalore,2025-07-30 00:48:29
C02415,22,Female,Delhi,2025-09-19 12:53:18
C02416,30,Male,Bangalore,2025-04-23 02:32:13
C02417,46,Male,Chennai,2026-02-21 21:28:06
C02418,48,Female,Kolkata,2025-06-11 08:53:02
C02419,64,Female,Bangalore,2026-02-05 08:00:48
C02420,33,Male,Mumbai,2025-06-12 13:47:44
C02421,59,Male,Kolkata,2025-07-30 03:26:32
C02422,47,Female,Bangalore,2025-08-04 16:45:09
C02423,33,Male,Kolkata,2026-03-13 03:07:08
C02424,29,Male,Hyderabad,2025-05-05 15:53:49
C02425,34,Female,Chennai,2025-07-23 08:21:03
C02426,33,Male,Chennai,2026-06-16 09:24:43
C02427,29,Male,Kolkata,2026-01-30 07:27:16
C02428,25,Female,Pune,2025-03-08 00:33:35
C02429,37,Female,Delhi,2025-10-01 04:16:05
C02430,20,Female,Mumbai,2025-08-17 20:11:33
C02431,33,Male,Kolkata,2026-01-16 17:59:48
C02432,47,Male,Chennai,2025-07-14 09:40:08
C02433,62,Female,Hyderabad,2025-10-05 15:45:07
C02434,40,Female,Bangalore,2026-03-29 15:43:25
C02435,45,Male,Chennai,2025-05-18 16:44:06
C02436,57,Female,Hyderabad,2025-11-04 02:52:42
C02437,22,Male,Bangalore,2025-12-08 10:05:49
C02438,37,Male,Delhi,2025-01-11 11:16:40
C02439,57,Male,Chennai,2025-04-04 13:22:45
C02440,61,Male,Chennai,2026-01-02 15:28:51
C02441,18,Male,Kolkata,2026-03-31 20:10:41
C02442,47,Female,Kolkata,2025-11-01 15:46:00
C02443,38,Female,Hyderabad,2026-03-13 11:36:24
C02444,37,Female,Pune,2026-03-25 22:27:55
C02445,23,Male,Kolkata,2025-05-02 10:19:53
C02446,39,Male,Mumbai,2025-05-19 07:42:18
C02447,35,Male,Delhi,2025-07-29 04:30:45
C02448,25,Male,Mumbai,2025-04-21 09:02:05
C02449,56,Female,Chennai,2025-02-14 19:47:46
C02450,49,Female,Mumbai,2026-02-27 23:39:31
C02451,50,Female,Bangalore,2025-05-16 22:01:05
C02452,33,Male,Delhi,2025-09-26 21:22:31
C02453,29,Male,Mumbai,2025-05-11 12:17:45
C02454,55,Male,Bangalore,2026-02-14 19:18:27
C02455,51,Male,Hyderabad,2025-09-29 17:38:43
C02456,31,Female,Mumbai,2025-12-19 00:43:56
C02457,53,Female,Delhi,2026-04-21 23:53:44
C02458,50,Male,Bangalore,2025-10-04 18:26:46
C02459,40,Female,Mumbai,2025-11-21 14:16:47
C02460,62,Female,Hyderabad,2025-03-18 22:49:21
C02461,19,Male,Mumbai,2026-02-23 11:36:34
C02462,58,Female,Bangalore,2026-05-20 15:23:31
C02463,38,Male,Mumbai,2026-04-08 10:13:29
C02464,19,Male,Delhi,2025-11-16 09:35:51
C02465,44,Female,Chennai,2026-05-17 14:19:37
C02466,26,Female,Bangalore,2025-04-23 10:21:49
C02467,18,Male,Bangalore,2025-03-24 09:09:13
C02468,28,Male,Bangalore,2025-04-02 02:53:09
C02469,20,Female,Bangalore,2025-12-15 20:19:14
C02470,40,Female,Mumbai,2026-02-14 19:56:08
C02471,43,Female,Delhi,2025-08-21 23:48:57
C02472,21,Male,Hyderabad,2026-05-29 05:12:15
C02473,35,Female,Delhi,2026-04-11 22:11:19
C02474,23,Male,Bangalore,2025-02-10 05:06:16
C02475,52,Female,Pune,2025-06-01 01:34:06
C02476,39,Male,Mumbai,2025-05-24 20:44:50
C02477,60,Female,Pune,2025-09-08 16:25:39
C02478,32,Male,Mumbai,2026-02-26 16:11:09
C02479,39,Male,Bangalore,2026-04-02 02:38:04
C02480,54,Male,Mumbai,2025-09-01 17:05:47
C02481,59,Male,Bangalore,2025-10-20 09:36:20
C02482,29,Female,Delhi,2026-03-20 11:29:44
C02483,64,Female,Kolkata,2025-06-13 21:22:26
C02484,59,Female,Chennai,2025-12-19 00:12:22
C02485,55,Male,Mumbai,2026-03-15 05:33:35
C02486,35,Female,Bangalore,2026-06-07 12:36:37
C02487,62,Female,Pune,2026-02-04 00:24:30
C02488,52,Male,Bangalore,2026-02-24 04:51:11
C02489,47,Male,Pune,2025-02-25 12:08:04
C02490,41,Female,Mumbai,2025-07-18 15:51:25
C02491,59,Female,Hyderabad,2026-01-08 18:09:13
C02492,47,Female,Pune,2025-01-09 07:42:34
C02493,31,Male,Bangalore,2025-06-22 23:21:17
C02494,23,Female,Mumbai,2025-11-14 15:11:15
C02495,20,Male,Bangalore,2025-04-13 14:04:01
C02496,33,Female,Hyderabad,2026-01-19 23:02:34
C02497,24,Female,Chennai,2025-06-24 12:36:37
C02498,31,Male,Kolkata,2026-06-16 20:43:38
C02499,26,Female,Kolkata,2026-03-12 22:35:23
C02500,32,Male,Hyderabad,2025-09-24 17:26:41
C02501,38,Female,Delhi,2026-04-14 04:05:13
C02502,52,Male,Mumbai,2025-06-08 01:18:14
C02503,19,Male,Hyderabad,2025-08-25 13:27:28
C02504,44,Male,Chennai,2026-01-26 23:58:46
C02505,19,Male,Bangalore,2026-02-05 15:31:21
C02506,52,Male,Mumbai,2026-05-27 04:20:04
C02507,35,Female,Pune,2025-02-04 07:47:12
C02508,31,Female,Hyderabad,2025-12-06 09:25:19
C02509,37,Female,Chennai,2025-05-07 03:41:26
C02510,35,Male,Hyderabad,2025-09-12 08:01:52
C02511,27,Female,Delhi,2026-06-19 03:39:52
C02512,42,Male,Kolkata,2026-06-01 15:20:38
C02513,19,Female,Kolkata,2025-04-13 20:56:48
C02514,42,Male,Mumbai,2025-05-19 20:04:50
C02515,50,Female,Bangalore,2025-10-30 11:28:47
C02516,53,Female,Chennai,2025-11-12 04:56:04
C02517,48,Female,Hyderabad,2025-11-27 06:50:27
C02518,31,Male,Mumbai,2026-01-14 03:31:29
C02519,18,Male,Hyderabad,2026-04-15 06:17:35
C02520,63,Male,Mumbai,2025-05-27 09:26:22
C02521,33,Female,Kolkata,2025-01-19 10:40:03
C02522,63,Female,Delhi,2025-10-17 05:02:14
C02523,20,Male,Hyderabad,2025-01-25 13:54:59
C02524,52,Female,Delhi,2025-12-20 01:06:16
C02525,58,Female,Pune,2025-01-23 05:33:51
C02526,23,Female,Pune,2026-01-18 03:29:33
C02527,42,Male,Kolkata,2025-08-15 15:12:39
C02528,30,Male,Chennai,2025-07-25 02:16:36
C02529,51,Male,Delhi,2025-10-03 11:47:23
C02530,25,Female,Mumbai,2025-07-23 09:45:34
C02531,38,Male,Chennai,2025-05-28 08:32:00
C02532,51,Male,Hyderabad,2025-09-16 06:58:22
C02533,21,Female,Hyderabad,2025-11-10 01:37:28
C02534,42,Female,Mumbai,2026-04-22 17:11:01
C02535,32,Female,Bangalore,2025-05-03 23:59:59
C02536,21,Male,Bangalore,2025-05-14 17:26:05
C02537,62,Male,Hyderabad,2026-05-08 22:01:24
C02538,29,Female,Kolkata,2025-10-14 11:52:57
C02539,49,Male,Kolkata,2025-03-02 04:34:04
C02540,49,Male,Mumbai,2025-02-23 22:21:50
C02541,45,Male,Bangalore,2025-05-05 16:29:27
C02542,30,Male,Delhi,2025-02-27 02:36:50
C02543,48,Male,Hyderabad,2025-02-24 10:25:57
C02544,31,Female,Pune,2026-03-05 23:44:43
C02545,37,Female,Delhi,2025-04-05 04:51:55
C02546,35,Female,Mumbai,2026-03-21 19:01:02
C02547,46,Male,Pune,2026-05-10 15:52:27
C02548,23,Male,Delhi,2025-03-03 05:01:26
C02549,49,Male,Bangalore,2026-02-20 05:52:35
C02550,46,Female,Kolkata,2026-05-18 07:18:00
C02551,60,Male,Bangalore,2026-04-21 01:02:17
C02552,19,Female,Pune,2025-12-13 08:39:26
C02553,40,Female,Chennai,2025-12-06 08:09:07
C02554,36,Male,Kolkata,2025-08-04 14:13:43
C02555,48,Male,Hyderabad,2025-09-15 18:37:51
C02556,22,Female,Pune,2025-10-22 09:05:44
C02557,36,Female,Mumbai,2025-04-23 20:36:41
C02558,51,Male,Hyderabad,2026-01-15 02:25:21
C02559,27,Male,Delhi,2026-01-10 00:00:14
C02560,42,Female,Kolkata,2025-01-31 03:34:38
C02561,19,Male,Mumbai,2026-04-17 08:06:29
C02562,28,Male,Mumbai,2025-11-23 21:22:38
C02563,48,Male,Bangalore,2026-02-24 20:10:03
C02564,32,Female,Delhi,2025-11-29 11:16:23
C02565,26,Male,Bangalore,2025-05-08 13:26:52
C02566,40,Male,Bangalore,2025-06-05 04:37:40
C02567,36,Male,Kolkata,2025-05-30 09:33:44
C02568,26,Female,Chennai,2026-01-14 12:22:08
C02569,52,Female,Bangalore,2026-04-02 17:35:19
C02570,38,Female,Hyderabad,2025-12-11 21:18:49
C02571,26,Female,Mumbai,2025-12-05 09:00:33
C02572,45,Female,Kolkata,2025-11-06 05:51:56
C02573,63,Male,Bangalore,2025-01-20 18:23:26
C02574,24,Male,Pune,2026-06-01 04:29:34
C02575,33,Female,Hyderabad,2025-08-11 03:04:01
C02576,33,Male,Delhi,2025-08-27 06:45:21
C02577,50,Male,Mumbai,2025-09-16 20:36:18
C02578,21,Female,Kolkata,2025-06-21 16:24:39
C02579,21,Male,Pune,2025-12-14 08:52:03
C02580,56,Male,Kolkata,2025-12-29 17:20:11
C02581,57,Female,Kolkata,2025-07-07 20:30:49
C02582,34,Female,Pune,2026-01-16 05:19:57
C02583,54,Male,Delhi,2025-01-02 20:45:01
C02584,56,Female,Pune,2026-02-24 14:48:15
C02585,46,Female,Hyderabad,2025-07-23 21:13:30
C02586,53,Female,Kolkata,2025-09-19 22:39:45
C02587,55,Male,Delhi,2025-01-06 10:26:36
C02588,56,Male,Kolkata,2026-02-06 11:31:07
C02589,54,Female,Pune,2026-01-07 05:01:41
C02590,52,Female,Delhi,2025-05-15 00:44:53
C02591,24,Female,Delhi,2026-06-16 22:07:44
C02592,44,Male,Bangalore,2026-03-12 08:02:30
C02593,45,Male,Bangalore,2025-09-10 08:01:31
C02594,39,Female,Bangalore,2025-05-30 02:49:49
C02595,31,Male,Pune,2025-12-08 16:15:15
C02596,24,Female,Mumbai,2025-06-05 09:31:06
C02597,54,Male,Hyderabad,2025-01-25 11:25:32
C02598,39,Male,Pune,2025-05-31 00:15:56
C02599,22,Female,Kolkata,2025-09-15 20:39:29
C02600,19,Female,Bangalore,2026-01-26 22:38:32
C02601,44,Male,Delhi,2026-01-16 03:53:11
C02602,38,Male,Pune,2026-03-06 10:39:43
C02603,55,Female,Delhi,2025-03-21 20:09:59
C02604,32,Male,Kolkata,2025-09-17 04:46:20
C02605,38,Female,Delhi,2026-03-01 05:40:18
C02606,27,Female,Delhi,2026-02-21 23:51:08
C02607,40,Male,Chennai,2025-03-26 07:41:55
C02608,56,Female,Mumbai,2025-12-03 16:18:57
C02609,22,Male,Hyderabad,2025-08-15 04:14:57
C02610,18,Female,Hyderabad,2025-01-30 17:13:24
C02611,30,Male,Bangalore,2026-03-06 06:38:06
C02612,38,Female,Chennai,2026-04-15 21:48:15
C02613,43,Male,Pune,2025-06-02 03:04:28
C02614,62,Male,Pune,2026-05-10 16:36:57
C02615,38,Female,Hyderabad,2026-01-07 08:14:56
C02616,35,Female,Mumbai,2025-05-08 23:36:05
C02617,54,Female,Delhi,2025-05-19 17:42:58
C02618,62,Male,Kolkata,2025-09-21 14:50:26
C02619,49,Female,Bangalore,2025-02-08 21:36:06
C02620,53,Male,Mumbai,2026-04-13 01:53:48
C02621,34,Male,Hyderabad,2025-03-29 16:54:36
C02622,52,Female,Chennai,2025-02-10 11:45:52
C02623,28,Male,Bangalore,2025-07-31 21:31:44
C02624,38,Female,Hyderabad,2026-05-13 09:39:40
C02625,43,Female,Pune,2025-02-07 23:30:01
C02626,21,Female,Bangalore,2026-04-25 10:24:45
C02627,51,Female,Hyderabad,2026-06-08 06:05:52
C02628,65,Female,Pune,2025-07-02 06:01:19
C02629,35,Male,Kolkata,2026-05-11 03:33:29
C02630,57,Female,Pune,2025-11-17 13:26:36
C02631,52,Male,Delhi,2025-08-07 16:29:23
C02632,58,Male,Chennai,2025-05-19 08:56:40
C02633,46,Female,Delhi,2026-03-21 00:10:53
C02634,46,Female,Hyderabad,2025-10-10 03:40:23
C02635,55,Female,Kolkata,2025-05-24 18:45:54
C02636,59,Male,Mumbai,2026-06-10 11:38:30
C02637,38,Female,Kolkata,2025-11-03 19:21:42
C02638,59,Male,Kolkata,2025-08-29 09:46:10
C02639,30,Female,Kolkata,2025-07-14 16:26:41
C02640,58,Female,Delhi,2025-09-15 08:39:42
C02641,34,Female,Mumbai,2025-09-04 05:25:28
C02642,26,Male,Pune,2025-03-19 18:06:38
C02643,58,Male,Hyderabad,2025-05-01 12:45:49
C02644,18,Male,Chennai,2025-12-01 03:24:22
C02645,19,Female,Mumbai,2026-01-04 10:43:26
C02646,65,Female,Hyderabad,2025-04-27 18:40:17
C02647,46,Male,Mumbai,2025-06-30 00:28:07
C02648,50,Female,Delhi,2025-01-11 17:38:30
C02649,27,Female,Hyderabad,2025-05-30 12:01:15
C02650,57,Female,Delhi,2025-07-19 06:05:08
C02651,38,Female,Bangalore,2025-03-23 12:25:35
C02652,45,Female,Hyderabad,2026-06-11 23:52:57
C02653,28,Male,Mumbai,2025-07-22 22:31:57
C02654,51,Male,Bangalore,2025-10-11 19:54:41
C02655,25,Male,Delhi,2025-12-22 07:42:24
C02656,39,Female,Delhi,2026-06-15 19:03:17
C02657,25,Female,Mumbai,2025-10-28 01:09:23
C02658,32,Female,Bangalore,2025-01-16 18:09:09
C02659,34,Male,Kolkata,2026-04-24 04:28:06
C02660,40,Male,Pune,2025-08-01 20:19:56
C02661,41,Male,Chennai,2026-06-03 21:56:15
C02662,62,Male,Mumbai,2025-03-14 15:06:18
C02663,36,Female,Delhi,2025-07-18 09:12:12
C02664,22,Female,Hyderabad,2026-02-09 21:59:35
C02665,49,Female,Bangalore,2025-07-07 22:28:28
C02666,61,Female,Pune,2025-01-29 14:48:32
C02667,18,Male,Chennai,2025-12-16 16:52:22
C02668,40,Male,Hyderabad,2025-03-18 14:36:31
C02669,54,Male,Bangalore,2026-04-02 12:59:06
C02670,25,Female,Pune,2025-05-25 01:09:34
C02671,30,Female,Mumbai,2026-01-31 03:55:31
C02672,25,Male,Pune,2026-02-02 05:07:09
C02673,40,Male,Mumbai,2026-06-07 16:59:13
C02674,60,Male,Kolkata,2025-12-06 15:10:55
C02675,18,Male,Bangalore,2025-06-01 10:07:53
C02676,62,Male,Pune,2025-03-10 06:38:48
C02677,41,Male,Chennai,2025-02-14 15:43:43
C02678,52,Male,Pune,2025-05-14 23:31:35
C02679,41,Female,Bangalore,2025-07-17 01:18:26
C02680,34,Female,Hyderabad,2025-06-24 17:19:39
C02681,22,Male,Hyderabad,2025-04-04 02:16:04
C02682,37,Male,Pune,2025-12-09 23:10:22
C02683,38,Male,Pune,2025-08-27 05:41:57
C02684,57,Male,Mumbai,2025-12-19 09:46:49
C02685,48,Male,Bangalore,2026-02-23 16:13:41
C02686,63,Female,Mumbai,2025-03-15 14:10:34
C02687,53,Female,Chennai,2026-01-16 10:43:53
C02688,28,Female,Kolkata,2026-03-05 22:03:31
C02689,32,Male,Hyderabad,2025-04-18 06:13:34
C02690,36,Female,Delhi,2025-01-13 17:02:48
C02691,24,Male,Delhi,2025-11-15 01:39:59
C02692,45,Male,Bangalore,2025-04-22 09:46:29
C02693,60,Female,Bangalore,2026-02-23 19:05:11
C02694,22,Female,Delhi,2025-05-04 06:39:46
C02695,22,Female,Bangalore,2025-09-21 18:49:29
C02696,47,Female,Hyderabad,2025-11-10 02:14:12
C02697,49,Female,Chennai,2026-01-04 03:49:19
C02698,25,Female,Chennai,2025-08-07 11:50:04
C02699,27,Female,Mumbai,2025-10-14 06:51:26
C02700,55,Female,Hyderabad,2025-09-08 18:48:57
C02701,64,Female,Kolkata,2025-03-27 03:21:29
C02702,49,Female,Bangalore,2025-02-24 15:05:02
C02703,65,Female,Bangalore,2026-05-22 11:45:45
C02704,45,Male,Kolkata,2025-09-21 21:09:32
C02705,34,Female,Mumbai,2025-02-13 05:47:09
C02706,48,Male,Mumbai,2025-07-23 23:27:50
C02707,25,Male,Bangalore,2025-09-20 13:28:44
C02708,57,Male,Bangalore,2025-12-20 02:18:36
C02709,42,Female,Kolkata,2026-03-26 00:28:40
C02710,26,Female,Hyderabad,2025-01-31 17:23:09
C02711,19,Male,Kolkata,2026-01-12 03:27:24
C02712,32,Male,Mumbai,2026-01-07 22:45:24
C02713,20,Male,Kolkata,2025-03-30 08:00:34
C02714,53,Female,Kolkata,2025-11-24 09:58:14
C02715,21,Male,Kolkata,2025-01-22 03:45:16
C02716,31,Male,Hyderabad,2026-02-01 15:09:56
C02717,58,Male,Pune,2025-03-31 01:19:39
C02718,58,Male,Bangalore,2026-01-10 05:42:21
C02719,42,Male,Delhi,2026-05-25 18:58:16
C02720,27,Female,Kolkata,2025-04-21 18:20:32
C02721,38,Male,Delhi,2026-03-03 22:48:07
C02722,53,Female,Pune,2026-01-07 12:15:40
C02723,29,Male,Bangalore,2025-07-27 15:08:44
C02724,44,Male,Mumbai,2026-01-29 06:34:44
C02725,57,Male,Delhi,2025-09-25 18:30:52
C02726,19,Female,Mumbai,2025-08-18 02:06:45
C02727,30,Female,Delhi,2025-03-04 23:59:17
C02728,49,Female,Mumbai,2025-07-04 21:06:35
C02729,48,Female,Kolkata,2025-03-30 15:05:09
C02730,33,Male,Delhi,2025-04-15 23:47:25
C02731,49,Female,Mumbai,2025-10-15 07:20:14
C02732,49,Female,Pune,2026-04-02 15:36:45
C02733,51,Male,Hyderabad,2026-04-15 03:39:22
C02734,28,Female,Mumbai,2026-03-16 20:04:26
C02735,27,Male,Hyderabad,2025-08-10 05:06:16
C02736,32,Male,Hyderabad,2025-10-26 09:06:45
C02737,34,Male,Bangalore,2026-05-22 05:53:03
C02738,57,Male,Kolkata,2025-11-10 05:43:10
C02739,35,Female,Pune,2025-11-11 02:32:11
C02740,26,Male,Hyderabad,2026-03-26 09:35:56
C02741,42,Male,Chennai,2025-05-24 15:46:08
C02742,57,Male,Kolkata,2025-11-06 11:38:00
C02743,31,Female,Hyderabad,2025-07-19 04:35:27
C02744,42,Female,Mumbai,2026-02-10 12:02:41
C02745,39,Male,Hyderabad,2025-03-14 06:43:14
C02746,47,Male,Mumbai,2026-02-13 22:22:58
C02747,37,Male,Mumbai,2025-08-27 14:24:54
C02748,38,Female,Chennai,2025-07-01 23:10:52
C02749,61,Male,Hyderabad,2026-03-30 01:03:44
C02750,49,Male,Hyderabad,2025-10-16 05:19:47
C02751,63,Male,Delhi,2026-03-06 16:17:41
C02752,38,Female,Kolkata,2026-04-20 01:41:18
C02753,52,Female,Delhi,2025-02-12 23:54:46
C02754,49,Male,Bangalore,2025-08-16 12:32:25
C02755,47,Male,Mumbai,2026-05-23 22:57:42
C02756,56,Male,Chennai,2026-06-12 22:05:06
C02757,29,Female,Delhi,2025-06-03 06:44:03
C02758,58,Female,Hyderabad,2025-02-20 04:09:25
C02759,64,Female,Bangalore,2026-04-17 00:46:34
C02760,35,Female,Chennai,2026-01-17 14:41:58
C02761,38,Male,Pune,2026-01-02 01:09:39
C02762,30,Female,Hyderabad,2025-06-12 11:54:01
C02763,38,Female,Hyderabad,2025-02-03 10:57:12
C02764,25,Male,Pune,2025-04-23 12:31:36
C02765,63,Female,Mumbai,2025-11-22 18:36:31
C02766,57,Male,Mumbai,2025-08-18 22:34:51
C02767,63,Male,Delhi,2025-01-30 00:38:33
C02768,24,Female,Delhi,2025-02-17 23:43:01
C02769,40,Female,Hyderabad,2025-04-09 04:24:17
C02770,61,Female,Kolkata,2026-04-13 18:29:53
C02771,49,Male,Hyderabad,2025-11-26 18:05:46
C02772,28,Female,Delhi,2025-02-18 11:34:11
C02773,39,Female,Pune,2026-03-15 19:32:34
C02774,39,Male,Delhi,2025-06-06 08:32:05
C02775,60,Female,Hyderabad,2025-02-19 20:46:08
C02776,42,Female,Chennai,2026-03-11 00:00:15
C02777,39,Male,Hyderabad,2025-09-07 21:33:15
C02778,45,Female,Chennai,2025-08-15 08:54:44
C02779,46,Male,Chennai,2026-04-03 06:09:13
C02780,30,Male,Hyderabad,2025-05-13 13:15:53
C02781,35,Male,Kolkata,2025-11-24 01:12:41
C02782,19,Female,Kolkata,2025-10-20 06:35:52
C02783,46,Male,Bangalore,2025-03-04 17:53:31
C02784,38,Female,Delhi,2025-10-07 01:07:15
C02785,32,Male,Kolkata,2026-01-27 12:40:23
C02786,44,Female,Mumbai,2025-01-26 06:35:21
C02787,48,Female,Hyderabad,2025-01-03 18:06:03
C02788,32,Female,Chennai,2025-08-29 19:14:30
C02789,40,Male,Hyderabad,2025-11-09 16:05:39
C02790,41,Female,Delhi,2026-04-15 04:57:24
C02791,61,Female,Pune,2026-06-05 14:27:45
C02792,30,Female,Kolkata,2025-09-09 09:51:37
C02793,39,Male,Kolkata,2026-01-19 20:10:05
C02794,60,Female,Kolkata,2026-03-26 07:34:32
C02795,54,Male,Chennai,2025-08-04 10:54:18
C02796,50,Female,Mumbai,2025-06-21 10:15:05
C02797,20,Female,Mumbai,2026-06-12 23:11:35
C02798,36,Male,Kolkata,2025-10-25 09:05:27
C02799,40,Male,Mumbai,2025-05-07 21:41:04
C02800,46,Male,Pune,2025-11-10 09:36:16
C02801,47,Female,Kolkata,2025-11-01 23:09:16
C02802,56,Female,Bangalore,2026-03-29 16:50:43
C02803,61,Male,Chennai,2025-11-12 18:06:41
C02804,64,Male,Pune,2026-04-01 00:01:34
C02805,42,Male,Chennai,2025-01-21 10:17:20
C02806,54,Male,Kolkata,2025-01-28 13:10:32
C02807,64,Male,Pune,2025-11-24 03:30:26
C02808,25,Female,Kolkata,2026-05-11 15:50:05
C02809,59,Male,Pune,2026-01-16 15:47:57
C02810,33,Female,Kolkata,2026-05-29 22:36:45
C02811,25,Female,Bangalore,2026-02-03 03:30:09
C02812,18,Male,Chennai,2025-12-15 09:54:47
C02813,61,Female,Pune,2025-04-28 09:27:22
C02814,22,Female,Bangalore,2026-01-31 08:45:41
C02815,20,Male,Hyderabad,2026-01-17 02:12:12
C02816,18,Male,Kolkata,2025-05-12 00:58:56
C02817,21,Male,Delhi,2025-12-15 05:53:57
C02818,57,Male,Pune,2026-01-16 04:31:02
C02819,52,Male,Mumbai,2026-05-17 06:51:31
C02820,49,Male,Bangalore,2025-06-02 18:35:51
C02821,59,Male,Bangalore,2025-07-11 21:14:47
C02822,51,Male,Pune,2025-11-30 13:44:54
C02823,60,Male,Bangalore,2026-06-07 16:31:27
C02824,42,Male,Hyderabad,2026-04-21 01:18:34
C02825,27,Male,Bangalore,2026-06-03 04:30:09
C02826,38,Female,Delhi,2026-02-19 20:20:53
C02827,63,Male,Delhi,2025-10-20 12:53:09
C02828,56,Female,Kolkata,2025-01-07 00:48:11
C02829,44,Male,Kolkata,2026-01-27 19:35:42
C02830,44,Female,Mumbai,2025-02-23 17:01:15
C02831,19,Male,Hyderabad,2025-01-02 03:43:50
C02832,58,Female,Delhi,2025-06-04 10:48:05
C02833,65,Female,Pune,2026-05-25 08:49:53
C02834,30,Male,Chennai,2025-09-22 10:47:19
C02835,26,Female,Chennai,2025-07-06 01:03:26
C02836,53,Female,Chennai,2025-06-06 18:25:12
C02837,39,Male,Kolkata,2026-02-08 15:04:13
C02838,59,Female,Pune,2025-12-21 15:13:54
C02839,43,Female,Bangalore,2025-11-23 13:50:59
C02840,29,Male,Pune,2025-06-02 03:08:14
C02841,34,Male,Bangalore,2025-10-05 00:32:02
C02842,31,Female,Chennai,2025-10-17 01:24:34
C02843,31,Female,Mumbai,2025-08-01 15:26:20
C02844,51,Female,Mumbai,2025-10-09 10:35:55
C02845,37,Female,Bangalore,2025-04-12 23:35:09
C02846,28,Male,Chennai,2025-05-24 23:56:13
C02847,33,Female,Pune,2026-06-07 07:50:53
C02848,48,Male,Mumbai,2025-03-04 01:03:13
C02849,23,Male,Bangalore,2025-01-31 21:41:51
C02850,36,Female,Pune,2025-01-29 16:11:52
C02851,54,Female,Chennai,2026-01-11 17:28:55
C02852,21,Male,Hyderabad,2026-03-27 12:33:29
C02853,64,Female,Chennai,2025-11-17 06:04:50
C02854,21,Male,Kolkata,2025-08-16 08:43:02
C02855,37,Male,Chennai,2026-06-03 12:17:14
C02856,27,Female,Pune,2026-02-15 10:28:25
C02857,41,Male,Pune,2026-01-08 03:12:49
C02858,52,Male,Delhi,2025-06-20 00:53:55
C02859,43,Male,Delhi,2025-05-19 23:17:15
C02860,54,Female,Pune,2026-06-24 04:28:45
C02861,55,Male,Pune,2026-05-26 07:15:40
C02862,38,Male,Hyderabad,2025-05-08 19:59:33
C02863,57,Female,Hyderabad,2025-10-22 12:43:38
C02864,56,Male,Chennai,2026-03-30 17:57:08
C02865,38,Male,Kolkata,2025-04-18 15:35:40
C02866,27,Female,Mumbai,2025-01-26 06:02:32
C02867,55,Male,Kolkata,2026-05-02 17:45:55
C02868,63,Female,Hyderabad,2025-02-17 06:02:44
C02869,21,Male,Chennai,2026-03-20 04:58:59
C02870,62,Male,Kolkata,2026-06-14 01:54:21
C02871,37,Male,Bangalore,2025-09-19 22:36:28
C02872,34,Male,Delhi,2025-07-07 01:57:33
C02873,24,Female,Kolkata,2025-02-14 23:47:19
C02874,21,Male,Mumbai,2025-07-21 22:09:51
C02875,46,Male,Chennai,2025-11-20 07:11:08
C02876,31,Female,Kolkata,2025-04-27 13:49:02
C02877,20,Female,Pune,2026-05-26 05:15:30
C02878,41,Male,Bangalore,2025-01-02 12:40:53
C02879,54,Male,Delhi,2025-12-21 04:44:17
C02880,33,Male,Bangalore,2025-03-04 21:02:41
C02881,21,Male,Chennai,2026-01-05 15:33:06
C02882,41,Male,Hyderabad,2025-08-31 06:15:03
C02883,51,Female,Delhi,2025-04-30 07:19:27
C02884,47,Female,Bangalore,2025-03-08 07:06:01
C02885,35,Male,Hyderabad,2025-02-28 20:56:28
C02886,36,Male,Mumbai,2025-09-22 22:27:19
C02887,48,Male,Chennai,2025-05-03 17:22:56
C02888,36,Male,Chennai,2025-08-09 23:33:10
C02889,63,Male,Delhi,2026-02-27 03:43:50
C02890,36,Female,Bangalore,2026-05-13 11:26:47
C02891,39,Female,Mumbai,2025-10-21 11:00:31
C02892,41,Female,Pune,2025-02-02 20:46:33
C02893,62,Female,Delhi,2026-01-13 23:04:41
C02894,29,Male,Pune,2025-02-28 10:32:24
C02895,47,Female,Delhi,2026-01-23 17:04:24
C02896,55,Male,Bangalore,2026-05-29 03:40:39
C02897,48,Male,Mumbai,2025-11-01 05:29:09
C02898,53,Female,Bangalore,2025-09-15 11:26:13
C02899,36,Male,Chennai,2026-01-11 06:40:48
C02900,65,Female,Pune,2025-12-26 18:30:20
C02901,62,Male,Hyderabad,2025-01-13 06:59:59
C02902,53,Female,Kolkata,2025-11-16 00:26:22
C02903,47,Female,Chennai,2026-03-13 20:59:25
C02904,50,Female,Chennai,2025-02-15 12:49:07
C02905,35,Female,Pune,2026-05-02 04:20:19
C02906,45,Male,Delhi,2025-09-22 09:35:25
C02907,64,Female,Chennai,2025-09-25 23:16:17
C02908,28,Female,Kolkata,2026-05-14 11:29:46
C02909,62,Female,Mumbai,2025-08-08 04:36:13
C02910,50,Female,Chennai,2025-01-18 14:44:36
C02911,34,Female,Mumbai,2026-03-18 15:36:28
C02912,23,Female,Bangalore,2025-12-13 13:11:23
C02913,21,Female,Delhi,2025-11-18 05:28:31
C02914,37,Female,Mumbai,2025-10-23 11:30:28
C02915,65,Female,Chennai,2026-03-22 09:09:20
C02916,64,Male,Delhi,2025-01-05 14:10:05
C02917,44,Male,Kolkata,2025-09-14 05:30:01
C02918,32,Male,Delhi,2026-04-20 18:09:59
C02919,23,Male,Mumbai,2026-05-20 10:46:25
C02920,64,Male,Mumbai,2025-02-25 11:31:20
C02921,31,Female,Hyderabad,2026-06-25 22:40:54
C02922,28,Male,Hyderabad,2025-07-13 09:48:31
C02923,56,Male,Delhi,2026-04-26 04:50:00
C02924,26,Female,Pune,2026-06-27 00:26:16
C02925,43,Female,Pune,2025-04-04 19:55:54
C02926,33,Female,Hyderabad,2026-03-19 23:42:16
C02927,22,Female,Chennai,2025-10-18 03:58:17
C02928,27,Female,Bangalore,2026-05-07 03:05:32
C02929,20,Male,Delhi,2025-07-07 15:01:13
C02930,30,Female,Bangalore,2025-05-24 03:52:03
C02931,60,Female,Hyderabad,2025-02-19 10:04:25
C02932,47,Male,Mumbai,2025-07-03 22:56:34
C02933,62,Male,Kolkata,2026-03-21 08:13:25
C02934,23,Female,Delhi,2026-03-20 16:11:46
C02935,34,Male,Hyderabad,2026-06-29 12:32:34
C02936,62,Female,Chennai,2025-07-25 15:21:11
C02937,36,Male,Kolkata,2026-01-23 08:44:05
C02938,59,Female,Delhi,2025-11-04 21:08:23
C02939,52,Female,Delhi,2026-06-22 20:32:14
C02940,63,Male,Pune,2026-01-15 09:43:08
C02941,43,Male,Mumbai,2026-05-07 18:18:15
C02942,22,Female,Delhi,2026-01-04 15:06:17
C02943,46,Female,Mumbai,2025-07-01 12:56:48
C02944,54,Female,Hyderabad,2026-06-02 23:38:20
C02945,37,Male,Chennai,2025-05-25 09:48:12
C02946,38,Female,Kolkata,2026-04-17 18:20:41
C02947,27,Male,Kolkata,2025-03-11 04:53:32
C02948,22,Male,Chennai,2025-04-16 15:26:33
C02949,53,Male,Delhi,2026-04-06 23:53:41
C02950,23,Female,Delhi,2025-08-24 04:04:26
C02951,43,Male,Hyderabad,2026-04-08 07:33:28
C02952,21,Male,Pune,2026-02-25 21:31:19
C02953,56,Female,Pune,2026-01-10 11:52:39
C02954,56,Female,Pune,2025-05-27 07:43:53
C02955,52,Male,Mumbai,2026-02-07 16:04:28
C02956,18,Male,Pune,2026-03-09 09:23:30
C02957,41,Male,Chennai,2026-05-17 07:23:11
C02958,53,Male,Kolkata,2026-05-22 22:33:20
C02959,23,Female,Kolkata,2026-03-16 12:27:59
C02960,58,Male,Mumbai,2025-08-22 00:50:43
C02961,63,Female,Hyderabad,2025-03-26 15:44:17
C02962,61,Female,Chennai,2026-06-17 20:53:33
C02963,48,Male,Kolkata,2026-06-10 03:29:33
C02964,37,Female,Chennai,2026-04-21 07:22:41
C02965,41,Male,Kolkata,2026-06-23 14:50:52
C02966,42,Male,Bangalore,2026-02-25 05:25:14
C02967,53,Male,Hyderabad,2026-06-05 11:36:20
C02968,38,Male,Hyderabad,2025-06-29 18:32:19
C02969,47,Male,Bangalore,2026-03-07 00:35:28
C02970,41,Male,Mumbai,2025-08-23 10:12:46
C02971,61,Female,Kolkata,2025-11-21 08:53:34
C02972,59,Female,Kolkata,2025-10-20 08:42:32
C02973,47,Female,Kolkata,2025-08-05 22:41:01
C02974,39,Male,Pune,2025-08-02 20:20:35
C02975,45,Female,Pune,2026-05-02 03:50:41
C02976,24,Female,Pune,2025-01-24 07:14:39
C02977,52,Female,Pune,2026-01-04 09:56:42
C02978,45,Female,Pune,2026-05-09 23:03:53
C02979,31,Female,Bangalore,2025-11-17 04:30:28
C02980,27,Male,Hyderabad,2025-02-15 08:37:39
C02981,33,Female,Mumbai,2025-10-15 03:40:51
C02982,33,Male,Chennai,2025-09-17 10:22:55
C02983,48,Female,Pune,2026-02-03 08:40:28
C02984,59,Male,Bangalore,2025-06-07 05:49:35
C02985,42,Male,Kolkata,2025-04-21 22:02:13
C02986,30,Male,Mumbai,2025-05-10 14:49:29
C02987,23,Female,Mumbai,2025-06-11 00:47:43
C02988,61,Male,Mumbai,2026-01-20 10:04:28
C02989,26,Male,Bangalore,2026-05-31 01:20:54
C02990,62,Female,Chennai,2026-03-23 09:31:08
C02991,53,Female,Pune,2025-10-24 01:15:37
C02992,60,Male,Mumbai,2025-08-18 12:07:29
C02993,37,Male,Bangalore,2025-04-07 11:03:26
C02994,35,Female,Kolkata,2026-03-24 04:45:28
C02995,60,Female,Hyderabad,2026-05-04 19:08:01
C02996,38,Female,Kolkata,2025-08-26 20:01:11
C02997,21,Female,Bangalore,2025-08-20 21:01:02
C02998,50,Male,Bangalore,2026-03-29 17:46:16
C02999,44,Female,Bangalore,2026-03-10 04:41:52
C03000,24,Female,Mumbai,2026-01-05 17:36:22
C03001,23,Female,Bangalore,2025-02-28 10:30:25
C03002,32,Male,Hyderabad,2025-01-31 17:03:01
C03003,35,Female,Mumbai,2026-04-15 22:02:04
C03004,49,Female,Kolkata,2025-05-28 07:36:58
C03005,28,Male,Hyderabad,2026-01-12 06:20:32
C03006,37,Female,Delhi,2025-10-10 12:36:15
C03007,41,Female,Kolkata,2025-08-10 23:38:57
C03008,32,Female,Bangalore,2025-04-14 08:22:23
C03009,65,Female,Pune,2025-03-08 22:38:01
C03010,24,Female,Pune,2026-04-17 18:33:09
C03011,38,Female,Mumbai,2026-04-28 11:22:34
C03012,59,Male,Pune,2026-02-25 19:27:39
C03013,43,Male,Kolkata,2025-03-02 03:33:36
C03014,61,Male,Mumbai,2025-03-25 11:44:59
C03015,31,Female,Kolkata,2025-04-06 06:12:42
C03016,54,Female,Bangalore,2025-04-06 15:15:00
C03017,38,Female,Chennai,2025-03-07 22:01:05
C03018,35,Female,Chennai,2025-11-25 16:18:38
C03019,22,Female,Hyderabad,2025-04-21 23:42:14
C03020,20,Female,Bangalore,2025-12-06 12:10:39
C03021,40,Male,Pune,2025-01-27 06:04:59
C03022,43,Female,Bangalore,2026-02-06 13:58:04
C03023,54,Male,Delhi,2025-09-18 23:20:43
C03024,41,Female,Chennai,2025-08-24 13:28:50
C03025,36,Female,Pune,2025-07-24 12:28:56
C03026,42,Female,Kolkata,2025-04-02 16:41:45
C03027,38,Male,Kolkata,2025-08-27 00:19:28
C03028,29,Male,Chennai,2025-12-27 12:28:57
C03029,58,Female,Bangalore,2025-08-09 00:42:51
C03030,50,Female,Pune,2025-07-03 13:51:10
C03031,21,Male,Hyderabad,2025-05-09 11:39:58
C03032,59,Female,Kolkata,2025-01-18 08:26:03
C03033,24,Male,Bangalore,2025-10-27 19:24:51
C03034,39,Female,Hyderabad,2025-03-25 15:00:06
C03035,50,Female,Pune,2025-11-03 15:22:40
C03036,34,Female,Chennai,2025-02-15 23:42:49
C03037,41,Female,Delhi,2025-05-30 04:00:43
C03038,51,Female,Mumbai,2025-02-25 20:43:36
C03039,45,Female,Chennai,2025-11-23 09:37:37
C03040,60,Male,Hyderabad,2026-02-23 12:48:46
C03041,58,Male,Bangalore,2025-04-14 15:33:36
C03042,56,Male,Kolkata,2026-01-24 07:49:58
C03043,39,Female,Pune,2025-09-03 21:22:45
C03044,34,Male,Chennai,2026-06-21 13:59:14
C03045,51,Male,Kolkata,2025-11-17 17:23:47
C03046,23,Male,Kolkata,2025-10-22 13:08:20
C03047,63,Male,Delhi,2025-01-10 06:56:00
C03048,23,Male,Pune,2025-05-02 15:03:16
C03049,51,Female,Hyderabad,2026-03-21 07:54:12
C03050,18,Female,Pune,2025-11-10 20:35:13
C03051,27,Female,Pune,2026-01-10 15:21:28
C03052,38,Female,Bangalore,2025-11-25 04:18:02
C03053,22,Male,Mumbai,2025-07-18 11:00:41
C03054,19,Female,Kolkata,2026-02-07 07:05:12
C03055,39,Male,Hyderabad,2025-08-21 18:28:02
C03056,65,Male,Bangalore,2025-07-07 07:17:32
C03057,19,Female,Kolkata,2025-03-10 13:42:35
C03058,27,Male,Mumbai,2026-02-14 19:49:21
C03059,51,Female,Bangalore,2025-05-04 20:06:27
C03060,33,Male,Mumbai,2026-06-01 04:53:46
C03061,65,Female,Mumbai,2026-03-22 09:50:41
C03062,56,Male,Mumbai,2025-01-02 19:37:24
C03063,39,Male,Bangalore,2025-09-20 03:24:57
C03064,29,Female,Pune,2025-05-17 10:59:24
C03065,41,Male,Mumbai,2025-04-19 14:42:51
C03066,64,Male,Pune,2026-03-13 03:14:09
C03067,57,Male,Kolkata,2025-04-03 05:02:17
C03068,55,Female,Kolkata,2025-01-24 05:20:56
C03069,27,Female,Hyderabad,2025-02-07 10:45:59
C03070,52,Male,Delhi,2026-04-30 20:13:00
C03071,49,Female,Pune,2026-05-28 23:13:11
C03072,24,Female,Kolkata,2025-09-06 10:12:36
C03073,38,Female,Delhi,2025-02-05 04:29:09
C03074,37,Female,Mumbai,2025-12-05 04:26:08
C03075,43,Male,Delhi,2025-12-11 04:51:38
C03076,21,Female,Delhi,2025-12-28 11:31:51
C03077,63,Male,Mumbai,2025-06-22 10:17:33
C03078,39,Male,Pune,2025-06-14 10:34:20
C03079,32,Female,Mumbai,2025-06-07 16:06:58
C03080,57,Female,Hyderabad,2026-06-19 21:10:41
C03081,38,Male,Chennai,2025-07-16 05:09:24
C03082,32,Male,Bangalore,2025-11-27 08:58:02
C03083,39,Female,Mumbai,2025-04-12 04:26:32
C03084,45,Male,Mumbai,2025-09-03 03:47:17
C03085,31,Male,Delhi,2026-02-05 13:55:09
C03086,44,Male,Hyderabad,2026-02-21 09:23:43
C03087,58,Male,Kolkata,2026-03-06 09:01:59
C03088,57,Female,Kolkata,2025-02-14 01:48:22
C03089,45,Male,Delhi,2025-09-22 14:58:25
C03090,43,Female,Pune,2025-05-04 13:39:26
C03091,19,Male,Mumbai,2025-06-14 13:43:05
C03092,42,Female,Mumbai,2025-05-23 10:51:05
C03093,20,Female,Delhi,2025-02-14 11:29:56
C03094,25,Female,Mumbai,2025-12-12 20:40:11
C03095,61,Female,Pune,2025-06-12 01:30:07
C03096,50,Female,Chennai,2025-06-29 14:23:34
C03097,59,Male,Bangalore,2025-04-30 22:35:07
C03098,52,Female,Bangalore,2025-07-03 15:27:55
C03099,23,Female,Bangalore,2025-05-16 01:04:38
C03100,56,Male,Chennai,2026-04-19 01:27:06
C03101,40,Male,Mumbai,2025-01-05 17:49:19
C03102,42,Female,Delhi,2026-04-08 22:03:56
C03103,60,Female,Kolkata,2025-06-03 15:32:33
C03104,36,Male,Hyderabad,2025-08-23 12:53:58
C03105,22,Male,Mumbai,2025-04-08 04:19:17
C03106,28,Female,Chennai,2025-06-29 06:57:58
C03107,29,Female,Pune,2025-05-21 11:59:27
C03108,27,Female,Chennai,2026-05-20 18:33:11
C03109,25,Female,Kolkata,2025-11-04 17:12:51
C03110,41,Female,Bangalore,2026-06-21 15:36:00
C03111,45,Female,Mumbai,2025-02-23 08:15:03
C03112,58,Female,Kolkata,2025-12-04 16:36:02
C03113,53,Female,Bangalore,2026-06-14 17:45:40
C03114,54,Female,Hyderabad,2025-04-20 09:06:05
C03115,38,Male,Pune,2025-03-27 11:22:10
C03116,25,Male,Bangalore,2025-05-23 15:22:53
C03117,26,Female,Hyderabad,2026-04-12 20:18:28
C03118,64,Male,Chennai,2025-03-17 23:27:42
C03119,32,Male,Bangalore,2025-06-09 22:07:19
C03120,65,Male,Bangalore,2025-05-30 00:02:24
C03121,63,Female,Delhi,2025-09-19 11:40:01
C03122,57,Male,Pune,2026-02-08 16:21:31
C03123,35,Male,Pune,2025-09-12 10:31:31
C03124,59,Male,Kolkata,2025-01-29 12:17:28
C03125,37,Female,Chennai,2025-06-23 09:36:33
C03126,23,Male,Delhi,2025-09-05 02:32:59
C03127,29,Male,Kolkata,2025-04-19 22:40:12
C03128,19,Male,Hyderabad,2025-01-28 01:31:39
C03129,24,Female,Kolkata,2025-10-12 04:43:18
C03130,33,Male,Hyderabad,2025-05-05 07:28:23
C03131,20,Male,Chennai,2025-06-28 01:13:36
C03132,62,Female,Pune,2025-05-20 08:14:44
C03133,20,Female,Hyderabad,2025-03-06 20:14:19
C03134,44,Female,Chennai,2026-05-01 13:25:37
C03135,60,Female,Kolkata,2025-12-19 16:38:29
C03136,57,Female,Hyderabad,2025-08-18 01:07:13
C03137,55,Male,Mumbai,2025-09-27 04:36:18
C03138,50,Female,Bangalore,2025-12-23 12:32:07
C03139,45,Male,Kolkata,2025-06-03 05:10:54
C03140,18,Female,Pune,2026-02-07 16:47:43
C03141,25,Male,Kolkata,2025-12-31 17:46:25
C03142,54,Male,Mumbai,2025-10-15 01:03:01
C03143,49,Female,Chennai,2025-03-17 06:48:34
C03144,65,Male,Chennai,2025-04-06 11:25:52
C03145,60,Female,Kolkata,2025-12-21 13:37:47
C03146,54,Male,Mumbai,2026-06-27 01:34:37
C03147,21,Male,Kolkata,2025-11-27 21:48:02
C03148,47,Female,Bangalore,2025-05-27 02:33:25
C03149,23,Female,Bangalore,2025-01-05 20:36:34
C03150,63,Female,Delhi,2025-12-17 23:20:40
C03151,36,Male,Hyderabad,2025-11-28 16:42:21
C03152,49,Female,Delhi,2025-09-22 04:31:45
C03153,26,Female,Bangalore,2025-02-23 20:18:48
C03154,29,Female,Mumbai,2026-01-30 09:14:28
C03155,28,Male,Hyderabad,2026-03-30 13:13:44
C03156,63,Female,Mumbai,2025-05-08 19:39:47
C03157,33,Female,Delhi,2025-02-13 22:36:08
C03158,18,Female,Chennai,2025-10-19 04:00:11
C03159,62,Female,Mumbai,2025-06-23 05:54:13
C03160,38,Female,Delhi,2025-02-05 03:32:33
C03161,47,Male,Delhi,2025-04-28 15:57:27
C03162,30,Male,Delhi,2025-09-29 07:11:10
C03163,51,Female,Chennai,2025-10-17 18:25:03
C03164,21,Male,Chennai,2025-12-26 17:47:45
C03165,45,Male,Kolkata,2026-06-20 19:47:03
C03166,55,Male,Chennai,2025-01-09 02:37:42
C03167,48,Male,Hyderabad,2025-10-09 15:29:44
C03168,44,Female,Chennai,2026-02-01 00:57:11
C03169,22,Female,Chennai,2025-02-24 10:44:10
C03170,42,Male,Chennai,2026-03-29 15:01:23
C03171,20,Male,Mumbai,2025-11-10 08:11:11
C03172,50,Female,Chennai,2026-01-04 20:39:09
C03173,21,Female,Hyderabad,2026-02-08 03:21:00
C03174,42,Female,Delhi,2026-06-11 05:55:13
C03175,37,Female,Mumbai,2025-08-31 09:08:49
C03176,51,Male,Bangalore,2026-02-15 21:11:25
C03177,43,Female,Chennai,2025-08-14 03:54:29
C03178,22,Female,Kolkata,2026-01-31 04:37:58
C03179,52,Female,Kolkata,2026-06-10 19:00:33
C03180,45,Female,Delhi,2026-06-26 03:44:35
C03181,46,Male,Delhi,2026-02-14 12:16:18
C03182,26,Female,Mumbai,2025-12-06 15:03:54
C03183,55,Female,Kolkata,2025-09-24 10:13:39
C03184,23,Male,Bangalore,2025-06-23 08:15:18
C03185,36,Male,Pune,2026-03-16 11:32:40
C03186,61,Male,Kolkata,2025-05-19 22:10:38
C03187,28,Male,Kolkata,2025-01-31 17:41:27
C03188,19,Male,Hyderabad,2025-10-24 15:13:22
C03189,64,Male,Pune,2025-12-31 23:19:53
C03190,61,Female,Delhi,2025-09-09 03:06:03
C03191,61,Male,Pune,2025-07-29 04:53:19
C03192,26,Male,Kolkata,2026-01-27 11:00:19
C03193,38,Female,Delhi,2025-09-11 08:03:42
C03194,41,Female,Pune,2026-03-09 08:33:19
C03195,51,Female,Delhi,2026-03-24 03:06:26
C03196,39,Male,Delhi,2025-07-27 23:36:05
C03197,20,Female,Mumbai,2025-09-03 00:39:11
C03198,29,Male,Bangalore,2025-04-09 19:26:27
C03199,45,Female,Delhi,2025-05-30 14:47:21
C03200,47,Male,Hyderabad,2025-02-09 09:19:14
C03201,43,Female,Kolkata,2025-02-12 20:56:27
C03202,65,Male,Kolkata,2025-09-18 00:17:22
C03203,38,Female,Hyderabad,2025-09-11 03:49:31
C03204,45,Female,Chennai,2025-12-03 20:51:09
C03205,43,Male,Delhi,2026-03-24 11:39:56
C03206,50,Male,Delhi,2025-01-23 12:18:32
C03207,38,Female,Delhi,2025-11-03 00:39:52
C03208,52,Female,Pune,2025-06-01 16:12:11
C03209,51,Female,Delhi,2025-01-28 01:48:46
C03210,58,Male,Delhi,2025-10-20 07:32:57
C03211,64,Male,Hyderabad,2026-01-10 18:04:22
C03212,35,Female,Bangalore,2025-03-29 11:01:24
C03213,28,Female,Bangalore,2025-09-27 20:49:20
C03214,40,Female,Chennai,2025-06-02 17:05:50
C03215,65,Female,Hyderabad,2025-11-13 13:52:20
C03216,39,Female,Delhi,2025-11-01 17:58:45
C03217,34,Female,Bangalore,2025-12-30 06:09:53
C03218,22,Male,Mumbai,2025-01-14 03:28:56
C03219,61,Male,Mumbai,2025-04-29 12:11:49
C03220,28,Female,Mumbai,2025-12-10 02:17:51
C03221,47,Male,Delhi,2025-10-16 05:40:17
C03222,32,Male,Delhi,2025-05-05 03:05:22
C03223,44,Male,Chennai,2025-09-29 22:46:16
C03224,52,Male,Kolkata,2025-01-22 14:11:41
C03225,50,Female,Chennai,2025-11-28 06:44:58
C03226,37,Female,Chennai,2025-08-09 01:15:16
C03227,33,Male,Pune,2025-11-09 12:31:43
C03228,51,Male,Mumbai,2025-10-29 12:43:02
C03229,19,Female,Delhi,2025-06-03 04:24:32
C03230,52,Male,Mumbai,2026-04-06 17:13:17
C03231,57,Female,Chennai,2026-01-24 20:10:42
C03232,45,Female,Delhi,2025-08-04 01:12:33
C03233,64,Male,Hyderabad,2025-06-12 22:50:31
C03234,56,Female,Bangalore,2025-04-18 06:59:48
C03235,23,Female,Bangalore,2025-12-15 02:36:00
C03236,26,Male,Chennai,2025-02-21 04:32:27
C03237,37,Female,Kolkata,2026-04-23 18:43:44
C03238,18,Male,Mumbai,2025-11-05 09:42:45
C03239,25,Male,Hyderabad,2025-10-28 23:42:32
C03240,40,Female,Delhi,2025-10-15 08:43:06
C03241,20,Female,Kolkata,2026-03-25 01:30:30
C03242,21,Female,Mumbai,2025-02-23 15:06:12
C03243,42,Male,Chennai,2025-03-12 06:47:59
C03244,64,Male,Mumbai,2025-08-12 15:16:11
C03245,55,Female,Chennai,2026-03-23 17:14:20
C03246,32,Male,Pune,2026-05-01 00:01:22
C03247,38,Female,Bangalore,2025-04-28 07:11:23
C03248,52,Female,Kolkata,2025-11-10 12:36:25
C03249,63,Female,Bangalore,2025-03-10 09:22:27
C03250,31,Female,Mumbai,2025-10-28 02:06:16
C03251,53,Male,Hyderabad,2025-06-25 19:00:29
C03252,29,Male,Delhi,2025-12-31 05:12:53
C03253,34,Male,Chennai,2025-07-01 11:26:44
C03254,56,Female,Delhi,2026-04-05 08:23:53
C03255,26,Female,Bangalore,2025-03-19 07:02:14
C03256,52,Female,Hyderabad,2025-12-23 13:42:30
C03257,30,Female,Hyderabad,2025-02-08 06:43:28
C03258,32,Female,Delhi,2026-02-03 15:42:09
C03259,35,Male,Bangalore,2025-05-18 01:56:07
C03260,50,Male,Delhi,2025-06-01 05:29:35
C03261,23,Male,Mumbai,2025-01-07 10:55:15
C03262,44,Female,Hyderabad,2025-04-26 05:41:57
C03263,40,Male,Hyderabad,2025-11-30 04:53:30
C03264,44,Female,Mumbai,2025-09-20 18:37:31
C03265,51,Female,Bangalore,2025-08-18 01:24:09
C03266,63,Female,Hyderabad,2025-05-24 16:10:30
C03267,55,Female,Kolkata,2025-08-04 15:03:14
C03268,31,Male,Pune,2025-11-24 11:34:46
C03269,53,Male,Pune,2025-04-19 19:33:14
C03270,25,Female,Pune,2025-10-21 19:53:11
C03271,52,Male,Chennai,2026-06-21 17:06:09
C03272,36,Male,Kolkata,2026-05-02 17:39:49
C03273,47,Female,Chennai,2025-01-14 14:31:11
C03274,31,Male,Bangalore,2026-06-19 23:12:28
C03275,37,Female,Mumbai,2026-02-13 22:53:34
C03276,42,Female,Delhi,2025-03-12 06:21:33
C03277,57,Male,Kolkata,2025-02-26 15:46:41
C03278,41,Male,Bangalore,2026-02-17 14:21:07
C03279,31,Male,Delhi,2025-02-24 00:26:57
C03280,43,Female,Bangalore,2025-06-02 19:55:57
C03281,55,Male,Chennai,2025-10-14 12:32:00
C03282,40,Female,Pune,2025-11-28 18:49:05
C03283,39,Male,Mumbai,2025-06-18 15:51:11
C03284,65,Male,Chennai,2026-04-21 03:21:46
C03285,36,Male,Mumbai,2025-05-18 00:45:10
C03286,63,Male,Kolkata,2025-05-12 04:27:17
C03287,20,Male,Delhi,2025-02-02 11:59:39
C03288,59,Female,Bangalore,2026-03-28 22:40:02
C03289,36,Female,Hyderabad,2025-01-07 11:23:41
C03290,26,Male,Hyderabad,2025-07-10 12:58:51
C03291,45,Male,Mumbai,2025-07-28 00:48:22
C03292,37,Female,Pune,2025-07-07 09:15:20
C03293,62,Female,Pune,2025-08-20 03:33:09
C03294,24,Male,Mumbai,2026-02-09 08:20:26
C03295,31,Female,Chennai,2026-03-28 07:40:51
C03296,26,Male,Hyderabad,2025-09-21 23:04:26
C03297,36,Female,Chennai,2026-06-09 08:49:13
C03298,64,Male,Delhi,2025-03-27 16:58:26
C03299,31,Male,Hyderabad,2026-01-14 19:35:28
C03300,55,Female,Delhi,2026-06-26 21:04:39
C03301,53,Male,Bangalore,2025-06-25 09:19:03
C03302,57,Female,Chennai,2025-07-04 10:35:36
C03303,34,Male,Mumbai,2025-05-13 05:08:53
C03304,47,Female,Hyderabad,2025-12-26 19:41:04
C03305,26,Female,Chennai,2025-05-20 15:31:10
C03306,50,Male,Mumbai,2026-03-31 01:28:00
C03307,42,Female,Bangalore,2025-12-31 08:42:54
C03308,31,Female,Hyderabad,2026-05-16 20:58:20
C03309,28,Female,Delhi,2025-06-06 19:50:54
C03310,52,Female,Bangalore,2025-03-09 02:36:04
C03311,58,Female,Pune,2026-04-26 14:54:57
C03312,31,Male,Mumbai,2025-02-26 15:24:24
C03313,47,Male,Hyderabad,2026-06-19 06:18:34
C03314,58,Female,Hyderabad,2026-06-05 11:16:31
C03315,21,Female,Kolkata,2025-03-10 16:58:31
C03316,21,Male,Kolkata,2025-10-15 19:59:45
C03317,45,Female,Bangalore,2026-03-02 10:24:20
C03318,25,Female,Hyderabad,2025-09-01 10:37:15
C03319,19,Male,Mumbai,2025-04-21 20:11:40
C03320,58,Male,Bangalore,2025-01-25 02:20:03
C03321,63,Female,Delhi,2025-10-20 00:59:19
C03322,39,Male,Bangalore,2025-05-20 14:39:44
C03323,58,Female,Bangalore,2025-04-18 09:09:15
C03324,33,Female,Delhi,2025-04-30 18:45:07
C03325,46,Male,Pune,2025-04-25 18:57:57
C03326,65,Male,Kolkata,2025-08-30 12:14:30
C03327,47,Male,Mumbai,2025-01-14 15:39:28
C03328,29,Male,Pune,2025-03-07 17:33:46
C03329,52,Female,Pune,2026-05-03 11:26:33
C03330,28,Male,Pune,2025-03-09 11:19:27
C03331,63,Female,Kolkata,2026-06-11 20:00:35
C03332,38,Male,Chennai,2026-02-22 18:43:33
C03333,38,Male,Kolkata,2025-02-10 03:55:50
C03334,22,Male,Pune,2026-02-12 21:03:02
C03335,65,Male,Chennai,2025-03-25 18:43:19
C03336,37,Male,Delhi,2025-04-03 22:33:33
C03337,54,Male,Kolkata,2026-04-02 18:42:31
C03338,20,Female,Mumbai,2025-03-14 18:29:59
C03339,61,Female,Pune,2025-04-18 18:56:47
C03340,50,Male,Hyderabad,2026-04-23 19:42:45
C03341,26,Male,Delhi,2025-11-11 14:12:05
C03342,26,Male,Chennai,2025-05-27 18:25:24
C03343,21,Male,Kolkata,2025-08-26 11:14:55
C03344,52,Male,Mumbai,2025-09-16 00:54:47
C03345,34,Male,Bangalore,2025-07-27 11:58:11
C03346,51,Male,Mumbai,2025-04-01 18:58:06
C03347,41,Male,Mumbai,2025-04-05 01:29:51
C03348,49,Male,Pune,2025-06-23 00:14:17
C03349,18,Male,Pune,2025-06-07 08:44:12
C03350,25,Female,Kolkata,2025-02-09 00:08:36
C03351,62,Male,Kolkata,2025-04-17 18:35:54
C03352,40,Male,Chennai,2026-06-15 12:43:24
C03353,64,Female,Kolkata,2025-12-10 01:11:42
C03354,57,Female,Chennai,2025-02-16 13:53:09
C03355,29,Female,Pune,2025-08-11 07:50:07
C03356,29,Female,Pune,2026-02-21 20:11:58
C03357,63,Male,Hyderabad,2026-06-11 21:45:14
C03358,64,Female,Hyderabad,2025-11-12 00:18:27
C03359,32,Female,Delhi,2025-06-14 21:41:53
C03360,58,Male,Pune,2025-06-22 23:32:11
C03361,36,Female,Bangalore,2025-01-23 04:45:53
C03362,43,Female,Hyderabad,2026-04-14 21:06:51
C03363,46,Male,Chennai,2025-04-19 07:03:43
C03364,39,Male,Mumbai,2025-07-24 16:20:49
C03365,57,Male,Kolkata,2025-05-20 11:29:52
C03366,38,Male,Kolkata,2026-05-09 05:10:37
C03367,55,Male,Delhi,2025-06-25 21:18:39
C03368,37,Female,Hyderabad,2025-12-29 16:44:15
C03369,46,Female,Mumbai,2025-03-12 12:00:09
C03370,21,Male,Mumbai,2025-05-26 13:14:24
C03371,24,Female,Hyderabad,2025-06-13 23:48:51
C03372,45,Male,Bangalore,2026-05-16 18:03:35
C03373,45,Male,Bangalore,2025-04-15 13:22:36
C03374,21,Female,Delhi,2025-08-18 02:17:31
C03375,39,Female,Bangalore,2025-06-24 09:30:04
C03376,29,Female,Delhi,2025-11-29 11:27:53
C03377,62,Female,Chennai,2025-11-25 02:04:06
C03378,20,Female,Hyderabad,2026-02-04 09:17:14
C03379,39,Female,Mumbai,2026-03-28 14:19:10
C03380,61,Male,Delhi,2025-12-23 21:28:10
C03381,19,Female,Kolkata,2025-03-08 20:41:42
C03382,41,Female,Bangalore,2026-02-21 03:02:13
C03383,51,Female,Kolkata,2025-01-14 13:44:45
C03384,44,Male,Delhi,2026-01-06 11:30:49
C03385,58,Female,Pune,2025-05-04 14:43:53
C03386,18,Female,Delhi,2025-05-25 11:30:17
C03387,25,Male,Bangalore,2025-03-09 05:08:10
C03388,40,Female,Pune,2025-12-27 20:10:19
C03389,55,Male,Pune,2025-11-09 22:02:09
C03390,23,Male,Bangalore,2025-08-08 17:51:21
C03391,39,Female,Pune,2025-07-01 20:54:46
C03392,42,Male,Hyderabad,2026-05-01 21:02:00
C03393,35,Male,Mumbai,2025-09-25 23:08:44
C03394,34,Female,Kolkata,2026-05-26 07:33:56
C03395,29,Female,Hyderabad,2025-04-19 19:54:47
C03396,23,Male,Hyderabad,2026-02-01 10:57:56
C03397,43,Female,Bangalore,2026-01-23 05:45:49
C03398,44,Female,Bangalore,2026-05-29 19:20:38
C03399,25,Female,Kolkata,2026-04-13 12:05:28
C03400,36,Female,Mumbai,2025-07-28 03:21:49
C03401,59,Female,Delhi,2025-09-21 08:02:24
C03402,18,Male,Hyderabad,2025-03-08 01:20:49
C03403,46,Male,Pune,2025-06-24 11:21:15
C03404,62,Female,Mumbai,2025-11-01 14:48:53
C03405,52,Female,Hyderabad,2025-06-26 06:29:45
C03406,57,Male,Delhi,2026-03-28 09:53:17
C03407,31,Female,Pune,2025-01-01 13:30:48
C03408,52,Female,Hyderabad,2026-05-27 23:19:14
C03409,65,Male,Chennai,2025-05-17 03:18:49
C03410,62,Male,Kolkata,2025-07-04 21:34:02
C03411,37,Male,Mumbai,2026-05-11 18:02:56
C03412,30,Female,Kolkata,2025-10-14 17:06:07
C03413,55,Male,Bangalore,2025-09-24 21:03:29
C03414,63,Male,Hyderabad,2025-05-30 01:15:18
C03415,25,Female,Pune,2025-08-07 03:33:32
C03416,60,Female,Pune,2026-02-12 01:08:20
C03417,37,Male,Mumbai,2025-07-04 20:04:01
C03418,50,Male,Mumbai,2026-01-07 18:01:58
C03419,43,Female,Kolkata,2026-06-18 00:59:35
C03420,56,Female,Pune,2025-02-01 18:54:15
C03421,38,Female,Pune,2026-04-28 14:36:30
C03422,59,Female,Pune,2025-04-19 22:46:31
C03423,60,Male,Hyderabad,2025-07-06 16:58:54
C03424,58,Male,Pune,2025-10-31 09:39:04
C03425,26,Male,Bangalore,2026-03-02 07:19:55
C03426,41,Male,Pune,2025-07-27 20:28:32
C03427,54,Female,Bangalore,2026-05-31 14:20:30
C03428,58,Male,Hyderabad,2026-03-10 03:23:57
C03429,34,Male,Mumbai,2025-11-18 19:15:53
C03430,41,Female,Bangalore,2025-07-12 00:59:13
C03431,38,Male,Hyderabad,2026-01-10 18:36:42
C03432,56,Male,Pune,2026-04-11 15:44:05
C03433,58,Male,Hyderabad,2026-06-05 15:50:08
C03434,56,Female,Pune,2026-01-19 11:59:26
C03435,30,Female,Kolkata,2025-07-25 14:55:10
C03436,28,Male,Hyderabad,2025-10-19 23:11:10
C03437,63,Female,Mumbai,2026-02-27 15:30:59
C03438,36,Female,Bangalore,2026-06-06 03:35:06
C03439,28,Female,Kolkata,2026-03-13 09:26:28
C03440,30,Female,Mumbai,2025-10-16 00:42:03
C03441,63,Female,Chennai,2025-12-29 04:24:00
C03442,62,Female,Pune,2026-02-18 23:19:38
C03443,18,Male,Bangalore,2025-06-07 11:32:21
C03444,57,Male,Mumbai,2025-10-25 03:46:30
C03445,61,Male,Bangalore,2026-01-07 15:24:23
C03446,36,Female,Chennai,2025-02-02 03:00:14
C03447,29,Female,Delhi,2025-01-22 05:20:01
C03448,25,Female,Pune,2026-06-05 17:07:33
C03449,25,Male,Pune,2026-02-22 08:01:12
C03450,62,Female,Hyderabad,2026-05-08 02:23:42
C03451,29,Female,Pune,2025-12-02 03:35:43
C03452,65,Female,Pune,2025-02-26 02:30:18
C03453,50,Female,Mumbai,2026-06-17 16:59:25
C03454,62,Female,Kolkata,2025-06-29 14:16:14
C03455,43,Female,Pune,2025-07-22 21:38:59
C03456,56,Female,Pune,2025-04-02 03:45:04
C03457,45,Female,Chennai,2026-04-10 05:42:18
C03458,22,Male,Kolkata,2026-02-22 08:14:29
C03459,25,Male,Chennai,2025-08-13 09:17:51
C03460,42,Female,Bangalore,2026-05-13 21:07:19
C03461,44,Male,Bangalore,2026-05-30 23:27:54
C03462,63,Female,Pune,2025-10-16 15:36:26
C03463,40,Male,Pune,2025-04-01 05:13:53
C03464,47,Female,Hyderabad,2026-02-22 12:04:42
C03465,62,Male,Bangalore,2025-11-22 08:16:17
C03466,64,Male,Mumbai,2026-02-25 14:44:47
C03467,40,Female,Pune,2025-04-22 00:34:56
C03468,64,Male,Mumbai,2025-05-12 09:59:16
C03469,37,Male,Pune,2025-05-25 20:21:03
C03470,35,Male,Mumbai,2026-02-18 05:31:24
C03471,35,Female,Delhi,2025-02-28 09:17:41
C03472,19,Male,Mumbai,2026-04-29 12:47:31
C03473,21,Female,Kolkata,2026-06-15 09:05:24
C03474,47,Female,Bangalore,2025-02-21 03:19:09
C03475,50,Female,Pune,2026-06-02 21:13:03
C03476,53,Female,Bangalore,2025-10-30 18:31:58
C03477,35,Female,Kolkata,2025-01-21 10:59:48
C03478,54,Male,Kolkata,2026-06-21 02:31:43
C03479,36,Female,Mumbai,2025-04-10 12:44:29
C03480,64,Male,Chennai,2025-02-04 00:14:53
C03481,45,Female,Chennai,2025-11-09 15:26:37
C03482,57,Male,Kolkata,2026-03-17 06:14:37
C03483,37,Female,Chennai,2025-10-21 20:50:00
C03484,50,Male,Pune,2025-06-24 13:38:32
C03485,29,Male,Hyderabad,2025-10-07 23:52:28
C03486,32,Female,Delhi,2025-06-19 03:38:26
C03487,58,Female,Mumbai,2025-01-11 03:57:49
C03488,56,Male,Hyderabad,2026-01-24 22:22:26
C03489,19,Female,Chennai,2025-06-07 10:09:20
C03490,46,Female,Mumbai,2025-09-19 09:59:09
C03491,58,Female,Hyderabad,2026-06-29 05:27:05
C03492,27,Female,Bangalore,2025-05-18 07:40:37
C03493,19,Male,Chennai,2025-06-12 19:53:39
C03494,28,Male,Hyderabad,2026-06-08 23:54:50
C03495,30,Female,Pune,2026-04-21 13:10:38
C03496,27,Female,Bangalore,2026-01-03 10:49:01
C03497,31,Male,Chennai,2026-02-09 21:52:23
C03498,35,Male,Delhi,2025-01-28 17:08:58
C03499,26,Female,Kolkata,2025-11-26 04:59:13
C03500,56,Male,Chennai,2025-07-18 10:40:22
C03501,45,Male,Pune,2025-05-17 10:36:44
C03502,20,Male,Delhi,2025-05-12 14:53:18
C03503,37,Male,Delhi,2025-01-29 10:47:00
C03504,23,Male,Delhi,2026-02-11 17:21:16
C03505,44,Female,Mumbai,2025-02-13 16:22:30
C03506,19,Male,Mumbai,2025-02-28 18:11:43
C03507,46,Male,Kolkata,2025-11-12 18:00:09
C03508,55,Male,Delhi,2025-08-26 18:34:13
C03509,20,Male,Kolkata,2026-02-24 12:40:19
C03510,33,Male,Bangalore,2025-11-22 16:26:39
C03511,47,Male,Delhi,2025-02-27 04:16:12
C03512,57,Female,Hyderabad,2025-10-12 08:36:43
C03513,19,Male,Delhi,2026-05-02 18:39:27
C03514,34,Male,Mumbai,2025-02-02 15:54:57
C03515,58,Male,Mumbai,2025-08-13 10:05:21
C03516,29,Female,Hyderabad,2025-01-09 09:44:32
C03517,52,Female,Hyderabad,2025-10-11 16:28:26
C03518,60,Male,Chennai,2025-09-19 04:39:13
C03519,18,Female,Bangalore,2025-09-18 04:33:45
C03520,62,Male,Bangalore,2025-03-27 05:08:01
C03521,32,Female,Bangalore,2026-01-25 23:28:00
C03522,43,Male,Pune,2025-04-13 04:08:18
C03523,54,Female,Mumbai,2026-06-10 07:34:17
C03524,38,Female,Bangalore,2025-12-03 14:09:18
C03525,48,Male,Chennai,2026-03-18 09:10:56
C03526,42,Female,Chennai,2025-01-10 21:44:20
C03527,40,Female,Bangalore,2026-03-22 13:32:24
C03528,41,Male,Hyderabad,2025-02-18 14:17:05
C03529,55,Male,Chennai,2026-03-23 01:49:04
C03530,45,Male,Kolkata,2025-02-06 03:39:04
C03531,38,Female,Hyderabad,2026-04-10 09:35:51
C03532,60,Female,Kolkata,2025-02-14 08:20:57
C03533,35,Male,Mumbai,2025-10-13 03:52:37
C03534,53,Female,Pune,2025-03-16 07:45:34
C03535,52,Female,Chennai,2026-02-25 15:59:00
C03536,62,Female,Hyderabad,2025-07-17 19:52:07
C03537,26,Female,Kolkata,2026-03-12 15:33:24
C03538,55,Female,Bangalore,2025-08-29 13:38:19
C03539,47,Male,Kolkata,2025-06-09 22:19:50
C03540,61,Male,Kolkata,2025-10-11 18:18:52
C03541,51,Female,Mumbai,2025-03-27 01:10:27
C03542,49,Male,Delhi,2025-06-07 04:55:13
C03543,20,Female,Delhi,2025-05-11 09:05:45
C03544,20,Male,Bangalore,2025-12-01 22:28:18
C03545,45,Male,Mumbai,2025-11-01 01:53:15
C03546,61,Female,Mumbai,2025-10-20 18:38:56
C03547,32,Female,Mumbai,2025-08-03 22:03:06
C03548,58,Male,Mumbai,2025-01-10 01:15:29
C03549,40,Female,Delhi,2026-05-12 06:10:20
C03550,57,Female,Hyderabad,2025-11-08 15:19:59
C03551,28,Female,Mumbai,2026-04-29 04:00:19
C03552,65,Male,Hyderabad,2026-04-13 18:00:18
C03553,49,Female,Kolkata,2025-08-01 10:44:32
C03554,53,Female,Kolkata,2026-04-25 04:44:17
C03555,50,Male,Mumbai,2025-08-01 07:11:30
C03556,41,Female,Chennai,2025-10-08 11:12:23
C03557,56,Female,Pune,2025-01-08 05:16:01
C03558,51,Female,Chennai,2025-05-25 19:27:41
C03559,45,Female,Kolkata,2025-10-12 21:55:50
C03560,54,Male,Pune,2025-07-07 21:26:56
C03561,24,Male,Chennai,2025-12-06 18:01:20
C03562,21,Female,Mumbai,2025-10-26 04:53:42
C03563,54,Female,Hyderabad,2025-06-29 03:24:08
C03564,18,Female,Pune,2025-11-26 19:13:40
C03565,18,Female,Delhi,2026-01-14 13:33:14
C03566,64,Male,Bangalore,2025-12-26 14:17:36
C03567,37,Male,Pune,2025-11-25 07:03:48
C03568,36,Male,Pune,2025-10-22 13:48:42
C03569,46,Male,Delhi,2025-09-08 08:23:12
C03570,27,Female,Mumbai,2025-02-09 23:21:45
C03571,35,Male,Chennai,2026-04-01 03:51:58
C03572,45,Female,Chennai,2025-05-21 20:49:47
C03573,52,Male,Kolkata,2025-01-29 11:08:08
C03574,60,Female,Hyderabad,2025-07-11 21:51:15
C03575,64,Female,Mumbai,2026-04-09 00:15:52
C03576,48,Male,Delhi,2025-01-14 07:15:02
C03577,44,Male,Mumbai,2025-03-15 20:24:15
C03578,28,Male,Mumbai,2025-07-13 18:48:46
C03579,55,Female,Chennai,2026-02-22 01:08:43
C03580,22,Male,Delhi,2025-06-12 01:12:19
C03581,25,Female,Bangalore,2025-04-30 13:56:29
C03582,51,Female,Pune,2026-03-20 07:14:57
C03583,65,Female,Chennai,2025-02-24 22:54:25
C03584,29,Male,Delhi,2025-07-20 23:01:54
C03585,55,Female,Hyderabad,2025-12-06 17:50:28
C03586,18,Male,Pune,2026-03-18 14:47:11
C03587,48,Male,Pune,2025-09-25 12:33:02
C03588,21,Female,Chennai,2025-08-26 14:57:18
C03589,62,Female,Kolkata,2025-05-28 20:31:07
C03590,22,Male,Hyderabad,2025-03-07 00:29:49
C03591,47,Male,Chennai,2025-04-20 13:36:57
C03592,41,Male,Mumbai,2025-09-22 06:21:01
C03593,20,Female,Kolkata,2025-09-11 20:47:24
C03594,28,Male,Delhi,2025-10-18 02:13:08
C03595,62,Female,Hyderabad,2026-05-21 20:28:31
C03596,21,Female,Pune,2026-06-02 10:08:42
C03597,43,Female,Chennai,2026-01-04 13:02:51
C03598,44,Male,Pune,2026-03-18 20:47:03
C03599,63,Female,Hyderabad,2025-04-22 14:14:07
C03600,60,Female,Pune,2026-04-05 10:30:26
C03601,44,Female,Chennai,2025-01-01 06:30:39
C03602,59,Male,Kolkata,2025-04-24 08:52:34
C03603,23,Male,Chennai,2025-05-07 01:01:17
C03604,32,Male,Bangalore,2025-10-26 09:54:48
C03605,47,Female,Pune,2026-06-27 12:50:23
C03606,59,Female,Bangalore,2025-07-31 09:18:45
C03607,54,Female,Kolkata,2025-09-04 19:53:29
C03608,54,Male,Bangalore,2026-03-24 07:34:51
C03609,59,Male,Pune,2025-07-17 00:12:57
C03610,54,Male,Hyderabad,2026-06-27 12:21:06
C03611,52,Male,Mumbai,2025-06-30 18:27:41
C03612,40,Male,Kolkata,2025-09-06 11:06:04
C03613,23,Female,Chennai,2025-09-29 22:11:27
C03614,21,Female,Delhi,2025-11-21 11:36:59
C03615,35,Female,Kolkata,2026-03-11 03:57:08
C03616,26,Male,Bangalore,2025-09-18 11:40:47
C03617,46,Male,Hyderabad,2025-12-23 07:32:07
C03618,30,Male,Pune,2025-11-06 02:26:09
C03619,64,Female,Hyderabad,2025-10-30 11:07:39
C03620,34,Male,Hyderabad,2025-04-09 00:32:58
C03621,62,Female,Pune,2025-06-23 14:17:25
C03622,49,Male,Delhi,2025-02-15 10:40:27
C03623,65,Female,Pune,2026-01-04 00:40:03
C03624,39,Female,Delhi,2026-02-04 09:16:45
C03625,21,Male,Pune,2025-08-03 17:59:58
C03626,22,Female,Bangalore,2025-03-07 21:42:46
C03627,54,Male,Delhi,2025-01-06 01:00:43
C03628,58,Female,Bangalore,2026-02-28 22:53:04
C03629,30,Male,Kolkata,2025-09-07 15:16:00
C03630,51,Male,Delhi,2026-04-21 17:26:24
C03631,62,Female,Delhi,2025-11-07 00:53:42
C03632,39,Female,Pune,2026-05-05 16:38:07
C03633,40,Male,Delhi,2026-03-27 21:11:54
C03634,20,Female,Bangalore,2025-06-19 12:15:20
C03635,59,Male,Kolkata,2025-08-05 20:18:39
C03636,51,Male,Pune,2026-06-03 08:09:54
C03637,49,Female,Chennai,2025-04-24 14:16:55
C03638,62,Male,Kolkata,2025-06-04 19:43:52
C03639,38,Male,Kolkata,2025-06-05 20:14:51
C03640,63,Female,Bangalore,2026-06-25 01:07:23
C03641,61,Male,Kolkata,2025-06-06 03:45:53
C03642,38,Female,Chennai,2025-09-02 06:15:59
C03643,61,Male,Hyderabad,2026-05-08 01:46:46
C03644,28,Male,Pune,2025-08-08 00:26:58
C03645,56,Male,Hyderabad,2026-02-28 06:23:02
C03646,21,Female,Pune,2025-10-26 23:38:39
C03647,18,Female,Kolkata,2025-05-24 12:23:32
C03648,45,Male,Pune,2025-01-01 16:19:51
C03649,41,Male,Bangalore,2025-06-04 20:23:48
C03650,52,Female,Chennai,2026-06-04 21:36:47
C03651,30,Male,Pune,2026-04-29 09:11:14
C03652,64,Female,Chennai,2025-10-13 21:08:08
C03653,51,Male,Pune,2025-01-02 14:38:38
C03654,28,Female,Chennai,2026-04-18 11:42:28
C03655,53,Male,Hyderabad,2025-09-20 23:44:22
C03656,34,Female,Bangalore,2025-02-01 13:16:57
C03657,52,Female,Pune,2025-09-20 00:48:56
C03658,35,Male,Mumbai,2025-05-05 07:18:44
C03659,57,Male,Chennai,2025-12-19 13:35:50
C03660,39,Female,Chennai,2025-08-11 18:33:30
C03661,41,Female,Mumbai,2025-07-21 00:02:48
C03662,36,Male,Bangalore,2026-05-17 06:49:04
C03663,54,Male,Chennai,2026-01-07 17:00:03
C03664,56,Female,Bangalore,2026-05-01 18:27:44
C03665,38,Male,Chennai,2025-03-23 07:54:15
C03666,25,Female,Kolkata,2025-02-14 00:42:10
C03667,45,Male,Delhi,2026-04-18 21:46:09
C03668,22,Female,Kolkata,2026-03-07 12:57:33
C03669,34,Female,Chennai,2026-06-22 02:43:47
C03670,54,Female,Delhi,2025-04-11 06:06:18
C03671,53,Male,Pune,2025-03-31 04:56:50
C03672,36,Female,Bangalore,2025-05-30 15:18:28
C03673,44,Male,Chennai,2025-01-13 00:54:22
C03674,51,Female,Hyderabad,2026-01-08 02:45:48
C03675,28,Female,Hyderabad,2026-03-20 19:01:11
C03676,62,Male,Mumbai,2025-08-26 10:50:49
C03677,64,Female,Hyderabad,2026-05-03 07:32:07
C03678,29,Male,Delhi,2025-07-12 18:05:46
C03679,38,Female,Hyderabad,2025-09-08 19:11:50
C03680,28,Female,Hyderabad,2025-06-07 16:03:51
C03681,56,Female,Hyderabad,2025-01-22 00:57:00
C03682,45,Male,Chennai,2025-04-04 03:56:52
C03683,22,Male,Mumbai,2025-12-20 16:07:21
C03684,34,Female,Bangalore,2026-03-07 21:06:19
C03685,37,Male,Mumbai,2025-12-12 01:13:30
C03686,58,Male,Delhi,2026-05-10 04:23:40
C03687,63,Male,Chennai,2025-03-01 05:40:37
C03688,29,Male,Pune,2025-11-28 19:20:07
C03689,23,Female,Chennai,2025-04-21 04:15:08
C03690,34,Male,Kolkata,2025-05-07 22:34:40
C03691,36,Female,Hyderabad,2025-12-25 12:44:21
C03692,43,Male,Hyderabad,2026-05-25 14:25:48
C03693,65,Male,Delhi,2025-07-24 21:50:44
C03694,61,Male,Pune,2025-01-22 04:01:04
C03695,61,Male,Kolkata,2025-02-19 13:32:58
C03696,49,Male,Chennai,2025-04-21 11:32:09
C03697,23,Female,Pune,2025-01-18 10:01:35
C03698,53,Male,Bangalore,2025-11-30 04:51:46
C03699,55,Male,Mumbai,2025-03-03 07:24:43
C03700,28,Male,Chennai,2025-12-28 12:50:13
C03701,50,Male,Pune,2026-03-13 13:03:26
C03702,41,Female,Bangalore,2026-04-30 13:13:26
C03703,40,Female,Bangalore,2025-08-25 03:33:27
C03704,32,Male,Kolkata,2025-06-24 07:02:28
C03705,44,Male,Kolkata,2026-02-19 01:10:01
C03706,28,Female,Mumbai,2025-12-15 12:24:15
C03707,34,Male,Bangalore,2025-05-27 06:07:12
C03708,31,Female,Delhi,2025-12-31 16:25:44
C03709,44,Male,Bangalore,2025-03-16 14:08:09
C03710,35,Female,Pune,2025-04-19 00:29:07
C03711,45,Female,Kolkata,2026-06-29 22:29:33
C03712,64,Female,Delhi,2025-05-11 18:12:29
C03713,64,Male,Kolkata,2025-05-28 04:00:28
C03714,21,Male,Kolkata,2026-06-28 04:11:06
C03715,24,Male,Kolkata,2025-09-30 22:45:44
C03716,62,Male,Bangalore,2026-04-01 00:39:43
C03717,52,Male,Hyderabad,2025-08-26 13:14:11
C03718,65,Male,Bangalore,2025-10-29 20:02:41
C03719,26,Female,Kolkata,2026-06-16 00:43:59
C03720,25,Female,Delhi,2026-03-26 07:58:24
C03721,62,Male,Bangalore,2025-03-10 01:25:22
C03722,34,Male,Kolkata,2025-05-29 13:51:18
C03723,34,Female,Kolkata,2026-01-03 18:34:33
C03724,50,Male,Bangalore,2026-05-12 14:07:59
C03725,49,Female,Bangalore,2025-07-10 04:11:20
C03726,25,Male,Delhi,2025-08-31 16:24:11
C03727,36,Male,Bangalore,2025-07-16 13:25:48
C03728,55,Male,Mumbai,2025-02-26 01:36:58
C03729,20,Male,Pune,2025-09-24 10:10:57
C03730,22,Female,Mumbai,2026-04-04 10:13:24
C03731,30,Female,Delhi,2025-03-23 02:13:43
C03732,64,Male,Hyderabad,2026-05-14 07:17:48
C03733,63,Female,Mumbai,2025-01-06 12:39:23
C03734,48,Male,Kolkata,2025-04-10 02:01:11
C03735,33,Female,Pune,2025-11-27 18:30:26
C03736,49,Female,Chennai,2025-02-04 23:34:48
C03737,39,Male,Pune,2025-09-06 15:59:59
C03738,46,Male,Mumbai,2025-07-22 08:08:50
C03739,39,Male,Chennai,2025-02-22 04:54:25
C03740,60,Female,Delhi,2025-12-03 14:14:24
C03741,20,Female,Pune,2025-09-05 20:55:25
C03742,27,Female,Hyderabad,2025-07-22 14:44:42
C03743,59,Female,Chennai,2026-06-12 08:41:16
C03744,38,Male,Chennai,2025-04-15 02:12:06
C03745,33,Male,Pune,2025-04-19 13:26:23
C03746,29,Female,Mumbai,2025-08-27 02:16:02
C03747,19,Male,Chennai,2026-03-27 16:33:44
C03748,58,Female,Delhi,2026-02-22 23:45:41
C03749,41,Male,Pune,2026-01-23 13:43:31
C03750,52,Male,Delhi,2025-11-21 17:19:12
C03751,47,Male,Pune,2025-04-16 08:19:09
C03752,47,Female,Delhi,2025-07-25 00:00:52
C03753,64,Male,Mumbai,2025-06-21 17:39:32
C03754,52,Female,Pune,2026-04-10 00:10:23
C03755,36,Male,Kolkata,2026-05-07 12:57:02
C03756,25,Female,Hyderabad,2025-03-04 03:50:07
C03757,43,Female,Mumbai,2026-05-13 01:47:01
C03758,57,Male,Delhi,2025-02-16 12:46:02
C03759,24,Female,Pune,2025-05-08 21:06:57
C03760,47,Male,Mumbai,2025-02-23 13:15:40
C03761,24,Male,Delhi,2026-04-20 12:09:09
C03762,20,Male,Bangalore,2026-01-17 23:01:03
C03763,18,Female,Bangalore,2025-01-31 21:24:46
C03764,53,Female,Chennai,2025-08-24 14:50:12
C03765,42,Female,Hyderabad,2025-06-21 05:26:51
C03766,54,Female,Bangalore,2026-05-25 20:25:02
C03767,18,Female,Kolkata,2026-02-23 05:45:49
C03768,32,Male,Delhi,2026-04-28 02:32:54
C03769,54,Female,Mumbai,2025-06-29 02:35:59
C03770,30,Male,Pune,2026-01-01 18:14:48
C03771,57,Female,Mumbai,2026-01-18 14:24:38
C03772,25,Female,Chennai,2026-03-21 12:27:45
C03773,22,Female,Mumbai,2025-12-10 20:02:46
C03774,26,Female,Bangalore,2026-03-13 21:29:11
C03775,18,Male,Mumbai,2025-12-24 14:53:30
C03776,53,Female,Bangalore,2026-05-29 01:15:43
C03777,52,Male,Bangalore,2025-08-21 12:32:35
C03778,19,Female,Hyderabad,2026-01-07 05:24:31
C03779,57,Female,Chennai,2025-04-23 05:25:37
C03780,40,Female,Kolkata,2026-05-18 10:36:42
C03781,26,Female,Kolkata,2026-03-20 19:22:12
C03782,51,Male,Delhi,2026-01-21 09:29:48
C03783,63,Male,Kolkata,2025-08-05 10:17:40
C03784,31,Female,Bangalore,2026-02-26 10:55:13
C03785,21,Male,Pune,2025-12-28 17:59:40
C03786,47,Male,Chennai,2025-10-18 10:11:18
C03787,48,Female,Delhi,2025-10-03 09:37:11
C03788,55,Female,Kolkata,2025-02-04 08:45:37
C03789,28,Female,Kolkata,2025-02-27 02:26:14
C03790,52,Male,Pune,2025-04-24 06:49:23
C03791,25,Female,Mumbai,2026-02-06 01:33:36
C03792,20,Male,Chennai,2025-12-12 20:57:51
C03793,31,Female,Pune,2025-06-18 10:10:58
C03794,30,Male,Kolkata,2026-03-05 09:59:54
C03795,62,Female,Chennai,2025-04-12 11:00:11
C03796,49,Male,Chennai,2026-01-17 06:09:36
C03797,51,Male,Kolkata,2025-10-18 20:40:20
C03798,62,Female,Mumbai,2026-05-16 23:06:04
C03799,36,Female,Mumbai,2025-07-26 02:02:08
C03800,55,Male,Kolkata,2026-06-28 02:33:33
C03801,33,Female,Chennai,2025-03-23 10:42:48
C03802,19,Male,Pune,2025-12-23 04:20:34
C03803,57,Female,Hyderabad,2026-01-02 05:24:56
C03804,34,Female,Bangalore,2025-10-24 21:12:52
C03805,51,Male,Mumbai,2025-06-27 03:45:28
C03806,59,Female,Kolkata,2025-12-13 09:45:13
C03807,33,Male,Hyderabad,2025-11-19 22:08:55
C03808,55,Male,Mumbai,2026-01-21 16:45:10
C03809,19,Female,Chennai,2025-03-21 06:12:26
C03810,19,Female,Kolkata,2025-04-21 06:49:55
C03811,43,Male,Hyderabad,2025-10-25 14:42:33
C03812,30,Male,Kolkata,2025-07-05 12:17:43
C03813,64,Male,Pune,2025-11-14 23:20:19
C03814,48,Female,Pune,2025-06-29 06:22:03
C03815,51,Male,Delhi,2026-03-01 09:25:51
C03816,56,Male,Bangalore,2025-07-17 17:04:32
C03817,20,Male,Bangalore,2025-07-20 00:58:49
C03818,25,Male,Mumbai,2026-06-23 06:48:35
C03819,40,Male,Bangalore,2026-03-16 06:01:22
C03820,31,Male,Kolkata,2025-08-26 19:15:16
C03821,44,Male,Kolkata,2025-02-26 19:07:07
C03822,46,Male,Delhi,2026-02-27 09:25:54
C03823,56,Female,Pune,2026-05-12 04:28:05
C03824,56,Male,Hyderabad,2026-05-02 16:50:06
C03825,18,Female,Hyderabad,2025-09-08 17:58:27
C03826,34,Female,Pune,2026-05-03 12:05:37
C03827,58,Female,Chennai,2026-02-25 15:34:00
C03828,47,Female,Pune,2026-05-09 14:55:46
C03829,30,Male,Hyderabad,2026-01-22 02:19:05
C03830,38,Male,Mumbai,2025-07-30 20:19:53
C03831,36,Male,Delhi,2025-10-23 02:17:57
C03832,36,Male,Pune,2025-07-21 06:00:00
C03833,42,Female,Chennai,2026-03-21 20:12:44
C03834,39,Female,Mumbai,2026-04-03 14:47:06
C03835,48,Female,Pune,2025-10-18 05:47:10
C03836,34,Male,Mumbai,2025-07-11 04:02:17
C03837,40,Female,Pune,2025-11-01 12:30:42
C03838,49,Male,Mumbai,2026-05-06 13:55:32
C03839,27,Male,Kolkata,2026-02-27 20:21:03
C03840,27,Male,Bangalore,2026-03-21 21:06:15
C03841,53,Female,Mumbai,2025-06-21 09:35:27
C03842,25,Male,Kolkata,2025-06-20 09:02:22
C03843,37,Female,Bangalore,2025-12-05 14:30:57
C03844,49,Female,Hyderabad,2025-06-21 18:07:18
C03845,31,Female,Bangalore,2025-07-23 03:39:04
C03846,45,Male,Mumbai,2026-06-17 06:09:10
C03847,63,Female,Delhi,2026-04-22 12:06:42
C03848,41,Female,Delhi,2025-05-10 01:19:42
C03849,32,Male,Hyderabad,2026-01-12 06:39:03
C03850,39,Male,Mumbai,2026-05-09 08:29:01
C03851,47,Male,Bangalore,2025-06-22 21:34:56
C03852,21,Male,Delhi,2026-03-27 07:17:16
C03853,30,Female,Pune,2025-04-02 20:25:22
C03854,40,Female,Chennai,2025-04-07 18:18:54
C03855,25,Male,Mumbai,2025-04-03 20:21:55
C03856,35,Female,Kolkata,2026-05-15 21:43:16
C03857,29,Female,Kolkata,2025-05-12 08:53:18
C03858,48,Male,Pune,2025-05-03 10:38:55
C03859,31,Female,Pune,2026-04-15 07:57:56
C03860,51,Female,Mumbai,2025-11-10 14:19:29
C03861,35,Female,Chennai,2026-02-21 08:54:48
C03862,51,Male,Delhi,2026-02-13 04:50:17
C03863,28,Female,Chennai,2025-10-13 23:43:03
C03864,58,Male,Hyderabad,2025-01-20 08:00:11
C03865,29,Female,Bangalore,2025-07-29 20:36:15
C03866,32,Male,Bangalore,2026-06-15 15:53:25
C03867,48,Female,Pune,2025-05-21 00:38:17
C03868,46,Male,Delhi,2025-06-18 11:08:50
C03869,43,Male,Chennai,2025-08-23 05:20:49
C03870,35,Female,Pune,2025-05-08 13:01:10
C03871,49,Male,Mumbai,2026-04-01 14:34:33
C03872,39,Female,Pune,2026-05-14 03:19:41
C03873,55,Female,Mumbai,2025-09-20 12:54:22
C03874,34,Female,Mumbai,2025-05-13 05:32:14
C03875,40,Male,Hyderabad,2025-10-19 08:14:04
C03876,41,Female,Hyderabad,2025-02-04 15:06:32
C03877,25,Female,Mumbai,2025-06-02 18:24:11
C03878,58,Female,Delhi,2025-05-28 02:42:28
C03879,23,Male,Hyderabad,2026-04-30 20:37:00
C03880,22,Male,Hyderabad,2025-09-30 19:05:18
C03881,61,Female,Bangalore,2025-05-07 04:11:21
C03882,46,Male,Pune,2025-08-04 17:55:12
C03883,45,Male,Bangalore,2025-11-19 11:22:36
C03884,28,Male,Delhi,2025-12-10 01:43:01
C03885,18,Female,Hyderabad,2026-03-10 17:19:36
C03886,60,Female,Kolkata,2026-05-26 09:18:38
C03887,36,Female,Hyderabad,2025-10-07 05:58:32
C03888,26,Male,Chennai,2025-12-03 08:20:29
C03889,44,Male,Delhi,2025-07-02 21:42:30
C03890,51,Female,Kolkata,2025-09-10 01:42:49
C03891,61,Female,Pune,2026-03-06 08:13:17
C03892,21,Female,Pune,2025-06-14 10:08:33
C03893,53,Female,Kolkata,2025-12-11 21:27:09
C03894,35,Male,Pune,2026-05-27 21:27:32
C03895,32,Female,Kolkata,2025-08-31 20:18:12
C03896,30,Male,Delhi,2025-12-12 14:27:08
C03897,36,Male,Kolkata,2026-03-17 18:23:33
C03898,23,Female,Kolkata,2026-01-03 07:28:27
C03899,65,Male,Chennai,2026-04-19 18:55:21
C03900,29,Male,Chennai,2025-08-05 00:26:36
C03901,54,Male,Bangalore,2025-02-26 19:42:14
C03902,34,Male,Delhi,2026-01-20 15:45:49
C03903,40,Female,Delhi,2025-01-02 02:37:36
C03904,43,Male,Chennai,2026-05-30 15:17:49
C03905,46,Male,Mumbai,2025-04-04 04:49:06
C03906,50,Male,Mumbai,2025-10-21 20:16:32
C03907,44,Male,Bangalore,2025-09-10 05:45:13
C03908,42,Male,Mumbai,2025-08-03 07:27:00
C03909,27,Female,Mumbai,2025-04-25 03:26:48
C03910,64,Male,Mumbai,2025-06-12 18:13:17
C03911,40,Female,Hyderabad,2026-06-03 18:19:37
C03912,38,Female,Bangalore,2026-02-26 04:19:04
C03913,38,Female,Chennai,2025-05-17 04:56:05
C03914,60,Male,Mumbai,2025-01-10 07:37:44
C03915,30,Male,Pune,2026-01-12 18:36:43
C03916,54,Female,Kolkata,2025-07-17 08:31:00
C03917,50,Female,Hyderabad,2025-05-18 02:06:50
C03918,41,Female,Mumbai,2025-05-25 21:25:01
C03919,61,Female,Kolkata,2026-02-20 00:59:21
C03920,28,Female,Kolkata,2026-05-06 21:08:52
C03921,34,Female,Hyderabad,2026-05-30 20:44:08
C03922,21,Female,Bangalore,2026-05-24 10:21:29
C03923,64,Male,Pune,2025-09-07 20:30:49
C03924,42,Female,Pune,2025-04-03 03:27:20
C03925,47,Female,Pune,2025-09-11 08:41:25
C03926,26,Male,Mumbai,2025-09-30 16:31:04
C03927,38,Female,Hyderabad,2025-04-20 04:22:21
C03928,37,Female,Pune,2025-11-09 20:10:42
C03929,36,Female,Kolkata,2026-04-29 15:00:30
C03930,36,Female,Kolkata,2025-02-21 16:02:45
C03931,29,Male,Delhi,2025-07-28 17:55:31
C03932,54,Female,Delhi,2026-04-21 18:03:28
C03933,59,Female,Hyderabad,2025-09-07 12:50:30
C03934,34,Female,Mumbai,2025-01-27 09:51:32
C03935,54,Male,Mumbai,2025-07-02 15:24:45
C03936,65,Male,Bangalore,2026-02-02 19:20:14
C03937,56,Female,Bangalore,2026-04-13 17:17:24
C03938,45,Male,Pune,2025-04-21 08:40:23
C03939,58,Male,Chennai,2025-02-08 11:06:20
C03940,52,Female,Kolkata,2025-03-31 13:42:56
C03941,64,Male,Bangalore,2026-06-10 06:35:12
C03942,65,Male,Mumbai,2025-08-25 01:29:34
C03943,35,Male,Kolkata,2025-08-21 21:58:45
C03944,31,Male,Chennai,2025-06-21 23:19:32
C03945,52,Female,Bangalore,2026-01-12 01:51:10
C03946,61,Male,Hyderabad,2026-05-14 21:26:21
C03947,58,Male,Delhi,2025-01-24 22:06:16
C03948,24,Female,Bangalore,2025-10-30 00:26:31
C03949,58,Female,Bangalore,2025-01-16 10:30:09
C03950,30,Female,Hyderabad,2025-08-30 19:24:37
C03951,35,Male,Mumbai,2025-10-06 04:52:09
C03952,54,Male,Pune,2025-02-05 17:19:55
C03953,30,Female,Hyderabad,2025-09-03 15:00:03
C03954,53,Male,Pune,2025-05-26 15:55:50
C03955,48,Female,Bangalore,2025-09-29 02:38:31
C03956,19,Male,Mumbai,2025-10-24 02:10:52
C03957,33,Male,Chennai,2025-09-21 00:43:38
C03958,26,Female,Bangalore,2025-06-01 00:31:45
C03959,26,Female,Hyderabad,2026-05-10 17:11:38
C03960,55,Female,Chennai,2026-02-15 04:33:58
C03961,28,Male,Delhi,2025-04-01 22:46:23
C03962,39,Male,Chennai,2026-05-12 17:11:28
C03963,50,Female,Hyderabad,2026-01-09 20:25:25
C03964,53,Female,Kolkata,2026-04-24 20:27:32
C03965,62,Male,Chennai,2026-02-01 08:19:55
C03966,40,Male,Hyderabad,2025-09-12 05:53:02
C03967,62,Male,Kolkata,2025-07-01 07:28:01
C03968,62,Female,Bangalore,2026-04-17 10:06:12
C03969,51,Female,Kolkata,2025-01-12 23:08:07
C03970,26,Female,Mumbai,2025-09-29 16:49:53
C03971,41,Male,Delhi,2026-03-04 10:41:20
C03972,25,Female,Kolkata,2026-01-03 21:36:46
C03973,24,Male,Mumbai,2025-04-14 18:17:23
C03974,53,Female,Mumbai,2026-01-19 03:59:04
C03975,35,Female,Mumbai,2026-02-05 19:18:43
C03976,20,Male,Kolkata,2025-09-19 14:26:25
C03977,45,Male,Hyderabad,2025-01-24 22:27:31
C03978,23,Male,Hyderabad,2025-08-15 17:08:45
C03979,61,Male,Delhi,2025-06-30 17:22:08
C03980,61,Female,Hyderabad,2025-07-06 08:19:35
C03981,38,Female,Pune,2025-11-03 00:03:35
C03982,45,Female,Hyderabad,2025-06-19 08:07:10
C03983,57,Female,Hyderabad,2025-03-12 07:31:30
C03984,18,Female,Hyderabad,2026-06-24 16:03:37
C03985,53,Male,Bangalore,2025-01-11 07:05:15
C03986,38,Male,Delhi,2025-03-31 23:30:03
C03987,60,Female,Pune,2025-09-27 10:11:49
C03988,52,Male,Hyderabad,2025-01-18 10:17:39
C03989,30,Female,Delhi,2025-07-31 12:18:24
C03990,27,Male,Chennai,2025-11-11 05:45:33
C03991,61,Female,Bangalore,2026-05-11 15:25:20
C03992,64,Female,Kolkata,2026-05-15 23:49:24
C03993,27,Male,Hyderabad,2025-06-22 18:30:51
C03994,63,Male,Pune,2025-02-02 09:41:43
C03995,30,Female,Bangalore,2025-08-29 02:07:12
C03996,54,Male,Pune,2025-07-31 04:49:42
C03997,55,Male,Kolkata,2025-01-08 13:00:31
C03998,41,Female,Kolkata,2025-03-08 20:31:35
C03999,19,Male,Bangalore,2025-12-20 07:42:35
C04000,39,Female,Chennai,2025-01-21 23:22:26
C04001,34,Female,Delhi,2026-04-25 00:36:26
C04002,53,Male,Bangalore,2025-01-11 00:59:55
C04003,31,Female,Mumbai,2025-10-19 06:18:39
C04004,27,Female,Kolkata,2025-03-01 00:23:35
C04005,52,Male,Chennai,2025-03-09 22:16:32
C04006,42,Male,Kolkata,2025-08-08 02:39:23
C04007,20,Male,Mumbai,2026-06-09 16:36:28
C04008,64,Male,Chennai,2025-02-06 19:50:07
C04009,55,Male,Kolkata,2026-04-01 09:24:19
C04010,34,Male,Mumbai,2025-01-04 08:11:55
C04011,29,Male,Mumbai,2025-11-25 06:31:11
C04012,41,Female,Kolkata,2025-01-04 03:02:33
C04013,46,Female,Kolkata,2025-03-28 05:30:42
C04014,60,Female,Pune,2025-11-06 05:42:27
C04015,42,Female,Bangalore,2025-01-04 11:26:14
C04016,53,Female,Bangalore,2025-01-14 10:12:20
C04017,43,Female,Chennai,2026-02-09 04:20:01
C04018,55,Female,Delhi,2025-02-10 20:52:25
C04019,18,Male,Kolkata,2025-08-11 20:52:58
C04020,37,Female,Pune,2025-02-25 23:47:25
C04021,45,Male,Bangalore,2025-10-18 02:06:12
C04022,33,Male,Bangalore,2025-03-07 16:46:51
C04023,64,Female,Pune,2025-03-25 00:28:26
C04024,34,Male,Hyderabad,2026-03-23 09:19:23
C04025,57,Male,Pune,2025-01-08 09:15:00
C04026,45,Female,Bangalore,2026-06-21 03:27:49
C04027,29,Female,Delhi,2025-02-06 13:16:21
C04028,44,Female,Hyderabad,2025-03-04 01:55:28
C04029,59,Female,Mumbai,2026-01-22 15:34:13
C04030,64,Male,Pune,2026-03-20 13:16:57
C04031,47,Male,Mumbai,2025-02-10 17:24:12
C04032,58,Female,Hyderabad,2025-03-20 20:59:40
C04033,51,Male,Hyderabad,2025-06-25 18:57:41
C04034,54,Female,Hyderabad,2025-01-15 03:34:25
C04035,23,Male,Chennai,2025-01-24 12:03:44
C04036,24,Male,Pune,2025-11-07 12:48:42
C04037,49,Female,Kolkata,2025-02-14 15:19:58
C04038,49,Female,Delhi,2025-09-25 16:53:56
C04039,42,Female,Delhi,2026-02-21 19:05:07
C04040,50,Male,Mumbai,2025-04-04 05:43:50
C04041,24,Male,Mumbai,2026-06-14 04:50:43
C04042,29,Male,Kolkata,2026-06-06 05:41:59
C04043,33,Male,Mumbai,2026-01-22 01:03:34
C04044,33,Male,Pune,2025-06-01 17:56:41
C04045,60,Male,Bangalore,2025-10-12 03:51:52
C04046,53,Female,Mumbai,2025-08-17 00:29:04
C04047,30,Male,Hyderabad,2025-02-01 23:24:20
C04048,24,Female,Mumbai,2026-04-20 14:47:08
C04049,53,Female,Hyderabad,2025-10-27 02:04:05
C04050,64,Male,Chennai,2025-09-30 06:20:05
C04051,26,Male,Bangalore,2026-03-03 13:08:32
C04052,49,Male,Bangalore,2025-08-07 16:03:25
C04053,28,Female,Kolkata,2026-03-21 03:09:21
C04054,25,Male,Pune,2025-03-26 11:11:21
C04055,50,Male,Pune,2026-03-17 14:10:52
C04056,40,Female,Delhi,2026-06-11 12:08:53
C04057,42,Male,Chennai,2025-05-19 05:17:03
C04058,25,Female,Kolkata,2026-06-24 17:46:05
C04059,62,Female,Pune,2026-02-01 11:31:49
C04060,39,Female,Hyderabad,2025-09-22 18:16:03
C04061,21,Male,Chennai,2025-10-10 02:40:05
C04062,57,Female,Bangalore,2025-04-13 14:25:21
C04063,20,Female,Hyderabad,2025-10-31 14:50:01
C04064,46,Male,Kolkata,2025-10-10 02:48:04
C04065,58,Male,Kolkata,2025-01-25 14:29:46
C04066,46,Male,Chennai,2026-05-24 09:04:40
C04067,51,Female,Bangalore,2025-09-16 21:37:41
C04068,51,Female,Pune,2025-07-06 13:02:10
C04069,45,Female,Hyderabad,2026-01-19 03:47:00
C04070,30,Female,Hyderabad,2025-07-26 09:29:50
C04071,32,Male,Bangalore,2025-01-06 21:12:57
C04072,40,Male,Hyderabad,2025-01-20 02:20:24
C04073,61,Female,Pune,2025-08-20 11:44:55
C04074,43,Female,Pune,2026-05-03 13:32:02
C04075,21,Male,Pune,2025-06-11 08:57:59
C04076,43,Female,Bangalore,2026-05-25 07:26:49
C04077,57,Female,Mumbai,2025-07-18 09:39:34
C04078,26,Female,Mumbai,2025-11-25 05:05:07
C04079,22,Female,Kolkata,2026-01-15 01:02:01
C04080,49,Female,Kolkata,2025-08-05 23:01:18
C04081,37,Male,Hyderabad,2025-10-05 12:06:42
C04082,28,Female,Pune,2025-07-31 18:48:46
C04083,32,Male,Hyderabad,2025-03-09 06:51:21
C04084,49,Female,Bangalore,2026-04-19 19:53:34
C04085,45,Male,Hyderabad,2025-04-04 21:28:19
C04086,39,Female,Delhi,2026-04-17 05:41:53
C04087,58,Male,Mumbai,2026-06-29 11:01:06
C04088,34,Male,Hyderabad,2025-12-19 00:53:36
C04089,43,Male,Hyderabad,2025-12-04 03:12:17
C04090,61,Female,Chennai,2025-08-10 03:15:13
C04091,24,Female,Hyderabad,2025-07-16 16:45:38
C04092,59,Male,Delhi,2026-01-03 07:26:56
C04093,43,Female,Mumbai,2025-09-23 01:57:56
C04094,42,Female,Chennai,2025-12-19 20:43:35
C04095,27,Female,Bangalore,2026-03-10 02:45:24
C04096,62,Male,Kolkata,2025-03-22 12:31:51
C04097,36,Female,Bangalore,2026-03-01 20:22:14
C04098,28,Female,Mumbai,2025-05-26 15:01:31
C04099,30,Female,Kolkata,2025-02-23 11:00:06
C04100,25,Female,Bangalore,2025-07-13 18:09:54
C04101,57,Female,Delhi,2026-01-27 00:09:44
C04102,21,Female,Hyderabad,2026-06-01 15:08:27
C04103,64,Male,Mumbai,2025-03-06 10:57:18
C04104,48,Male,Kolkata,2025-01-09 16:40:47
C04105,45,Male,Chennai,2025-12-09 05:04:12
C04106,28,Male,Hyderabad,2025-09-10 11:13:28
C04107,60,Female,Bangalore,2026-02-14 13:40:45
C04108,18,Female,Bangalore,2025-02-15 08:47:48
C04109,64,Female,Chennai,2026-03-03 23:11:02
C04110,55,Male,Delhi,2026-01-27 05:16:40
C04111,41,Female,Chennai,2025-01-24 11:34:11
C04112,64,Male,Mumbai,2026-02-27 08:02:11
C04113,48,Male,Chennai,2025-05-14 14:03:22
C04114,58,Male,Bangalore,2026-05-22 15:17:59
C04115,63,Female,Delhi,2025-01-10 07:21:09
C04116,43,Male,Delhi,2025-10-11 16:16:56
C04117,22,Female,Pune,2025-06-19 20:27:09
C04118,37,Male,Chennai,2025-09-01 12:31:05
C04119,58,Female,Mumbai,2025-04-28 09:18:30
C04120,28,Female,Bangalore,2025-10-15 21:33:22
C04121,50,Female,Hyderabad,2025-02-10 20:44:22
C04122,55,Female,Delhi,2026-01-30 00:11:15
C04123,44,Female,Chennai,2026-02-05 01:46:59
C04124,51,Female,Pune,2025-04-26 13:12:16
C04125,32,Female,Mumbai,2025-05-09 06:25:35
C04126,49,Male,Mumbai,2025-06-27 08:55:02
C04127,38,Male,Kolkata,2025-09-04 08:32:25
C04128,63,Male,Bangalore,2026-01-25 06:09:39
C04129,22,Female,Delhi,2025-02-11 22:07:38
C04130,23,Female,Bangalore,2025-09-19 18:25:01
C04131,55,Female,Pune,2025-09-06 16:46:26
C04132,39,Female,Hyderabad,2025-12-19 12:53:54
C04133,35,Male,Hyderabad,2025-07-30 06:57:15
C04134,31,Female,Hyderabad,2025-12-14 17:16:19
C04135,27,Female,Mumbai,2025-09-18 17:59:09
C04136,63,Male,Delhi,2025-05-06 03:49:00
C04137,30,Female,Bangalore,2025-06-21 20:36:39
C04138,48,Male,Bangalore,2025-11-10 01:50:22
C04139,47,Female,Pune,2026-06-13 15:58:03
C04140,20,Male,Hyderabad,2025-02-23 07:55:41
C04141,47,Female,Delhi,2026-03-10 16:28:05
C04142,23,Female,Delhi,2025-05-08 04:13:50
C04143,46,Male,Pune,2025-02-07 21:27:53
C04144,25,Male,Chennai,2025-04-15 00:02:19
C04145,61,Male,Delhi,2025-11-23 18:09:53
C04146,62,Female,Delhi,2025-09-01 01:32:51
C04147,60,Female,Bangalore,2025-02-11 11:58:50
C04148,61,Male,Pune,2025-09-21 14:25:49
C04149,50,Male,Delhi,2025-07-25 10:10:04
C04150,34,Female,Delhi,2026-02-11 16:22:16
C04151,65,Female,Bangalore,2026-01-11 12:54:21
C04152,28,Female,Delhi,2025-08-21 15:18:14
C04153,30,Male,Bangalore,2025-07-18 19:13:21
C04154,28,Female,Chennai,2025-10-07 06:53:30
C04155,48,Female,Mumbai,2025-11-07 20:19:52
C04156,45,Female,Kolkata,2025-07-06 13:37:22
C04157,61,Female,Bangalore,2026-03-17 15:23:26
C04158,23,Female,Bangalore,2026-04-29 10:26:50
C04159,58,Female,Delhi,2025-04-26 05:43:09
C04160,33,Male,Bangalore,2025-05-12 12:45:54
C04161,21,Female,Pune,2025-01-13 19:41:06
C04162,52,Male,Hyderabad,2025-06-30 13:20:19
C04163,65,Male,Hyderabad,2025-07-25 23:13:00
C04164,43,Male,Chennai,2025-07-19 20:29:43
C04165,29,Female,Bangalore,2025-08-10 16:15:56
C04166,28,Male,Pune,2025-04-11 14:13:15
C04167,54,Male,Delhi,2026-05-21 08:44:42
C04168,42,Male,Delhi,2025-07-19 04:13:36
C04169,35,Male,Kolkata,2025-05-08 06:07:30
C04170,36,Male,Mumbai,2025-08-11 14:42:21
C04171,40,Female,Chennai,2025-11-04 17:47:38
C04172,55,Female,Pune,2026-02-11 20:19:04
C04173,35,Male,Pune,2025-09-05 19:28:18
C04174,43,Female,Kolkata,2025-04-16 04:04:18
C04175,23,Female,Kolkata,2025-04-24 17:40:49
C04176,21,Male,Delhi,2026-03-13 04:41:29
C04177,61,Female,Mumbai,2025-02-03 03:54:24
C04178,46,Female,Delhi,2025-03-27 17:47:20
C04179,51,Male,Mumbai,2025-03-24 14:49:57
C04180,34,Male,Hyderabad,2025-07-14 16:20:53
C04181,60,Female,Pune,2026-02-28 04:56:23
C04182,60,Female,Kolkata,2026-01-24 01:38:34
C04183,33,Male,Hyderabad,2025-03-30 01:58:00
C04184,19,Female,Delhi,2025-01-20 04:01:34
C04185,51,Female,Chennai,2025-03-31 00:47:22
C04186,25,Female,Bangalore,2025-05-08 20:03:48
C04187,30,Female,Chennai,2025-07-23 06:29:21
C04188,59,Male,Chennai,2025-10-31 08:24:21
C04189,25,Female,Bangalore,2025-12-01 14:47:10
C04190,47,Female,Pune,2025-12-22 02:20:02
C04191,49,Male,Hyderabad,2025-08-17 14:37:29
C04192,53,Female,Hyderabad,2025-03-20 14:34:39
C04193,64,Female,Pune,2026-03-03 19:40:19
C04194,47,Male,Bangalore,2025-11-08 08:25:45
C04195,18,Female,Mumbai,2026-04-18 20:14:50
C04196,60,Male,Chennai,2026-05-02 00:13:27
C04197,56,Male,Delhi,2026-02-08 08:43:33
C04198,34,Male,Hyderabad,2025-06-27 23:04:12
C04199,37,Male,Pune,2026-04-10 00:40:38
C04200,41,Female,Delhi,2025-10-15 10:42:11
C04201,39,Male,Kolkata,2026-05-18 09:30:51
C04202,46,Female,Bangalore,2026-01-10 18:10:55
C04203,39,Male,Delhi,2025-12-28 08:55:33
C04204,61,Female,Delhi,2026-05-13 10:30:32
C04205,26,Female,Chennai,2026-03-08 04:20:50
C04206,54,Female,Bangalore,2025-04-02 15:39:51
C04207,27,Male,Delhi,2025-07-10 08:22:30
C04208,53,Male,Hyderabad,2025-06-06 18:24:03
C04209,54,Male,Bangalore,2026-03-24 03:10:49
C04210,45,Female,Hyderabad,2025-08-13 18:56:12
C04211,45,Male,Pune,2025-06-10 21:11:46
C04212,59,Female,Pune,2025-06-24 15:52:29
C04213,60,Female,Kolkata,2025-06-23 00:07:34
C04214,38,Male,Mumbai,2025-06-25 23:58:35
C04215,41,Female,Pune,2025-06-24 04:41:29
C04216,59,Female,Delhi,2026-01-18 08:28:41
C04217,57,Female,Bangalore,2025-05-06 14:06:20
C04218,19,Male,Pune,2025-04-18 10:24:11
C04219,25,Male,Hyderabad,2025-08-19 00:33:54
C04220,65,Male,Delhi,2025-05-21 00:31:42
C04221,44,Female,Pune,2026-04-30 06:39:35
C04222,39,Female,Chennai,2026-01-20 19:17:31
C04223,54,Male,Hyderabad,2025-02-18 11:13:55
C04224,44,Female,Kolkata,2025-05-16 05:10:29
C04225,46,Male,Kolkata,2025-07-05 23:02:15
C04226,20,Female,Kolkata,2025-07-11 01:48:28
C04227,61,Female,Hyderabad,2025-03-30 18:19:04
C04228,30,Female,Kolkata,2026-04-30 04:53:26
C04229,62,Female,Mumbai,2025-04-04 18:22:31
C04230,27,Male,Chennai,2025-01-10 20:11:02
C04231,53,Male,Mumbai,2026-06-16 19:39:27
C04232,26,Female,Pune,2025-08-21 04:52:26
C04233,44,Male,Chennai,2026-04-21 08:14:49
C04234,51,Male,Hyderabad,2025-02-27 17:55:47
C04235,18,Female,Mumbai,2025-01-04 04:40:16
C04236,49,Male,Delhi,2026-06-28 16:07:11
C04237,42,Female,Chennai,2025-11-22 01:12:18
C04238,46,Female,Hyderabad,2025-11-10 08:14:14
C04239,24,Female,Bangalore,2026-05-14 07:32:10
C04240,20,Female,Chennai,2025-12-06 11:37:42
C04241,37,Female,Chennai,2026-01-16 12:25:22
C04242,37,Female,Pune,2025-04-05 19:52:48
C04243,47,Female,Delhi,2026-01-12 05:31:11
C04244,52,Male,Pune,2025-01-08 08:40:24
C04245,52,Female,Kolkata,2026-06-25 21:13:31
C04246,56,Female,Chennai,2025-01-24 16:55:49
C04247,44,Male,Chennai,2025-08-28 05:54:20
C04248,43,Male,Kolkata,2026-03-13 05:11:39
C04249,31,Female,Delhi,2025-09-28 03:31:44
C04250,34,Male,Delhi,2025-08-21 15:08:35
C04251,35,Female,Mumbai,2025-02-07 20:28:38
C04252,62,Female,Hyderabad,2025-11-07 03:44:13
C04253,46,Male,Hyderabad,2025-12-18 21:58:06
C04254,37,Female,Mumbai,2025-08-19 18:34:39
C04255,44,Male,Hyderabad,2026-02-15 10:40:42
C04256,35,Female,Chennai,2025-02-22 12:17:59
C04257,21,Male,Mumbai,2025-11-18 15:03:04
C04258,18,Female,Mumbai,2025-05-09 07:56:51
C04259,18,Male,Hyderabad,2025-04-02 11:20:32
C04260,43,Male,Bangalore,2026-01-25 08:27:03
C04261,62,Male,Hyderabad,2025-06-21 23:44:33
C04262,37,Male,Pune,2025-04-02 09:48:07
C04263,40,Female,Bangalore,2025-11-27 03:07:38
C04264,27,Male,Mumbai,2025-12-25 07:10:53
C04265,28,Female,Bangalore,2025-01-24 16:26:56
C04266,58,Female,Chennai,2026-04-04 15:11:08
C04267,58,Female,Delhi,2025-02-06 04:09:44
C04268,22,Female,Bangalore,2026-06-24 14:27:55
C04269,18,Female,Pune,2025-06-12 08:18:06
C04270,34,Male,Delhi,2025-04-30 16:12:18
C04271,39,Male,Chennai,2026-03-24 05:41:42
C04272,51,Female,Pune,2025-03-18 19:23:26
C04273,62,Female,Kolkata,2025-05-12 02:21:13
C04274,58,Female,Delhi,2026-06-18 05:05:04
C04275,46,Male,Kolkata,2026-06-01 22:49:03
C04276,21,Male,Chennai,2025-10-20 00:08:18
C04277,22,Male,Delhi,2025-11-12 05:53:51
C04278,28,Female,Delhi,2025-02-26 11:19:37
C04279,38,Female,Hyderabad,2025-04-29 14:10:08
C04280,52,Male,Pune,2025-08-11 18:51:48
C04281,29,Male,Pune,2026-02-14 20:57:38
C04282,43,Female,Bangalore,2025-03-03 06:41:52
C04283,36,Female,Kolkata,2026-02-22 08:43:29
C04284,62,Male,Kolkata,2025-03-27 01:32:41
C04285,24,Female,Pune,2025-10-31 18:54:42
C04286,64,Female,Pune,2026-04-01 15:08:37
C04287,24,Female,Delhi,2025-10-25 12:30:13
C04288,43,Female,Kolkata,2026-04-09 13:37:21
C04289,57,Male,Mumbai,2026-04-15 19:18:39
C04290,22,Male,Hyderabad,2025-12-17 07:10:38
C04291,38,Female,Bangalore,2025-04-20 15:25:03
C04292,31,Male,Hyderabad,2025-09-18 16:28:55
C04293,21,Female,Bangalore,2026-02-13 15:26:34
C04294,40,Female,Chennai,2025-03-07 16:26:49
C04295,59,Female,Delhi,2026-06-02 08:25:26
C04296,37,Male,Pune,2025-08-04 00:52:48
C04297,32,Male,Pune,2025-11-24 18:29:50
C04298,62,Female,Mumbai,2026-01-23 22:20:59
C04299,46,Male,Kolkata,2025-11-12 21:45:44
C04300,25,Female,Kolkata,2025-08-13 21:28:04
C04301,58,Female,Hyderabad,2025-03-05 13:04:08
C04302,65,Male,Hyderabad,2026-04-22 21:11:45
C04303,36,Female,Hyderabad,2025-01-27 10:26:37
C04304,65,Male,Kolkata,2025-09-23 19:30:39
C04305,56,Male,Pune,2026-05-30 10:43:51
C04306,63,Female,Kolkata,2025-07-22 00:54:46
C04307,45,Female,Hyderabad,2025-01-26 18:35:54
C04308,63,Female,Delhi,2025-05-24 01:05:01
C04309,44,Female,Bangalore,2025-03-17 21:40:35
C04310,21,Female,Pune,2025-04-08 18:16:03
C04311,32,Male,Delhi,2026-06-22 17:16:35
C04312,52,Male,Chennai,2025-05-27 05:25:45
C04313,54,Female,Delhi,2025-10-03 13:55:21
C04314,18,Male,Delhi,2025-03-26 19:25:11
C04315,20,Female,Chennai,2025-05-24 10:42:20
C04316,64,Female,Delhi,2026-01-19 11:22:36
C04317,41,Female,Bangalore,2025-11-20 12:40:13
C04318,44,Male,Pune,2025-09-30 14:07:48
C04319,57,Male,Mumbai,2025-06-15 20:26:09
C04320,53,Male,Kolkata,2026-06-21 07:00:44
C04321,51,Female,Chennai,2025-07-31 01:08:51
C04322,46,Female,Pune,2025-05-06 16:48:50
C04323,41,Female,Hyderabad,2025-08-09 11:00:45
C04324,41,Female,Bangalore,2025-08-17 07:52:15
C04325,59,Male,Mumbai,2025-04-12 07:59:08
C04326,21,Female,Bangalore,2026-01-19 08:55:21
C04327,20,Female,Bangalore,2025-12-05 05:19:45
C04328,51,Male,Hyderabad,2025-12-29 01:48:04
C04329,40,Male,Mumbai,2025-10-30 17:14:19
C04330,40,Female,Kolkata,2025-08-24 14:45:10
C04331,62,Female,Bangalore,2025-06-18 01:48:46
C04332,22,Male,Hyderabad,2025-11-02 01:46:32
C04333,48,Female,Chennai,2026-05-02 20:15:10
C04334,58,Male,Hyderabad,2026-02-25 05:58:29
C04335,23,Male,Delhi,2025-07-27 08:18:21
C04336,54,Female,Pune,2025-01-18 07:28:54
C04337,27,Female,Hyderabad,2025-09-12 14:35:17
C04338,57,Female,Hyderabad,2025-06-10 02:32:00
C04339,24,Male,Hyderabad,2025-11-11 07:29:55
C04340,56,Male,Kolkata,2026-01-27 18:52:55
C04341,55,Male,Bangalore,2025-08-12 18:39:21
C04342,38,Male,Kolkata,2026-01-24 18:15:42
C04343,37,Male,Mumbai,2025-05-27 15:40:31
C04344,20,Male,Hyderabad,2025-05-07 05:59:11
C04345,39,Male,Hyderabad,2026-06-22 15:32:10
C04346,64,Male,Delhi,2026-01-12 18:20:02
C04347,21,Female,Delhi,2025-11-30 07:07:35
C04348,45,Male,Chennai,2025-05-02 01:52:32
C04349,29,Male,Chennai,2025-09-20 17:12:03
C04350,55,Female,Delhi,2026-03-19 11:10:01
C04351,53,Male,Mumbai,2026-04-29 05:27:15
C04352,64,Female,Chennai,2025-04-06 11:02:09
C04353,58,Male,Pune,2025-03-23 23:26:25
C04354,22,Male,Pune,2025-01-02 12:27:15
C04355,30,Male,Mumbai,2025-03-18 11:02:20
C04356,40,Male,Delhi,2025-08-12 23:08:19
C04357,47,Female,Chennai,2026-03-16 17:38:23
C04358,54,Female,Hyderabad,2025-07-23 15:07:58
C04359,42,Male,Delhi,2025-10-07 18:36:01
C04360,65,Male,Chennai,2025-06-18 08:33:10
C04361,44,Female,Mumbai,2025-10-29 17:20:21
C04362,31,Male,Pune,2026-02-10 09:21:46
C04363,65,Female,Mumbai,2026-03-12 17:58:42
C04364,64,Male,Chennai,2025-01-28 23:15:51
C04365,53,Female,Mumbai,2025-07-24 08:27:35
C04366,56,Male,Chennai,2025-11-07 20:10:40
C04367,33,Male,Chennai,2026-04-12 11:33:54
C04368,39,Female,Mumbai,2025-07-11 03:02:09
C04369,38,Female,Bangalore,2025-02-05 04:43:55
C04370,38,Female,Hyderabad,2025-11-05 17:50:03
C04371,25,Female,Delhi,2025-03-13 01:11:48
C04372,33,Female,Pune,2025-11-15 20:26:34
C04373,48,Male,Hyderabad,2026-03-25 22:42:26
C04374,59,Female,Delhi,2026-03-17 09:48:26
C04375,27,Male,Delhi,2025-06-16 08:55:11
C04376,49,Female,Pune,2026-02-13 12:33:03
C04377,51,Female,Hyderabad,2025-12-07 14:51:21
C04378,26,Male,Pune,2025-03-03 15:24:30
C04379,34,Male,Chennai,2026-04-28 11:18:16
C04380,28,Male,Pune,2026-02-01 05:34:42
C04381,49,Male,Mumbai,2025-08-31 15:32:47
C04382,27,Female,Bangalore,2025-12-02 00:02:06
C04383,39,Male,Bangalore,2025-07-17 14:32:02
C04384,34,Male,Bangalore,2026-04-23 17:26:54
C04385,21,Female,Hyderabad,2026-03-21 22:13:15
C04386,65,Female,Hyderabad,2025-02-07 12:14:28
C04387,64,Female,Chennai,2025-06-19 05:53:35
C04388,42,Female,Kolkata,2026-06-07 01:23:03
C04389,38,Female,Bangalore,2025-01-23 12:19:48
C04390,54,Female,Chennai,2026-01-11 11:05:10
C04391,55,Female,Kolkata,2026-01-19 17:38:45
C04392,18,Female,Bangalore,2025-04-28 10:49:01
C04393,42,Male,Hyderabad,2025-12-19 12:42:33
C04394,53,Male,Kolkata,2025-03-27 03:18:04
C04395,34,Female,Mumbai,2025-01-07 17:00:49
C04396,58,Female,Mumbai,2025-07-06 08:56:18
C04397,41,Female,Mumbai,2025-02-26 09:02:02
C04398,19,Female,Pune,2025-03-14 12:04:10
C04399,57,Female,Mumbai,2026-01-19 00:21:39
C04400,32,Female,Delhi,2026-02-04 11:04:04
C04401,49,Female,Bangalore,2025-08-06 17:18:00
C04402,56,Female,Mumbai,2025-08-19 21:45:54
C04403,23,Male,Kolkata,2026-02-02 10:49:26
C04404,18,Male,Delhi,2025-08-06 01:13:11
C04405,64,Female,Delhi,2025-03-05 00:44:54
C04406,40,Male,Delhi,2025-06-26 08:51:16
C04407,56,Female,Chennai,2026-02-28 00:57:18
C04408,34,Male,Kolkata,2025-03-11 12:04:39
C04409,51,Female,Chennai,2025-06-05 13:22:55
C04410,58,Female,Delhi,2026-02-22 07:51:04
C04411,46,Female,Pune,2025-05-29 23:51:34
C04412,26,Male,Mumbai,2025-04-10 19:35:38
C04413,30,Female,Bangalore,2025-08-10 14:14:08
C04414,23,Female,Kolkata,2025-11-27 20:48:29
C04415,23,Male,Pune,2025-11-27 02:17:12
C04416,37,Female,Hyderabad,2025-03-03 22:30:26
C04417,20,Male,Chennai,2025-12-24 16:18:29
C04418,34,Male,Mumbai,2026-05-07 20:05:59
C04419,29,Male,Mumbai,2026-03-02 06:14:10
C04420,65,Female,Hyderabad,2025-09-30 12:57:03
C04421,64,Female,Hyderabad,2026-02-15 17:17:35
C04422,62,Female,Kolkata,2026-04-08 16:31:02
C04423,18,Male,Mumbai,2026-06-07 08:31:55
C04424,34,Male,Hyderabad,2025-10-14 01:58:30
C04425,20,Female,Mumbai,2025-07-22 13:36:24
C04426,43,Female,Pune,2026-01-08 15:31:55
C04427,32,Female,Kolkata,2025-08-29 11:46:31
C04428,53,Male,Hyderabad,2025-01-19 03:28:12
C04429,49,Male,Pune,2026-01-22 02:39:43
C04430,49,Female,Pune,2026-02-10 20:35:50
C04431,21,Female,Hyderabad,2025-09-15 08:52:19
C04432,35,Male,Kolkata,2025-09-15 19:00:12
C04433,36,Male,Mumbai,2025-12-10 04:19:23
C04434,60,Female,Delhi,2025-12-03 23:14:24
C04435,52,Male,Mumbai,2026-01-30 20:00:00
C04436,57,Female,Bangalore,2026-02-07 17:00:45
C04437,31,Male,Hyderabad,2025-01-29 14:12:32
C04438,50,Male,Chennai,2026-01-28 09:51:01
C04439,31,Female,Kolkata,2025-08-05 08:31:39
C04440,51,Male,Hyderabad,2026-06-12 05:07:54
C04441,21,Female,Bangalore,2026-04-05 20:30:09
C04442,41,Female,Pune,2025-06-13 17:20:24
C04443,46,Male,Chennai,2025-01-31 05:48:22
C04444,36,Male,Chennai,2026-04-05 03:57:15
C04445,23,Female,Mumbai,2026-02-11 22:45:01
C04446,50,Male,Delhi,2025-01-15 21:21:19
C04447,57,Male,Mumbai,2025-02-15 11:42:54
C04448,36,Male,Kolkata,2026-01-19 01:13:35
C04449,18,Female,Chennai,2026-01-07 14:58:06
C04450,22,Female,Chennai,2025-05-27 20:48:11
C04451,44,Female,Delhi,2025-02-03 23:05:12
C04452,33,Male,Kolkata,2025-02-26 05:32:35
C04453,23,Female,Hyderabad,2025-01-25 09:15:08
C04454,57,Female,Delhi,2025-10-26 18:29:42
C04455,30,Female,Pune,2025-10-16 15:46:28
C04456,65,Female,Mumbai,2025-07-02 18:51:59
C04457,52,Female,Hyderabad,2025-06-13 00:32:50
C04458,36,Female,Mumbai,2025-08-21 14:35:24
C04459,29,Female,Delhi,2025-01-25 11:08:05
C04460,33,Male,Hyderabad,2025-12-12 20:34:58
C04461,60,Male,Delhi,2026-05-02 13:54:17
C04462,27,Male,Pune,2026-05-17 16:51:18
C04463,42,Male,Bangalore,2026-02-25 23:55:04
C04464,37,Male,Chennai,2025-12-19 10:05:33
C04465,48,Female,Kolkata,2025-11-05 13:22:22
C04466,21,Male,Hyderabad,2025-01-05 00:48:12
C04467,61,Female,Chennai,2026-02-27 13:58:01
C04468,40,Female,Bangalore,2025-10-11 22:11:57
C04469,19,Male,Hyderabad,2026-02-16 18:37:13
C04470,39,Female,Chennai,2025-10-05 04:21:40
C04471,54,Female,Chennai,2025-07-06 14:52:44
C04472,25,Male,Hyderabad,2026-03-17 17:52:43
C04473,24,Male,Chennai,2025-07-08 04:53:47
C04474,31,Male,Chennai,2025-02-20 05:12:28
C04475,20,Female,Hyderabad,2026-03-18 21:27:14
C04476,33,Male,Kolkata,2026-05-20 17:13:48
C04477,36,Female,Chennai,2026-01-23 06:25:43
C04478,35,Female,Chennai,2026-05-31 00:58:41
C04479,33,Male,Kolkata,2025-11-28 15:31:01
C04480,25,Female,Mumbai,2025-04-08 15:56:22
C04481,50,Male,Pune,2025-09-29 04:51:23
C04482,29,Female,Mumbai,2025-07-04 07:30:46
C04483,28,Male,Bangalore,2025-06-22 09:18:05
C04484,22,Female,Mumbai,2026-05-03 01:44:17
C04485,44,Male,Mumbai,2025-02-07 08:45:35
C04486,29,Female,Bangalore,2026-06-25 15:25:06
C04487,34,Female,Chennai,2025-08-17 20:29:18
C04488,23,Male,Chennai,2025-02-20 01:20:42
C04489,50,Female,Mumbai,2025-12-09 06:57:07
C04490,22,Male,Bangalore,2026-05-16 01:08:01
C04491,45,Female,Chennai,2025-05-08 04:52:28
C04492,31,Female,Delhi,2025-09-03 16:56:30
C04493,22,Male,Hyderabad,2026-02-15 21:47:43
C04494,50,Male,Hyderabad,2025-05-30 19:48:13
C04495,65,Male,Pune,2025-10-09 14:26:49
C04496,58,Female,Hyderabad,2025-09-03 23:04:28
C04497,36,Male,Mumbai,2026-02-12 09:45:25
C04498,39,Male,Hyderabad,2026-04-19 11:13:40
C04499,22,Male,Hyderabad,2025-02-23 17:45:38
C04500,19,Male,Delhi,2025-06-20 11:41:03
C04501,47,Female,Chennai,2026-05-07 01:17:43
C04502,64,Male,Delhi,2025-06-17 16:17:49
C04503,56,Female,Mumbai,2025-06-09 22:49:50
C04504,21,Female,Hyderabad,2025-06-17 22:03:28
C04505,50,Female,Kolkata,2025-08-10 22:59:17
C04506,30,Male,Chennai,2025-05-07 13:45:58
C04507,37,Female,Pune,2025-02-22 11:27:42
C04508,24,Female,Pune,2025-02-07 22:51:55
C04509,32,Male,Hyderabad,2025-08-22 05:34:43
C04510,40,Male,Hyderabad,2026-01-10 07:54:41
C04511,31,Male,Pune,2026-02-17 18:40:04
C04512,40,Male,Pune,2025-09-03 23:19:36
C04513,36,Male,Kolkata,2026-05-10 19:14:27
C04514,46,Female,Mumbai,2025-10-22 18:31:09
C04515,37,Male,Hyderabad,2025-08-07 23:55:40
C04516,46,Female,Pune,2025-01-14 01:43:49
C04517,41,Female,Kolkata,2025-08-14 21:53:11
C04518,35,Male,Bangalore,2026-01-23 09:39:45
C04519,27,Female,Pune,2026-03-23 06:33:42
C04520,58,Male,Chennai,2026-03-03 04:12:13
C04521,25,Female,Chennai,2026-03-17 18:14:20
C04522,43,Male,Bangalore,2026-03-06 16:18:25
C04523,46,Female,Mumbai,2025-02-22 19:28:26
C04524,27,Female,Hyderabad,2025-07-11 19:22:55
C04525,34,Male,Hyderabad,2026-02-09 06:26:12
C04526,19,Male,Pune,2025-02-16 11:38:04
C04527,23,Female,Chennai,2025-01-23 09:33:24
C04528,22,Male,Mumbai,2025-12-13 17:22:50
C04529,45,Female,Mumbai,2025-08-12 03:03:25
C04530,58,Female,Mumbai,2025-02-24 14:59:25
C04531,22,Male,Pune,2026-03-23 16:32:34
C04532,35,Male,Hyderabad,2025-05-15 17:07:35
C04533,43,Male,Mumbai,2026-03-02 04:47:37
C04534,37,Male,Pune,2025-05-23 23:56:53
C04535,58,Female,Pune,2025-07-20 13:00:50
C04536,44,Female,Bangalore,2026-02-24 22:11:45
C04537,29,Male,Delhi,2026-03-02 19:36:17
C04538,24,Male,Mumbai,2026-02-22 18:05:53
C04539,20,Male,Delhi,2025-08-19 02:50:54
C04540,27,Male,Hyderabad,2026-04-29 11:17:51
C04541,51,Female,Pune,2025-11-09 13:53:24
C04542,42,Male,Kolkata,2025-04-29 21:14:39
C04543,52,Female,Mumbai,2025-08-17 05:10:55
C04544,33,Female,Kolkata,2025-03-07 23:27:42
C04545,19,Female,Chennai,2025-10-08 18:40:51
C04546,41,Male,Hyderabad,2025-01-20 19:27:18
C04547,27,Female,Bangalore,2026-06-26 01:07:46
C04548,55,Female,Bangalore,2025-04-18 23:00:52
C04549,39,Female,Delhi,2025-10-03 17:06:48
C04550,43,Male,Pune,2026-03-08 14:15:00
C04551,60,Male,Delhi,2025-12-19 13:23:44
C04552,56,Female,Chennai,2025-11-25 18:48:13
C04553,44,Male,Chennai,2025-09-09 18:53:24
C04554,46,Male,Bangalore,2025-01-10 03:10:31
C04555,64,Female,Kolkata,2026-06-15 13:22:53
C04556,55,Male,Mumbai,2025-02-26 18:43:49
C04557,37,Male,Bangalore,2025-01-15 08:01:43
C04558,44,Male,Bangalore,2026-05-16 07:21:05
C04559,58,Female,Kolkata,2026-04-13 05:56:34
C04560,37,Male,Kolkata,2026-01-01 14:46:50
C04561,61,Female,Chennai,2025-11-05 08:03:16
C04562,36,Male,Kolkata,2025-01-04 20:31:00
C04563,37,Male,Delhi,2025-09-20 20:40:56
C04564,52,Female,Chennai,2025-01-23 14:50:01
C04565,64,Male,Kolkata,2026-06-01 11:20:50
C04566,19,Female,Pune,2026-01-23 11:31:41
C04567,47,Male,Chennai,2025-04-22 23:13:51
C04568,51,Male,Chennai,2025-03-24 08:29:35
C04569,39,Male,Bangalore,2025-03-20 13:30:39
C04570,20,Male,Mumbai,2025-05-09 03:25:05
C04571,23,Female,Bangalore,2025-05-24 18:31:58
C04572,32,Female,Hyderabad,2026-02-11 06:43:12
C04573,44,Male,Chennai,2026-02-26 20:50:10
C04574,27,Female,Kolkata,2025-02-10 06:40:30
C04575,26,Female,Kolkata,2025-03-20 19:29:28
C04576,50,Male,Kolkata,2025-04-12 13:36:52
C04577,49,Male,Chennai,2025-01-22 12:44:48
C04578,65,Female,Kolkata,2026-05-27 03:53:33
C04579,23,Female,Hyderabad,2025-10-10 00:27:50
C04580,58,Female,Chennai,2025-04-21 02:55:02
C04581,53,Female,Kolkata,2026-05-24 05:17:59
C04582,19,Female,Chennai,2026-06-10 16:57:54
C04583,46,Male,Pune,2025-10-11 22:58:24
C04584,21,Male,Chennai,2025-10-06 19:10:02
C04585,18,Male,Hyderabad,2026-05-12 23:08:30
C04586,36,Female,Bangalore,2025-12-23 06:07:06
C04587,43,Female,Chennai,2026-02-23 14:00:05
C04588,42,Female,Mumbai,2026-04-27 10:51:20
C04589,27,Female,Hyderabad,2025-01-20 19:08:45
C04590,32,Female,Delhi,2025-06-16 19:10:43
C04591,39,Female,Pune,2025-06-26 05:53:05
C04592,65,Male,Hyderabad,2025-04-14 03:28:27
C04593,38,Female,Bangalore,2026-06-08 18:39:28
C04594,39,Female,Kolkata,2025-05-11 03:34:26
C04595,53,Male,Kolkata,2025-06-26 16:28:23
C04596,51,Female,Hyderabad,2025-06-05 19:14:12
C04597,47,Female,Delhi,2025-02-11 14:49:35
C04598,42,Male,Kolkata,2025-08-06 13:43:49
C04599,62,Male,Pune,2026-03-08 18:29:09
C04600,45,Female,Mumbai,2025-08-08 05:59:00
C04601,18,Female,Delhi,2025-04-09 20:46:02
C04602,62,Female,Hyderabad,2025-10-03 12:36:37
C04603,21,Male,Delhi,2025-01-18 13:06:48
C04604,24,Male,Kolkata,2025-09-02 08:58:52
C04605,26,Male,Kolkata,2025-07-18 07:59:49
C04606,53,Male,Hyderabad,2026-04-05 00:13:48
C04607,36,Male,Kolkata,2025-07-30 14:35:46
C04608,18,Female,Kolkata,2025-03-13 04:14:04
C04609,27,Male,Mumbai,2026-02-06 03:05:23
C04610,53,Male,Mumbai,2025-05-23 03:09:08
C04611,26,Male,Bangalore,2025-04-02 09:00:00
C04612,62,Male,Mumbai,2025-01-01 16:36:29
C04613,63,Female,Chennai,2025-06-28 02:15:26
C04614,59,Female,Delhi,2025-12-31 11:04:31
C04615,49,Female,Delhi,2026-02-24 09:22:40
C04616,49,Male,Hyderabad,2026-06-08 19:04:44
C04617,23,Male,Mumbai,2026-05-09 14:40:00
C04618,65,Male,Bangalore,2025-04-18 04:54:57
C04619,55,Male,Kolkata,2026-06-15 00:15:04
C04620,34,Female,Bangalore,2025-09-11 00:20:28
C04621,27,Male,Bangalore,2025-08-13 07:04:31
C04622,44,Female,Pune,2026-02-04 03:06:12
C04623,52,Male,Kolkata,2025-12-01 14:39:25
C04624,38,Female,Chennai,2025-02-16 14:51:16
C04625,42,Female,Mumbai,2025-08-09 21:45:33
C04626,45,Female,Kolkata,2025-07-27 15:15:09
C04627,64,Female,Bangalore,2025-06-30 21:03:43
C04628,32,Female,Kolkata,2025-05-21 17:50:54
C04629,21,Female,Chennai,2026-06-01 02:01:41
C04630,46,Male,Delhi,2025-12-31 19:42:25
C04631,26,Male,Hyderabad,2026-05-07 12:40:47
C04632,44,Female,Mumbai,2026-05-03 22:25:54
C04633,43,Female,Mumbai,2026-04-05 22:19:16
C04634,36,Male,Pune,2026-01-23 11:45:39
C04635,45,Male,Delhi,2025-10-20 19:12:45
C04636,34,Female,Mumbai,2025-08-14 03:42:50
C04637,60,Male,Pune,2025-07-27 03:57:57
C04638,58,Male,Pune,2025-04-11 06:34:47
C04639,59,Male,Pune,2025-05-12 20:19:14
C04640,37,Female,Mumbai,2026-06-25 13:47:47
C04641,62,Male,Mumbai,2025-10-23 18:30:55
C04642,57,Female,Mumbai,2025-03-12 21:32:48
C04643,56,Male,Chennai,2026-06-22 05:53:48
C04644,40,Female,Pune,2025-12-16 11:34:22
C04645,64,Female,Chennai,2025-12-15 06:45:29
C04646,49,Male,Hyderabad,2026-02-14 09:02:01
C04647,64,Female,Mumbai,2025-02-11 20:29:37
C04648,50,Male,Kolkata,2025-09-11 18:32:11
C04649,63,Male,Delhi,2025-08-23 06:11:09
C04650,22,Female,Bangalore,2025-04-14 05:46:23
C04651,60,Male,Hyderabad,2025-11-12 00:48:22
C04652,65,Female,Kolkata,2025-06-11 01:40:21
C04653,51,Male,Bangalore,2026-05-30 15:53:28
C04654,57,Male,Bangalore,2025-09-20 11:20:55
C04655,28,Male,Mumbai,2025-05-16 13:32:04
C04656,20,Female,Delhi,2025-08-31 11:26:47
C04657,50,Male,Bangalore,2026-03-06 22:10:38
C04658,28,Female,Pune,2026-01-17 14:31:21
C04659,33,Male,Kolkata,2025-06-25 08:09:35
C04660,35,Male,Bangalore,2026-02-25 18:50:09
C04661,47,Female,Hyderabad,2025-07-19 14:06:09
C04662,65,Female,Delhi,2025-02-02 18:01:47
C04663,27,Male,Delhi,2026-01-30 03:44:34
C04664,35,Female,Bangalore,2025-10-10 18:48:07
C04665,55,Male,Delhi,2025-09-07 03:11:20
C04666,36,Female,Hyderabad,2025-09-19 13:20:05
C04667,53,Female,Kolkata,2025-07-14 10:13:15
C04668,30,Female,Hyderabad,2026-03-13 19:22:23
C04669,63,Female,Hyderabad,2025-02-24 17:41:23
C04670,20,Male,Pune,2026-03-04 18:42:45
C04671,27,Female,Mumbai,2025-12-23 02:10:29
C04672,55,Female,Bangalore,2025-05-16 11:14:06
C04673,18,Male,Kolkata,2025-02-27 22:28:23
C04674,44,Male,Delhi,2025-11-05 14:29:51
C04675,63,Female,Hyderabad,2026-02-04 19:09:20
C04676,25,Female,Bangalore,2025-01-04 12:01:16
C04677,63,Male,Kolkata,2025-10-05 16:47:22
C04678,59,Female,Kolkata,2025-02-15 23:11:13
C04679,34,Female,Bangalore,2026-01-19 01:53:21
C04680,26,Male,Mumbai,2025-05-03 19:57:01
C04681,23,Male,Pune,2026-04-13 17:21:14
C04682,60,Female,Delhi,2025-10-27 13:56:04
C04683,42,Male,Pune,2025-07-28 02:58:43
C04684,56,Male,Kolkata,2025-02-28 20:20:29
C04685,45,Female,Delhi,2026-03-19 04:02:49
C04686,50,Female,Kolkata,2026-04-26 22:30:29
C04687,54,Female,Hyderabad,2025-07-13 15:05:28
C04688,26,Female,Hyderabad,2026-05-31 22:15:08
C04689,35,Male,Bangalore,2026-04-14 10:43:51
C04690,38,Male,Delhi,2025-11-27 00:11:53
C04691,19,Female,Delhi,2025-02-21 15:42:46
C04692,60,Male,Kolkata,2026-03-15 20:51:39
C04693,55,Female,Pune,2025-09-14 11:18:34
C04694,57,Male,Hyderabad,2025-01-19 05:04:34
C04695,53,Male,Chennai,2025-03-20 04:15:10
C04696,60,Male,Bangalore,2025-12-10 05:56:23
C04697,54,Female,Delhi,2026-05-15 01:13:55
C04698,32,Male,Mumbai,2026-01-02 18:15:22
C04699,45,Male,Mumbai,2025-08-29 04:14:12
C04700,35,Male,Chennai,2026-03-31 12:32:00
C04701,51,Female,Hyderabad,2025-10-21 23:57:16
C04702,39,Male,Hyderabad,2025-11-22 05:29:01
C04703,28,Male,Hyderabad,2026-03-07 19:47:51
C04704,30,Male,Pune,2025-09-29 00:10:08
C04705,21,Female,Kolkata,2025-06-26 11:02:43
C04706,39,Male,Mumbai,2025-02-25 10:11:04
C04707,24,Male,Hyderabad,2026-06-26 09:37:19
C04708,60,Male,Mumbai,2025-03-17 17:11:36
C04709,41,Female,Chennai,2025-10-31 21:42:54
C04710,21,Female,Bangalore,2025-04-25 22:59:06
C04711,45,Female,Kolkata,2025-04-19 05:29:02
C04712,32,Female,Pune,2026-04-02 01:26:23
C04713,18,Female,Delhi,2026-06-10 10:12:15
C04714,20,Male,Chennai,2026-04-28 07:32:38
C04715,31,Female,Kolkata,2025-10-29 12:44:53
C04716,55,Female,Mumbai,2025-02-07 04:26:46
C04717,18,Female,Chennai,2025-10-05 08:21:11
C04718,55,Male,Delhi,2025-11-19 09:33:35
C04719,55,Female,Kolkata,2025-01-11 08:48:39
C04720,38,Male,Pune,2026-03-15 13:45:13
C04721,65,Female,Bangalore,2025-03-08 15:07:54
C04722,46,Male,Delhi,2025-09-22 05:08:49
C04723,22,Male,Kolkata,2026-04-20 12:22:35
C04724,27,Male,Pune,2026-05-28 05:59:23
C04725,45,Male,Mumbai,2025-02-14 11:14:03
C04726,38,Female,Delhi,2025-08-21 22:36:35
C04727,24,Male,Chennai,2026-01-06 17:13:23
C04728,20,Male,Hyderabad,2026-05-24 11:39:24
C04729,62,Female,Chennai,2025-09-03 21:21:50
C04730,64,Male,Mumbai,2025-04-11 03:40:10
C04731,37,Female,Kolkata,2026-02-11 12:09:29
C04732,36,Male,Bangalore,2025-11-02 14:26:19
C04733,52,Male,Delhi,2025-07-26 09:17:00
C04734,21,Female,Kolkata,2026-01-13 14:31:43
C04735,22,Female,Bangalore,2026-02-21 06:27:09
C04736,18,Male,Mumbai,2025-01-25 05:51:56
C04737,21,Female,Delhi,2026-04-14 20:05:54
C04738,29,Female,Pune,2025-05-12 16:45:47
C04739,44,Female,Pune,2026-01-05 20:54:52
C04740,59,Male,Kolkata,2026-05-10 20:59:10
C04741,40,Male,Chennai,2025-01-11 03:34:36
C04742,42,Female,Kolkata,2025-11-08 03:43:46
C04743,38,Female,Chennai,2025-01-25 20:01:36
C04744,41,Male,Mumbai,2026-04-29 13:19:03
C04745,42,Female,Pune,2025-08-19 14:12:13
C04746,62,Male,Delhi,2025-09-09 23:08:24
C04747,63,Male,Pune,2026-06-05 06:01:20
C04748,49,Male,Chennai,2025-03-20 09:52:40
C04749,49,Female,Kolkata,2025-08-01 09:27:59
C04750,22,Male,Mumbai,2025-08-19 02:59:49
C04751,53,Female,Pune,2026-06-23 15:54:54
C04752,63,Female,Mumbai,2025-06-11 11:19:50
C04753,59,Female,Pune,2025-11-21 02:35:56
C04754,59,Female,Kolkata,2025-05-18 00:20:36
C04755,56,Female,Bangalore,2026-03-18 13:44:21
C04756,33,Female,Kolkata,2026-01-12 17:30:14
C04757,50,Male,Pune,2025-08-03 19:42:14
C04758,38,Male,Chennai,2025-05-17 00:46:41
C04759,26,Male,Kolkata,2025-03-07 13:21:49
C04760,23,Male,Delhi,2026-06-20 18:41:31
C04761,62,Female,Chennai,2025-04-02 03:42:08
C04762,52,Male,Chennai,2025-02-18 22:58:31
C04763,56,Female,Chennai,2025-04-08 19:18:12
C04764,39,Female,Mumbai,2025-05-19 11:17:13
C04765,58,Female,Hyderabad,2025-04-29 15:29:02
C04766,22,Male,Hyderabad,2026-01-30 14:05:21
C04767,59,Female,Bangalore,2025-01-20 15:30:58
C04768,40,Male,Chennai,2026-02-26 17:59:11
C04769,34,Male,Hyderabad,2025-12-26 19:13:25
C04770,29,Female,Bangalore,2025-10-13 08:10:49
C04771,40,Female,Mumbai,2025-11-02 03:21:43
C04772,33,Male,Chennai,2025-11-07 15:58:28
C04773,20,Female,Delhi,2026-02-10 11:24:54
C04774,47,Male,Mumbai,2025-10-03 03:36:57
C04775,39,Male,Bangalore,2026-05-06 07:37:51
C04776,26,Male,Mumbai,2026-01-21 07:22:05
C04777,46,Female,Delhi,2025-04-07 23:25:56
C04778,64,Female,Mumbai,2025-10-27 00:26:48
C04779,54,Male,Bangalore,2025-05-12 09:54:07
C04780,40,Male,Delhi,2026-05-13 01:18:46
C04781,30,Female,Delhi,2026-02-25 17:53:47
C04782,49,Male,Mumbai,2025-12-17 03:33:59
C04783,63,Male,Delhi,2025-08-07 07:10:36
C04784,64,Female,Kolkata,2026-02-02 01:49:24
C04785,65,Male,Mumbai,2025-11-05 01:55:27
C04786,40,Female,Chennai,2026-01-07 13:37:46
C04787,62,Male,Delhi,2025-02-14 02:47:26
C04788,34,Female,Mumbai,2025-09-30 23:39:23
C04789,57,Male,Chennai,2025-09-29 20:28:56
C04790,38,Female,Delhi,2026-01-21 11:55:44
C04791,19,Male,Chennai,2025-04-23 12:43:14
C04792,54,Female,Pune,2025-04-14 21:44:11
C04793,23,Female,Delhi,2025-11-13 06:32:51
C04794,61,Male,Pune,2025-08-06 19:30:52
C04795,35,Male,Bangalore,2025-10-09 14:51:34
C04796,47,Female,Bangalore,2025-12-26 04:55:37
C04797,39,Female,Mumbai,2025-09-19 16:29:46
C04798,50,Male,Hyderabad,2025-11-03 08:33:19
C04799,47,Male,Pune,2026-02-07 11:56:53
C04800,34,Female,Pune,2025-02-02 22:32:09
C04801,60,Male,Bangalore,2025-02-02 11:31:39
C04802,49,Female,Pune,2025-10-29 07:12:59
C04803,59,Female,Hyderabad,2025-03-18 20:50:04
C04804,31,Female,Chennai,2026-06-06 02:34:40
C04805,27,Male,Chennai,2025-06-06 20:41:18
C04806,64,Male,Hyderabad,2025-09-24 22:13:05
C04807,53,Female,Pune,2025-09-29 07:37:51
C04808,51,Female,Pune,2025-08-18 22:11:56
C04809,26,Female,Pune,2026-02-06 01:21:50
C04810,59,Male,Kolkata,2026-01-06 19:48:16
C04811,45,Male,Mumbai,2026-03-28 11:54:01
C04812,28,Male,Delhi,2026-06-16 21:46:50
C04813,31,Female,Hyderabad,2025-11-26 08:21:13
C04814,56,Male,Hyderabad,2026-06-25 17:27:05
C04815,64,Male,Kolkata,2026-06-10 15:59:06
C04816,36,Male,Hyderabad,2025-02-12 15:31:35
C04817,32,Male,Hyderabad,2026-02-09 03:01:33
C04818,45,Female,Kolkata,2026-06-24 17:13:49
C04819,41,Female,Hyderabad,2026-03-23 13:16:06
C04820,25,Male,Pune,2025-03-26 07:52:10
C04821,60,Male,Kolkata,2025-03-29 02:46:45
C04822,26,Male,Mumbai,2025-07-06 13:13:07
C04823,64,Male,Bangalore,2025-02-24 23:56:10
C04824,50,Male,Pune,2025-10-05 22:29:11
C04825,50,Female,Pune,2025-08-24 19:16:54
C04826,36,Male,Delhi,2025-03-05 09:24:02
C04827,20,Male,Kolkata,2025-03-19 02:16:13
C04828,27,Male,Bangalore,2025-06-13 15:49:38
C04829,57,Female,Hyderabad,2025-03-17 07:22:37
C04830,64,Female,Bangalore,2026-05-28 06:03:50
C04831,59,Female,Mumbai,2025-01-20 09:50:03
C04832,18,Female,Chennai,2025-03-03 20:12:50
C04833,46,Female,Pune,2026-05-12 22:10:06
C04834,51,Male,Kolkata,2025-09-18 15:44:46
C04835,30,Female,Kolkata,2025-10-07 19:36:39
C04836,18,Male,Bangalore,2025-07-06 02:13:33
C04837,51,Male,Delhi,2025-12-03 13:59:24
C04838,46,Female,Mumbai,2025-05-19 10:58:43
C04839,65,Male,Chennai,2026-02-01 01:00:54
C04840,64,Female,Mumbai,2025-01-27 00:43:29
C04841,30,Male,Kolkata,2025-06-17 16:05:51
C04842,65,Female,Hyderabad,2025-02-22 12:27:51
C04843,46,Female,Chennai,2026-05-19 13:41:13
C04844,56,Female,Kolkata,2026-06-01 07:42:03
C04845,41,Female,Delhi,2025-11-06 12:24:30
C04846,43,Female,Chennai,2026-04-26 16:32:13
C04847,34,Female,Kolkata,2026-05-24 13:23:20
C04848,24,Male,Delhi,2026-03-12 21:10:53
C04849,30,Male,Hyderabad,2026-01-31 15:12:04
C04850,22,Female,Delhi,2025-10-26 12:38:24
C04851,43,Female,Mumbai,2025-09-12 06:54:11
C04852,20,Female,Bangalore,2025-05-25 07:10:40
C04853,24,Female,Mumbai,2026-02-27 20:53:30
C04854,56,Female,Kolkata,2025-06-13 00:21:45
C04855,18,Male,Kolkata,2026-06-21 05:29:15
C04856,34,Male,Pune,2026-04-01 01:17:54
C04857,60,Male,Mumbai,2025-04-30 16:28:45
C04858,42,Male,Chennai,2026-06-29 08:08:10
C04859,20,Female,Hyderabad,2025-10-12 04:01:00
C04860,32,Female,Pune,2025-02-12 07:33:00
C04861,46,Female,Pune,2025-06-29 19:48:26
C04862,60,Male,Pune,2025-03-20 06:52:55
C04863,49,Male,Kolkata,2026-06-02 21:55:40
C04864,43,Male,Bangalore,2025-04-27 22:30:57
C04865,33,Female,Delhi,2025-07-04 12:11:03
C04866,42,Male,Chennai,2026-04-08 03:42:37
C04867,45,Male,Kolkata,2025-02-15 16:14:52
C04868,26,Male,Hyderabad,2026-06-19 15:10:39
C04869,18,Male,Kolkata,2025-07-06 15:31:28
C04870,46,Female,Bangalore,2025-07-13 16:23:59
C04871,39,Male,Kolkata,2025-07-12 23:18:34
C04872,33,Male,Kolkata,2025-05-05 02:26:41
C04873,58,Male,Mumbai,2026-01-18 00:59:48
C04874,61,Male,Hyderabad,2025-07-24 16:41:34
C04875,58,Female,Pune,2025-04-07 05:59:11
C04876,24,Female,Hyderabad,2025-03-30 18:29:03
C04877,31,Male,Hyderabad,2026-06-22 18:10:01
C04878,46,Female,Mumbai,2025-02-25 07:00:31
C04879,36,Male,Delhi,2025-01-18 17:08:40
C04880,36,Female,Kolkata,2026-04-06 15:38:12
C04881,19,Male,Chennai,2026-03-10 14:12:23
C04882,58,Male,Pune,2026-03-12 11:50:52
C04883,62,Female,Delhi,2025-03-26 21:25:01
C04884,32,Female,Bangalore,2025-08-23 16:46:33
C04885,20,Female,Kolkata,2026-03-16 23:24:17
C04886,28,Male,Pune,2025-06-30 08:22:26
C04887,63,Male,Chennai,2026-06-09 13:57:49
C04888,47,Female,Kolkata,2026-03-05 10:29:05
C04889,57,Male,Bangalore,2025-01-29 20:07:16
C04890,35,Male,Mumbai,2025-01-19 20:01:35
C04891,65,Male,Delhi,2025-08-03 03:25:16
C04892,19,Male,Kolkata,2026-06-21 04:58:48
C04893,49,Male,Pune,2025-08-30 16:13:53
C04894,25,Male,Hyderabad,2026-06-02 11:36:24
C04895,39,Male,Chennai,2026-05-22 06:33:10
C04896,23,Female,Kolkata,2025-05-22 05:19:41
C04897,29,Male,Pune,2025-06-16 23:41:56
C04898,64,Male,Hyderabad,2026-01-14 02:56:31
C04899,57,Female,Pune,2025-02-02 05:30:29
C04900,53,Female,Kolkata,2026-04-18 00:55:45
C04901,32,Male,Bangalore,2026-03-29 07:29:41
C04902,45,Female,Hyderabad,2026-03-19 09:24:33
C04903,62,Male,Hyderabad,2025-01-22 03:46:56
C04904,35,Female,Pune,2026-04-07 19:03:04
C04905,19,Male,Mumbai,2026-03-25 21:58:44
C04906,30,Male,Kolkata,2025-06-17 14:56:09
C04907,62,Female,Mumbai,2025-10-04 04:39:05
C04908,32,Female,Delhi,2025-07-20 00:00:43
C04909,37,Male,Bangalore,2025-07-27 12:43:32
C04910,46,Male,Mumbai,2025-07-22 06:44:06
C04911,59,Male,Pune,2025-12-16 07:22:15
C04912,46,Female,Kolkata,2026-05-01 06:18:26
C04913,20,Male,Mumbai,2025-06-28 18:18:48
C04914,36,Male,Delhi,2025-12-30 12:29:43
C04915,20,Male,Chennai,2025-10-24 04:23:07
C04916,31,Female,Delhi,2025-08-13 20:36:10
C04917,57,Female,Hyderabad,2025-04-26 08:45:02
C04918,21,Female,Kolkata,2025-05-30 17:05:07
C04919,28,Male,Hyderabad,2025-11-08 12:59:49
C04920,48,Female,Mumbai,2025-01-10 15:42:55
C04921,60,Female,Mumbai,2025-02-21 04:07:25
C04922,49,Female,Delhi,2025-01-16 22:18:55
C04923,44,Male,Delhi,2025-09-06 08:55:20
C04924,47,Male,Pune,2026-04-13 06:45:42
C04925,60,Female,Bangalore,2026-04-05 15:25:00
C04926,19,Male,Pune,2026-02-09 20:23:10
C04927,26,Female,Hyderabad,2025-10-13 05:54:24
C04928,45,Female,Pune,2026-04-03 01:26:16
C04929,48,Female,Delhi,2025-12-24 01:46:37
C04930,51,Female,Kolkata,2025-03-29 16:13:41
C04931,32,Female,Pune,2025-10-12 17:33:14
C04932,65,Male,Chennai,2026-01-23 17:57:41
C04933,42,Male,Bangalore,2025-08-05 08:40:04
C04934,53,Male,Delhi,2026-03-29 20:13:06
C04935,25,Female,Kolkata,2026-04-13 11:53:10
C04936,26,Male,Mumbai,2026-01-11 19:43:30
C04937,54,Male,Pune,2025-10-06 13:37:16
C04938,65,Female,Delhi,2025-09-26 01:47:57
C04939,62,Female,Mumbai,2026-04-05 04:58:06
C04940,56,Female,Mumbai,2025-01-09 03:02:25
C04941,49,Female,Hyderabad,2025-05-17 23:04:13
C04942,34,Female,Hyderabad,2025-10-17 05:52:51
C04943,52,Female,Kolkata,2025-01-03 08:46:30
C04944,54,Female,Delhi,2025-10-27 15:29:40
C04945,36,Female,Kolkata,2026-03-28 21:11:41
C04946,61,Female,Delhi,2025-12-03 11:34:32
C04947,46,Female,Chennai,2025-06-15 10:15:37
C04948,24,Female,Bangalore,2025-07-01 23:43:58
C04949,45,Male,Bangalore,2026-01-22 01:08:43
C04950,26,Male,Delhi,2026-01-17 20:13:33
C04951,45,Male,Hyderabad,2026-04-07 12:28:08
C04952,23,Male,Pune,2025-07-28 00:17:49
C04953,46,Male,Kolkata,2025-03-31 08:16:56
C04954,34,Male,Chennai,2025-05-19 09:36:01
C04955,33,Male,Bangalore,2025-03-05 01:12:30
C04956,40,Female,Delhi,2025-03-22 14:30:40
C04957,48,Female,Hyderabad,2026-06-29 08:03:06
C04958,20,Male,Hyderabad,2025-11-26 10:26:20
C04959,38,Female,Hyderabad,2025-09-16 23:22:57
C04960,43,Female,Kolkata,2025-01-11 20:13:54
C04961,53,Female,Pune,2025-06-04 03:52:18
C04962,59,Female,Mumbai,2025-02-01 21:29:08
C04963,54,Male,Kolkata,2025-08-15 20:09:04
C04964,39,Male,Pune,2026-04-28 18:26:48
C04965,59,Male,Hyderabad,2025-04-06 08:55:51
C04966,29,Male,Delhi,2026-02-10 07:03:35
C04967,59,Female,Chennai,2025-12-20 05:18:26
C04968,30,Male,Pune,2026-06-09 08:14:57
C04969,28,Male,Delhi,2026-04-04 13:39:44
C04970,33,Male,Kolkata,2025-09-29 04:36:27
C04971,25,Male,Kolkata,2025-09-28 18:05:09
C04972,57,Female,Hyderabad,2025-12-09 16:10:49
C04973,57,Female,Chennai,2026-02-04 09:43:44
C04974,62,Male,Bangalore,2026-04-03 10:51:41
C04975,19,Male,Bangalore,2025-10-14 04:42:18
C04976,47,Male,Kolkata,2025-07-29 02:21:56
C04977,47,Male,Delhi,2025-05-04 03:49:14
C04978,29,Female,Chennai,2025-03-10 17:51:04
C04979,27,Male,Delhi,2025-07-16 19:00:28
C04980,61,Female,Chennai,2025-08-16 01:07:10
C04981,28,Female,Chennai,2025-04-08 13:54:30
C04982,32,Male,Kolkata,2025-01-25 01:17:17
C04983,33,Male,Delhi,2026-01-11 22:54:34
C04984,34,Female,Kolkata,2026-04-23 16:40:22
C04985,43,Female,Chennai,2026-03-15 03:19:31
C04986,19,Male,Pune,2025-11-24 10:29:40
C04987,29,Female,Hyderabad,2026-03-08 20:06:02
C04988,43,Female,Chennai,2025-10-03 06:33:44
C04989,40,Male,Pune,2025-01-08 10:46:46
C04990,35,Female,Chennai,2025-06-19 18:13:13
C04991,49,Male,Pune,2025-12-05 05:29:02
C04992,55,Female,Delhi,2025-03-26 22:55:00
C04993,64,Female,Bangalore,2026-01-10 03:01:06
C04994,20,Female,Mumbai,2025-05-22 14:14:24
C04995,55,Male,Chennai,2025-07-31 23:49:47
C04996,20,Male,Mumbai,2026-03-08 07:49:37
C04997,47,Female,Chennai,2026-06-23 08:24:44
C04998,18,Female,Delhi,2025-11-27 07:01:52
C04999,47,Female,Delhi,2026-03-26 18:03:53
C05000,62,Female,Pune,2026-03-20 02:35:50
